processed_file,source_file,sop_class_uid,sop_class_uid_missing,sop_class_name,modality,modality_missing,photometric_interpretation,photometric_interpretation_missing,bits_allocated,bits_allocated_missing,bits_stored,bits_stored_missing,pixel_representation,pixel_representation_missing,pixel_intensity_relationship,pixel_intensity_relationship_missing,pixel_intensity_relationship_sign,pixel_intensity_relationship_sign_missing,rescale_slope,rescale_slope_missing,rescale_intercept,rescale_intercept_missing,rescale_type,rescale_type_missing,modality_lut_sequence_item_count,modality_lut_sequence_item_count_missing,voi_lut_sequence_item_count,voi_lut_sequence_item_count_missing,window_center,window_center_missing,window_width,window_width_missing,voi_lut_function,voi_lut_function_missing,window_center_width_explanation,window_center_width_explanation_missing,presentation_intent_type,presentation_intent_type_missing,presentation_lut_shape,presentation_lut_shape_missing,image_type,image_type_missing,pixel_presentation,pixel_presentation_missing,acquisition_device_processing_description,acquisition_device_processing_description_missing,acquisition_device_processing_code,acquisition_device_processing_code_missing,derivation_description,derivation_description_missing,conversion_type,conversion_type_missing,lossy_image_compression,lossy_image_compression_missing,lossy_image_compression_ratio,lossy_image_compression_ratio_missing,lossy_image_compression_method,lossy_image_compression_method_missing,burned_in_annotation,burned_in_annotation_missing,recognizable_visual_features,recognizable_visual_features_missing,real_world_value_mapping_item_count,real_world_value_mapping_item_count_missing,transfer_syntax_uid,transfer_syntax_uid_missing,transfer_syntax_name,stored_pixel_relationship_class,xray_signal_proportionality_demonstrated,xray_signal_poisson_proxy_eligible,xray_signal_poisson_proxy_assessment
00eeb3c9-a892-4fac-a67a-aaa6cc7ffd5c.png,00eeb3c9-a892-4fac-a67a-aaa6cc7ffd5c.dcm,1.2.840.10008.5.1.4.1.1.7,False,Secondary Capture Image Storage,CR,False,MONOCHROME2,False,8,False,8,False,0,False,,True,,True,,True,,True,,True,,True,,True,,True,,True,,True,,True,,True,,True,,True,,True,,True,,True,,True,WSD,False,01,False,,True,ISO_10918_1,False,,True,,True,,True,1.2.840.10008.1.2.4.50,False,JPEG Baseline (Process 1),unknown_processed_stored_values,False,False,"Pixel Intensity Relationship and Sign are missing. The object is workstation-converted Secondary Capture, which does not establish detector-signal proportionality."
0324368b-3c2f-464a-8b1a-f72113718c38.png,0324368b-3c2f-464a-8b1a-f72113718c38.dcm,1.2.840.10008.5.1.4.1.1.7,False,Secondary Capture Image Storage,CR,False,MONOCHROME2,False,8,False,8,False,0,False,,True,,True,,True,,True,,True,,True,,True,,True,,True,,True,,True,,True,,True,,True,,True,,True,,True,,True,WSD,False,01,False,,True,ISO_10918_1,False,,True,,True,,True,1.2.840.10008.1.2.4.50,False,JPEG Baseline (Process 1),unknown_processed_stored_values,False,False,"Pixel Intensity Relationship and Sign are missing. The object is workstation-converted Secondary Capture, which does not establish detector-signal proportionality."
03a512bc-1162-404e-8c71-dc9e0dc7258f.png,03a512bc-1162-404e-8c71-dc9e0dc7258f.dcm,1.2.840.10008.5.1.4.1.1.7,False,Secondary Capture Image Storage,CR,False,MONOCHROME2,False,8,False,8,False,0,False,,True,,True,,True,,True,,True,,True,,True,,True,,True,,True,,True,,True,,True,,True,,True,,True,,True,,True,WSD,False,01,False,,True,ISO_10918_1,False,,True,,True,,True,1.2.840.10008.1.2.4.50,False,JPEG Baseline (Process 1),unknown_processed_stored_values,False,False,"Pixel Intensity Relationship and Sign are missing. The object is workstation-converted Secondary Capture, which does not establish detector-signal proportionality."
05ac0be8-b56e-4efb-aef7-513cd788e2c3.png,05ac0be8-b56e-4efb-aef7-513cd788e2c3.dcm,1.2.840.10008.5.1.4.1.1.7,False,Secondary Capture Image Storage,CR,False,MONOCHROME2,False,8,False,8,False,0,False,,True,,True,,True,,True,,True,,True,,True,,True,,True,,True,,True,,True,,True,,True,,True,,True,,True,,True,WSD,False,01,False,,True,ISO_10918_1,False,,True,,True,,True,1.2.840.10008.1.2.4.50,False,JPEG Baseline (Process 1),unknown_processed_stored_values,False,False,"Pixel Intensity Relationship and Sign are missing. The object is workstation-converted Secondary Capture, which does not establish detector-signal proportionality."
061d0ff4-a611-42ce-b780-1d1eb55e50ab.png,061d0ff4-a611-42ce-b780-1d1eb55e50ab.dcm,1.2.840.10008.5.1.4.1.1.7,False,Secondary Capture Image Storage,CR,False,MONOCHROME2,False,8,False,8,False,0,False,,True,,True,,True,,True,,True,,True,,True,,True,,True,,True,,True,,True,,True,,True,,True,,True,,True,,True,WSD,False,01,False,,True,ISO_10918_1,False,,True,,True,,True,1.2.840.10008.1.2.4.50,False,JPEG Baseline (Process 1),unknown_processed_stored_values,False,False,"Pixel Intensity Relationship and Sign are missing. The object is workstation-converted Secondary Capture, which does not establish detector-signal proportionality."
0837bf4a-b300-4918-b6bd-d67e941bf16a.png,0837bf4a-b300-4918-b6bd-d67e941bf16a.dcm,1.2.840.10008.5.1.4.1.1.7,False,Secondary Capture Image Storage,CR,False,MONOCHROME2,False,8,False,8,False,0,False,,True,,True,,True,,True,,True,,True,,True,,True,,True,,True,,True,,True,,True,,True,,True,,True,,True,,True,WSD,False,01,False,,True,ISO_10918_1,False,,True,,True,,True,1.2.840.10008.1.2.4.50,False,JPEG Baseline (Process 1),unknown_processed_stored_values,False,False,"Pixel Intensity Relationship and Sign are missing. The object is workstation-converted Secondary Capture, which does not establish detector-signal proportionality."
0851431b-cad7-436f-acb8-06aed97e5339.png,0851431b-cad7-436f-acb8-06aed97e5339.dcm,1.2.840.10008.5.1.4.1.1.7,False,Secondary Capture Image Storage,CR,False,MONOCHROME2,False,8,False,8,False,0,False,,True,,True,,True,,True,,True,,True,,True,,True,,True,,True,,True,,True,,True,,True,,True,,True,,True,,True,WSD,False,01,False,,True,ISO_10918_1,False,,True,,True,,True,1.2.840.10008.1.2.4.50,False,JPEG Baseline (Process 1),unknown_processed_stored_values,False,False,"Pixel Intensity Relationship and Sign are missing. The object is workstation-converted Secondary Capture, which does not establish detector-signal proportionality."
0864e801-58cb-4df8-b7a8-dd9e32c97178.png,0864e801-58cb-4df8-b7a8-dd9e32c97178.dcm,1.2.840.10008.5.1.4.1.1.7,False,Secondary Capture Image Storage,CR,False,MONOCHROME2,False,8,False,8,False,0,False,,True,,True,,True,,True,,True,,True,,True,,True,,True,,True,,True,,True,,True,,True,,True,,True,,True,,True,WSD,False,01,False,,True,ISO_10918_1,False,,True,,True,,True,1.2.840.10008.1.2.4.50,False,JPEG Baseline (Process 1),unknown_processed_stored_values,False,False,"Pixel Intensity Relationship and Sign are missing. The object is workstation-converted Secondary Capture, which does not establish detector-signal proportionality."
087bcaa5-2477-4111-8390-fa5f2dec4852.png,087bcaa5-2477-4111-8390-fa5f2dec4852.dcm,1.2.840.10008.5.1.4.1.1.7,False,Secondary Capture Image Storage,CR,False,MONOCHROME2,False,8,False,8,False,0,False,,True,,True,,True,,True,,True,,True,,True,,True,,True,,True,,True,,True,,True,,True,,True,,True,,True,,True,WSD,False,01,False,,True,ISO_10918_1,False,,True,,True,,True,1.2.840.10008.1.2.4.50,False,JPEG Baseline (Process 1),unknown_processed_stored_values,False,False,"Pixel Intensity Relationship and Sign are missing. The object is workstation-converted Secondary Capture, which does not establish detector-signal proportionality."
0a897002-2add-44df-90b3-5a17c51a6da4.png,0a897002-2add-44df-90b3-5a17c51a6da4.dcm,1.2.840.10008.5.1.4.1.1.7,False,Secondary Capture Image Storage,CR,False,MONOCHROME2,False,8,False,8,False,0,False,,True,,True,,True,,True,,True,,True,,True,,True,,True,,True,,True,,True,,True,,True,,True,,True,,True,,True,WSD,False,01,False,,True,ISO_10918_1,False,,True,,True,,True,1.2.840.10008.1.2.4.50,False,JPEG Baseline (Process 1),unknown_processed_stored_values,False,False,"Pixel Intensity Relationship and Sign are missing. The object is workstation-converted Secondary Capture, which does not establish detector-signal proportionality."
0ad17cb4-c693-4ac1-9bfb-8e7660c265a2.png,0ad17cb4-c693-4ac1-9bfb-8e7660c265a2.dcm,1.2.840.10008.5.1.4.1.1.7,False,Secondary Capture Image Storage,CR,False,MONOCHROME2,False,8,False,8,False,0,False,,True,,True,,True,,True,,True,,True,,True,,True,,True,,True,,True,,True,,True,,True,,True,,True,,True,,True,WSD,False,01,False,,True,ISO_10918_1,False,,True,,True,,True,1.2.840.10008.1.2.4.50,False,JPEG Baseline (Process 1),unknown_processed_stored_values,False,False,"Pixel Intensity Relationship and Sign are missing. The object is workstation-converted Secondary Capture, which does not establish detector-signal proportionality."
0af0a3a7-6df3-4217-b24f-cf6fcdc9a3bf.png,0af0a3a7-6df3-4217-b24f-cf6fcdc9a3bf.dcm,1.2.840.10008.5.1.4.1.1.7,False,Secondary Capture Image Storage,CR,False,MONOCHROME2,False,8,False,8,False,0,False,,True,,True,,True,,True,,True,,True,,True,,True,,True,,True,,True,,True,,True,,True,,True,,True,,True,,True,WSD,False,01,False,,True,ISO_10918_1,False,,True,,True,,True,1.2.840.10008.1.2.4.50,False,JPEG Baseline (Process 1),unknown_processed_stored_values,False,False,"Pixel Intensity Relationship and Sign are missing. The object is workstation-converted Secondary Capture, which does not establish detector-signal proportionality."
0b55aeff-b31c-479e-8035-c9a64144083e.png,0b55aeff-b31c-479e-8035-c9a64144083e.dcm,1.2.840.10008.5.1.4.1.1.7,False,Secondary Capture Image Storage,CR,False,MONOCHROME2,False,8,False,8,False,0,False,,True,,True,,True,,True,,True,,True,,True,,True,,True,,True,,True,,True,,True,,True,,True,,True,,True,,True,WSD,False,01,False,,True,ISO_10918_1,False,,True,,True,,True,1.2.840.10008.1.2.4.50,False,JPEG Baseline (Process 1),unknown_processed_stored_values,False,False,"Pixel Intensity Relationship and Sign are missing. The object is workstation-converted Secondary Capture, which does not establish detector-signal proportionality."
0cea4fac-4e84-4857-ac38-f2eb0dacfffc.png,0cea4fac-4e84-4857-ac38-f2eb0dacfffc.dcm,1.2.840.10008.5.1.4.1.1.7,False,Secondary Capture Image Storage,CR,False,MONOCHROME2,False,8,False,8,False,0,False,,True,,True,,True,,True,,True,,True,,True,,True,,True,,True,,True,,True,,True,,True,,True,,True,,True,,True,WSD,False,01,False,,True,ISO_10918_1,False,,True,,True,,True,1.2.840.10008.1.2.4.50,False,JPEG Baseline (Process 1),unknown_processed_stored_values,False,False,"Pixel Intensity Relationship and Sign are missing. The object is workstation-converted Secondary Capture, which does not establish detector-signal proportionality."
0f0e4c6b-0c2f-4a0c-b75e-869260a6ba22.png,0f0e4c6b-0c2f-4a0c-b75e-869260a6ba22.dcm,1.2.840.10008.5.1.4.1.1.7,False,Secondary Capture Image Storage,CR,False,MONOCHROME2,False,8,False,8,False,0,False,,True,,True,,True,,True,,True,,True,,True,,True,,True,,True,,True,,True,,True,,True,,True,,True,,True,,True,WSD,False,01,False,,True,ISO_10918_1,False,,True,,True,,True,1.2.840.10008.1.2.4.50,False,JPEG Baseline (Process 1),unknown_processed_stored_values,False,False,"Pixel Intensity Relationship and Sign are missing. The object is workstation-converted Secondary Capture, which does not establish detector-signal proportionality."
1015e103-bda6-4664-978d-f761cd2982cb.png,1015e103-bda6-4664-978d-f761cd2982cb.dcm,1.2.840.10008.5.1.4.1.1.7,False,Secondary Capture Image Storage,CR,False,MONOCHROME2,False,8,False,8,False,0,False,,True,,True,,True,,True,,True,,True,,True,,True,,True,,True,,True,,True,,True,,True,,True,,True,,True,,True,WSD,False,01,False,,True,ISO_10918_1,False,,True,,True,,True,1.2.840.10008.1.2.4.50,False,JPEG Baseline (Process 1),unknown_processed_stored_values,False,False,"Pixel Intensity Relationship and Sign are missing. The object is workstation-converted Secondary Capture, which does not establish detector-signal proportionality."
1172e6d2-4207-4b90-b66e-bf2b3af86462.png,1172e6d2-4207-4b90-b66e-bf2b3af86462.dcm,1.2.840.10008.5.1.4.1.1.7,False,Secondary Capture Image Storage,CR,False,MONOCHROME2,False,8,False,8,False,0,False,,True,,True,,True,,True,,True,,True,,True,,True,,True,,True,,True,,True,,True,,True,,True,,True,,True,,True,WSD,False,01,False,,True,ISO_10918_1,False,,True,,True,,True,1.2.840.10008.1.2.4.50,False,JPEG Baseline (Process 1),unknown_processed_stored_values,False,False,"Pixel Intensity Relationship and Sign are missing. The object is workstation-converted Secondary Capture, which does not establish detector-signal proportionality."
119b4b57-ad0c-4581-89c9-64841b14aa12.png,119b4b57-ad0c-4581-89c9-64841b14aa12.dcm,1.2.840.10008.5.1.4.1.1.7,False,Secondary Capture Image Storage,CR,False,MONOCHROME2,False,8,False,8,False,0,False,,True,,True,,True,,True,,True,,True,,True,,True,,True,,True,,True,,True,,True,,True,,True,,True,,True,,True,WSD,False,01,False,,True,ISO_10918_1,False,,True,,True,,True,1.2.840.10008.1.2.4.50,False,JPEG Baseline (Process 1),unknown_processed_stored_values,False,False,"Pixel Intensity Relationship and Sign are missing. The object is workstation-converted Secondary Capture, which does not establish detector-signal proportionality."
127a6d90-0b91-4927-8810-2788d3e8a1a0.png,127a6d90-0b91-4927-8810-2788d3e8a1a0.dcm,1.2.840.10008.5.1.4.1.1.7,False,Secondary Capture Image Storage,CR,False,MONOCHROME2,False,8,False,8,False,0,False,,True,,True,,True,,True,,True,,True,,True,,True,,True,,True,,True,,True,,True,,True,,True,,True,,True,,True,WSD,False,01,False,,True,ISO_10918_1,False,,True,,True,,True,1.2.840.10008.1.2.4.50,False,JPEG Baseline (Process 1),unknown_processed_stored_values,False,False,"Pixel Intensity Relationship and Sign are missing. The object is workstation-converted Secondary Capture, which does not establish detector-signal proportionality."
131cd368-4db7-4883-9408-47da2b59650a.png,131cd368-4db7-4883-9408-47da2b59650a.dcm,1.2.840.10008.5.1.4.1.1.7,False,Secondary Capture Image Storage,CR,False,MONOCHROME2,False,8,False,8,False,0,False,,True,,True,,True,,True,,True,,True,,True,,True,,True,,True,,True,,True,,True,,True,,True,,True,,True,,True,WSD,False,01,False,,True,ISO_10918_1,False,,True,,True,,True,1.2.840.10008.1.2.4.50,False,JPEG Baseline (Process 1),unknown_processed_stored_values,False,False,"Pixel Intensity Relationship and Sign are missing. The object is workstation-converted Secondary Capture, which does not establish detector-signal proportionality."
13f8bb2b-9c21-4131-aee1-eef3bc0cf88b.png,13f8bb2b-9c21-4131-aee1-eef3bc0cf88b.dcm,1.2.840.10008.5.1.4.1.1.7,False,Secondary Capture Image Storage,CR,False,MONOCHROME2,False,8,False,8,False,0,False,,True,,True,,True,,True,,True,,True,,True,,True,,True,,True,,True,,True,,True,,True,,True,,True,,True,,True,WSD,False,01,False,,True,ISO_10918_1,False,,True,,True,,True,1.2.840.10008.1.2.4.50,False,JPEG Baseline (Process 1),unknown_processed_stored_values,False,False,"Pixel Intensity Relationship and Sign are missing. The object is workstation-converted Secondary Capture, which does not establish detector-signal proportionality."
159b6cd1-8a7f-419a-a299-db96e99d8ab4.png,159b6cd1-8a7f-419a-a299-db96e99d8ab4.dcm,1.2.840.10008.5.1.4.1.1.7,False,Secondary Capture Image Storage,CR,False,MONOCHROME2,False,8,False,8,False,0,False,,True,,True,,True,,True,,True,,True,,True,,True,,True,,True,,True,,True,,True,,True,,True,,True,,True,,True,WSD,False,01,False,,True,ISO_10918_1,False,,True,,True,,True,1.2.840.10008.1.2.4.50,False,JPEG Baseline (Process 1),unknown_processed_stored_values,False,False,"Pixel Intensity Relationship and Sign are missing. The object is workstation-converted Secondary Capture, which does not establish detector-signal proportionality."
19a0469f-b168-45f7-a84e-1080db9951b5.png,19a0469f-b168-45f7-a84e-1080db9951b5.dcm,1.2.840.10008.5.1.4.1.1.7,False,Secondary Capture Image Storage,CR,False,MONOCHROME2,False,8,False,8,False,0,False,,True,,True,,True,,True,,True,,True,,True,,True,,True,,True,,True,,True,,True,,True,,True,,True,,True,,True,WSD,False,01,False,,True,ISO_10918_1,False,,True,,True,,True,1.2.840.10008.1.2.4.50,False,JPEG Baseline (Process 1),unknown_processed_stored_values,False,False,"Pixel Intensity Relationship and Sign are missing. The object is workstation-converted Secondary Capture, which does not establish detector-signal proportionality."
1a062886-29be-4120-92f3-5c1c8a951959.png,1a062886-29be-4120-92f3-5c1c8a951959.dcm,1.2.840.10008.5.1.4.1.1.7,False,Secondary Capture Image Storage,CR,False,MONOCHROME2,False,8,False,8,False,0,False,,True,,True,,True,,True,,True,,True,,True,,True,,True,,True,,True,,True,,True,,True,,True,,True,,True,,True,WSD,False,01,False,,True,ISO_10918_1,False,,True,,True,,True,1.2.840.10008.1.2.4.50,False,JPEG Baseline (Process 1),unknown_processed_stored_values,False,False,"Pixel Intensity Relationship and Sign are missing. The object is workstation-converted Secondary Capture, which does not establish detector-signal proportionality."
1f9025ff-a538-41b0-8798-829612193eeb.png,1f9025ff-a538-41b0-8798-829612193eeb.dcm,1.2.840.10008.5.1.4.1.1.7,False,Secondary Capture Image Storage,CR,False,MONOCHROME2,False,8,False,8,False,0,False,,True,,True,,True,,True,,True,,True,,True,,True,,True,,True,,True,,True,,True,,True,,True,,True,,True,,True,WSD,False,01,False,,True,ISO_10918_1,False,,True,,True,,True,1.2.840.10008.1.2.4.50,False,JPEG Baseline (Process 1),unknown_processed_stored_values,False,False,"Pixel Intensity Relationship and Sign are missing. The object is workstation-converted Secondary Capture, which does not establish detector-signal proportionality."
21e403ae-139b-4419-b3fa-0bf13d97d245.png,21e403ae-139b-4419-b3fa-0bf13d97d245.dcm,1.2.840.10008.5.1.4.1.1.7,False,Secondary Capture Image Storage,CR,False,MONOCHROME2,False,8,False,8,False,0,False,,True,,True,,True,,True,,True,,True,,True,,True,,True,,True,,True,,True,,True,,True,,True,,True,,True,,True,WSD,False,01,False,,True,ISO_10918_1,False,,True,,True,,True,1.2.840.10008.1.2.4.50,False,JPEG Baseline (Process 1),unknown_processed_stored_values,False,False,"Pixel Intensity Relationship and Sign are missing. The object is workstation-converted Secondary Capture, which does not establish detector-signal proportionality."
228b3dc1-f78a-4ac9-b213-2a416583d063.png,228b3dc1-f78a-4ac9-b213-2a416583d063.dcm,1.2.840.10008.5.1.4.1.1.7,False,Secondary Capture Image Storage,CR,False,MONOCHROME2,False,8,False,8,False,0,False,,True,,True,,True,,True,,True,,True,,True,,True,,True,,True,,True,,True,,True,,True,,True,,True,,True,,True,WSD,False,01,False,,True,ISO_10918_1,False,,True,,True,,True,1.2.840.10008.1.2.4.50,False,JPEG Baseline (Process 1),unknown_processed_stored_values,False,False,"Pixel Intensity Relationship and Sign are missing. The object is workstation-converted Secondary Capture, which does not establish detector-signal proportionality."
231de9e8-63d9-4093-9d57-2bdcdee49225.png,231de9e8-63d9-4093-9d57-2bdcdee49225.dcm,1.2.840.10008.5.1.4.1.1.7,False,Secondary Capture Image Storage,CR,False,MONOCHROME2,False,8,False,8,False,0,False,,True,,True,,True,,True,,True,,True,,True,,True,,True,,True,,True,,True,,True,,True,,True,,True,,True,,True,WSD,False,01,False,,True,ISO_10918_1,False,,True,,True,,True,1.2.840.10008.1.2.4.50,False,JPEG Baseline (Process 1),unknown_processed_stored_values,False,False,"Pixel Intensity Relationship and Sign are missing. The object is workstation-converted Secondary Capture, which does not establish detector-signal proportionality."
265e9208-1dc8-4b3c-aacd-74f7a8525123.png,265e9208-1dc8-4b3c-aacd-74f7a8525123.dcm,1.2.840.10008.5.1.4.1.1.7,False,Secondary Capture Image Storage,CR,False,MONOCHROME2,False,8,False,8,False,0,False,,True,,True,,True,,True,,True,,True,,True,,True,,True,,True,,True,,True,,True,,True,,True,,True,,True,,True,WSD,False,01,False,,True,ISO_10918_1,False,,True,,True,,True,1.2.840.10008.1.2.4.50,False,JPEG Baseline (Process 1),unknown_processed_stored_values,False,False,"Pixel Intensity Relationship and Sign are missing. The object is workstation-converted Secondary Capture, which does not establish detector-signal proportionality."
28ba0617-0cac-4198-8b8a-c35fde545ace.png,28ba0617-0cac-4198-8b8a-c35fde545ace.dcm,1.2.840.10008.5.1.4.1.1.7,False,Secondary Capture Image Storage,CR,False,MONOCHROME2,False,8,False,8,False,0,False,,True,,True,,True,,True,,True,,True,,True,,True,,True,,True,,True,,True,,True,,True,,True,,True,,True,,True,WSD,False,01,False,,True,ISO_10918_1,False,,True,,True,,True,1.2.840.10008.1.2.4.50,False,JPEG Baseline (Process 1),unknown_processed_stored_values,False,False,"Pixel Intensity Relationship and Sign are missing. The object is workstation-converted Secondary Capture, which does not establish detector-signal proportionality."
29128fda-79ce-4a14-bbf9-9884422075d0.png,29128fda-79ce-4a14-bbf9-9884422075d0.dcm,1.2.840.10008.5.1.4.1.1.7,False,Secondary Capture Image Storage,CR,False,MONOCHROME2,False,8,False,8,False,0,False,,True,,True,,True,,True,,True,,True,,True,,True,,True,,True,,True,,True,,True,,True,,True,,True,,True,,True,WSD,False,01,False,,True,ISO_10918_1,False,,True,,True,,True,1.2.840.10008.1.2.4.50,False,JPEG Baseline (Process 1),unknown_processed_stored_values,False,False,"Pixel Intensity Relationship and Sign are missing. The object is workstation-converted Secondary Capture, which does not establish detector-signal proportionality."
2a607bec-696e-4248-b6cc-21a6266744bd.png,2a607bec-696e-4248-b6cc-21a6266744bd.dcm,1.2.840.10008.5.1.4.1.1.7,False,Secondary Capture Image Storage,CR,False,MONOCHROME2,False,8,False,8,False,0,False,,True,,True,,True,,True,,True,,True,,True,,True,,True,,True,,True,,True,,True,,True,,True,,True,,True,,True,WSD,False,01,False,,True,ISO_10918_1,False,,True,,True,,True,1.2.840.10008.1.2.4.50,False,JPEG Baseline (Process 1),unknown_processed_stored_values,False,False,"Pixel Intensity Relationship and Sign are missing. The object is workstation-converted Secondary Capture, which does not establish detector-signal proportionality."
334c4445-63ce-401a-a1a2-1a467901a1ae.png,334c4445-63ce-401a-a1a2-1a467901a1ae.dcm,1.2.840.10008.5.1.4.1.1.7,False,Secondary Capture Image Storage,CR,False,MONOCHROME2,False,8,False,8,False,0,False,,True,,True,,True,,True,,True,,True,,True,,True,,True,,True,,True,,True,,True,,True,,True,,True,,True,,True,WSD,False,01,False,,True,ISO_10918_1,False,,True,,True,,True,1.2.840.10008.1.2.4.50,False,JPEG Baseline (Process 1),unknown_processed_stored_values,False,False,"Pixel Intensity Relationship and Sign are missing. The object is workstation-converted Secondary Capture, which does not establish detector-signal proportionality."
33c66fa9-6a08-4d0d-b309-88ce91a217c9.png,33c66fa9-6a08-4d0d-b309-88ce91a217c9.dcm,1.2.840.10008.5.1.4.1.1.7,False,Secondary Capture Image Storage,CR,False,MONOCHROME2,False,8,False,8,False,0,False,,True,,True,,True,,True,,True,,True,,True,,True,,True,,True,,True,,True,,True,,True,,True,,True,,True,,True,WSD,False,01,False,,True,ISO_10918_1,False,,True,,True,,True,1.2.840.10008.1.2.4.50,False,JPEG Baseline (Process 1),unknown_processed_stored_values,False,False,"Pixel Intensity Relationship and Sign are missing. The object is workstation-converted Secondary Capture, which does not establish detector-signal proportionality."
354c3756-43ed-4921-adf8-60be49a8b7e8.png,354c3756-43ed-4921-adf8-60be49a8b7e8.dcm,1.2.840.10008.5.1.4.1.1.7,False,Secondary Capture Image Storage,CR,False,MONOCHROME2,False,8,False,8,False,0,False,,True,,True,,True,,True,,True,,True,,True,,True,,True,,True,,True,,True,,True,,True,,True,,True,,True,,True,WSD,False,01,False,,True,ISO_10918_1,False,,True,,True,,True,1.2.840.10008.1.2.4.50,False,JPEG Baseline (Process 1),unknown_processed_stored_values,False,False,"Pixel Intensity Relationship and Sign are missing. The object is workstation-converted Secondary Capture, which does not establish detector-signal proportionality."
38e001a1-f518-4dc3-bdf7-b568ba90f512.png,38e001a1-f518-4dc3-bdf7-b568ba90f512.dcm,1.2.840.10008.5.1.4.1.1.7,False,Secondary Capture Image Storage,CR,False,MONOCHROME2,False,8,False,8,False,0,False,,True,,True,,True,,True,,True,,True,,True,,True,,True,,True,,True,,True,,True,,True,,True,,True,,True,,True,WSD,False,01,False,,True,ISO_10918_1,False,,True,,True,,True,1.2.840.10008.1.2.4.50,False,JPEG Baseline (Process 1),unknown_processed_stored_values,False,False,"Pixel Intensity Relationship and Sign are missing. The object is workstation-converted Secondary Capture, which does not establish detector-signal proportionality."
39276e28-456a-46f8-b74d-42601c7ec17e.png,39276e28-456a-46f8-b74d-42601c7ec17e.dcm,1.2.840.10008.5.1.4.1.1.7,False,Secondary Capture Image Storage,CR,False,MONOCHROME2,False,8,False,8,False,0,False,,True,,True,,True,,True,,True,,True,,True,,True,,True,,True,,True,,True,,True,,True,,True,,True,,True,,True,WSD,False,01,False,,True,ISO_10918_1,False,,True,,True,,True,1.2.840.10008.1.2.4.50,False,JPEG Baseline (Process 1),unknown_processed_stored_values,False,False,"Pixel Intensity Relationship and Sign are missing. The object is workstation-converted Secondary Capture, which does not establish detector-signal proportionality."
3939cfba-1869-4c49-a79a-2f081ef2ca7b.png,3939cfba-1869-4c49-a79a-2f081ef2ca7b.dcm,1.2.840.10008.5.1.4.1.1.7,False,Secondary Capture Image Storage,CR,False,MONOCHROME2,False,8,False,8,False,0,False,,True,,True,,True,,True,,True,,True,,True,,True,,True,,True,,True,,True,,True,,True,,True,,True,,True,,True,WSD,False,01,False,,True,ISO_10918_1,False,,True,,True,,True,1.2.840.10008.1.2.4.50,False,JPEG Baseline (Process 1),unknown_processed_stored_values,False,False,"Pixel Intensity Relationship and Sign are missing. The object is workstation-converted Secondary Capture, which does not establish detector-signal proportionality."
39cb7f45-d18f-4087-8994-0798f4f79c5a.png,39cb7f45-d18f-4087-8994-0798f4f79c5a.dcm,1.2.840.10008.5.1.4.1.1.7,False,Secondary Capture Image Storage,CR,False,MONOCHROME2,False,8,False,8,False,0,False,,True,,True,,True,,True,,True,,True,,True,,True,,True,,True,,True,,True,,True,,True,,True,,True,,True,,True,WSD,False,01,False,,True,ISO_10918_1,False,,True,,True,,True,1.2.840.10008.1.2.4.50,False,JPEG Baseline (Process 1),unknown_processed_stored_values,False,False,"Pixel Intensity Relationship and Sign are missing. The object is workstation-converted Secondary Capture, which does not establish detector-signal proportionality."
3a6a506f-fe68-41e0-a769-36167b84f8d8.png,3a6a506f-fe68-41e0-a769-36167b84f8d8.dcm,1.2.840.10008.5.1.4.1.1.7,False,Secondary Capture Image Storage,CR,False,MONOCHROME2,False,8,False,8,False,0,False,,True,,True,,True,,True,,True,,True,,True,,True,,True,,True,,True,,True,,True,,True,,True,,True,,True,,True,WSD,False,01,False,,True,ISO_10918_1,False,,True,,True,,True,1.2.840.10008.1.2.4.50,False,JPEG Baseline (Process 1),unknown_processed_stored_values,False,False,"Pixel Intensity Relationship and Sign are missing. The object is workstation-converted Secondary Capture, which does not establish detector-signal proportionality."
3a6aa686-b3ea-4e24-86e4-3129c520131d.png,3a6aa686-b3ea-4e24-86e4-3129c520131d.dcm,1.2.840.10008.5.1.4.1.1.7,False,Secondary Capture Image Storage,CR,False,MONOCHROME2,False,8,False,8,False,0,False,,True,,True,,True,,True,,True,,True,,True,,True,,True,,True,,True,,True,,True,,True,,True,,True,,True,,True,WSD,False,01,False,,True,ISO_10918_1,False,,True,,True,,True,1.2.840.10008.1.2.4.50,False,JPEG Baseline (Process 1),unknown_processed_stored_values,False,False,"Pixel Intensity Relationship and Sign are missing. The object is workstation-converted Secondary Capture, which does not establish detector-signal proportionality."
3b081d12-6804-4a33-85cd-712a886e4e01.png,3b081d12-6804-4a33-85cd-712a886e4e01.dcm,1.2.840.10008.5.1.4.1.1.7,False,Secondary Capture Image Storage,CR,False,MONOCHROME2,False,8,False,8,False,0,False,,True,,True,,True,,True,,True,,True,,True,,True,,True,,True,,True,,True,,True,,True,,True,,True,,True,,True,WSD,False,01,False,,True,ISO_10918_1,False,,True,,True,,True,1.2.840.10008.1.2.4.50,False,JPEG Baseline (Process 1),unknown_processed_stored_values,False,False,"Pixel Intensity Relationship and Sign are missing. The object is workstation-converted Secondary Capture, which does not establish detector-signal proportionality."
3b27a391-cc42-47b3-aff6-206011e86628.png,3b27a391-cc42-47b3-aff6-206011e86628.dcm,1.2.840.10008.5.1.4.1.1.7,False,Secondary Capture Image Storage,CR,False,MONOCHROME2,False,8,False,8,False,0,False,,True,,True,,True,,True,,True,,True,,True,,True,,True,,True,,True,,True,,True,,True,,True,,True,,True,,True,WSD,False,01,False,,True,ISO_10918_1,False,,True,,True,,True,1.2.840.10008.1.2.4.50,False,JPEG Baseline (Process 1),unknown_processed_stored_values,False,False,"Pixel Intensity Relationship and Sign are missing. The object is workstation-converted Secondary Capture, which does not establish detector-signal proportionality."
3cb7ea27-e85c-45a9-a5d6-185b9ec18b17.png,3cb7ea27-e85c-45a9-a5d6-185b9ec18b17.dcm,1.2.840.10008.5.1.4.1.1.7,False,Secondary Capture Image Storage,CR,False,MONOCHROME2,False,8,False,8,False,0,False,,True,,True,,True,,True,,True,,True,,True,,True,,True,,True,,True,,True,,True,,True,,True,,True,,True,,True,WSD,False,01,False,,True,ISO_10918_1,False,,True,,True,,True,1.2.840.10008.1.2.4.50,False,JPEG Baseline (Process 1),unknown_processed_stored_values,False,False,"Pixel Intensity Relationship and Sign are missing. The object is workstation-converted Secondary Capture, which does not establish detector-signal proportionality."
3d63ab2e-862a-4f11-82d3-b9f561e8ecec.png,3d63ab2e-862a-4f11-82d3-b9f561e8ecec.dcm,1.2.840.10008.5.1.4.1.1.7,False,Secondary Capture Image Storage,CR,False,MONOCHROME2,False,8,False,8,False,0,False,,True,,True,,True,,True,,True,,True,,True,,True,,True,,True,,True,,True,,True,,True,,True,,True,,True,,True,WSD,False,01,False,,True,ISO_10918_1,False,,True,,True,,True,1.2.840.10008.1.2.4.50,False,JPEG Baseline (Process 1),unknown_processed_stored_values,False,False,"Pixel Intensity Relationship and Sign are missing. The object is workstation-converted Secondary Capture, which does not establish detector-signal proportionality."
3e99e768-693c-481d-b0c7-535bbeaf4dbf.png,3e99e768-693c-481d-b0c7-535bbeaf4dbf.dcm,1.2.840.10008.5.1.4.1.1.7,False,Secondary Capture Image Storage,CR,False,MONOCHROME2,False,8,False,8,False,0,False,,True,,True,,True,,True,,True,,True,,True,,True,,True,,True,,True,,True,,True,,True,,True,,True,,True,,True,WSD,False,01,False,,True,ISO_10918_1,False,,True,,True,,True,1.2.840.10008.1.2.4.50,False,JPEG Baseline (Process 1),unknown_processed_stored_values,False,False,"Pixel Intensity Relationship and Sign are missing. The object is workstation-converted Secondary Capture, which does not establish detector-signal proportionality."
3f040848-3b3f-4cc9-b7e1-eb5bea7a3a7c.png,3f040848-3b3f-4cc9-b7e1-eb5bea7a3a7c.dcm,1.2.840.10008.5.1.4.1.1.7,False,Secondary Capture Image Storage,CR,False,MONOCHROME2,False,8,False,8,False,0,False,,True,,True,,True,,True,,True,,True,,True,,True,,True,,True,,True,,True,,True,,True,,True,,True,,True,,True,WSD,False,01,False,,True,ISO_10918_1,False,,True,,True,,True,1.2.840.10008.1.2.4.50,False,JPEG Baseline (Process 1),unknown_processed_stored_values,False,False,"Pixel Intensity Relationship and Sign are missing. The object is workstation-converted Secondary Capture, which does not establish detector-signal proportionality."
3ff23567-574c-4d4f-948c-9fb4591454b8.png,3ff23567-574c-4d4f-948c-9fb4591454b8.dcm,1.2.840.10008.5.1.4.1.1.7,False,Secondary Capture Image Storage,CR,False,MONOCHROME2,False,8,False,8,False,0,False,,True,,True,,True,,True,,True,,True,,True,,True,,True,,True,,True,,True,,True,,True,,True,,True,,True,,True,WSD,False,01,False,,True,ISO_10918_1,False,,True,,True,,True,1.2.840.10008.1.2.4.50,False,JPEG Baseline (Process 1),unknown_processed_stored_values,False,False,"Pixel Intensity Relationship and Sign are missing. The object is workstation-converted Secondary Capture, which does not establish detector-signal proportionality."
3fff0799-2364-415a-a5c4-7e16ec74a9d9.png,3fff0799-2364-415a-a5c4-7e16ec74a9d9.dcm,1.2.840.10008.5.1.4.1.1.7,False,Secondary Capture Image Storage,CR,False,MONOCHROME2,False,8,False,8,False,0,False,,True,,True,,True,,True,,True,,True,,True,,True,,True,,True,,True,,True,,True,,True,,True,,True,,True,,True,WSD,False,01,False,,True,ISO_10918_1,False,,True,,True,,True,1.2.840.10008.1.2.4.50,False,JPEG Baseline (Process 1),unknown_processed_stored_values,False,False,"Pixel Intensity Relationship and Sign are missing. The object is workstation-converted Secondary Capture, which does not establish detector-signal proportionality."
4031034b-bb69-4102-8916-d47d7403db48.png,4031034b-bb69-4102-8916-d47d7403db48.dcm,1.2.840.10008.5.1.4.1.1.7,False,Secondary Capture Image Storage,CR,False,MONOCHROME2,False,8,False,8,False,0,False,,True,,True,,True,,True,,True,,True,,True,,True,,True,,True,,True,,True,,True,,True,,True,,True,,True,,True,WSD,False,01,False,,True,ISO_10918_1,False,,True,,True,,True,1.2.840.10008.1.2.4.50,False,JPEG Baseline (Process 1),unknown_processed_stored_values,False,False,"Pixel Intensity Relationship and Sign are missing. The object is workstation-converted Secondary Capture, which does not establish detector-signal proportionality."
40509629-808f-4443-bfd2-227534f36da0.png,40509629-808f-4443-bfd2-227534f36da0.dcm,1.2.840.10008.5.1.4.1.1.7,False,Secondary Capture Image Storage,CR,False,MONOCHROME2,False,8,False,8,False,0,False,,True,,True,,True,,True,,True,,True,,True,,True,,True,,True,,True,,True,,True,,True,,True,,True,,True,,True,WSD,False,01,False,,True,ISO_10918_1,False,,True,,True,,True,1.2.840.10008.1.2.4.50,False,JPEG Baseline (Process 1),unknown_processed_stored_values,False,False,"Pixel Intensity Relationship and Sign are missing. The object is workstation-converted Secondary Capture, which does not establish detector-signal proportionality."
4176a497-89dd-454f-bbfe-db8d4c387432.png,4176a497-89dd-454f-bbfe-db8d4c387432.dcm,1.2.840.10008.5.1.4.1.1.7,False,Secondary Capture Image Storage,CR,False,MONOCHROME2,False,8,False,8,False,0,False,,True,,True,,True,,True,,True,,True,,True,,True,,True,,True,,True,,True,,True,,True,,True,,True,,True,,True,WSD,False,01,False,,True,ISO_10918_1,False,,True,,True,,True,1.2.840.10008.1.2.4.50,False,JPEG Baseline (Process 1),unknown_processed_stored_values,False,False,"Pixel Intensity Relationship and Sign are missing. The object is workstation-converted Secondary Capture, which does not establish detector-signal proportionality."
41e6698f-96a6-4072-ade5-e018a57c0460.png,41e6698f-96a6-4072-ade5-e018a57c0460.dcm,1.2.840.10008.5.1.4.1.1.7,False,Secondary Capture Image Storage,CR,False,MONOCHROME2,False,8,False,8,False,0,False,,True,,True,,True,,True,,True,,True,,True,,True,,True,,True,,True,,True,,True,,True,,True,,True,,True,,True,WSD,False,01,False,,True,ISO_10918_1,False,,True,,True,,True,1.2.840.10008.1.2.4.50,False,JPEG Baseline (Process 1),unknown_processed_stored_values,False,False,"Pixel Intensity Relationship and Sign are missing. The object is workstation-converted Secondary Capture, which does not establish detector-signal proportionality."
426d6b9e-9856-4b1c-9da6-69d0439c6861.png,426d6b9e-9856-4b1c-9da6-69d0439c6861.dcm,1.2.840.10008.5.1.4.1.1.7,False,Secondary Capture Image Storage,CR,False,MONOCHROME2,False,8,False,8,False,0,False,,True,,True,,True,,True,,True,,True,,True,,True,,True,,True,,True,,True,,True,,True,,True,,True,,True,,True,WSD,False,01,False,,True,ISO_10918_1,False,,True,,True,,True,1.2.840.10008.1.2.4.50,False,JPEG Baseline (Process 1),unknown_processed_stored_values,False,False,"Pixel Intensity Relationship and Sign are missing. The object is workstation-converted Secondary Capture, which does not establish detector-signal proportionality."
43477aa6-e681-4e9d-b479-28f659570dce.png,43477aa6-e681-4e9d-b479-28f659570dce.dcm,1.2.840.10008.5.1.4.1.1.7,False,Secondary Capture Image Storage,CR,False,MONOCHROME2,False,8,False,8,False,0,False,,True,,True,,True,,True,,True,,True,,True,,True,,True,,True,,True,,True,,True,,True,,True,,True,,True,,True,WSD,False,01,False,,True,ISO_10918_1,False,,True,,True,,True,1.2.840.10008.1.2.4.50,False,JPEG Baseline (Process 1),unknown_processed_stored_values,False,False,"Pixel Intensity Relationship and Sign are missing. The object is workstation-converted Secondary Capture, which does not establish detector-signal proportionality."
43e034fb-4f9c-4c7e-ae46-abfee29fbc22.png,43e034fb-4f9c-4c7e-ae46-abfee29fbc22.dcm,1.2.840.10008.5.1.4.1.1.7,False,Secondary Capture Image Storage,CR,False,MONOCHROME2,False,8,False,8,False,0,False,,True,,True,,True,,True,,True,,True,,True,,True,,True,,True,,True,,True,,True,,True,,True,,True,,True,,True,WSD,False,01,False,,True,ISO_10918_1,False,,True,,True,,True,1.2.840.10008.1.2.4.50,False,JPEG Baseline (Process 1),unknown_processed_stored_values,False,False,"Pixel Intensity Relationship and Sign are missing. The object is workstation-converted Secondary Capture, which does not establish detector-signal proportionality."
43e81c37-160e-40ef-a5fb-29c425e2f46c.png,43e81c37-160e-40ef-a5fb-29c425e2f46c.dcm,1.2.840.10008.5.1.4.1.1.7,False,Secondary Capture Image Storage,CR,False,MONOCHROME2,False,8,False,8,False,0,False,,True,,True,,True,,True,,True,,True,,True,,True,,True,,True,,True,,True,,True,,True,,True,,True,,True,,True,WSD,False,01,False,,True,ISO_10918_1,False,,True,,True,,True,1.2.840.10008.1.2.4.50,False,JPEG Baseline (Process 1),unknown_processed_stored_values,False,False,"Pixel Intensity Relationship and Sign are missing. The object is workstation-converted Secondary Capture, which does not establish detector-signal proportionality."
448c2b8c-9ed9-490c-bd4d-6a50c3ba943f.png,448c2b8c-9ed9-490c-bd4d-6a50c3ba943f.dcm,1.2.840.10008.5.1.4.1.1.7,False,Secondary Capture Image Storage,CR,False,MONOCHROME2,False,8,False,8,False,0,False,,True,,True,,True,,True,,True,,True,,True,,True,,True,,True,,True,,True,,True,,True,,True,,True,,True,,True,WSD,False,01,False,,True,ISO_10918_1,False,,True,,True,,True,1.2.840.10008.1.2.4.50,False,JPEG Baseline (Process 1),unknown_processed_stored_values,False,False,"Pixel Intensity Relationship and Sign are missing. The object is workstation-converted Secondary Capture, which does not establish detector-signal proportionality."
44c38355-5ef3-4835-9a3d-bdd32ce7954c.png,44c38355-5ef3-4835-9a3d-bdd32ce7954c.dcm,1.2.840.10008.5.1.4.1.1.7,False,Secondary Capture Image Storage,CR,False,MONOCHROME2,False,8,False,8,False,0,False,,True,,True,,True,,True,,True,,True,,True,,True,,True,,True,,True,,True,,True,,True,,True,,True,,True,,True,WSD,False,01,False,,True,ISO_10918_1,False,,True,,True,,True,1.2.840.10008.1.2.4.50,False,JPEG Baseline (Process 1),unknown_processed_stored_values,False,False,"Pixel Intensity Relationship and Sign are missing. The object is workstation-converted Secondary Capture, which does not establish detector-signal proportionality."
459ef256-48ff-4456-b5f6-e2383bfbdc33.png,459ef256-48ff-4456-b5f6-e2383bfbdc33.dcm,1.2.840.10008.5.1.4.1.1.7,False,Secondary Capture Image Storage,CR,False,MONOCHROME2,False,8,False,8,False,0,False,,True,,True,,True,,True,,True,,True,,True,,True,,True,,True,,True,,True,,True,,True,,True,,True,,True,,True,WSD,False,01,False,,True,ISO_10918_1,False,,True,,True,,True,1.2.840.10008.1.2.4.50,False,JPEG Baseline (Process 1),unknown_processed_stored_values,False,False,"Pixel Intensity Relationship and Sign are missing. The object is workstation-converted Secondary Capture, which does not establish detector-signal proportionality."
4648165d-da7c-4cd6-ba52-92bf16119777.png,4648165d-da7c-4cd6-ba52-92bf16119777.dcm,1.2.840.10008.5.1.4.1.1.7,False,Secondary Capture Image Storage,CR,False,MONOCHROME2,False,8,False,8,False,0,False,,True,,True,,True,,True,,True,,True,,True,,True,,True,,True,,True,,True,,True,,True,,True,,True,,True,,True,WSD,False,01,False,,True,ISO_10918_1,False,,True,,True,,True,1.2.840.10008.1.2.4.50,False,JPEG Baseline (Process 1),unknown_processed_stored_values,False,False,"Pixel Intensity Relationship and Sign are missing. The object is workstation-converted Secondary Capture, which does not establish detector-signal proportionality."
4672156e-25e5-4bf4-8891-9e0e4a742c49.png,4672156e-25e5-4bf4-8891-9e0e4a742c49.dcm,1.2.840.10008.5.1.4.1.1.7,False,Secondary Capture Image Storage,CR,False,MONOCHROME2,False,8,False,8,False,0,False,,True,,True,,True,,True,,True,,True,,True,,True,,True,,True,,True,,True,,True,,True,,True,,True,,True,,True,WSD,False,01,False,,True,ISO_10918_1,False,,True,,True,,True,1.2.840.10008.1.2.4.50,False,JPEG Baseline (Process 1),unknown_processed_stored_values,False,False,"Pixel Intensity Relationship and Sign are missing. The object is workstation-converted Secondary Capture, which does not establish detector-signal proportionality."
472688c0-2bd6-4fa3-b2ee-56b441e5cb35.png,472688c0-2bd6-4fa3-b2ee-56b441e5cb35.dcm,1.2.840.10008.5.1.4.1.1.7,False,Secondary Capture Image Storage,CR,False,MONOCHROME2,False,8,False,8,False,0,False,,True,,True,,True,,True,,True,,True,,True,,True,,True,,True,,True,,True,,True,,True,,True,,True,,True,,True,WSD,False,01,False,,True,ISO_10918_1,False,,True,,True,,True,1.2.840.10008.1.2.4.50,False,JPEG Baseline (Process 1),unknown_processed_stored_values,False,False,"Pixel Intensity Relationship and Sign are missing. The object is workstation-converted Secondary Capture, which does not establish detector-signal proportionality."
4748d5a3-81a8-4761-b65e-2cba79753be9.png,4748d5a3-81a8-4761-b65e-2cba79753be9.dcm,1.2.840.10008.5.1.4.1.1.7,False,Secondary Capture Image Storage,CR,False,MONOCHROME2,False,8,False,8,False,0,False,,True,,True,,True,,True,,True,,True,,True,,True,,True,,True,,True,,True,,True,,True,,True,,True,,True,,True,WSD,False,01,False,,True,ISO_10918_1,False,,True,,True,,True,1.2.840.10008.1.2.4.50,False,JPEG Baseline (Process 1),unknown_processed_stored_values,False,False,"Pixel Intensity Relationship and Sign are missing. The object is workstation-converted Secondary Capture, which does not establish detector-signal proportionality."
47be0a9e-b6f7-4104-ab24-f3671287aead.png,47be0a9e-b6f7-4104-ab24-f3671287aead.dcm,1.2.840.10008.5.1.4.1.1.7,False,Secondary Capture Image Storage,CR,False,MONOCHROME2,False,8,False,8,False,0,False,,True,,True,,True,,True,,True,,True,,True,,True,,True,,True,,True,,True,,True,,True,,True,,True,,True,,True,WSD,False,01,False,,True,ISO_10918_1,False,,True,,True,,True,1.2.840.10008.1.2.4.50,False,JPEG Baseline (Process 1),unknown_processed_stored_values,False,False,"Pixel Intensity Relationship and Sign are missing. The object is workstation-converted Secondary Capture, which does not establish detector-signal proportionality."
4859f22d-14c6-4272-93d5-4dd251d93900.png,4859f22d-14c6-4272-93d5-4dd251d93900.dcm,1.2.840.10008.5.1.4.1.1.7,False,Secondary Capture Image Storage,CR,False,MONOCHROME2,False,8,False,8,False,0,False,,True,,True,,True,,True,,True,,True,,True,,True,,True,,True,,True,,True,,True,,True,,True,,True,,True,,True,WSD,False,01,False,,True,ISO_10918_1,False,,True,,True,,True,1.2.840.10008.1.2.4.50,False,JPEG Baseline (Process 1),unknown_processed_stored_values,False,False,"Pixel Intensity Relationship and Sign are missing. The object is workstation-converted Secondary Capture, which does not establish detector-signal proportionality."
4b1e8ad7-2487-4689-a952-0818fa8713d1.png,4b1e8ad7-2487-4689-a952-0818fa8713d1.dcm,1.2.840.10008.5.1.4.1.1.7,False,Secondary Capture Image Storage,CR,False,MONOCHROME2,False,8,False,8,False,0,False,,True,,True,,True,,True,,True,,True,,True,,True,,True,,True,,True,,True,,True,,True,,True,,True,,True,,True,WSD,False,01,False,,True,ISO_10918_1,False,,True,,True,,True,1.2.840.10008.1.2.4.50,False,JPEG Baseline (Process 1),unknown_processed_stored_values,False,False,"Pixel Intensity Relationship and Sign are missing. The object is workstation-converted Secondary Capture, which does not establish detector-signal proportionality."
4d56129b-5c52-4e12-93fd-836a88f7e30a.png,4d56129b-5c52-4e12-93fd-836a88f7e30a.dcm,1.2.840.10008.5.1.4.1.1.7,False,Secondary Capture Image Storage,CR,False,MONOCHROME2,False,8,False,8,False,0,False,,True,,True,,True,,True,,True,,True,,True,,True,,True,,True,,True,,True,,True,,True,,True,,True,,True,,True,WSD,False,01,False,,True,ISO_10918_1,False,,True,,True,,True,1.2.840.10008.1.2.4.50,False,JPEG Baseline (Process 1),unknown_processed_stored_values,False,False,"Pixel Intensity Relationship and Sign are missing. The object is workstation-converted Secondary Capture, which does not establish detector-signal proportionality."
4e4c8f09-6600-4198-bb73-cbb46a32f771.png,4e4c8f09-6600-4198-bb73-cbb46a32f771.dcm,1.2.840.10008.5.1.4.1.1.7,False,Secondary Capture Image Storage,CR,False,MONOCHROME2,False,8,False,8,False,0,False,,True,,True,,True,,True,,True,,True,,True,,True,,True,,True,,True,,True,,True,,True,,True,,True,,True,,True,WSD,False,01,False,,True,ISO_10918_1,False,,True,,True,,True,1.2.840.10008.1.2.4.50,False,JPEG Baseline (Process 1),unknown_processed_stored_values,False,False,"Pixel Intensity Relationship and Sign are missing. The object is workstation-converted Secondary Capture, which does not establish detector-signal proportionality."
4eb0ed96-3ad3-4608-8a3f-2012fe203df6.png,4eb0ed96-3ad3-4608-8a3f-2012fe203df6.dcm,1.2.840.10008.5.1.4.1.1.7,False,Secondary Capture Image Storage,CR,False,MONOCHROME2,False,8,False,8,False,0,False,,True,,True,,True,,True,,True,,True,,True,,True,,True,,True,,True,,True,,True,,True,,True,,True,,True,,True,WSD,False,01,False,,True,ISO_10918_1,False,,True,,True,,True,1.2.840.10008.1.2.4.50,False,JPEG Baseline (Process 1),unknown_processed_stored_values,False,False,"Pixel Intensity Relationship and Sign are missing. The object is workstation-converted Secondary Capture, which does not establish detector-signal proportionality."
4ecd54ea-056c-4c06-b23a-1c0ef3cd07c7.png,4ecd54ea-056c-4c06-b23a-1c0ef3cd07c7.dcm,1.2.840.10008.5.1.4.1.1.7,False,Secondary Capture Image Storage,CR,False,MONOCHROME2,False,8,False,8,False,0,False,,True,,True,,True,,True,,True,,True,,True,,True,,True,,True,,True,,True,,True,,True,,True,,True,,True,,True,WSD,False,01,False,,True,ISO_10918_1,False,,True,,True,,True,1.2.840.10008.1.2.4.50,False,JPEG Baseline (Process 1),unknown_processed_stored_values,False,False,"Pixel Intensity Relationship and Sign are missing. The object is workstation-converted Secondary Capture, which does not establish detector-signal proportionality."
4f569183-74ed-4031-bb6c-0e4892ba2a57.png,4f569183-74ed-4031-bb6c-0e4892ba2a57.dcm,1.2.840.10008.5.1.4.1.1.7,False,Secondary Capture Image Storage,CR,False,MONOCHROME2,False,8,False,8,False,0,False,,True,,True,,True,,True,,True,,True,,True,,True,,True,,True,,True,,True,,True,,True,,True,,True,,True,,True,WSD,False,01,False,,True,ISO_10918_1,False,,True,,True,,True,1.2.840.10008.1.2.4.50,False,JPEG Baseline (Process 1),unknown_processed_stored_values,False,False,"Pixel Intensity Relationship and Sign are missing. The object is workstation-converted Secondary Capture, which does not establish detector-signal proportionality."
50ae1abb-8b74-47e5-9dda-51c2f6840475.png,50ae1abb-8b74-47e5-9dda-51c2f6840475.dcm,1.2.840.10008.5.1.4.1.1.7,False,Secondary Capture Image Storage,CR,False,MONOCHROME2,False,8,False,8,False,0,False,,True,,True,,True,,True,,True,,True,,True,,True,,True,,True,,True,,True,,True,,True,,True,,True,,True,,True,WSD,False,01,False,,True,ISO_10918_1,False,,True,,True,,True,1.2.840.10008.1.2.4.50,False,JPEG Baseline (Process 1),unknown_processed_stored_values,False,False,"Pixel Intensity Relationship and Sign are missing. The object is workstation-converted Secondary Capture, which does not establish detector-signal proportionality."
5150b314-97cd-4721-9f03-a8d701822630.png,5150b314-97cd-4721-9f03-a8d701822630.dcm,1.2.840.10008.5.1.4.1.1.7,False,Secondary Capture Image Storage,CR,False,MONOCHROME2,False,8,False,8,False,0,False,,True,,True,,True,,True,,True,,True,,True,,True,,True,,True,,True,,True,,True,,True,,True,,True,,True,,True,WSD,False,01,False,,True,ISO_10918_1,False,,True,,True,,True,1.2.840.10008.1.2.4.50,False,JPEG Baseline (Process 1),unknown_processed_stored_values,False,False,"Pixel Intensity Relationship and Sign are missing. The object is workstation-converted Secondary Capture, which does not establish detector-signal proportionality."
527fcdb1-a09d-469e-ba98-db1badf85d3e.png,527fcdb1-a09d-469e-ba98-db1badf85d3e.dcm,1.2.840.10008.5.1.4.1.1.7,False,Secondary Capture Image Storage,CR,False,MONOCHROME2,False,8,False,8,False,0,False,,True,,True,,True,,True,,True,,True,,True,,True,,True,,True,,True,,True,,True,,True,,True,,True,,True,,True,WSD,False,01,False,,True,ISO_10918_1,False,,True,,True,,True,1.2.840.10008.1.2.4.50,False,JPEG Baseline (Process 1),unknown_processed_stored_values,False,False,"Pixel Intensity Relationship and Sign are missing. The object is workstation-converted Secondary Capture, which does not establish detector-signal proportionality."
5460b0c1-6e89-40e7-adc0-c75dbe7c9e09.png,5460b0c1-6e89-40e7-adc0-c75dbe7c9e09.dcm,1.2.840.10008.5.1.4.1.1.7,False,Secondary Capture Image Storage,CR,False,MONOCHROME2,False,8,False,8,False,0,False,,True,,True,,True,,True,,True,,True,,True,,True,,True,,True,,True,,True,,True,,True,,True,,True,,True,,True,WSD,False,01,False,,True,ISO_10918_1,False,,True,,True,,True,1.2.840.10008.1.2.4.50,False,JPEG Baseline (Process 1),unknown_processed_stored_values,False,False,"Pixel Intensity Relationship and Sign are missing. The object is workstation-converted Secondary Capture, which does not establish detector-signal proportionality."
54edf544-8651-4be0-8d4d-a6811f8d689f.png,54edf544-8651-4be0-8d4d-a6811f8d689f.dcm,1.2.840.10008.5.1.4.1.1.7,False,Secondary Capture Image Storage,CR,False,MONOCHROME2,False,8,False,8,False,0,False,,True,,True,,True,,True,,True,,True,,True,,True,,True,,True,,True,,True,,True,,True,,True,,True,,True,,True,WSD,False,01,False,,True,ISO_10918_1,False,,True,,True,,True,1.2.840.10008.1.2.4.50,False,JPEG Baseline (Process 1),unknown_processed_stored_values,False,False,"Pixel Intensity Relationship and Sign are missing. The object is workstation-converted Secondary Capture, which does not establish detector-signal proportionality."
55d5fe58-1dd5-454e-8628-92ef7f2993dc.png,55d5fe58-1dd5-454e-8628-92ef7f2993dc.dcm,1.2.840.10008.5.1.4.1.1.7,False,Secondary Capture Image Storage,CR,False,MONOCHROME2,False,8,False,8,False,0,False,,True,,True,,True,,True,,True,,True,,True,,True,,True,,True,,True,,True,,True,,True,,True,,True,,True,,True,WSD,False,01,False,,True,ISO_10918_1,False,,True,,True,,True,1.2.840.10008.1.2.4.50,False,JPEG Baseline (Process 1),unknown_processed_stored_values,False,False,"Pixel Intensity Relationship and Sign are missing. The object is workstation-converted Secondary Capture, which does not establish detector-signal proportionality."
561f6992-f97e-445c-876f-d252ca147a97.png,561f6992-f97e-445c-876f-d252ca147a97.dcm,1.2.840.10008.5.1.4.1.1.7,False,Secondary Capture Image Storage,CR,False,MONOCHROME2,False,8,False,8,False,0,False,,True,,True,,True,,True,,True,,True,,True,,True,,True,,True,,True,,True,,True,,True,,True,,True,,True,,True,WSD,False,01,False,,True,ISO_10918_1,False,,True,,True,,True,1.2.840.10008.1.2.4.50,False,JPEG Baseline (Process 1),unknown_processed_stored_values,False,False,"Pixel Intensity Relationship and Sign are missing. The object is workstation-converted Secondary Capture, which does not establish detector-signal proportionality."
57a59afd-3382-4b13-99f2-69f2c7fb52ab.png,57a59afd-3382-4b13-99f2-69f2c7fb52ab.dcm,1.2.840.10008.5.1.4.1.1.7,False,Secondary Capture Image Storage,CR,False,MONOCHROME2,False,8,False,8,False,0,False,,True,,True,,True,,True,,True,,True,,True,,True,,True,,True,,True,,True,,True,,True,,True,,True,,True,,True,WSD,False,01,False,,True,ISO_10918_1,False,,True,,True,,True,1.2.840.10008.1.2.4.50,False,JPEG Baseline (Process 1),unknown_processed_stored_values,False,False,"Pixel Intensity Relationship and Sign are missing. The object is workstation-converted Secondary Capture, which does not establish detector-signal proportionality."
597e0a5b-8005-41c7-9a15-3da33b415d72.png,597e0a5b-8005-41c7-9a15-3da33b415d72.dcm,1.2.840.10008.5.1.4.1.1.7,False,Secondary Capture Image Storage,CR,False,MONOCHROME2,False,8,False,8,False,0,False,,True,,True,,True,,True,,True,,True,,True,,True,,True,,True,,True,,True,,True,,True,,True,,True,,True,,True,WSD,False,01,False,,True,ISO_10918_1,False,,True,,True,,True,1.2.840.10008.1.2.4.50,False,JPEG Baseline (Process 1),unknown_processed_stored_values,False,False,"Pixel Intensity Relationship and Sign are missing. The object is workstation-converted Secondary Capture, which does not establish detector-signal proportionality."
5a038690-0bae-4007-adbe-78d5b9f4eda7.png,5a038690-0bae-4007-adbe-78d5b9f4eda7.dcm,1.2.840.10008.5.1.4.1.1.7,False,Secondary Capture Image Storage,CR,False,MONOCHROME2,False,8,False,8,False,0,False,,True,,True,,True,,True,,True,,True,,True,,True,,True,,True,,True,,True,,True,,True,,True,,True,,True,,True,WSD,False,01,False,,True,ISO_10918_1,False,,True,,True,,True,1.2.840.10008.1.2.4.50,False,JPEG Baseline (Process 1),unknown_processed_stored_values,False,False,"Pixel Intensity Relationship and Sign are missing. The object is workstation-converted Secondary Capture, which does not establish detector-signal proportionality."
5ab24a6b-603a-4ace-90ed-6bc9569af1a5.png,5ab24a6b-603a-4ace-90ed-6bc9569af1a5.dcm,1.2.840.10008.5.1.4.1.1.7,False,Secondary Capture Image Storage,CR,False,MONOCHROME2,False,8,False,8,False,0,False,,True,,True,,True,,True,,True,,True,,True,,True,,True,,True,,True,,True,,True,,True,,True,,True,,True,,True,WSD,False,01,False,,True,ISO_10918_1,False,,True,,True,,True,1.2.840.10008.1.2.4.50,False,JPEG Baseline (Process 1),unknown_processed_stored_values,False,False,"Pixel Intensity Relationship and Sign are missing. The object is workstation-converted Secondary Capture, which does not establish detector-signal proportionality."
5c5123a8-bbf2-449b-bb41-dde9c1bd5b5f.png,5c5123a8-bbf2-449b-bb41-dde9c1bd5b5f.dcm,1.2.840.10008.5.1.4.1.1.7,False,Secondary Capture Image Storage,CR,False,MONOCHROME2,False,8,False,8,False,0,False,,True,,True,,True,,True,,True,,True,,True,,True,,True,,True,,True,,True,,True,,True,,True,,True,,True,,True,WSD,False,01,False,,True,ISO_10918_1,False,,True,,True,,True,1.2.840.10008.1.2.4.50,False,JPEG Baseline (Process 1),unknown_processed_stored_values,False,False,"Pixel Intensity Relationship and Sign are missing. The object is workstation-converted Secondary Capture, which does not establish detector-signal proportionality."
5cfe7d99-d956-479c-85cf-7f8d65465f5b.png,5cfe7d99-d956-479c-85cf-7f8d65465f5b.dcm,1.2.840.10008.5.1.4.1.1.7,False,Secondary Capture Image Storage,CR,False,MONOCHROME2,False,8,False,8,False,0,False,,True,,True,,True,,True,,True,,True,,True,,True,,True,,True,,True,,True,,True,,True,,True,,True,,True,,True,WSD,False,01,False,,True,ISO_10918_1,False,,True,,True,,True,1.2.840.10008.1.2.4.50,False,JPEG Baseline (Process 1),unknown_processed_stored_values,False,False,"Pixel Intensity Relationship and Sign are missing. The object is workstation-converted Secondary Capture, which does not establish detector-signal proportionality."
5dc18235-7c3a-41c7-95c6-59d914d526fc.png,5dc18235-7c3a-41c7-95c6-59d914d526fc.dcm,1.2.840.10008.5.1.4.1.1.7,False,Secondary Capture Image Storage,CR,False,MONOCHROME2,False,8,False,8,False,0,False,,True,,True,,True,,True,,True,,True,,True,,True,,True,,True,,True,,True,,True,,True,,True,,True,,True,,True,WSD,False,01,False,,True,ISO_10918_1,False,,True,,True,,True,1.2.840.10008.1.2.4.50,False,JPEG Baseline (Process 1),unknown_processed_stored_values,False,False,"Pixel Intensity Relationship and Sign are missing. The object is workstation-converted Secondary Capture, which does not establish detector-signal proportionality."
5e2ea4d6-82c1-45d9-8f53-680596618d06.png,5e2ea4d6-82c1-45d9-8f53-680596618d06.dcm,1.2.840.10008.5.1.4.1.1.7,False,Secondary Capture Image Storage,CR,False,MONOCHROME2,False,8,False,8,False,0,False,,True,,True,,True,,True,,True,,True,,True,,True,,True,,True,,True,,True,,True,,True,,True,,True,,True,,True,WSD,False,01,False,,True,ISO_10918_1,False,,True,,True,,True,1.2.840.10008.1.2.4.50,False,JPEG Baseline (Process 1),unknown_processed_stored_values,False,False,"Pixel Intensity Relationship and Sign are missing. The object is workstation-converted Secondary Capture, which does not establish detector-signal proportionality."
5e5128c2-9c38-4e6f-8c4b-de70b885c228.png,5e5128c2-9c38-4e6f-8c4b-de70b885c228.dcm,1.2.840.10008.5.1.4.1.1.7,False,Secondary Capture Image Storage,CR,False,MONOCHROME2,False,8,False,8,False,0,False,,True,,True,,True,,True,,True,,True,,True,,True,,True,,True,,True,,True,,True,,True,,True,,True,,True,,True,WSD,False,01,False,,True,ISO_10918_1,False,,True,,True,,True,1.2.840.10008.1.2.4.50,False,JPEG Baseline (Process 1),unknown_processed_stored_values,False,False,"Pixel Intensity Relationship and Sign are missing. The object is workstation-converted Secondary Capture, which does not establish detector-signal proportionality."
5ed4c033-fbe4-42e3-a9f5-6693be3fb2f0.png,5ed4c033-fbe4-42e3-a9f5-6693be3fb2f0.dcm,1.2.840.10008.5.1.4.1.1.7,False,Secondary Capture Image Storage,CR,False,MONOCHROME2,False,8,False,8,False,0,False,,True,,True,,True,,True,,True,,True,,True,,True,,True,,True,,True,,True,,True,,True,,True,,True,,True,,True,WSD,False,01,False,,True,ISO_10918_1,False,,True,,True,,True,1.2.840.10008.1.2.4.50,False,JPEG Baseline (Process 1),unknown_processed_stored_values,False,False,"Pixel Intensity Relationship and Sign are missing. The object is workstation-converted Secondary Capture, which does not establish detector-signal proportionality."
5fc4c038-98f2-485c-b86f-63508d589cab.png,5fc4c038-98f2-485c-b86f-63508d589cab.dcm,1.2.840.10008.5.1.4.1.1.7,False,Secondary Capture Image Storage,CR,False,MONOCHROME2,False,8,False,8,False,0,False,,True,,True,,True,,True,,True,,True,,True,,True,,True,,True,,True,,True,,True,,True,,True,,True,,True,,True,WSD,False,01,False,,True,ISO_10918_1,False,,True,,True,,True,1.2.840.10008.1.2.4.50,False,JPEG Baseline (Process 1),unknown_processed_stored_values,False,False,"Pixel Intensity Relationship and Sign are missing. The object is workstation-converted Secondary Capture, which does not establish detector-signal proportionality."
5fc756b1-4714-4631-b9e1-f365b59cd8d8.png,5fc756b1-4714-4631-b9e1-f365b59cd8d8.dcm,1.2.840.10008.5.1.4.1.1.7,False,Secondary Capture Image Storage,CR,False,MONOCHROME2,False,8,False,8,False,0,False,,True,,True,,True,,True,,True,,True,,True,,True,,True,,True,,True,,True,,True,,True,,True,,True,,True,,True,WSD,False,01,False,,True,ISO_10918_1,False,,True,,True,,True,1.2.840.10008.1.2.4.50,False,JPEG Baseline (Process 1),unknown_processed_stored_values,False,False,"Pixel Intensity Relationship and Sign are missing. The object is workstation-converted Secondary Capture, which does not establish detector-signal proportionality."
60c027e6-b1fc-4064-9e9a-2301d520a19a.png,60c027e6-b1fc-4064-9e9a-2301d520a19a.dcm,1.2.840.10008.5.1.4.1.1.7,False,Secondary Capture Image Storage,CR,False,MONOCHROME2,False,8,False,8,False,0,False,,True,,True,,True,,True,,True,,True,,True,,True,,True,,True,,True,,True,,True,,True,,True,,True,,True,,True,WSD,False,01,False,,True,ISO_10918_1,False,,True,,True,,True,1.2.840.10008.1.2.4.50,False,JPEG Baseline (Process 1),unknown_processed_stored_values,False,False,"Pixel Intensity Relationship and Sign are missing. The object is workstation-converted Secondary Capture, which does not establish detector-signal proportionality."
60eee555-e0bf-4165-a923-692642dea48f.png,60eee555-e0bf-4165-a923-692642dea48f.dcm,1.2.840.10008.5.1.4.1.1.7,False,Secondary Capture Image Storage,CR,False,MONOCHROME2,False,8,False,8,False,0,False,,True,,True,,True,,True,,True,,True,,True,,True,,True,,True,,True,,True,,True,,True,,True,,True,,True,,True,WSD,False,01,False,,True,ISO_10918_1,False,,True,,True,,True,1.2.840.10008.1.2.4.50,False,JPEG Baseline (Process 1),unknown_processed_stored_values,False,False,"Pixel Intensity Relationship and Sign are missing. The object is workstation-converted Secondary Capture, which does not establish detector-signal proportionality."
61e09ab3-94a9-46a7-bd05-6457a35f78d7.png,61e09ab3-94a9-46a7-bd05-6457a35f78d7.dcm,1.2.840.10008.5.1.4.1.1.7,False,Secondary Capture Image Storage,CR,False,MONOCHROME2,False,8,False,8,False,0,False,,True,,True,,True,,True,,True,,True,,True,,True,,True,,True,,True,,True,,True,,True,,True,,True,,True,,True,WSD,False,01,False,,True,ISO_10918_1,False,,True,,True,,True,1.2.840.10008.1.2.4.50,False,JPEG Baseline (Process 1),unknown_processed_stored_values,False,False,"Pixel Intensity Relationship and Sign are missing. The object is workstation-converted Secondary Capture, which does not establish detector-signal proportionality."
6293bf2f-7dbe-4676-9f55-70682922fd4f.png,6293bf2f-7dbe-4676-9f55-70682922fd4f.dcm,1.2.840.10008.5.1.4.1.1.7,False,Secondary Capture Image Storage,CR,False,MONOCHROME2,False,8,False,8,False,0,False,,True,,True,,True,,True,,True,,True,,True,,True,,True,,True,,True,,True,,True,,True,,True,,True,,True,,True,WSD,False,01,False,,True,ISO_10918_1,False,,True,,True,,True,1.2.840.10008.1.2.4.50,False,JPEG Baseline (Process 1),unknown_processed_stored_values,False,False,"Pixel Intensity Relationship and Sign are missing. The object is workstation-converted Secondary Capture, which does not establish detector-signal proportionality."
62f42357-5ae3-4eed-a5b2-f189b545e579.png,62f42357-5ae3-4eed-a5b2-f189b545e579.dcm,1.2.840.10008.5.1.4.1.1.7,False,Secondary Capture Image Storage,CR,False,MONOCHROME2,False,8,False,8,False,0,False,,True,,True,,True,,True,,True,,True,,True,,True,,True,,True,,True,,True,,True,,True,,True,,True,,True,,True,WSD,False,01,False,,True,ISO_10918_1,False,,True,,True,,True,1.2.840.10008.1.2.4.50,False,JPEG Baseline (Process 1),unknown_processed_stored_values,False,False,"Pixel Intensity Relationship and Sign are missing. The object is workstation-converted Secondary Capture, which does not establish detector-signal proportionality."
6407809e-0a0d-489c-a2d9-1abe547bf70f.png,6407809e-0a0d-489c-a2d9-1abe547bf70f.dcm,1.2.840.10008.5.1.4.1.1.7,False,Secondary Capture Image Storage,CR,False,MONOCHROME2,False,8,False,8,False,0,False,,True,,True,,True,,True,,True,,True,,True,,True,,True,,True,,True,,True,,True,,True,,True,,True,,True,,True,WSD,False,01,False,,True,ISO_10918_1,False,,True,,True,,True,1.2.840.10008.1.2.4.50,False,JPEG Baseline (Process 1),unknown_processed_stored_values,False,False,"Pixel Intensity Relationship and Sign are missing. The object is workstation-converted Secondary Capture, which does not establish detector-signal proportionality."
64261ed9-63ec-457f-a7ae-a7ce346ed938.png,64261ed9-63ec-457f-a7ae-a7ce346ed938.dcm,1.2.840.10008.5.1.4.1.1.7,False,Secondary Capture Image Storage,CR,False,MONOCHROME2,False,8,False,8,False,0,False,,True,,True,,True,,True,,True,,True,,True,,True,,True,,True,,True,,True,,True,,True,,True,,True,,True,,True,WSD,False,01,False,,True,ISO_10918_1,False,,True,,True,,True,1.2.840.10008.1.2.4.50,False,JPEG Baseline (Process 1),unknown_processed_stored_values,False,False,"Pixel Intensity Relationship and Sign are missing. The object is workstation-converted Secondary Capture, which does not establish detector-signal proportionality."
651be07e-374b-49b9-b062-be338b0db63c.png,651be07e-374b-49b9-b062-be338b0db63c.dcm,1.2.840.10008.5.1.4.1.1.7,False,Secondary Capture Image Storage,CR,False,MONOCHROME2,False,8,False,8,False,0,False,,True,,True,,True,,True,,True,,True,,True,,True,,True,,True,,True,,True,,True,,True,,True,,True,,True,,True,WSD,False,01,False,,True,ISO_10918_1,False,,True,,True,,True,1.2.840.10008.1.2.4.50,False,JPEG Baseline (Process 1),unknown_processed_stored_values,False,False,"Pixel Intensity Relationship and Sign are missing. The object is workstation-converted Secondary Capture, which does not establish detector-signal proportionality."
655ce7e9-2b01-4e06-849a-da6eb968de08.png,655ce7e9-2b01-4e06-849a-da6eb968de08.dcm,1.2.840.10008.5.1.4.1.1.7,False,Secondary Capture Image Storage,CR,False,MONOCHROME2,False,8,False,8,False,0,False,,True,,True,,True,,True,,True,,True,,True,,True,,True,,True,,True,,True,,True,,True,,True,,True,,True,,True,WSD,False,01,False,,True,ISO_10918_1,False,,True,,True,,True,1.2.840.10008.1.2.4.50,False,JPEG Baseline (Process 1),unknown_processed_stored_values,False,False,"Pixel Intensity Relationship and Sign are missing. The object is workstation-converted Secondary Capture, which does not establish detector-signal proportionality."
660de8ab-b176-45d3-8a0b-faeab54c07f7.png,660de8ab-b176-45d3-8a0b-faeab54c07f7.dcm,1.2.840.10008.5.1.4.1.1.7,False,Secondary Capture Image Storage,CR,False,MONOCHROME2,False,8,False,8,False,0,False,,True,,True,,True,,True,,True,,True,,True,,True,,True,,True,,True,,True,,True,,True,,True,,True,,True,,True,WSD,False,01,False,,True,ISO_10918_1,False,,True,,True,,True,1.2.840.10008.1.2.4.50,False,JPEG Baseline (Process 1),unknown_processed_stored_values,False,False,"Pixel Intensity Relationship and Sign are missing. The object is workstation-converted Secondary Capture, which does not establish detector-signal proportionality."
66533917-f0fb-48a3-b772-3ecdccbe066c.png,66533917-f0fb-48a3-b772-3ecdccbe066c.dcm,1.2.840.10008.5.1.4.1.1.7,False,Secondary Capture Image Storage,CR,False,MONOCHROME2,False,8,False,8,False,0,False,,True,,True,,True,,True,,True,,True,,True,,True,,True,,True,,True,,True,,True,,True,,True,,True,,True,,True,WSD,False,01,False,,True,ISO_10918_1,False,,True,,True,,True,1.2.840.10008.1.2.4.50,False,JPEG Baseline (Process 1),unknown_processed_stored_values,False,False,"Pixel Intensity Relationship and Sign are missing. The object is workstation-converted Secondary Capture, which does not establish detector-signal proportionality."
66ea4259-45e5-4a2e-bb9c-5b649d96feb5.png,66ea4259-45e5-4a2e-bb9c-5b649d96feb5.dcm,1.2.840.10008.5.1.4.1.1.7,False,Secondary Capture Image Storage,CR,False,MONOCHROME2,False,8,False,8,False,0,False,,True,,True,,True,,True,,True,,True,,True,,True,,True,,True,,True,,True,,True,,True,,True,,True,,True,,True,WSD,False,01,False,,True,ISO_10918_1,False,,True,,True,,True,1.2.840.10008.1.2.4.50,False,JPEG Baseline (Process 1),unknown_processed_stored_values,False,False,"Pixel Intensity Relationship and Sign are missing. The object is workstation-converted Secondary Capture, which does not establish detector-signal proportionality."
68fdc6d0-bec2-4ef5-be57-21a825e1d873.png,68fdc6d0-bec2-4ef5-be57-21a825e1d873.dcm,1.2.840.10008.5.1.4.1.1.7,False,Secondary Capture Image Storage,CR,False,MONOCHROME2,False,8,False,8,False,0,False,,True,,True,,True,,True,,True,,True,,True,,True,,True,,True,,True,,True,,True,,True,,True,,True,,True,,True,WSD,False,01,False,,True,ISO_10918_1,False,,True,,True,,True,1.2.840.10008.1.2.4.50,False,JPEG Baseline (Process 1),unknown_processed_stored_values,False,False,"Pixel Intensity Relationship and Sign are missing. The object is workstation-converted Secondary Capture, which does not establish detector-signal proportionality."
6905423c-3906-4610-a4d0-29e0f3c4dfae.png,6905423c-3906-4610-a4d0-29e0f3c4dfae.dcm,1.2.840.10008.5.1.4.1.1.7,False,Secondary Capture Image Storage,CR,False,MONOCHROME2,False,8,False,8,False,0,False,,True,,True,,True,,True,,True,,True,,True,,True,,True,,True,,True,,True,,True,,True,,True,,True,,True,,True,WSD,False,01,False,,True,ISO_10918_1,False,,True,,True,,True,1.2.840.10008.1.2.4.50,False,JPEG Baseline (Process 1),unknown_processed_stored_values,False,False,"Pixel Intensity Relationship and Sign are missing. The object is workstation-converted Secondary Capture, which does not establish detector-signal proportionality."
6991be50-a92b-4737-99cc-f3d3c9b9aeb4.png,6991be50-a92b-4737-99cc-f3d3c9b9aeb4.dcm,1.2.840.10008.5.1.4.1.1.7,False,Secondary Capture Image Storage,CR,False,MONOCHROME2,False,8,False,8,False,0,False,,True,,True,,True,,True,,True,,True,,True,,True,,True,,True,,True,,True,,True,,True,,True,,True,,True,,True,WSD,False,01,False,,True,ISO_10918_1,False,,True,,True,,True,1.2.840.10008.1.2.4.50,False,JPEG Baseline (Process 1),unknown_processed_stored_values,False,False,"Pixel Intensity Relationship and Sign are missing. The object is workstation-converted Secondary Capture, which does not establish detector-signal proportionality."
69c58f80-97d2-416b-b1fd-f00887b010fb.png,69c58f80-97d2-416b-b1fd-f00887b010fb.dcm,1.2.840.10008.5.1.4.1.1.7,False,Secondary Capture Image Storage,CR,False,MONOCHROME2,False,8,False,8,False,0,False,,True,,True,,True,,True,,True,,True,,True,,True,,True,,True,,True,,True,,True,,True,,True,,True,,True,,True,WSD,False,01,False,,True,ISO_10918_1,False,,True,,True,,True,1.2.840.10008.1.2.4.50,False,JPEG Baseline (Process 1),unknown_processed_stored_values,False,False,"Pixel Intensity Relationship and Sign are missing. The object is workstation-converted Secondary Capture, which does not establish detector-signal proportionality."
69d3296d-5f6c-4c4c-8fbf-d804e2389aca.png,69d3296d-5f6c-4c4c-8fbf-d804e2389aca.dcm,1.2.840.10008.5.1.4.1.1.7,False,Secondary Capture Image Storage,CR,False,MONOCHROME2,False,8,False,8,False,0,False,,True,,True,,True,,True,,True,,True,,True,,True,,True,,True,,True,,True,,True,,True,,True,,True,,True,,True,WSD,False,01,False,,True,ISO_10918_1,False,,True,,True,,True,1.2.840.10008.1.2.4.50,False,JPEG Baseline (Process 1),unknown_processed_stored_values,False,False,"Pixel Intensity Relationship and Sign are missing. The object is workstation-converted Secondary Capture, which does not establish detector-signal proportionality."
6b1319bc-6253-47b8-9f36-c694bef288d0.png,6b1319bc-6253-47b8-9f36-c694bef288d0.dcm,1.2.840.10008.5.1.4.1.1.7,False,Secondary Capture Image Storage,CR,False,MONOCHROME2,False,8,False,8,False,0,False,,True,,True,,True,,True,,True,,True,,True,,True,,True,,True,,True,,True,,True,,True,,True,,True,,True,,True,WSD,False,01,False,,True,ISO_10918_1,False,,True,,True,,True,1.2.840.10008.1.2.4.50,False,JPEG Baseline (Process 1),unknown_processed_stored_values,False,False,"Pixel Intensity Relationship and Sign are missing. The object is workstation-converted Secondary Capture, which does not establish detector-signal proportionality."
6b58d363-12fd-4194-81e2-d1637d678793.png,6b58d363-12fd-4194-81e2-d1637d678793.dcm,1.2.840.10008.5.1.4.1.1.7,False,Secondary Capture Image Storage,CR,False,MONOCHROME2,False,8,False,8,False,0,False,,True,,True,,True,,True,,True,,True,,True,,True,,True,,True,,True,,True,,True,,True,,True,,True,,True,,True,WSD,False,01,False,,True,ISO_10918_1,False,,True,,True,,True,1.2.840.10008.1.2.4.50,False,JPEG Baseline (Process 1),unknown_processed_stored_values,False,False,"Pixel Intensity Relationship and Sign are missing. The object is workstation-converted Secondary Capture, which does not establish detector-signal proportionality."
6c72a2a3-d56b-4dfc-9968-675d72d86836.png,6c72a2a3-d56b-4dfc-9968-675d72d86836.dcm,1.2.840.10008.5.1.4.1.1.7,False,Secondary Capture Image Storage,CR,False,MONOCHROME2,False,8,False,8,False,0,False,,True,,True,,True,,True,,True,,True,,True,,True,,True,,True,,True,,True,,True,,True,,True,,True,,True,,True,WSD,False,01,False,,True,ISO_10918_1,False,,True,,True,,True,1.2.840.10008.1.2.4.50,False,JPEG Baseline (Process 1),unknown_processed_stored_values,False,False,"Pixel Intensity Relationship and Sign are missing. The object is workstation-converted Secondary Capture, which does not establish detector-signal proportionality."
6e0ac228-0e49-4dd6-b5b1-bfd376b35365.png,6e0ac228-0e49-4dd6-b5b1-bfd376b35365.dcm,1.2.840.10008.5.1.4.1.1.7,False,Secondary Capture Image Storage,CR,False,MONOCHROME2,False,8,False,8,False,0,False,,True,,True,,True,,True,,True,,True,,True,,True,,True,,True,,True,,True,,True,,True,,True,,True,,True,,True,WSD,False,01,False,,True,ISO_10918_1,False,,True,,True,,True,1.2.840.10008.1.2.4.50,False,JPEG Baseline (Process 1),unknown_processed_stored_values,False,False,"Pixel Intensity Relationship and Sign are missing. The object is workstation-converted Secondary Capture, which does not establish detector-signal proportionality."
6e6ab7f9-23c5-4abd-b111-c73da5c4a357.png,6e6ab7f9-23c5-4abd-b111-c73da5c4a357.dcm,1.2.840.10008.5.1.4.1.1.7,False,Secondary Capture Image Storage,CR,False,MONOCHROME2,False,8,False,8,False,0,False,,True,,True,,True,,True,,True,,True,,True,,True,,True,,True,,True,,True,,True,,True,,True,,True,,True,,True,WSD,False,01,False,,True,ISO_10918_1,False,,True,,True,,True,1.2.840.10008.1.2.4.50,False,JPEG Baseline (Process 1),unknown_processed_stored_values,False,False,"Pixel Intensity Relationship and Sign are missing. The object is workstation-converted Secondary Capture, which does not establish detector-signal proportionality."
6ed32587-0518-4b4b-95e6-a4b0651b1a6d.png,6ed32587-0518-4b4b-95e6-a4b0651b1a6d.dcm,1.2.840.10008.5.1.4.1.1.7,False,Secondary Capture Image Storage,CR,False,MONOCHROME2,False,8,False,8,False,0,False,,True,,True,,True,,True,,True,,True,,True,,True,,True,,True,,True,,True,,True,,True,,True,,True,,True,,True,WSD,False,01,False,,True,ISO_10918_1,False,,True,,True,,True,1.2.840.10008.1.2.4.50,False,JPEG Baseline (Process 1),unknown_processed_stored_values,False,False,"Pixel Intensity Relationship and Sign are missing. The object is workstation-converted Secondary Capture, which does not establish detector-signal proportionality."
6f47bae9-705f-41c8-8a28-d5cf88927b0e.png,6f47bae9-705f-41c8-8a28-d5cf88927b0e.dcm,1.2.840.10008.5.1.4.1.1.7,False,Secondary Capture Image Storage,CR,False,MONOCHROME2,False,8,False,8,False,0,False,,True,,True,,True,,True,,True,,True,,True,,True,,True,,True,,True,,True,,True,,True,,True,,True,,True,,True,WSD,False,01,False,,True,ISO_10918_1,False,,True,,True,,True,1.2.840.10008.1.2.4.50,False,JPEG Baseline (Process 1),unknown_processed_stored_values,False,False,"Pixel Intensity Relationship and Sign are missing. The object is workstation-converted Secondary Capture, which does not establish detector-signal proportionality."
6fe73af9-299c-4fa8-bb73-11e4fd4398d9.png,6fe73af9-299c-4fa8-bb73-11e4fd4398d9.dcm,1.2.840.10008.5.1.4.1.1.7,False,Secondary Capture Image Storage,CR,False,MONOCHROME2,False,8,False,8,False,0,False,,True,,True,,True,,True,,True,,True,,True,,True,,True,,True,,True,,True,,True,,True,,True,,True,,True,,True,WSD,False,01,False,,True,ISO_10918_1,False,,True,,True,,True,1.2.840.10008.1.2.4.50,False,JPEG Baseline (Process 1),unknown_processed_stored_values,False,False,"Pixel Intensity Relationship and Sign are missing. The object is workstation-converted Secondary Capture, which does not establish detector-signal proportionality."
711b8e6a-0406-4c61-8c13-3e90fd7ecba1.png,711b8e6a-0406-4c61-8c13-3e90fd7ecba1.dcm,1.2.840.10008.5.1.4.1.1.7,False,Secondary Capture Image Storage,CR,False,MONOCHROME2,False,8,False,8,False,0,False,,True,,True,,True,,True,,True,,True,,True,,True,,True,,True,,True,,True,,True,,True,,True,,True,,True,,True,WSD,False,01,False,,True,ISO_10918_1,False,,True,,True,,True,1.2.840.10008.1.2.4.50,False,JPEG Baseline (Process 1),unknown_processed_stored_values,False,False,"Pixel Intensity Relationship and Sign are missing. The object is workstation-converted Secondary Capture, which does not establish detector-signal proportionality."
72d28c44-44e7-434b-9ad2-ecf45a3441d6.png,72d28c44-44e7-434b-9ad2-ecf45a3441d6.dcm,1.2.840.10008.5.1.4.1.1.7,False,Secondary Capture Image Storage,CR,False,MONOCHROME2,False,8,False,8,False,0,False,,True,,True,,True,,True,,True,,True,,True,,True,,True,,True,,True,,True,,True,,True,,True,,True,,True,,True,WSD,False,01,False,,True,ISO_10918_1,False,,True,,True,,True,1.2.840.10008.1.2.4.50,False,JPEG Baseline (Process 1),unknown_processed_stored_values,False,False,"Pixel Intensity Relationship and Sign are missing. The object is workstation-converted Secondary Capture, which does not establish detector-signal proportionality."
72de14b5-3dd0-4971-8fa2-137e4f91bb90.png,72de14b5-3dd0-4971-8fa2-137e4f91bb90.dcm,1.2.840.10008.5.1.4.1.1.7,False,Secondary Capture Image Storage,CR,False,MONOCHROME2,False,8,False,8,False,0,False,,True,,True,,True,,True,,True,,True,,True,,True,,True,,True,,True,,True,,True,,True,,True,,True,,True,,True,WSD,False,01,False,,True,ISO_10918_1,False,,True,,True,,True,1.2.840.10008.1.2.4.50,False,JPEG Baseline (Process 1),unknown_processed_stored_values,False,False,"Pixel Intensity Relationship and Sign are missing. The object is workstation-converted Secondary Capture, which does not establish detector-signal proportionality."
73cb75e6-0cef-4f7a-9c8d-cc9cc4eb0fd7.png,73cb75e6-0cef-4f7a-9c8d-cc9cc4eb0fd7.dcm,1.2.840.10008.5.1.4.1.1.7,False,Secondary Capture Image Storage,CR,False,MONOCHROME2,False,8,False,8,False,0,False,,True,,True,,True,,True,,True,,True,,True,,True,,True,,True,,True,,True,,True,,True,,True,,True,,True,,True,WSD,False,01,False,,True,ISO_10918_1,False,,True,,True,,True,1.2.840.10008.1.2.4.50,False,JPEG Baseline (Process 1),unknown_processed_stored_values,False,False,"Pixel Intensity Relationship and Sign are missing. The object is workstation-converted Secondary Capture, which does not establish detector-signal proportionality."
747b1c03-c554-41ea-9d57-7b54894985f3.png,747b1c03-c554-41ea-9d57-7b54894985f3.dcm,1.2.840.10008.5.1.4.1.1.7,False,Secondary Capture Image Storage,CR,False,MONOCHROME2,False,8,False,8,False,0,False,,True,,True,,True,,True,,True,,True,,True,,True,,True,,True,,True,,True,,True,,True,,True,,True,,True,,True,WSD,False,01,False,,True,ISO_10918_1,False,,True,,True,,True,1.2.840.10008.1.2.4.50,False,JPEG Baseline (Process 1),unknown_processed_stored_values,False,False,"Pixel Intensity Relationship and Sign are missing. The object is workstation-converted Secondary Capture, which does not establish detector-signal proportionality."
74b0e0b5-eaa2-4112-a15a-e3b883907053.png,74b0e0b5-eaa2-4112-a15a-e3b883907053.dcm,1.2.840.10008.5.1.4.1.1.7,False,Secondary Capture Image Storage,CR,False,MONOCHROME2,False,8,False,8,False,0,False,,True,,True,,True,,True,,True,,True,,True,,True,,True,,True,,True,,True,,True,,True,,True,,True,,True,,True,WSD,False,01,False,,True,ISO_10918_1,False,,True,,True,,True,1.2.840.10008.1.2.4.50,False,JPEG Baseline (Process 1),unknown_processed_stored_values,False,False,"Pixel Intensity Relationship and Sign are missing. The object is workstation-converted Secondary Capture, which does not establish detector-signal proportionality."
74ef566d-21ce-4b66-b134-a713ca915762.png,74ef566d-21ce-4b66-b134-a713ca915762.dcm,1.2.840.10008.5.1.4.1.1.7,False,Secondary Capture Image Storage,CR,False,MONOCHROME2,False,8,False,8,False,0,False,,True,,True,,True,,True,,True,,True,,True,,True,,True,,True,,True,,True,,True,,True,,True,,True,,True,,True,WSD,False,01,False,,True,ISO_10918_1,False,,True,,True,,True,1.2.840.10008.1.2.4.50,False,JPEG Baseline (Process 1),unknown_processed_stored_values,False,False,"Pixel Intensity Relationship and Sign are missing. The object is workstation-converted Secondary Capture, which does not establish detector-signal proportionality."
76f72f12-1e25-40be-98a8-dfad60fb4ebc.png,76f72f12-1e25-40be-98a8-dfad60fb4ebc.dcm,1.2.840.10008.5.1.4.1.1.7,False,Secondary Capture Image Storage,CR,False,MONOCHROME2,False,8,False,8,False,0,False,,True,,True,,True,,True,,True,,True,,True,,True,,True,,True,,True,,True,,True,,True,,True,,True,,True,,True,WSD,False,01,False,,True,ISO_10918_1,False,,True,,True,,True,1.2.840.10008.1.2.4.50,False,JPEG Baseline (Process 1),unknown_processed_stored_values,False,False,"Pixel Intensity Relationship and Sign are missing. The object is workstation-converted Secondary Capture, which does not establish detector-signal proportionality."
776b44fa-43e6-4f7b-87fb-7ae97763085f.png,776b44fa-43e6-4f7b-87fb-7ae97763085f.dcm,1.2.840.10008.5.1.4.1.1.7,False,Secondary Capture Image Storage,CR,False,MONOCHROME2,False,8,False,8,False,0,False,,True,,True,,True,,True,,True,,True,,True,,True,,True,,True,,True,,True,,True,,True,,True,,True,,True,,True,WSD,False,01,False,,True,ISO_10918_1,False,,True,,True,,True,1.2.840.10008.1.2.4.50,False,JPEG Baseline (Process 1),unknown_processed_stored_values,False,False,"Pixel Intensity Relationship and Sign are missing. The object is workstation-converted Secondary Capture, which does not establish detector-signal proportionality."
79ae041d-6f41-47b0-b82e-02e78f7896c0.png,79ae041d-6f41-47b0-b82e-02e78f7896c0.dcm,1.2.840.10008.5.1.4.1.1.7,False,Secondary Capture Image Storage,CR,False,MONOCHROME2,False,8,False,8,False,0,False,,True,,True,,True,,True,,True,,True,,True,,True,,True,,True,,True,,True,,True,,True,,True,,True,,True,,True,WSD,False,01,False,,True,ISO_10918_1,False,,True,,True,,True,1.2.840.10008.1.2.4.50,False,JPEG Baseline (Process 1),unknown_processed_stored_values,False,False,"Pixel Intensity Relationship and Sign are missing. The object is workstation-converted Secondary Capture, which does not establish detector-signal proportionality."
7cbb6939-4333-4f08-ae0f-b7631307775d.png,7cbb6939-4333-4f08-ae0f-b7631307775d.dcm,1.2.840.10008.5.1.4.1.1.7,False,Secondary Capture Image Storage,CR,False,MONOCHROME2,False,8,False,8,False,0,False,,True,,True,,True,,True,,True,,True,,True,,True,,True,,True,,True,,True,,True,,True,,True,,True,,True,,True,WSD,False,01,False,,True,ISO_10918_1,False,,True,,True,,True,1.2.840.10008.1.2.4.50,False,JPEG Baseline (Process 1),unknown_processed_stored_values,False,False,"Pixel Intensity Relationship and Sign are missing. The object is workstation-converted Secondary Capture, which does not establish detector-signal proportionality."
7d1c51a5-6364-43e2-8868-513617376dd3.png,7d1c51a5-6364-43e2-8868-513617376dd3.dcm,1.2.840.10008.5.1.4.1.1.7,False,Secondary Capture Image Storage,CR,False,MONOCHROME2,False,8,False,8,False,0,False,,True,,True,,True,,True,,True,,True,,True,,True,,True,,True,,True,,True,,True,,True,,True,,True,,True,,True,WSD,False,01,False,,True,ISO_10918_1,False,,True,,True,,True,1.2.840.10008.1.2.4.50,False,JPEG Baseline (Process 1),unknown_processed_stored_values,False,False,"Pixel Intensity Relationship and Sign are missing. The object is workstation-converted Secondary Capture, which does not establish detector-signal proportionality."
7d9e027d-8e9b-47b9-9771-1f75e0410c74.png,7d9e027d-8e9b-47b9-9771-1f75e0410c74.dcm,1.2.840.10008.5.1.4.1.1.7,False,Secondary Capture Image Storage,CR,False,MONOCHROME2,False,8,False,8,False,0,False,,True,,True,,True,,True,,True,,True,,True,,True,,True,,True,,True,,True,,True,,True,,True,,True,,True,,True,WSD,False,01,False,,True,ISO_10918_1,False,,True,,True,,True,1.2.840.10008.1.2.4.50,False,JPEG Baseline (Process 1),unknown_processed_stored_values,False,False,"Pixel Intensity Relationship and Sign are missing. The object is workstation-converted Secondary Capture, which does not establish detector-signal proportionality."
7e39e357-39bb-4033-8059-107dd75ca783.png,7e39e357-39bb-4033-8059-107dd75ca783.dcm,1.2.840.10008.5.1.4.1.1.7,False,Secondary Capture Image Storage,CR,False,MONOCHROME2,False,8,False,8,False,0,False,,True,,True,,True,,True,,True,,True,,True,,True,,True,,True,,True,,True,,True,,True,,True,,True,,True,,True,WSD,False,01,False,,True,ISO_10918_1,False,,True,,True,,True,1.2.840.10008.1.2.4.50,False,JPEG Baseline (Process 1),unknown_processed_stored_values,False,False,"Pixel Intensity Relationship and Sign are missing. The object is workstation-converted Secondary Capture, which does not establish detector-signal proportionality."
7e5312fe-3474-442c-a026-91a811f8ea9b.png,7e5312fe-3474-442c-a026-91a811f8ea9b.dcm,1.2.840.10008.5.1.4.1.1.7,False,Secondary Capture Image Storage,CR,False,MONOCHROME2,False,8,False,8,False,0,False,,True,,True,,True,,True,,True,,True,,True,,True,,True,,True,,True,,True,,True,,True,,True,,True,,True,,True,WSD,False,01,False,,True,ISO_10918_1,False,,True,,True,,True,1.2.840.10008.1.2.4.50,False,JPEG Baseline (Process 1),unknown_processed_stored_values,False,False,"Pixel Intensity Relationship and Sign are missing. The object is workstation-converted Secondary Capture, which does not establish detector-signal proportionality."
7ebe672d-e563-434d-b3b4-45046501a4c6.png,7ebe672d-e563-434d-b3b4-45046501a4c6.dcm,1.2.840.10008.5.1.4.1.1.7,False,Secondary Capture Image Storage,CR,False,MONOCHROME2,False,8,False,8,False,0,False,,True,,True,,True,,True,,True,,True,,True,,True,,True,,True,,True,,True,,True,,True,,True,,True,,True,,True,WSD,False,01,False,,True,ISO_10918_1,False,,True,,True,,True,1.2.840.10008.1.2.4.50,False,JPEG Baseline (Process 1),unknown_processed_stored_values,False,False,"Pixel Intensity Relationship and Sign are missing. The object is workstation-converted Secondary Capture, which does not establish detector-signal proportionality."
7f9c0ab7-106e-424f-9acf-c2f9e772b146.png,7f9c0ab7-106e-424f-9acf-c2f9e772b146.dcm,1.2.840.10008.5.1.4.1.1.7,False,Secondary Capture Image Storage,CR,False,MONOCHROME2,False,8,False,8,False,0,False,,True,,True,,True,,True,,True,,True,,True,,True,,True,,True,,True,,True,,True,,True,,True,,True,,True,,True,WSD,False,01,False,,True,ISO_10918_1,False,,True,,True,,True,1.2.840.10008.1.2.4.50,False,JPEG Baseline (Process 1),unknown_processed_stored_values,False,False,"Pixel Intensity Relationship and Sign are missing. The object is workstation-converted Secondary Capture, which does not establish detector-signal proportionality."
7ff0c9a1-b2c3-4975-a300-1250bf73305a.png,7ff0c9a1-b2c3-4975-a300-1250bf73305a.dcm,1.2.840.10008.5.1.4.1.1.7,False,Secondary Capture Image Storage,CR,False,MONOCHROME2,False,8,False,8,False,0,False,,True,,True,,True,,True,,True,,True,,True,,True,,True,,True,,True,,True,,True,,True,,True,,True,,True,,True,WSD,False,01,False,,True,ISO_10918_1,False,,True,,True,,True,1.2.840.10008.1.2.4.50,False,JPEG Baseline (Process 1),unknown_processed_stored_values,False,False,"Pixel Intensity Relationship and Sign are missing. The object is workstation-converted Secondary Capture, which does not establish detector-signal proportionality."
7ff31258-d2f3-4945-b6ff-a6c4e4081276.png,7ff31258-d2f3-4945-b6ff-a6c4e4081276.dcm,1.2.840.10008.5.1.4.1.1.7,False,Secondary Capture Image Storage,CR,False,MONOCHROME2,False,8,False,8,False,0,False,,True,,True,,True,,True,,True,,True,,True,,True,,True,,True,,True,,True,,True,,True,,True,,True,,True,,True,WSD,False,01,False,,True,ISO_10918_1,False,,True,,True,,True,1.2.840.10008.1.2.4.50,False,JPEG Baseline (Process 1),unknown_processed_stored_values,False,False,"Pixel Intensity Relationship and Sign are missing. The object is workstation-converted Secondary Capture, which does not establish detector-signal proportionality."
801f0aee-5575-45d1-a610-839008d14bd4.png,801f0aee-5575-45d1-a610-839008d14bd4.dcm,1.2.840.10008.5.1.4.1.1.7,False,Secondary Capture Image Storage,CR,False,MONOCHROME2,False,8,False,8,False,0,False,,True,,True,,True,,True,,True,,True,,True,,True,,True,,True,,True,,True,,True,,True,,True,,True,,True,,True,WSD,False,01,False,,True,ISO_10918_1,False,,True,,True,,True,1.2.840.10008.1.2.4.50,False,JPEG Baseline (Process 1),unknown_processed_stored_values,False,False,"Pixel Intensity Relationship and Sign are missing. The object is workstation-converted Secondary Capture, which does not establish detector-signal proportionality."
8040fc72-5691-4e60-b7dd-743953b31266.png,8040fc72-5691-4e60-b7dd-743953b31266.dcm,1.2.840.10008.5.1.4.1.1.7,False,Secondary Capture Image Storage,CR,False,MONOCHROME2,False,8,False,8,False,0,False,,True,,True,,True,,True,,True,,True,,True,,True,,True,,True,,True,,True,,True,,True,,True,,True,,True,,True,WSD,False,01,False,,True,ISO_10918_1,False,,True,,True,,True,1.2.840.10008.1.2.4.50,False,JPEG Baseline (Process 1),unknown_processed_stored_values,False,False,"Pixel Intensity Relationship and Sign are missing. The object is workstation-converted Secondary Capture, which does not establish detector-signal proportionality."
8077e4fa-9313-4341-bf31-95e26b0065ea.png,8077e4fa-9313-4341-bf31-95e26b0065ea.dcm,1.2.840.10008.5.1.4.1.1.7,False,Secondary Capture Image Storage,CR,False,MONOCHROME2,False,8,False,8,False,0,False,,True,,True,,True,,True,,True,,True,,True,,True,,True,,True,,True,,True,,True,,True,,True,,True,,True,,True,WSD,False,01,False,,True,ISO_10918_1,False,,True,,True,,True,1.2.840.10008.1.2.4.50,False,JPEG Baseline (Process 1),unknown_processed_stored_values,False,False,"Pixel Intensity Relationship and Sign are missing. The object is workstation-converted Secondary Capture, which does not establish detector-signal proportionality."
8106aa66-2f98-499c-bc70-07a0be06e0b5.png,8106aa66-2f98-499c-bc70-07a0be06e0b5.dcm,1.2.840.10008.5.1.4.1.1.7,False,Secondary Capture Image Storage,CR,False,MONOCHROME2,False,8,False,8,False,0,False,,True,,True,,True,,True,,True,,True,,True,,True,,True,,True,,True,,True,,True,,True,,True,,True,,True,,True,WSD,False,01,False,,True,ISO_10918_1,False,,True,,True,,True,1.2.840.10008.1.2.4.50,False,JPEG Baseline (Process 1),unknown_processed_stored_values,False,False,"Pixel Intensity Relationship and Sign are missing. The object is workstation-converted Secondary Capture, which does not establish detector-signal proportionality."
81a208fa-0cf3-4450-b19d-06c07fcbaa3f.png,81a208fa-0cf3-4450-b19d-06c07fcbaa3f.dcm,1.2.840.10008.5.1.4.1.1.7,False,Secondary Capture Image Storage,CR,False,MONOCHROME2,False,8,False,8,False,0,False,,True,,True,,True,,True,,True,,True,,True,,True,,True,,True,,True,,True,,True,,True,,True,,True,,True,,True,WSD,False,01,False,,True,ISO_10918_1,False,,True,,True,,True,1.2.840.10008.1.2.4.50,False,JPEG Baseline (Process 1),unknown_processed_stored_values,False,False,"Pixel Intensity Relationship and Sign are missing. The object is workstation-converted Secondary Capture, which does not establish detector-signal proportionality."
81d9d146-e9bb-478b-aeed-c2431780030e.png,81d9d146-e9bb-478b-aeed-c2431780030e.dcm,1.2.840.10008.5.1.4.1.1.7,False,Secondary Capture Image Storage,CR,False,MONOCHROME2,False,8,False,8,False,0,False,,True,,True,,True,,True,,True,,True,,True,,True,,True,,True,,True,,True,,True,,True,,True,,True,,True,,True,WSD,False,01,False,,True,ISO_10918_1,False,,True,,True,,True,1.2.840.10008.1.2.4.50,False,JPEG Baseline (Process 1),unknown_processed_stored_values,False,False,"Pixel Intensity Relationship and Sign are missing. The object is workstation-converted Secondary Capture, which does not establish detector-signal proportionality."
82475321-76c4-44da-8799-38399abe8037.png,82475321-76c4-44da-8799-38399abe8037.dcm,1.2.840.10008.5.1.4.1.1.7,False,Secondary Capture Image Storage,CR,False,MONOCHROME2,False,8,False,8,False,0,False,,True,,True,,True,,True,,True,,True,,True,,True,,True,,True,,True,,True,,True,,True,,True,,True,,True,,True,WSD,False,01,False,,True,ISO_10918_1,False,,True,,True,,True,1.2.840.10008.1.2.4.50,False,JPEG Baseline (Process 1),unknown_processed_stored_values,False,False,"Pixel Intensity Relationship and Sign are missing. The object is workstation-converted Secondary Capture, which does not establish detector-signal proportionality."
82d1c9a4-49f0-4e33-b359-06e9b4a38e11.png,82d1c9a4-49f0-4e33-b359-06e9b4a38e11.dcm,1.2.840.10008.5.1.4.1.1.7,False,Secondary Capture Image Storage,CR,False,MONOCHROME2,False,8,False,8,False,0,False,,True,,True,,True,,True,,True,,True,,True,,True,,True,,True,,True,,True,,True,,True,,True,,True,,True,,True,WSD,False,01,False,,True,ISO_10918_1,False,,True,,True,,True,1.2.840.10008.1.2.4.50,False,JPEG Baseline (Process 1),unknown_processed_stored_values,False,False,"Pixel Intensity Relationship and Sign are missing. The object is workstation-converted Secondary Capture, which does not establish detector-signal proportionality."
82d4330a-d429-4adc-b0f5-0b2afba4fd2d.png,82d4330a-d429-4adc-b0f5-0b2afba4fd2d.dcm,1.2.840.10008.5.1.4.1.1.7,False,Secondary Capture Image Storage,CR,False,MONOCHROME2,False,8,False,8,False,0,False,,True,,True,,True,,True,,True,,True,,True,,True,,True,,True,,True,,True,,True,,True,,True,,True,,True,,True,WSD,False,01,False,,True,ISO_10918_1,False,,True,,True,,True,1.2.840.10008.1.2.4.50,False,JPEG Baseline (Process 1),unknown_processed_stored_values,False,False,"Pixel Intensity Relationship and Sign are missing. The object is workstation-converted Secondary Capture, which does not establish detector-signal proportionality."
83f0d9e7-520b-41ee-a7c0-f93713784281.png,83f0d9e7-520b-41ee-a7c0-f93713784281.dcm,1.2.840.10008.5.1.4.1.1.7,False,Secondary Capture Image Storage,CR,False,MONOCHROME2,False,8,False,8,False,0,False,,True,,True,,True,,True,,True,,True,,True,,True,,True,,True,,True,,True,,True,,True,,True,,True,,True,,True,WSD,False,01,False,,True,ISO_10918_1,False,,True,,True,,True,1.2.840.10008.1.2.4.50,False,JPEG Baseline (Process 1),unknown_processed_stored_values,False,False,"Pixel Intensity Relationship and Sign are missing. The object is workstation-converted Secondary Capture, which does not establish detector-signal proportionality."
83fa7e9b-cdfa-499d-88cc-278de00fbbbf.png,83fa7e9b-cdfa-499d-88cc-278de00fbbbf.dcm,1.2.840.10008.5.1.4.1.1.7,False,Secondary Capture Image Storage,CR,False,MONOCHROME2,False,8,False,8,False,0,False,,True,,True,,True,,True,,True,,True,,True,,True,,True,,True,,True,,True,,True,,True,,True,,True,,True,,True,WSD,False,01,False,,True,ISO_10918_1,False,,True,,True,,True,1.2.840.10008.1.2.4.50,False,JPEG Baseline (Process 1),unknown_processed_stored_values,False,False,"Pixel Intensity Relationship and Sign are missing. The object is workstation-converted Secondary Capture, which does not establish detector-signal proportionality."
85f6d0dd-980c-45df-a971-b3a8ac3213bd.png,85f6d0dd-980c-45df-a971-b3a8ac3213bd.dcm,1.2.840.10008.5.1.4.1.1.7,False,Secondary Capture Image Storage,CR,False,MONOCHROME2,False,8,False,8,False,0,False,,True,,True,,True,,True,,True,,True,,True,,True,,True,,True,,True,,True,,True,,True,,True,,True,,True,,True,WSD,False,01,False,,True,ISO_10918_1,False,,True,,True,,True,1.2.840.10008.1.2.4.50,False,JPEG Baseline (Process 1),unknown_processed_stored_values,False,False,"Pixel Intensity Relationship and Sign are missing. The object is workstation-converted Secondary Capture, which does not establish detector-signal proportionality."
86936d5f-73fb-462e-bcbc-5815879cb3d6.png,86936d5f-73fb-462e-bcbc-5815879cb3d6.dcm,1.2.840.10008.5.1.4.1.1.7,False,Secondary Capture Image Storage,CR,False,MONOCHROME2,False,8,False,8,False,0,False,,True,,True,,True,,True,,True,,True,,True,,True,,True,,True,,True,,True,,True,,True,,True,,True,,True,,True,WSD,False,01,False,,True,ISO_10918_1,False,,True,,True,,True,1.2.840.10008.1.2.4.50,False,JPEG Baseline (Process 1),unknown_processed_stored_values,False,False,"Pixel Intensity Relationship and Sign are missing. The object is workstation-converted Secondary Capture, which does not establish detector-signal proportionality."
87097fe7-d9e5-4679-963f-602aca1aa6da.png,87097fe7-d9e5-4679-963f-602aca1aa6da.dcm,1.2.840.10008.5.1.4.1.1.7,False,Secondary Capture Image Storage,CR,False,MONOCHROME2,False,8,False,8,False,0,False,,True,,True,,True,,True,,True,,True,,True,,True,,True,,True,,True,,True,,True,,True,,True,,True,,True,,True,WSD,False,01,False,,True,ISO_10918_1,False,,True,,True,,True,1.2.840.10008.1.2.4.50,False,JPEG Baseline (Process 1),unknown_processed_stored_values,False,False,"Pixel Intensity Relationship and Sign are missing. The object is workstation-converted Secondary Capture, which does not establish detector-signal proportionality."
876785b8-4691-4231-b8c4-6e92527dfb08.png,876785b8-4691-4231-b8c4-6e92527dfb08.dcm,1.2.840.10008.5.1.4.1.1.7,False,Secondary Capture Image Storage,CR,False,MONOCHROME2,False,8,False,8,False,0,False,,True,,True,,True,,True,,True,,True,,True,,True,,True,,True,,True,,True,,True,,True,,True,,True,,True,,True,WSD,False,01,False,,True,ISO_10918_1,False,,True,,True,,True,1.2.840.10008.1.2.4.50,False,JPEG Baseline (Process 1),unknown_processed_stored_values,False,False,"Pixel Intensity Relationship and Sign are missing. The object is workstation-converted Secondary Capture, which does not establish detector-signal proportionality."
8768a800-28e8-4ae4-83ba-2f4326b2d3ac.png,8768a800-28e8-4ae4-83ba-2f4326b2d3ac.dcm,1.2.840.10008.5.1.4.1.1.7,False,Secondary Capture Image Storage,CR,False,MONOCHROME2,False,8,False,8,False,0,False,,True,,True,,True,,True,,True,,True,,True,,True,,True,,True,,True,,True,,True,,True,,True,,True,,True,,True,WSD,False,01,False,,True,ISO_10918_1,False,,True,,True,,True,1.2.840.10008.1.2.4.50,False,JPEG Baseline (Process 1),unknown_processed_stored_values,False,False,"Pixel Intensity Relationship and Sign are missing. The object is workstation-converted Secondary Capture, which does not establish detector-signal proportionality."
87ddbd40-b218-4bfd-9a82-2ea252e08c1e.png,87ddbd40-b218-4bfd-9a82-2ea252e08c1e.dcm,1.2.840.10008.5.1.4.1.1.7,False,Secondary Capture Image Storage,CR,False,MONOCHROME2,False,8,False,8,False,0,False,,True,,True,,True,,True,,True,,True,,True,,True,,True,,True,,True,,True,,True,,True,,True,,True,,True,,True,WSD,False,01,False,,True,ISO_10918_1,False,,True,,True,,True,1.2.840.10008.1.2.4.50,False,JPEG Baseline (Process 1),unknown_processed_stored_values,False,False,"Pixel Intensity Relationship and Sign are missing. The object is workstation-converted Secondary Capture, which does not establish detector-signal proportionality."
88e86151-373f-41f8-944f-41386222b82a.png,88e86151-373f-41f8-944f-41386222b82a.dcm,1.2.840.10008.5.1.4.1.1.7,False,Secondary Capture Image Storage,CR,False,MONOCHROME2,False,8,False,8,False,0,False,,True,,True,,True,,True,,True,,True,,True,,True,,True,,True,,True,,True,,True,,True,,True,,True,,True,,True,WSD,False,01,False,,True,ISO_10918_1,False,,True,,True,,True,1.2.840.10008.1.2.4.50,False,JPEG Baseline (Process 1),unknown_processed_stored_values,False,False,"Pixel Intensity Relationship and Sign are missing. The object is workstation-converted Secondary Capture, which does not establish detector-signal proportionality."
89218251-8007-42b6-8099-324efa7c75f6.png,89218251-8007-42b6-8099-324efa7c75f6.dcm,1.2.840.10008.5.1.4.1.1.7,False,Secondary Capture Image Storage,CR,False,MONOCHROME2,False,8,False,8,False,0,False,,True,,True,,True,,True,,True,,True,,True,,True,,True,,True,,True,,True,,True,,True,,True,,True,,True,,True,WSD,False,01,False,,True,ISO_10918_1,False,,True,,True,,True,1.2.840.10008.1.2.4.50,False,JPEG Baseline (Process 1),unknown_processed_stored_values,False,False,"Pixel Intensity Relationship and Sign are missing. The object is workstation-converted Secondary Capture, which does not establish detector-signal proportionality."
89e23e03-487d-49dd-ae1e-b42efe3ae119.png,89e23e03-487d-49dd-ae1e-b42efe3ae119.dcm,1.2.840.10008.5.1.4.1.1.7,False,Secondary Capture Image Storage,CR,False,MONOCHROME2,False,8,False,8,False,0,False,,True,,True,,True,,True,,True,,True,,True,,True,,True,,True,,True,,True,,True,,True,,True,,True,,True,,True,WSD,False,01,False,,True,ISO_10918_1,False,,True,,True,,True,1.2.840.10008.1.2.4.50,False,JPEG Baseline (Process 1),unknown_processed_stored_values,False,False,"Pixel Intensity Relationship and Sign are missing. The object is workstation-converted Secondary Capture, which does not establish detector-signal proportionality."
8b521f75-17c4-4a96-a8b5-929c87e10561.png,8b521f75-17c4-4a96-a8b5-929c87e10561.dcm,1.2.840.10008.5.1.4.1.1.7,False,Secondary Capture Image Storage,CR,False,MONOCHROME2,False,8,False,8,False,0,False,,True,,True,,True,,True,,True,,True,,True,,True,,True,,True,,True,,True,,True,,True,,True,,True,,True,,True,WSD,False,01,False,,True,ISO_10918_1,False,,True,,True,,True,1.2.840.10008.1.2.4.50,False,JPEG Baseline (Process 1),unknown_processed_stored_values,False,False,"Pixel Intensity Relationship and Sign are missing. The object is workstation-converted Secondary Capture, which does not establish detector-signal proportionality."
8b7e354c-b6b4-4abd-be33-d09ee32e1458.png,8b7e354c-b6b4-4abd-be33-d09ee32e1458.dcm,1.2.840.10008.5.1.4.1.1.7,False,Secondary Capture Image Storage,CR,False,MONOCHROME2,False,8,False,8,False,0,False,,True,,True,,True,,True,,True,,True,,True,,True,,True,,True,,True,,True,,True,,True,,True,,True,,True,,True,WSD,False,01,False,,True,ISO_10918_1,False,,True,,True,,True,1.2.840.10008.1.2.4.50,False,JPEG Baseline (Process 1),unknown_processed_stored_values,False,False,"Pixel Intensity Relationship and Sign are missing. The object is workstation-converted Secondary Capture, which does not establish detector-signal proportionality."
8bc44e5c-abf9-46be-8bb3-2e0f9bce636c.png,8bc44e5c-abf9-46be-8bb3-2e0f9bce636c.dcm,1.2.840.10008.5.1.4.1.1.7,False,Secondary Capture Image Storage,CR,False,MONOCHROME2,False,8,False,8,False,0,False,,True,,True,,True,,True,,True,,True,,True,,True,,True,,True,,True,,True,,True,,True,,True,,True,,True,,True,WSD,False,01,False,,True,ISO_10918_1,False,,True,,True,,True,1.2.840.10008.1.2.4.50,False,JPEG Baseline (Process 1),unknown_processed_stored_values,False,False,"Pixel Intensity Relationship and Sign are missing. The object is workstation-converted Secondary Capture, which does not establish detector-signal proportionality."
8c9f3f8a-e276-4afc-8005-e770a332c3e7.png,8c9f3f8a-e276-4afc-8005-e770a332c3e7.dcm,1.2.840.10008.5.1.4.1.1.7,False,Secondary Capture Image Storage,CR,False,MONOCHROME2,False,8,False,8,False,0,False,,True,,True,,True,,True,,True,,True,,True,,True,,True,,True,,True,,True,,True,,True,,True,,True,,True,,True,WSD,False,01,False,,True,ISO_10918_1,False,,True,,True,,True,1.2.840.10008.1.2.4.50,False,JPEG Baseline (Process 1),unknown_processed_stored_values,False,False,"Pixel Intensity Relationship and Sign are missing. The object is workstation-converted Secondary Capture, which does not establish detector-signal proportionality."
8cc94bca-226f-43a6-83a6-650442c0a8fd.png,8cc94bca-226f-43a6-83a6-650442c0a8fd.dcm,1.2.840.10008.5.1.4.1.1.7,False,Secondary Capture Image Storage,CR,False,MONOCHROME2,False,8,False,8,False,0,False,,True,,True,,True,,True,,True,,True,,True,,True,,True,,True,,True,,True,,True,,True,,True,,True,,True,,True,WSD,False,01,False,,True,ISO_10918_1,False,,True,,True,,True,1.2.840.10008.1.2.4.50,False,JPEG Baseline (Process 1),unknown_processed_stored_values,False,False,"Pixel Intensity Relationship and Sign are missing. The object is workstation-converted Secondary Capture, which does not establish detector-signal proportionality."
8ce38d07-8569-41dd-beb9-40d9afc3f2cc.png,8ce38d07-8569-41dd-beb9-40d9afc3f2cc.dcm,1.2.840.10008.5.1.4.1.1.7,False,Secondary Capture Image Storage,CR,False,MONOCHROME2,False,8,False,8,False,0,False,,True,,True,,True,,True,,True,,True,,True,,True,,True,,True,,True,,True,,True,,True,,True,,True,,True,,True,WSD,False,01,False,,True,ISO_10918_1,False,,True,,True,,True,1.2.840.10008.1.2.4.50,False,JPEG Baseline (Process 1),unknown_processed_stored_values,False,False,"Pixel Intensity Relationship and Sign are missing. The object is workstation-converted Secondary Capture, which does not establish detector-signal proportionality."
8d1c4dcf-6e41-41d7-a490-006f5eb5b764.png,8d1c4dcf-6e41-41d7-a490-006f5eb5b764.dcm,1.2.840.10008.5.1.4.1.1.7,False,Secondary Capture Image Storage,CR,False,MONOCHROME2,False,8,False,8,False,0,False,,True,,True,,True,,True,,True,,True,,True,,True,,True,,True,,True,,True,,True,,True,,True,,True,,True,,True,WSD,False,01,False,,True,ISO_10918_1,False,,True,,True,,True,1.2.840.10008.1.2.4.50,False,JPEG Baseline (Process 1),unknown_processed_stored_values,False,False,"Pixel Intensity Relationship and Sign are missing. The object is workstation-converted Secondary Capture, which does not establish detector-signal proportionality."
8d5a8a50-a29f-4226-958d-f9e5bc27ff40.png,8d5a8a50-a29f-4226-958d-f9e5bc27ff40.dcm,1.2.840.10008.5.1.4.1.1.7,False,Secondary Capture Image Storage,CR,False,MONOCHROME2,False,8,False,8,False,0,False,,True,,True,,True,,True,,True,,True,,True,,True,,True,,True,,True,,True,,True,,True,,True,,True,,True,,True,WSD,False,01,False,,True,ISO_10918_1,False,,True,,True,,True,1.2.840.10008.1.2.4.50,False,JPEG Baseline (Process 1),unknown_processed_stored_values,False,False,"Pixel Intensity Relationship and Sign are missing. The object is workstation-converted Secondary Capture, which does not establish detector-signal proportionality."
8efbae3f-42e7-45f4-8cc8-be6a572bbe73.png,8efbae3f-42e7-45f4-8cc8-be6a572bbe73.dcm,1.2.840.10008.5.1.4.1.1.7,False,Secondary Capture Image Storage,CR,False,MONOCHROME2,False,8,False,8,False,0,False,,True,,True,,True,,True,,True,,True,,True,,True,,True,,True,,True,,True,,True,,True,,True,,True,,True,,True,WSD,False,01,False,,True,ISO_10918_1,False,,True,,True,,True,1.2.840.10008.1.2.4.50,False,JPEG Baseline (Process 1),unknown_processed_stored_values,False,False,"Pixel Intensity Relationship and Sign are missing. The object is workstation-converted Secondary Capture, which does not establish detector-signal proportionality."
8f2b95dc-a9b4-470c-9934-78852e1260b9.png,8f2b95dc-a9b4-470c-9934-78852e1260b9.dcm,1.2.840.10008.5.1.4.1.1.7,False,Secondary Capture Image Storage,CR,False,MONOCHROME2,False,8,False,8,False,0,False,,True,,True,,True,,True,,True,,True,,True,,True,,True,,True,,True,,True,,True,,True,,True,,True,,True,,True,WSD,False,01,False,,True,ISO_10918_1,False,,True,,True,,True,1.2.840.10008.1.2.4.50,False,JPEG Baseline (Process 1),unknown_processed_stored_values,False,False,"Pixel Intensity Relationship and Sign are missing. The object is workstation-converted Secondary Capture, which does not establish detector-signal proportionality."
8fbc3760-fffd-4909-a6a2-95df3f2900c0.png,8fbc3760-fffd-4909-a6a2-95df3f2900c0.dcm,1.2.840.10008.5.1.4.1.1.7,False,Secondary Capture Image Storage,CR,False,MONOCHROME2,False,8,False,8,False,0,False,,True,,True,,True,,True,,True,,True,,True,,True,,True,,True,,True,,True,,True,,True,,True,,True,,True,,True,WSD,False,01,False,,True,ISO_10918_1,False,,True,,True,,True,1.2.840.10008.1.2.4.50,False,JPEG Baseline (Process 1),unknown_processed_stored_values,False,False,"Pixel Intensity Relationship and Sign are missing. The object is workstation-converted Secondary Capture, which does not establish detector-signal proportionality."
9028eb5b-b7e7-441f-990b-f698cc405c05.png,9028eb5b-b7e7-441f-990b-f698cc405c05.dcm,1.2.840.10008.5.1.4.1.1.7,False,Secondary Capture Image Storage,CR,False,MONOCHROME2,False,8,False,8,False,0,False,,True,,True,,True,,True,,True,,True,,True,,True,,True,,True,,True,,True,,True,,True,,True,,True,,True,,True,WSD,False,01,False,,True,ISO_10918_1,False,,True,,True,,True,1.2.840.10008.1.2.4.50,False,JPEG Baseline (Process 1),unknown_processed_stored_values,False,False,"Pixel Intensity Relationship and Sign are missing. The object is workstation-converted Secondary Capture, which does not establish detector-signal proportionality."
908a1246-80c4-4f04-9fdd-b6735ac13cd0.png,908a1246-80c4-4f04-9fdd-b6735ac13cd0.dcm,1.2.840.10008.5.1.4.1.1.7,False,Secondary Capture Image Storage,CR,False,MONOCHROME2,False,8,False,8,False,0,False,,True,,True,,True,,True,,True,,True,,True,,True,,True,,True,,True,,True,,True,,True,,True,,True,,True,,True,WSD,False,01,False,,True,ISO_10918_1,False,,True,,True,,True,1.2.840.10008.1.2.4.50,False,JPEG Baseline (Process 1),unknown_processed_stored_values,False,False,"Pixel Intensity Relationship and Sign are missing. The object is workstation-converted Secondary Capture, which does not establish detector-signal proportionality."
90b2b94e-efa8-4ff7-98e1-86ea3e33b575.png,90b2b94e-efa8-4ff7-98e1-86ea3e33b575.dcm,1.2.840.10008.5.1.4.1.1.7,False,Secondary Capture Image Storage,CR,False,MONOCHROME2,False,8,False,8,False,0,False,,True,,True,,True,,True,,True,,True,,True,,True,,True,,True,,True,,True,,True,,True,,True,,True,,True,,True,WSD,False,01,False,,True,ISO_10918_1,False,,True,,True,,True,1.2.840.10008.1.2.4.50,False,JPEG Baseline (Process 1),unknown_processed_stored_values,False,False,"Pixel Intensity Relationship and Sign are missing. The object is workstation-converted Secondary Capture, which does not establish detector-signal proportionality."
9280ca7a-4bc1-478a-90a8-09d87079f944.png,9280ca7a-4bc1-478a-90a8-09d87079f944.dcm,1.2.840.10008.5.1.4.1.1.7,False,Secondary Capture Image Storage,CR,False,MONOCHROME2,False,8,False,8,False,0,False,,True,,True,,True,,True,,True,,True,,True,,True,,True,,True,,True,,True,,True,,True,,True,,True,,True,,True,WSD,False,01,False,,True,ISO_10918_1,False,,True,,True,,True,1.2.840.10008.1.2.4.50,False,JPEG Baseline (Process 1),unknown_processed_stored_values,False,False,"Pixel Intensity Relationship and Sign are missing. The object is workstation-converted Secondary Capture, which does not establish detector-signal proportionality."
92a2d2d4-39d1-4f0b-b5ed-33d26aaeeae0.png,92a2d2d4-39d1-4f0b-b5ed-33d26aaeeae0.dcm,1.2.840.10008.5.1.4.1.1.7,False,Secondary Capture Image Storage,CR,False,MONOCHROME2,False,8,False,8,False,0,False,,True,,True,,True,,True,,True,,True,,True,,True,,True,,True,,True,,True,,True,,True,,True,,True,,True,,True,WSD,False,01,False,,True,ISO_10918_1,False,,True,,True,,True,1.2.840.10008.1.2.4.50,False,JPEG Baseline (Process 1),unknown_processed_stored_values,False,False,"Pixel Intensity Relationship and Sign are missing. The object is workstation-converted Secondary Capture, which does not establish detector-signal proportionality."
93352cf0-4e4c-4b86-b132-c6f0c492537e.png,93352cf0-4e4c-4b86-b132-c6f0c492537e.dcm,1.2.840.10008.5.1.4.1.1.7,False,Secondary Capture Image Storage,CR,False,MONOCHROME2,False,8,False,8,False,0,False,,True,,True,,True,,True,,True,,True,,True,,True,,True,,True,,True,,True,,True,,True,,True,,True,,True,,True,WSD,False,01,False,,True,ISO_10918_1,False,,True,,True,,True,1.2.840.10008.1.2.4.50,False,JPEG Baseline (Process 1),unknown_processed_stored_values,False,False,"Pixel Intensity Relationship and Sign are missing. The object is workstation-converted Secondary Capture, which does not establish detector-signal proportionality."
93ababba-31c5-4015-ac19-cd98d51651bc.png,93ababba-31c5-4015-ac19-cd98d51651bc.dcm,1.2.840.10008.5.1.4.1.1.7,False,Secondary Capture Image Storage,CR,False,MONOCHROME2,False,8,False,8,False,0,False,,True,,True,,True,,True,,True,,True,,True,,True,,True,,True,,True,,True,,True,,True,,True,,True,,True,,True,WSD,False,01,False,,True,ISO_10918_1,False,,True,,True,,True,1.2.840.10008.1.2.4.50,False,JPEG Baseline (Process 1),unknown_processed_stored_values,False,False,"Pixel Intensity Relationship and Sign are missing. The object is workstation-converted Secondary Capture, which does not establish detector-signal proportionality."
94508cdd-9336-4c52-a10e-a82a3085b9e4.png,94508cdd-9336-4c52-a10e-a82a3085b9e4.dcm,1.2.840.10008.5.1.4.1.1.7,False,Secondary Capture Image Storage,CR,False,MONOCHROME2,False,8,False,8,False,0,False,,True,,True,,True,,True,,True,,True,,True,,True,,True,,True,,True,,True,,True,,True,,True,,True,,True,,True,WSD,False,01,False,,True,ISO_10918_1,False,,True,,True,,True,1.2.840.10008.1.2.4.50,False,JPEG Baseline (Process 1),unknown_processed_stored_values,False,False,"Pixel Intensity Relationship and Sign are missing. The object is workstation-converted Secondary Capture, which does not establish detector-signal proportionality."
96cd8d5a-06ba-4229-9ecd-d6eab12eb19e.png,96cd8d5a-06ba-4229-9ecd-d6eab12eb19e.dcm,1.2.840.10008.5.1.4.1.1.7,False,Secondary Capture Image Storage,CR,False,MONOCHROME2,False,8,False,8,False,0,False,,True,,True,,True,,True,,True,,True,,True,,True,,True,,True,,True,,True,,True,,True,,True,,True,,True,,True,WSD,False,01,False,,True,ISO_10918_1,False,,True,,True,,True,1.2.840.10008.1.2.4.50,False,JPEG Baseline (Process 1),unknown_processed_stored_values,False,False,"Pixel Intensity Relationship and Sign are missing. The object is workstation-converted Secondary Capture, which does not establish detector-signal proportionality."
97188b5d-9c6d-4add-b9af-626bd1dad211.png,97188b5d-9c6d-4add-b9af-626bd1dad211.dcm,1.2.840.10008.5.1.4.1.1.7,False,Secondary Capture Image Storage,CR,False,MONOCHROME2,False,8,False,8,False,0,False,,True,,True,,True,,True,,True,,True,,True,,True,,True,,True,,True,,True,,True,,True,,True,,True,,True,,True,WSD,False,01,False,,True,ISO_10918_1,False,,True,,True,,True,1.2.840.10008.1.2.4.50,False,JPEG Baseline (Process 1),unknown_processed_stored_values,False,False,"Pixel Intensity Relationship and Sign are missing. The object is workstation-converted Secondary Capture, which does not establish detector-signal proportionality."
980bedbf-2f34-4596-a7cb-ec66fd1ec4de.png,980bedbf-2f34-4596-a7cb-ec66fd1ec4de.dcm,1.2.840.10008.5.1.4.1.1.7,False,Secondary Capture Image Storage,CR,False,MONOCHROME2,False,8,False,8,False,0,False,,True,,True,,True,,True,,True,,True,,True,,True,,True,,True,,True,,True,,True,,True,,True,,True,,True,,True,WSD,False,01,False,,True,ISO_10918_1,False,,True,,True,,True,1.2.840.10008.1.2.4.50,False,JPEG Baseline (Process 1),unknown_processed_stored_values,False,False,"Pixel Intensity Relationship and Sign are missing. The object is workstation-converted Secondary Capture, which does not establish detector-signal proportionality."
988ba152-ec89-4213-b2dd-7e167f6dceff.png,988ba152-ec89-4213-b2dd-7e167f6dceff.dcm,1.2.840.10008.5.1.4.1.1.7,False,Secondary Capture Image Storage,CR,False,MONOCHROME2,False,8,False,8,False,0,False,,True,,True,,True,,True,,True,,True,,True,,True,,True,,True,,True,,True,,True,,True,,True,,True,,True,,True,WSD,False,01,False,,True,ISO_10918_1,False,,True,,True,,True,1.2.840.10008.1.2.4.50,False,JPEG Baseline (Process 1),unknown_processed_stored_values,False,False,"Pixel Intensity Relationship and Sign are missing. The object is workstation-converted Secondary Capture, which does not establish detector-signal proportionality."
98f09d6b-283f-480e-9609-efcdb997eb8d.png,98f09d6b-283f-480e-9609-efcdb997eb8d.dcm,1.2.840.10008.5.1.4.1.1.7,False,Secondary Capture Image Storage,CR,False,MONOCHROME2,False,8,False,8,False,0,False,,True,,True,,True,,True,,True,,True,,True,,True,,True,,True,,True,,True,,True,,True,,True,,True,,True,,True,WSD,False,01,False,,True,ISO_10918_1,False,,True,,True,,True,1.2.840.10008.1.2.4.50,False,JPEG Baseline (Process 1),unknown_processed_stored_values,False,False,"Pixel Intensity Relationship and Sign are missing. The object is workstation-converted Secondary Capture, which does not establish detector-signal proportionality."
9933bf89-fac8-4d39-9ecb-0091e088e1e5.png,9933bf89-fac8-4d39-9ecb-0091e088e1e5.dcm,1.2.840.10008.5.1.4.1.1.7,False,Secondary Capture Image Storage,CR,False,MONOCHROME2,False,8,False,8,False,0,False,,True,,True,,True,,True,,True,,True,,True,,True,,True,,True,,True,,True,,True,,True,,True,,True,,True,,True,WSD,False,01,False,,True,ISO_10918_1,False,,True,,True,,True,1.2.840.10008.1.2.4.50,False,JPEG Baseline (Process 1),unknown_processed_stored_values,False,False,"Pixel Intensity Relationship and Sign are missing. The object is workstation-converted Secondary Capture, which does not establish detector-signal proportionality."
9c2875c7-fa39-4af6-a82d-b545dc59874d.png,9c2875c7-fa39-4af6-a82d-b545dc59874d.dcm,1.2.840.10008.5.1.4.1.1.7,False,Secondary Capture Image Storage,CR,False,MONOCHROME2,False,8,False,8,False,0,False,,True,,True,,True,,True,,True,,True,,True,,True,,True,,True,,True,,True,,True,,True,,True,,True,,True,,True,WSD,False,01,False,,True,ISO_10918_1,False,,True,,True,,True,1.2.840.10008.1.2.4.50,False,JPEG Baseline (Process 1),unknown_processed_stored_values,False,False,"Pixel Intensity Relationship and Sign are missing. The object is workstation-converted Secondary Capture, which does not establish detector-signal proportionality."
9efb183a-3fff-4b83-9cd4-a25337821569.png,9efb183a-3fff-4b83-9cd4-a25337821569.dcm,1.2.840.10008.5.1.4.1.1.7,False,Secondary Capture Image Storage,CR,False,MONOCHROME2,False,8,False,8,False,0,False,,True,,True,,True,,True,,True,,True,,True,,True,,True,,True,,True,,True,,True,,True,,True,,True,,True,,True,WSD,False,01,False,,True,ISO_10918_1,False,,True,,True,,True,1.2.840.10008.1.2.4.50,False,JPEG Baseline (Process 1),unknown_processed_stored_values,False,False,"Pixel Intensity Relationship and Sign are missing. The object is workstation-converted Secondary Capture, which does not establish detector-signal proportionality."
9f11086b-ba1a-4f60-92ec-09e492eae867.png,9f11086b-ba1a-4f60-92ec-09e492eae867.dcm,1.2.840.10008.5.1.4.1.1.7,False,Secondary Capture Image Storage,CR,False,MONOCHROME2,False,8,False,8,False,0,False,,True,,True,,True,,True,,True,,True,,True,,True,,True,,True,,True,,True,,True,,True,,True,,True,,True,,True,WSD,False,01,False,,True,ISO_10918_1,False,,True,,True,,True,1.2.840.10008.1.2.4.50,False,JPEG Baseline (Process 1),unknown_processed_stored_values,False,False,"Pixel Intensity Relationship and Sign are missing. The object is workstation-converted Secondary Capture, which does not establish detector-signal proportionality."
9f2d2fba-214b-429f-a633-48dec946998a.png,9f2d2fba-214b-429f-a633-48dec946998a.dcm,1.2.840.10008.5.1.4.1.1.7,False,Secondary Capture Image Storage,CR,False,MONOCHROME2,False,8,False,8,False,0,False,,True,,True,,True,,True,,True,,True,,True,,True,,True,,True,,True,,True,,True,,True,,True,,True,,True,,True,WSD,False,01,False,,True,ISO_10918_1,False,,True,,True,,True,1.2.840.10008.1.2.4.50,False,JPEG Baseline (Process 1),unknown_processed_stored_values,False,False,"Pixel Intensity Relationship and Sign are missing. The object is workstation-converted Secondary Capture, which does not establish detector-signal proportionality."
9fa14682-ad76-4df6-80a6-aa623e59ff4c.png,9fa14682-ad76-4df6-80a6-aa623e59ff4c.dcm,1.2.840.10008.5.1.4.1.1.7,False,Secondary Capture Image Storage,CR,False,MONOCHROME2,False,8,False,8,False,0,False,,True,,True,,True,,True,,True,,True,,True,,True,,True,,True,,True,,True,,True,,True,,True,,True,,True,,True,WSD,False,01,False,,True,ISO_10918_1,False,,True,,True,,True,1.2.840.10008.1.2.4.50,False,JPEG Baseline (Process 1),unknown_processed_stored_values,False,False,"Pixel Intensity Relationship and Sign are missing. The object is workstation-converted Secondary Capture, which does not establish detector-signal proportionality."
a029f3a3-aed3-41ad-8255-262b8553cd06.png,a029f3a3-aed3-41ad-8255-262b8553cd06.dcm,1.2.840.10008.5.1.4.1.1.7,False,Secondary Capture Image Storage,CR,False,MONOCHROME2,False,8,False,8,False,0,False,,True,,True,,True,,True,,True,,True,,True,,True,,True,,True,,True,,True,,True,,True,,True,,True,,True,,True,WSD,False,01,False,,True,ISO_10918_1,False,,True,,True,,True,1.2.840.10008.1.2.4.50,False,JPEG Baseline (Process 1),unknown_processed_stored_values,False,False,"Pixel Intensity Relationship and Sign are missing. The object is workstation-converted Secondary Capture, which does not establish detector-signal proportionality."
a5df5290-3225-4f9d-8cd2-91425419bb7c.png,a5df5290-3225-4f9d-8cd2-91425419bb7c.dcm,1.2.840.10008.5.1.4.1.1.7,False,Secondary Capture Image Storage,CR,False,MONOCHROME2,False,8,False,8,False,0,False,,True,,True,,True,,True,,True,,True,,True,,True,,True,,True,,True,,True,,True,,True,,True,,True,,True,,True,WSD,False,01,False,,True,ISO_10918_1,False,,True,,True,,True,1.2.840.10008.1.2.4.50,False,JPEG Baseline (Process 1),unknown_processed_stored_values,False,False,"Pixel Intensity Relationship and Sign are missing. The object is workstation-converted Secondary Capture, which does not establish detector-signal proportionality."
a6a94200-33a0-410a-9e4b-bb080cfed624.png,a6a94200-33a0-410a-9e4b-bb080cfed624.dcm,1.2.840.10008.5.1.4.1.1.7,False,Secondary Capture Image Storage,CR,False,MONOCHROME2,False,8,False,8,False,0,False,,True,,True,,True,,True,,True,,True,,True,,True,,True,,True,,True,,True,,True,,True,,True,,True,,True,,True,WSD,False,01,False,,True,ISO_10918_1,False,,True,,True,,True,1.2.840.10008.1.2.4.50,False,JPEG Baseline (Process 1),unknown_processed_stored_values,False,False,"Pixel Intensity Relationship and Sign are missing. The object is workstation-converted Secondary Capture, which does not establish detector-signal proportionality."
a73a2519-e185-4eb7-95fe-03c39509e47d.png,a73a2519-e185-4eb7-95fe-03c39509e47d.dcm,1.2.840.10008.5.1.4.1.1.7,False,Secondary Capture Image Storage,CR,False,MONOCHROME2,False,8,False,8,False,0,False,,True,,True,,True,,True,,True,,True,,True,,True,,True,,True,,True,,True,,True,,True,,True,,True,,True,,True,WSD,False,01,False,,True,ISO_10918_1,False,,True,,True,,True,1.2.840.10008.1.2.4.50,False,JPEG Baseline (Process 1),unknown_processed_stored_values,False,False,"Pixel Intensity Relationship and Sign are missing. The object is workstation-converted Secondary Capture, which does not establish detector-signal proportionality."
a8a6c86e-43d2-42ee-bc72-b744888f88a5.png,a8a6c86e-43d2-42ee-bc72-b744888f88a5.dcm,1.2.840.10008.5.1.4.1.1.7,False,Secondary Capture Image Storage,CR,False,MONOCHROME2,False,8,False,8,False,0,False,,True,,True,,True,,True,,True,,True,,True,,True,,True,,True,,True,,True,,True,,True,,True,,True,,True,,True,WSD,False,01,False,,True,ISO_10918_1,False,,True,,True,,True,1.2.840.10008.1.2.4.50,False,JPEG Baseline (Process 1),unknown_processed_stored_values,False,False,"Pixel Intensity Relationship and Sign are missing. The object is workstation-converted Secondary Capture, which does not establish detector-signal proportionality."
a8c785a7-c983-452c-ab25-f595bb5678f0.png,a8c785a7-c983-452c-ab25-f595bb5678f0.dcm,1.2.840.10008.5.1.4.1.1.7,False,Secondary Capture Image Storage,CR,False,MONOCHROME2,False,8,False,8,False,0,False,,True,,True,,True,,True,,True,,True,,True,,True,,True,,True,,True,,True,,True,,True,,True,,True,,True,,True,WSD,False,01,False,,True,ISO_10918_1,False,,True,,True,,True,1.2.840.10008.1.2.4.50,False,JPEG Baseline (Process 1),unknown_processed_stored_values,False,False,"Pixel Intensity Relationship and Sign are missing. The object is workstation-converted Secondary Capture, which does not establish detector-signal proportionality."
a8dfd068-69e9-4486-bb22-2a04f2f2e1a5.png,a8dfd068-69e9-4486-bb22-2a04f2f2e1a5.dcm,1.2.840.10008.5.1.4.1.1.7,False,Secondary Capture Image Storage,CR,False,MONOCHROME2,False,8,False,8,False,0,False,,True,,True,,True,,True,,True,,True,,True,,True,,True,,True,,True,,True,,True,,True,,True,,True,,True,,True,WSD,False,01,False,,True,ISO_10918_1,False,,True,,True,,True,1.2.840.10008.1.2.4.50,False,JPEG Baseline (Process 1),unknown_processed_stored_values,False,False,"Pixel Intensity Relationship and Sign are missing. The object is workstation-converted Secondary Capture, which does not establish detector-signal proportionality."
a9c3b3d8-0e8a-4b5f-b05d-d66f5f8fe2ad.png,a9c3b3d8-0e8a-4b5f-b05d-d66f5f8fe2ad.dcm,1.2.840.10008.5.1.4.1.1.7,False,Secondary Capture Image Storage,CR,False,MONOCHROME2,False,8,False,8,False,0,False,,True,,True,,True,,True,,True,,True,,True,,True,,True,,True,,True,,True,,True,,True,,True,,True,,True,,True,WSD,False,01,False,,True,ISO_10918_1,False,,True,,True,,True,1.2.840.10008.1.2.4.50,False,JPEG Baseline (Process 1),unknown_processed_stored_values,False,False,"Pixel Intensity Relationship and Sign are missing. The object is workstation-converted Secondary Capture, which does not establish detector-signal proportionality."
aa1ab66a-081e-4c5f-a6b8-791a5182466e.png,aa1ab66a-081e-4c5f-a6b8-791a5182466e.dcm,1.2.840.10008.5.1.4.1.1.7,False,Secondary Capture Image Storage,CR,False,MONOCHROME2,False,8,False,8,False,0,False,,True,,True,,True,,True,,True,,True,,True,,True,,True,,True,,True,,True,,True,,True,,True,,True,,True,,True,WSD,False,01,False,,True,ISO_10918_1,False,,True,,True,,True,1.2.840.10008.1.2.4.50,False,JPEG Baseline (Process 1),unknown_processed_stored_values,False,False,"Pixel Intensity Relationship and Sign are missing. The object is workstation-converted Secondary Capture, which does not establish detector-signal proportionality."
aa2da4e8-67d5-4ad1-bd7f-7b013ecda555.png,aa2da4e8-67d5-4ad1-bd7f-7b013ecda555.dcm,1.2.840.10008.5.1.4.1.1.7,False,Secondary Capture Image Storage,CR,False,MONOCHROME2,False,8,False,8,False,0,False,,True,,True,,True,,True,,True,,True,,True,,True,,True,,True,,True,,True,,True,,True,,True,,True,,True,,True,WSD,False,01,False,,True,ISO_10918_1,False,,True,,True,,True,1.2.840.10008.1.2.4.50,False,JPEG Baseline (Process 1),unknown_processed_stored_values,False,False,"Pixel Intensity Relationship and Sign are missing. The object is workstation-converted Secondary Capture, which does not establish detector-signal proportionality."
ac18858f-cb0a-4d54-89a0-25a8c2bc0980.png,ac18858f-cb0a-4d54-89a0-25a8c2bc0980.dcm,1.2.840.10008.5.1.4.1.1.7,False,Secondary Capture Image Storage,CR,False,MONOCHROME2,False,8,False,8,False,0,False,,True,,True,,True,,True,,True,,True,,True,,True,,True,,True,,True,,True,,True,,True,,True,,True,,True,,True,WSD,False,01,False,,True,ISO_10918_1,False,,True,,True,,True,1.2.840.10008.1.2.4.50,False,JPEG Baseline (Process 1),unknown_processed_stored_values,False,False,"Pixel Intensity Relationship and Sign are missing. The object is workstation-converted Secondary Capture, which does not establish detector-signal proportionality."
ac81e9b6-5789-4797-ad85-510186cdd4a9.png,ac81e9b6-5789-4797-ad85-510186cdd4a9.dcm,1.2.840.10008.5.1.4.1.1.7,False,Secondary Capture Image Storage,CR,False,MONOCHROME2,False,8,False,8,False,0,False,,True,,True,,True,,True,,True,,True,,True,,True,,True,,True,,True,,True,,True,,True,,True,,True,,True,,True,WSD,False,01,False,,True,ISO_10918_1,False,,True,,True,,True,1.2.840.10008.1.2.4.50,False,JPEG Baseline (Process 1),unknown_processed_stored_values,False,False,"Pixel Intensity Relationship and Sign are missing. The object is workstation-converted Secondary Capture, which does not establish detector-signal proportionality."
ae61cc11-2e4c-4715-8048-408677485e60.png,ae61cc11-2e4c-4715-8048-408677485e60.dcm,1.2.840.10008.5.1.4.1.1.7,False,Secondary Capture Image Storage,CR,False,MONOCHROME2,False,8,False,8,False,0,False,,True,,True,,True,,True,,True,,True,,True,,True,,True,,True,,True,,True,,True,,True,,True,,True,,True,,True,WSD,False,01,False,,True,ISO_10918_1,False,,True,,True,,True,1.2.840.10008.1.2.4.50,False,JPEG Baseline (Process 1),unknown_processed_stored_values,False,False,"Pixel Intensity Relationship and Sign are missing. The object is workstation-converted Secondary Capture, which does not establish detector-signal proportionality."
af83b500-1576-47b4-af61-f63581b61aee.png,af83b500-1576-47b4-af61-f63581b61aee.dcm,1.2.840.10008.5.1.4.1.1.7,False,Secondary Capture Image Storage,CR,False,MONOCHROME2,False,8,False,8,False,0,False,,True,,True,,True,,True,,True,,True,,True,,True,,True,,True,,True,,True,,True,,True,,True,,True,,True,,True,WSD,False,01,False,,True,ISO_10918_1,False,,True,,True,,True,1.2.840.10008.1.2.4.50,False,JPEG Baseline (Process 1),unknown_processed_stored_values,False,False,"Pixel Intensity Relationship and Sign are missing. The object is workstation-converted Secondary Capture, which does not establish detector-signal proportionality."
b1e65c1c-79cc-4b8b-920e-c972bc296790.png,b1e65c1c-79cc-4b8b-920e-c972bc296790.dcm,1.2.840.10008.5.1.4.1.1.7,False,Secondary Capture Image Storage,CR,False,MONOCHROME2,False,8,False,8,False,0,False,,True,,True,,True,,True,,True,,True,,True,,True,,True,,True,,True,,True,,True,,True,,True,,True,,True,,True,WSD,False,01,False,,True,ISO_10918_1,False,,True,,True,,True,1.2.840.10008.1.2.4.50,False,JPEG Baseline (Process 1),unknown_processed_stored_values,False,False,"Pixel Intensity Relationship and Sign are missing. The object is workstation-converted Secondary Capture, which does not establish detector-signal proportionality."
b25a4c1b-e4cf-4e51-900d-122ea60958b7.png,b25a4c1b-e4cf-4e51-900d-122ea60958b7.dcm,1.2.840.10008.5.1.4.1.1.7,False,Secondary Capture Image Storage,CR,False,MONOCHROME2,False,8,False,8,False,0,False,,True,,True,,True,,True,,True,,True,,True,,True,,True,,True,,True,,True,,True,,True,,True,,True,,True,,True,WSD,False,01,False,,True,ISO_10918_1,False,,True,,True,,True,1.2.840.10008.1.2.4.50,False,JPEG Baseline (Process 1),unknown_processed_stored_values,False,False,"Pixel Intensity Relationship and Sign are missing. The object is workstation-converted Secondary Capture, which does not establish detector-signal proportionality."
b2735729-757a-4a51-8eba-9bb330b29a77.png,b2735729-757a-4a51-8eba-9bb330b29a77.dcm,1.2.840.10008.5.1.4.1.1.7,False,Secondary Capture Image Storage,CR,False,MONOCHROME2,False,8,False,8,False,0,False,,True,,True,,True,,True,,True,,True,,True,,True,,True,,True,,True,,True,,True,,True,,True,,True,,True,,True,WSD,False,01,False,,True,ISO_10918_1,False,,True,,True,,True,1.2.840.10008.1.2.4.50,False,JPEG Baseline (Process 1),unknown_processed_stored_values,False,False,"Pixel Intensity Relationship and Sign are missing. The object is workstation-converted Secondary Capture, which does not establish detector-signal proportionality."
b3e97d1d-0b1b-42c0-9a5a-52222414ff10.png,b3e97d1d-0b1b-42c0-9a5a-52222414ff10.dcm,1.2.840.10008.5.1.4.1.1.7,False,Secondary Capture Image Storage,CR,False,MONOCHROME2,False,8,False,8,False,0,False,,True,,True,,True,,True,,True,,True,,True,,True,,True,,True,,True,,True,,True,,True,,True,,True,,True,,True,WSD,False,01,False,,True,ISO_10918_1,False,,True,,True,,True,1.2.840.10008.1.2.4.50,False,JPEG Baseline (Process 1),unknown_processed_stored_values,False,False,"Pixel Intensity Relationship and Sign are missing. The object is workstation-converted Secondary Capture, which does not establish detector-signal proportionality."
b446ee65-b575-40ab-81f6-68acec049528.png,b446ee65-b575-40ab-81f6-68acec049528.dcm,1.2.840.10008.5.1.4.1.1.7,False,Secondary Capture Image Storage,CR,False,MONOCHROME2,False,8,False,8,False,0,False,,True,,True,,True,,True,,True,,True,,True,,True,,True,,True,,True,,True,,True,,True,,True,,True,,True,,True,WSD,False,01,False,,True,ISO_10918_1,False,,True,,True,,True,1.2.840.10008.1.2.4.50,False,JPEG Baseline (Process 1),unknown_processed_stored_values,False,False,"Pixel Intensity Relationship and Sign are missing. The object is workstation-converted Secondary Capture, which does not establish detector-signal proportionality."
b52a4969-16fc-43c1-9d87-66392415d139.png,b52a4969-16fc-43c1-9d87-66392415d139.dcm,1.2.840.10008.5.1.4.1.1.7,False,Secondary Capture Image Storage,CR,False,MONOCHROME2,False,8,False,8,False,0,False,,True,,True,,True,,True,,True,,True,,True,,True,,True,,True,,True,,True,,True,,True,,True,,True,,True,,True,WSD,False,01,False,,True,ISO_10918_1,False,,True,,True,,True,1.2.840.10008.1.2.4.50,False,JPEG Baseline (Process 1),unknown_processed_stored_values,False,False,"Pixel Intensity Relationship and Sign are missing. The object is workstation-converted Secondary Capture, which does not establish detector-signal proportionality."
b5f4a26a-9d4f-44fc-9040-c4f0b9b75743.png,b5f4a26a-9d4f-44fc-9040-c4f0b9b75743.dcm,1.2.840.10008.5.1.4.1.1.7,False,Secondary Capture Image Storage,CR,False,MONOCHROME2,False,8,False,8,False,0,False,,True,,True,,True,,True,,True,,True,,True,,True,,True,,True,,True,,True,,True,,True,,True,,True,,True,,True,WSD,False,01,False,,True,ISO_10918_1,False,,True,,True,,True,1.2.840.10008.1.2.4.50,False,JPEG Baseline (Process 1),unknown_processed_stored_values,False,False,"Pixel Intensity Relationship and Sign are missing. The object is workstation-converted Secondary Capture, which does not establish detector-signal proportionality."
b61e3955-0a8d-4678-9746-b7202fd6d777.png,b61e3955-0a8d-4678-9746-b7202fd6d777.dcm,1.2.840.10008.5.1.4.1.1.7,False,Secondary Capture Image Storage,CR,False,MONOCHROME2,False,8,False,8,False,0,False,,True,,True,,True,,True,,True,,True,,True,,True,,True,,True,,True,,True,,True,,True,,True,,True,,True,,True,WSD,False,01,False,,True,ISO_10918_1,False,,True,,True,,True,1.2.840.10008.1.2.4.50,False,JPEG Baseline (Process 1),unknown_processed_stored_values,False,False,"Pixel Intensity Relationship and Sign are missing. The object is workstation-converted Secondary Capture, which does not establish detector-signal proportionality."
b6881b42-dbed-4d4b-b631-29def07e2989.png,b6881b42-dbed-4d4b-b631-29def07e2989.dcm,1.2.840.10008.5.1.4.1.1.7,False,Secondary Capture Image Storage,CR,False,MONOCHROME2,False,8,False,8,False,0,False,,True,,True,,True,,True,,True,,True,,True,,True,,True,,True,,True,,True,,True,,True,,True,,True,,True,,True,WSD,False,01,False,,True,ISO_10918_1,False,,True,,True,,True,1.2.840.10008.1.2.4.50,False,JPEG Baseline (Process 1),unknown_processed_stored_values,False,False,"Pixel Intensity Relationship and Sign are missing. The object is workstation-converted Secondary Capture, which does not establish detector-signal proportionality."
b6d4ee3b-c6db-4640-9b41-12f171b0c940.png,b6d4ee3b-c6db-4640-9b41-12f171b0c940.dcm,1.2.840.10008.5.1.4.1.1.7,False,Secondary Capture Image Storage,CR,False,MONOCHROME2,False,8,False,8,False,0,False,,True,,True,,True,,True,,True,,True,,True,,True,,True,,True,,True,,True,,True,,True,,True,,True,,True,,True,WSD,False,01,False,,True,ISO_10918_1,False,,True,,True,,True,1.2.840.10008.1.2.4.50,False,JPEG Baseline (Process 1),unknown_processed_stored_values,False,False,"Pixel Intensity Relationship and Sign are missing. The object is workstation-converted Secondary Capture, which does not establish detector-signal proportionality."
b6e7d1aa-74ca-4fc1-b268-415b9e4954ce.png,b6e7d1aa-74ca-4fc1-b268-415b9e4954ce.dcm,1.2.840.10008.5.1.4.1.1.7,False,Secondary Capture Image Storage,CR,False,MONOCHROME2,False,8,False,8,False,0,False,,True,,True,,True,,True,,True,,True,,True,,True,,True,,True,,True,,True,,True,,True,,True,,True,,True,,True,WSD,False,01,False,,True,ISO_10918_1,False,,True,,True,,True,1.2.840.10008.1.2.4.50,False,JPEG Baseline (Process 1),unknown_processed_stored_values,False,False,"Pixel Intensity Relationship and Sign are missing. The object is workstation-converted Secondary Capture, which does not establish detector-signal proportionality."
b79d126e-d469-4dc1-82e8-b3167e6b52d3.png,b79d126e-d469-4dc1-82e8-b3167e6b52d3.dcm,1.2.840.10008.5.1.4.1.1.7,False,Secondary Capture Image Storage,CR,False,MONOCHROME2,False,8,False,8,False,0,False,,True,,True,,True,,True,,True,,True,,True,,True,,True,,True,,True,,True,,True,,True,,True,,True,,True,,True,WSD,False,01,False,,True,ISO_10918_1,False,,True,,True,,True,1.2.840.10008.1.2.4.50,False,JPEG Baseline (Process 1),unknown_processed_stored_values,False,False,"Pixel Intensity Relationship and Sign are missing. The object is workstation-converted Secondary Capture, which does not establish detector-signal proportionality."
b9b46200-1045-4c7a-b790-a9f6cdd031e3.png,b9b46200-1045-4c7a-b790-a9f6cdd031e3.dcm,1.2.840.10008.5.1.4.1.1.7,False,Secondary Capture Image Storage,CR,False,MONOCHROME2,False,8,False,8,False,0,False,,True,,True,,True,,True,,True,,True,,True,,True,,True,,True,,True,,True,,True,,True,,True,,True,,True,,True,WSD,False,01,False,,True,ISO_10918_1,False,,True,,True,,True,1.2.840.10008.1.2.4.50,False,JPEG Baseline (Process 1),unknown_processed_stored_values,False,False,"Pixel Intensity Relationship and Sign are missing. The object is workstation-converted Secondary Capture, which does not establish detector-signal proportionality."
ba036253-6844-428c-a27b-14e9b6021740.png,ba036253-6844-428c-a27b-14e9b6021740.dcm,1.2.840.10008.5.1.4.1.1.7,False,Secondary Capture Image Storage,CR,False,MONOCHROME2,False,8,False,8,False,0,False,,True,,True,,True,,True,,True,,True,,True,,True,,True,,True,,True,,True,,True,,True,,True,,True,,True,,True,WSD,False,01,False,,True,ISO_10918_1,False,,True,,True,,True,1.2.840.10008.1.2.4.50,False,JPEG Baseline (Process 1),unknown_processed_stored_values,False,False,"Pixel Intensity Relationship and Sign are missing. The object is workstation-converted Secondary Capture, which does not establish detector-signal proportionality."
bb7dca62-6180-4e52-81b6-8a9e09a4bfae.png,bb7dca62-6180-4e52-81b6-8a9e09a4bfae.dcm,1.2.840.10008.5.1.4.1.1.7,False,Secondary Capture Image Storage,CR,False,MONOCHROME2,False,8,False,8,False,0,False,,True,,True,,True,,True,,True,,True,,True,,True,,True,,True,,True,,True,,True,,True,,True,,True,,True,,True,WSD,False,01,False,,True,ISO_10918_1,False,,True,,True,,True,1.2.840.10008.1.2.4.50,False,JPEG Baseline (Process 1),unknown_processed_stored_values,False,False,"Pixel Intensity Relationship and Sign are missing. The object is workstation-converted Secondary Capture, which does not establish detector-signal proportionality."
bce09fde-2765-4fe5-ac6f-1e5966a43882.png,bce09fde-2765-4fe5-ac6f-1e5966a43882.dcm,1.2.840.10008.5.1.4.1.1.7,False,Secondary Capture Image Storage,CR,False,MONOCHROME2,False,8,False,8,False,0,False,,True,,True,,True,,True,,True,,True,,True,,True,,True,,True,,True,,True,,True,,True,,True,,True,,True,,True,WSD,False,01,False,,True,ISO_10918_1,False,,True,,True,,True,1.2.840.10008.1.2.4.50,False,JPEG Baseline (Process 1),unknown_processed_stored_values,False,False,"Pixel Intensity Relationship and Sign are missing. The object is workstation-converted Secondary Capture, which does not establish detector-signal proportionality."
be56df34-77ad-4833-8179-18bf26d1cba5.png,be56df34-77ad-4833-8179-18bf26d1cba5.dcm,1.2.840.10008.5.1.4.1.1.7,False,Secondary Capture Image Storage,CR,False,MONOCHROME2,False,8,False,8,False,0,False,,True,,True,,True,,True,,True,,True,,True,,True,,True,,True,,True,,True,,True,,True,,True,,True,,True,,True,WSD,False,01,False,,True,ISO_10918_1,False,,True,,True,,True,1.2.840.10008.1.2.4.50,False,JPEG Baseline (Process 1),unknown_processed_stored_values,False,False,"Pixel Intensity Relationship and Sign are missing. The object is workstation-converted Secondary Capture, which does not establish detector-signal proportionality."
be7f1412-c091-4f5c-a5b0-f70faa0c76b3.png,be7f1412-c091-4f5c-a5b0-f70faa0c76b3.dcm,1.2.840.10008.5.1.4.1.1.7,False,Secondary Capture Image Storage,CR,False,MONOCHROME2,False,8,False,8,False,0,False,,True,,True,,True,,True,,True,,True,,True,,True,,True,,True,,True,,True,,True,,True,,True,,True,,True,,True,WSD,False,01,False,,True,ISO_10918_1,False,,True,,True,,True,1.2.840.10008.1.2.4.50,False,JPEG Baseline (Process 1),unknown_processed_stored_values,False,False,"Pixel Intensity Relationship and Sign are missing. The object is workstation-converted Secondary Capture, which does not establish detector-signal proportionality."
bf4a6675-6a54-4610-90bf-94cbc3c4b482.png,bf4a6675-6a54-4610-90bf-94cbc3c4b482.dcm,1.2.840.10008.5.1.4.1.1.7,False,Secondary Capture Image Storage,CR,False,MONOCHROME2,False,8,False,8,False,0,False,,True,,True,,True,,True,,True,,True,,True,,True,,True,,True,,True,,True,,True,,True,,True,,True,,True,,True,WSD,False,01,False,,True,ISO_10918_1,False,,True,,True,,True,1.2.840.10008.1.2.4.50,False,JPEG Baseline (Process 1),unknown_processed_stored_values,False,False,"Pixel Intensity Relationship and Sign are missing. The object is workstation-converted Secondary Capture, which does not establish detector-signal proportionality."
bff6b953-95d1-4a08-9d79-c3b43fde59ce.png,bff6b953-95d1-4a08-9d79-c3b43fde59ce.dcm,1.2.840.10008.5.1.4.1.1.7,False,Secondary Capture Image Storage,CR,False,MONOCHROME2,False,8,False,8,False,0,False,,True,,True,,True,,True,,True,,True,,True,,True,,True,,True,,True,,True,,True,,True,,True,,True,,True,,True,WSD,False,01,False,,True,ISO_10918_1,False,,True,,True,,True,1.2.840.10008.1.2.4.50,False,JPEG Baseline (Process 1),unknown_processed_stored_values,False,False,"Pixel Intensity Relationship and Sign are missing. The object is workstation-converted Secondary Capture, which does not establish detector-signal proportionality."
c033f66d-900e-4ba3-8da4-a6823ea89d09.png,c033f66d-900e-4ba3-8da4-a6823ea89d09.dcm,1.2.840.10008.5.1.4.1.1.7,False,Secondary Capture Image Storage,CR,False,MONOCHROME2,False,8,False,8,False,0,False,,True,,True,,True,,True,,True,,True,,True,,True,,True,,True,,True,,True,,True,,True,,True,,True,,True,,True,WSD,False,01,False,,True,ISO_10918_1,False,,True,,True,,True,1.2.840.10008.1.2.4.50,False,JPEG Baseline (Process 1),unknown_processed_stored_values,False,False,"Pixel Intensity Relationship and Sign are missing. The object is workstation-converted Secondary Capture, which does not establish detector-signal proportionality."
c2dd9e3d-9cc4-46c8-9109-0c438b2f7f1a.png,c2dd9e3d-9cc4-46c8-9109-0c438b2f7f1a.dcm,1.2.840.10008.5.1.4.1.1.7,False,Secondary Capture Image Storage,CR,False,MONOCHROME2,False,8,False,8,False,0,False,,True,,True,,True,,True,,True,,True,,True,,True,,True,,True,,True,,True,,True,,True,,True,,True,,True,,True,WSD,False,01,False,,True,ISO_10918_1,False,,True,,True,,True,1.2.840.10008.1.2.4.50,False,JPEG Baseline (Process 1),unknown_processed_stored_values,False,False,"Pixel Intensity Relationship and Sign are missing. The object is workstation-converted Secondary Capture, which does not establish detector-signal proportionality."
c3a6ca22-c09b-4be0-a59d-e52718fbb645.png,c3a6ca22-c09b-4be0-a59d-e52718fbb645.dcm,1.2.840.10008.5.1.4.1.1.7,False,Secondary Capture Image Storage,CR,False,MONOCHROME2,False,8,False,8,False,0,False,,True,,True,,True,,True,,True,,True,,True,,True,,True,,True,,True,,True,,True,,True,,True,,True,,True,,True,WSD,False,01,False,,True,ISO_10918_1,False,,True,,True,,True,1.2.840.10008.1.2.4.50,False,JPEG Baseline (Process 1),unknown_processed_stored_values,False,False,"Pixel Intensity Relationship and Sign are missing. The object is workstation-converted Secondary Capture, which does not establish detector-signal proportionality."
c568ef01-6904-45ec-990e-2986a961dd00.png,c568ef01-6904-45ec-990e-2986a961dd00.dcm,1.2.840.10008.5.1.4.1.1.7,False,Secondary Capture Image Storage,CR,False,MONOCHROME2,False,8,False,8,False,0,False,,True,,True,,True,,True,,True,,True,,True,,True,,True,,True,,True,,True,,True,,True,,True,,True,,True,,True,WSD,False,01,False,,True,ISO_10918_1,False,,True,,True,,True,1.2.840.10008.1.2.4.50,False,JPEG Baseline (Process 1),unknown_processed_stored_values,False,False,"Pixel Intensity Relationship and Sign are missing. The object is workstation-converted Secondary Capture, which does not establish detector-signal proportionality."
c5a8e91a-2d40-4355-91af-73abf5f0fdf1.png,c5a8e91a-2d40-4355-91af-73abf5f0fdf1.dcm,1.2.840.10008.5.1.4.1.1.7,False,Secondary Capture Image Storage,CR,False,MONOCHROME2,False,8,False,8,False,0,False,,True,,True,,True,,True,,True,,True,,True,,True,,True,,True,,True,,True,,True,,True,,True,,True,,True,,True,WSD,False,01,False,,True,ISO_10918_1,False,,True,,True,,True,1.2.840.10008.1.2.4.50,False,JPEG Baseline (Process 1),unknown_processed_stored_values,False,False,"Pixel Intensity Relationship and Sign are missing. The object is workstation-converted Secondary Capture, which does not establish detector-signal proportionality."
c60672e5-9595-46d7-a3d2-e86e9616f52a.png,c60672e5-9595-46d7-a3d2-e86e9616f52a.dcm,1.2.840.10008.5.1.4.1.1.7,False,Secondary Capture Image Storage,CR,False,MONOCHROME2,False,8,False,8,False,0,False,,True,,True,,True,,True,,True,,True,,True,,True,,True,,True,,True,,True,,True,,True,,True,,True,,True,,True,WSD,False,01,False,,True,ISO_10918_1,False,,True,,True,,True,1.2.840.10008.1.2.4.50,False,JPEG Baseline (Process 1),unknown_processed_stored_values,False,False,"Pixel Intensity Relationship and Sign are missing. The object is workstation-converted Secondary Capture, which does not establish detector-signal proportionality."
c6357f07-1044-4fd2-89bd-00642ee23feb.png,c6357f07-1044-4fd2-89bd-00642ee23feb.dcm,1.2.840.10008.5.1.4.1.1.7,False,Secondary Capture Image Storage,CR,False,MONOCHROME2,False,8,False,8,False,0,False,,True,,True,,True,,True,,True,,True,,True,,True,,True,,True,,True,,True,,True,,True,,True,,True,,True,,True,WSD,False,01,False,,True,ISO_10918_1,False,,True,,True,,True,1.2.840.10008.1.2.4.50,False,JPEG Baseline (Process 1),unknown_processed_stored_values,False,False,"Pixel Intensity Relationship and Sign are missing. The object is workstation-converted Secondary Capture, which does not establish detector-signal proportionality."
c665b581-f134-41a6-967d-53471fb97f06.png,c665b581-f134-41a6-967d-53471fb97f06.dcm,1.2.840.10008.5.1.4.1.1.7,False,Secondary Capture Image Storage,CR,False,MONOCHROME2,False,8,False,8,False,0,False,,True,,True,,True,,True,,True,,True,,True,,True,,True,,True,,True,,True,,True,,True,,True,,True,,True,,True,WSD,False,01,False,,True,ISO_10918_1,False,,True,,True,,True,1.2.840.10008.1.2.4.50,False,JPEG Baseline (Process 1),unknown_processed_stored_values,False,False,"Pixel Intensity Relationship and Sign are missing. The object is workstation-converted Secondary Capture, which does not establish detector-signal proportionality."
c848c8e3-50ac-4185-8317-e8baecaabc0e.png,c848c8e3-50ac-4185-8317-e8baecaabc0e.dcm,1.2.840.10008.5.1.4.1.1.7,False,Secondary Capture Image Storage,CR,False,MONOCHROME2,False,8,False,8,False,0,False,,True,,True,,True,,True,,True,,True,,True,,True,,True,,True,,True,,True,,True,,True,,True,,True,,True,,True,WSD,False,01,False,,True,ISO_10918_1,False,,True,,True,,True,1.2.840.10008.1.2.4.50,False,JPEG Baseline (Process 1),unknown_processed_stored_values,False,False,"Pixel Intensity Relationship and Sign are missing. The object is workstation-converted Secondary Capture, which does not establish detector-signal proportionality."
c8c34f89-dd1a-48fa-be4b-629860cbfd0b.png,c8c34f89-dd1a-48fa-be4b-629860cbfd0b.dcm,1.2.840.10008.5.1.4.1.1.7,False,Secondary Capture Image Storage,CR,False,MONOCHROME2,False,8,False,8,False,0,False,,True,,True,,True,,True,,True,,True,,True,,True,,True,,True,,True,,True,,True,,True,,True,,True,,True,,True,WSD,False,01,False,,True,ISO_10918_1,False,,True,,True,,True,1.2.840.10008.1.2.4.50,False,JPEG Baseline (Process 1),unknown_processed_stored_values,False,False,"Pixel Intensity Relationship and Sign are missing. The object is workstation-converted Secondary Capture, which does not establish detector-signal proportionality."
c98a5ffc-2fb6-4d3c-9b94-1b20042023f1.png,c98a5ffc-2fb6-4d3c-9b94-1b20042023f1.dcm,1.2.840.10008.5.1.4.1.1.7,False,Secondary Capture Image Storage,CR,False,MONOCHROME2,False,8,False,8,False,0,False,,True,,True,,True,,True,,True,,True,,True,,True,,True,,True,,True,,True,,True,,True,,True,,True,,True,,True,WSD,False,01,False,,True,ISO_10918_1,False,,True,,True,,True,1.2.840.10008.1.2.4.50,False,JPEG Baseline (Process 1),unknown_processed_stored_values,False,False,"Pixel Intensity Relationship and Sign are missing. The object is workstation-converted Secondary Capture, which does not establish detector-signal proportionality."
c9d267da-46b5-4444-934c-8a660b0fe092.png,c9d267da-46b5-4444-934c-8a660b0fe092.dcm,1.2.840.10008.5.1.4.1.1.7,False,Secondary Capture Image Storage,CR,False,MONOCHROME2,False,8,False,8,False,0,False,,True,,True,,True,,True,,True,,True,,True,,True,,True,,True,,True,,True,,True,,True,,True,,True,,True,,True,WSD,False,01,False,,True,ISO_10918_1,False,,True,,True,,True,1.2.840.10008.1.2.4.50,False,JPEG Baseline (Process 1),unknown_processed_stored_values,False,False,"Pixel Intensity Relationship and Sign are missing. The object is workstation-converted Secondary Capture, which does not establish detector-signal proportionality."
ca315c36-fd74-46dd-9307-0524e6b937bb.png,ca315c36-fd74-46dd-9307-0524e6b937bb.dcm,1.2.840.10008.5.1.4.1.1.7,False,Secondary Capture Image Storage,CR,False,MONOCHROME2,False,8,False,8,False,0,False,,True,,True,,True,,True,,True,,True,,True,,True,,True,,True,,True,,True,,True,,True,,True,,True,,True,,True,WSD,False,01,False,,True,ISO_10918_1,False,,True,,True,,True,1.2.840.10008.1.2.4.50,False,JPEG Baseline (Process 1),unknown_processed_stored_values,False,False,"Pixel Intensity Relationship and Sign are missing. The object is workstation-converted Secondary Capture, which does not establish detector-signal proportionality."
ca51b3ac-e223-4a54-aee7-f9081f415f0f.png,ca51b3ac-e223-4a54-aee7-f9081f415f0f.dcm,1.2.840.10008.5.1.4.1.1.7,False,Secondary Capture Image Storage,CR,False,MONOCHROME2,False,8,False,8,False,0,False,,True,,True,,True,,True,,True,,True,,True,,True,,True,,True,,True,,True,,True,,True,,True,,True,,True,,True,WSD,False,01,False,,True,ISO_10918_1,False,,True,,True,,True,1.2.840.10008.1.2.4.50,False,JPEG Baseline (Process 1),unknown_processed_stored_values,False,False,"Pixel Intensity Relationship and Sign are missing. The object is workstation-converted Secondary Capture, which does not establish detector-signal proportionality."
cb99c008-386f-4ea1-9f23-f4990d3628ee.png,cb99c008-386f-4ea1-9f23-f4990d3628ee.dcm,1.2.840.10008.5.1.4.1.1.7,False,Secondary Capture Image Storage,CR,False,MONOCHROME2,False,8,False,8,False,0,False,,True,,True,,True,,True,,True,,True,,True,,True,,True,,True,,True,,True,,True,,True,,True,,True,,True,,True,WSD,False,01,False,,True,ISO_10918_1,False,,True,,True,,True,1.2.840.10008.1.2.4.50,False,JPEG Baseline (Process 1),unknown_processed_stored_values,False,False,"Pixel Intensity Relationship and Sign are missing. The object is workstation-converted Secondary Capture, which does not establish detector-signal proportionality."
cbf8651a-5300-44e6-b1cd-e17333421844.png,cbf8651a-5300-44e6-b1cd-e17333421844.dcm,1.2.840.10008.5.1.4.1.1.7,False,Secondary Capture Image Storage,CR,False,MONOCHROME2,False,8,False,8,False,0,False,,True,,True,,True,,True,,True,,True,,True,,True,,True,,True,,True,,True,,True,,True,,True,,True,,True,,True,WSD,False,01,False,,True,ISO_10918_1,False,,True,,True,,True,1.2.840.10008.1.2.4.50,False,JPEG Baseline (Process 1),unknown_processed_stored_values,False,False,"Pixel Intensity Relationship and Sign are missing. The object is workstation-converted Secondary Capture, which does not establish detector-signal proportionality."
cc00554f-d8eb-46fb-94f1-ddad348bcdf4.png,cc00554f-d8eb-46fb-94f1-ddad348bcdf4.dcm,1.2.840.10008.5.1.4.1.1.7,False,Secondary Capture Image Storage,CR,False,MONOCHROME2,False,8,False,8,False,0,False,,True,,True,,True,,True,,True,,True,,True,,True,,True,,True,,True,,True,,True,,True,,True,,True,,True,,True,WSD,False,01,False,,True,ISO_10918_1,False,,True,,True,,True,1.2.840.10008.1.2.4.50,False,JPEG Baseline (Process 1),unknown_processed_stored_values,False,False,"Pixel Intensity Relationship and Sign are missing. The object is workstation-converted Secondary Capture, which does not establish detector-signal proportionality."
cd5abf04-df76-4139-a26f-0545c5e7ab89.png,cd5abf04-df76-4139-a26f-0545c5e7ab89.dcm,1.2.840.10008.5.1.4.1.1.7,False,Secondary Capture Image Storage,CR,False,MONOCHROME2,False,8,False,8,False,0,False,,True,,True,,True,,True,,True,,True,,True,,True,,True,,True,,True,,True,,True,,True,,True,,True,,True,,True,WSD,False,01,False,,True,ISO_10918_1,False,,True,,True,,True,1.2.840.10008.1.2.4.50,False,JPEG Baseline (Process 1),unknown_processed_stored_values,False,False,"Pixel Intensity Relationship and Sign are missing. The object is workstation-converted Secondary Capture, which does not establish detector-signal proportionality."
ce111d3e-ccce-4d38-a5cf-b31d73e620f1.png,ce111d3e-ccce-4d38-a5cf-b31d73e620f1.dcm,1.2.840.10008.5.1.4.1.1.7,False,Secondary Capture Image Storage,CR,False,MONOCHROME2,False,8,False,8,False,0,False,,True,,True,,True,,True,,True,,True,,True,,True,,True,,True,,True,,True,,True,,True,,True,,True,,True,,True,WSD,False,01,False,,True,ISO_10918_1,False,,True,,True,,True,1.2.840.10008.1.2.4.50,False,JPEG Baseline (Process 1),unknown_processed_stored_values,False,False,"Pixel Intensity Relationship and Sign are missing. The object is workstation-converted Secondary Capture, which does not establish detector-signal proportionality."
cf4fe47f-62a2-4b8a-96ce-8a30296f5a7f.png,cf4fe47f-62a2-4b8a-96ce-8a30296f5a7f.dcm,1.2.840.10008.5.1.4.1.1.7,False,Secondary Capture Image Storage,CR,False,MONOCHROME2,False,8,False,8,False,0,False,,True,,True,,True,,True,,True,,True,,True,,True,,True,,True,,True,,True,,True,,True,,True,,True,,True,,True,WSD,False,01,False,,True,ISO_10918_1,False,,True,,True,,True,1.2.840.10008.1.2.4.50,False,JPEG Baseline (Process 1),unknown_processed_stored_values,False,False,"Pixel Intensity Relationship and Sign are missing. The object is workstation-converted Secondary Capture, which does not establish detector-signal proportionality."
d091c2c7-82d9-4f8c-a820-7a1a08257213.png,d091c2c7-82d9-4f8c-a820-7a1a08257213.dcm,1.2.840.10008.5.1.4.1.1.7,False,Secondary Capture Image Storage,CR,False,MONOCHROME2,False,8,False,8,False,0,False,,True,,True,,True,,True,,True,,True,,True,,True,,True,,True,,True,,True,,True,,True,,True,,True,,True,,True,WSD,False,01,False,,True,ISO_10918_1,False,,True,,True,,True,1.2.840.10008.1.2.4.50,False,JPEG Baseline (Process 1),unknown_processed_stored_values,False,False,"Pixel Intensity Relationship and Sign are missing. The object is workstation-converted Secondary Capture, which does not establish detector-signal proportionality."
d1d44bdf-8be1-463a-8b92-4f566675d43d.png,d1d44bdf-8be1-463a-8b92-4f566675d43d.dcm,1.2.840.10008.5.1.4.1.1.7,False,Secondary Capture Image Storage,CR,False,MONOCHROME2,False,8,False,8,False,0,False,,True,,True,,True,,True,,True,,True,,True,,True,,True,,True,,True,,True,,True,,True,,True,,True,,True,,True,WSD,False,01,False,,True,ISO_10918_1,False,,True,,True,,True,1.2.840.10008.1.2.4.50,False,JPEG Baseline (Process 1),unknown_processed_stored_values,False,False,"Pixel Intensity Relationship and Sign are missing. The object is workstation-converted Secondary Capture, which does not establish detector-signal proportionality."
d2022d4e-4224-4aac-ac5e-01ab4bd3792b.png,d2022d4e-4224-4aac-ac5e-01ab4bd3792b.dcm,1.2.840.10008.5.1.4.1.1.7,False,Secondary Capture Image Storage,CR,False,MONOCHROME2,False,8,False,8,False,0,False,,True,,True,,True,,True,,True,,True,,True,,True,,True,,True,,True,,True,,True,,True,,True,,True,,True,,True,WSD,False,01,False,,True,ISO_10918_1,False,,True,,True,,True,1.2.840.10008.1.2.4.50,False,JPEG Baseline (Process 1),unknown_processed_stored_values,False,False,"Pixel Intensity Relationship and Sign are missing. The object is workstation-converted Secondary Capture, which does not establish detector-signal proportionality."
d45d9d5c-b073-4ba2-816f-debf668b5d5b.png,d45d9d5c-b073-4ba2-816f-debf668b5d5b.dcm,1.2.840.10008.5.1.4.1.1.7,False,Secondary Capture Image Storage,CR,False,MONOCHROME2,False,8,False,8,False,0,False,,True,,True,,True,,True,,True,,True,,True,,True,,True,,True,,True,,True,,True,,True,,True,,True,,True,,True,WSD,False,01,False,,True,ISO_10918_1,False,,True,,True,,True,1.2.840.10008.1.2.4.50,False,JPEG Baseline (Process 1),unknown_processed_stored_values,False,False,"Pixel Intensity Relationship and Sign are missing. The object is workstation-converted Secondary Capture, which does not establish detector-signal proportionality."
d4a1e300-9173-4d57-aaa5-9622e6b6045b.png,d4a1e300-9173-4d57-aaa5-9622e6b6045b.dcm,1.2.840.10008.5.1.4.1.1.7,False,Secondary Capture Image Storage,CR,False,MONOCHROME2,False,8,False,8,False,0,False,,True,,True,,True,,True,,True,,True,,True,,True,,True,,True,,True,,True,,True,,True,,True,,True,,True,,True,WSD,False,01,False,,True,ISO_10918_1,False,,True,,True,,True,1.2.840.10008.1.2.4.50,False,JPEG Baseline (Process 1),unknown_processed_stored_values,False,False,"Pixel Intensity Relationship and Sign are missing. The object is workstation-converted Secondary Capture, which does not establish detector-signal proportionality."
d6b4db74-32ef-41c1-a949-f18dbafaa40b.png,d6b4db74-32ef-41c1-a949-f18dbafaa40b.dcm,1.2.840.10008.5.1.4.1.1.7,False,Secondary Capture Image Storage,CR,False,MONOCHROME2,False,8,False,8,False,0,False,,True,,True,,True,,True,,True,,True,,True,,True,,True,,True,,True,,True,,True,,True,,True,,True,,True,,True,WSD,False,01,False,,True,ISO_10918_1,False,,True,,True,,True,1.2.840.10008.1.2.4.50,False,JPEG Baseline (Process 1),unknown_processed_stored_values,False,False,"Pixel Intensity Relationship and Sign are missing. The object is workstation-converted Secondary Capture, which does not establish detector-signal proportionality."
d71604a3-0d68-43cd-9a22-44b4202537f6.png,d71604a3-0d68-43cd-9a22-44b4202537f6.dcm,1.2.840.10008.5.1.4.1.1.7,False,Secondary Capture Image Storage,CR,False,MONOCHROME2,False,8,False,8,False,0,False,,True,,True,,True,,True,,True,,True,,True,,True,,True,,True,,True,,True,,True,,True,,True,,True,,True,,True,WSD,False,01,False,,True,ISO_10918_1,False,,True,,True,,True,1.2.840.10008.1.2.4.50,False,JPEG Baseline (Process 1),unknown_processed_stored_values,False,False,"Pixel Intensity Relationship and Sign are missing. The object is workstation-converted Secondary Capture, which does not establish detector-signal proportionality."
d71abc0d-aaa8-4226-afc0-fc059b6d6a9f.png,d71abc0d-aaa8-4226-afc0-fc059b6d6a9f.dcm,1.2.840.10008.5.1.4.1.1.7,False,Secondary Capture Image Storage,CR,False,MONOCHROME2,False,8,False,8,False,0,False,,True,,True,,True,,True,,True,,True,,True,,True,,True,,True,,True,,True,,True,,True,,True,,True,,True,,True,WSD,False,01,False,,True,ISO_10918_1,False,,True,,True,,True,1.2.840.10008.1.2.4.50,False,JPEG Baseline (Process 1),unknown_processed_stored_values,False,False,"Pixel Intensity Relationship and Sign are missing. The object is workstation-converted Secondary Capture, which does not establish detector-signal proportionality."
d7be9c7e-065e-4e4d-9b9e-766a931eec7f.png,d7be9c7e-065e-4e4d-9b9e-766a931eec7f.dcm,1.2.840.10008.5.1.4.1.1.7,False,Secondary Capture Image Storage,CR,False,MONOCHROME2,False,8,False,8,False,0,False,,True,,True,,True,,True,,True,,True,,True,,True,,True,,True,,True,,True,,True,,True,,True,,True,,True,,True,WSD,False,01,False,,True,ISO_10918_1,False,,True,,True,,True,1.2.840.10008.1.2.4.50,False,JPEG Baseline (Process 1),unknown_processed_stored_values,False,False,"Pixel Intensity Relationship and Sign are missing. The object is workstation-converted Secondary Capture, which does not establish detector-signal proportionality."
d8bc314b-c04f-49c6-8011-d857faab050d.png,d8bc314b-c04f-49c6-8011-d857faab050d.dcm,1.2.840.10008.5.1.4.1.1.7,False,Secondary Capture Image Storage,CR,False,MONOCHROME2,False,8,False,8,False,0,False,,True,,True,,True,,True,,True,,True,,True,,True,,True,,True,,True,,True,,True,,True,,True,,True,,True,,True,WSD,False,01,False,,True,ISO_10918_1,False,,True,,True,,True,1.2.840.10008.1.2.4.50,False,JPEG Baseline (Process 1),unknown_processed_stored_values,False,False,"Pixel Intensity Relationship and Sign are missing. The object is workstation-converted Secondary Capture, which does not establish detector-signal proportionality."
d8cf8e37-9ba7-47ea-9e78-0c635e550583.png,d8cf8e37-9ba7-47ea-9e78-0c635e550583.dcm,1.2.840.10008.5.1.4.1.1.7,False,Secondary Capture Image Storage,CR,False,MONOCHROME2,False,8,False,8,False,0,False,,True,,True,,True,,True,,True,,True,,True,,True,,True,,True,,True,,True,,True,,True,,True,,True,,True,,True,WSD,False,01,False,,True,ISO_10918_1,False,,True,,True,,True,1.2.840.10008.1.2.4.50,False,JPEG Baseline (Process 1),unknown_processed_stored_values,False,False,"Pixel Intensity Relationship and Sign are missing. The object is workstation-converted Secondary Capture, which does not establish detector-signal proportionality."
d8ebd2aa-c8b9-44cb-bb8e-32e03b355c55.png,d8ebd2aa-c8b9-44cb-bb8e-32e03b355c55.dcm,1.2.840.10008.5.1.4.1.1.7,False,Secondary Capture Image Storage,CR,False,MONOCHROME2,False,8,False,8,False,0,False,,True,,True,,True,,True,,True,,True,,True,,True,,True,,True,,True,,True,,True,,True,,True,,True,,True,,True,WSD,False,01,False,,True,ISO_10918_1,False,,True,,True,,True,1.2.840.10008.1.2.4.50,False,JPEG Baseline (Process 1),unknown_processed_stored_values,False,False,"Pixel Intensity Relationship and Sign are missing. The object is workstation-converted Secondary Capture, which does not establish detector-signal proportionality."
d8eef56d-84fa-4aa9-8762-9b76e5ad3e90.png,d8eef56d-84fa-4aa9-8762-9b76e5ad3e90.dcm,1.2.840.10008.5.1.4.1.1.7,False,Secondary Capture Image Storage,CR,False,MONOCHROME2,False,8,False,8,False,0,False,,True,,True,,True,,True,,True,,True,,True,,True,,True,,True,,True,,True,,True,,True,,True,,True,,True,,True,WSD,False,01,False,,True,ISO_10918_1,False,,True,,True,,True,1.2.840.10008.1.2.4.50,False,JPEG Baseline (Process 1),unknown_processed_stored_values,False,False,"Pixel Intensity Relationship and Sign are missing. The object is workstation-converted Secondary Capture, which does not establish detector-signal proportionality."
d91e72af-33eb-41d5-aeb9-90ccd0b4145b.png,d91e72af-33eb-41d5-aeb9-90ccd0b4145b.dcm,1.2.840.10008.5.1.4.1.1.7,False,Secondary Capture Image Storage,CR,False,MONOCHROME2,False,8,False,8,False,0,False,,True,,True,,True,,True,,True,,True,,True,,True,,True,,True,,True,,True,,True,,True,,True,,True,,True,,True,WSD,False,01,False,,True,ISO_10918_1,False,,True,,True,,True,1.2.840.10008.1.2.4.50,False,JPEG Baseline (Process 1),unknown_processed_stored_values,False,False,"Pixel Intensity Relationship and Sign are missing. The object is workstation-converted Secondary Capture, which does not establish detector-signal proportionality."
db798a1e-84b8-43ff-b4d5-990470c2579d.png,db798a1e-84b8-43ff-b4d5-990470c2579d.dcm,1.2.840.10008.5.1.4.1.1.7,False,Secondary Capture Image Storage,CR,False,MONOCHROME2,False,8,False,8,False,0,False,,True,,True,,True,,True,,True,,True,,True,,True,,True,,True,,True,,True,,True,,True,,True,,True,,True,,True,WSD,False,01,False,,True,ISO_10918_1,False,,True,,True,,True,1.2.840.10008.1.2.4.50,False,JPEG Baseline (Process 1),unknown_processed_stored_values,False,False,"Pixel Intensity Relationship and Sign are missing. The object is workstation-converted Secondary Capture, which does not establish detector-signal proportionality."
dbfc2da5-fc7e-431d-b05d-9a0b580c357f.png,dbfc2da5-fc7e-431d-b05d-9a0b580c357f.dcm,1.2.840.10008.5.1.4.1.1.7,False,Secondary Capture Image Storage,CR,False,MONOCHROME2,False,8,False,8,False,0,False,,True,,True,,True,,True,,True,,True,,True,,True,,True,,True,,True,,True,,True,,True,,True,,True,,True,,True,WSD,False,01,False,,True,ISO_10918_1,False,,True,,True,,True,1.2.840.10008.1.2.4.50,False,JPEG Baseline (Process 1),unknown_processed_stored_values,False,False,"Pixel Intensity Relationship and Sign are missing. The object is workstation-converted Secondary Capture, which does not establish detector-signal proportionality."
dc8880f7-83f3-423d-bb9d-00902e4d9edd.png,dc8880f7-83f3-423d-bb9d-00902e4d9edd.dcm,1.2.840.10008.5.1.4.1.1.7,False,Secondary Capture Image Storage,CR,False,MONOCHROME2,False,8,False,8,False,0,False,,True,,True,,True,,True,,True,,True,,True,,True,,True,,True,,True,,True,,True,,True,,True,,True,,True,,True,WSD,False,01,False,,True,ISO_10918_1,False,,True,,True,,True,1.2.840.10008.1.2.4.50,False,JPEG Baseline (Process 1),unknown_processed_stored_values,False,False,"Pixel Intensity Relationship and Sign are missing. The object is workstation-converted Secondary Capture, which does not establish detector-signal proportionality."
ddd1dc87-9c71-4728-b4a1-2c28d2e4fd8a.png,ddd1dc87-9c71-4728-b4a1-2c28d2e4fd8a.dcm,1.2.840.10008.5.1.4.1.1.7,False,Secondary Capture Image Storage,CR,False,MONOCHROME2,False,8,False,8,False,0,False,,True,,True,,True,,True,,True,,True,,True,,True,,True,,True,,True,,True,,True,,True,,True,,True,,True,,True,WSD,False,01,False,,True,ISO_10918_1,False,,True,,True,,True,1.2.840.10008.1.2.4.50,False,JPEG Baseline (Process 1),unknown_processed_stored_values,False,False,"Pixel Intensity Relationship and Sign are missing. The object is workstation-converted Secondary Capture, which does not establish detector-signal proportionality."
de5cd980-fe4d-4271-984c-3ab285efcb48.png,de5cd980-fe4d-4271-984c-3ab285efcb48.dcm,1.2.840.10008.5.1.4.1.1.7,False,Secondary Capture Image Storage,CR,False,MONOCHROME2,False,8,False,8,False,0,False,,True,,True,,True,,True,,True,,True,,True,,True,,True,,True,,True,,True,,True,,True,,True,,True,,True,,True,WSD,False,01,False,,True,ISO_10918_1,False,,True,,True,,True,1.2.840.10008.1.2.4.50,False,JPEG Baseline (Process 1),unknown_processed_stored_values,False,False,"Pixel Intensity Relationship and Sign are missing. The object is workstation-converted Secondary Capture, which does not establish detector-signal proportionality."
deaae7be-2b07-466b-a820-c59f4c9dec03.png,deaae7be-2b07-466b-a820-c59f4c9dec03.dcm,1.2.840.10008.5.1.4.1.1.7,False,Secondary Capture Image Storage,CR,False,MONOCHROME2,False,8,False,8,False,0,False,,True,,True,,True,,True,,True,,True,,True,,True,,True,,True,,True,,True,,True,,True,,True,,True,,True,,True,WSD,False,01,False,,True,ISO_10918_1,False,,True,,True,,True,1.2.840.10008.1.2.4.50,False,JPEG Baseline (Process 1),unknown_processed_stored_values,False,False,"Pixel Intensity Relationship and Sign are missing. The object is workstation-converted Secondary Capture, which does not establish detector-signal proportionality."
df01aec8-b41f-4319-b9a9-5482bb83013b.png,df01aec8-b41f-4319-b9a9-5482bb83013b.dcm,1.2.840.10008.5.1.4.1.1.7,False,Secondary Capture Image Storage,CR,False,MONOCHROME2,False,8,False,8,False,0,False,,True,,True,,True,,True,,True,,True,,True,,True,,True,,True,,True,,True,,True,,True,,True,,True,,True,,True,WSD,False,01,False,,True,ISO_10918_1,False,,True,,True,,True,1.2.840.10008.1.2.4.50,False,JPEG Baseline (Process 1),unknown_processed_stored_values,False,False,"Pixel Intensity Relationship and Sign are missing. The object is workstation-converted Secondary Capture, which does not establish detector-signal proportionality."
df2d185c-9107-44ad-ad65-cde2a7a8991b.png,df2d185c-9107-44ad-ad65-cde2a7a8991b.dcm,1.2.840.10008.5.1.4.1.1.7,False,Secondary Capture Image Storage,CR,False,MONOCHROME2,False,8,False,8,False,0,False,,True,,True,,True,,True,,True,,True,,True,,True,,True,,True,,True,,True,,True,,True,,True,,True,,True,,True,WSD,False,01,False,,True,ISO_10918_1,False,,True,,True,,True,1.2.840.10008.1.2.4.50,False,JPEG Baseline (Process 1),unknown_processed_stored_values,False,False,"Pixel Intensity Relationship and Sign are missing. The object is workstation-converted Secondary Capture, which does not establish detector-signal proportionality."
e0227184-955d-4bfd-8eeb-0bc0b2a21a66.png,e0227184-955d-4bfd-8eeb-0bc0b2a21a66.dcm,1.2.840.10008.5.1.4.1.1.7,False,Secondary Capture Image Storage,CR,False,MONOCHROME2,False,8,False,8,False,0,False,,True,,True,,True,,True,,True,,True,,True,,True,,True,,True,,True,,True,,True,,True,,True,,True,,True,,True,WSD,False,01,False,,True,ISO_10918_1,False,,True,,True,,True,1.2.840.10008.1.2.4.50,False,JPEG Baseline (Process 1),unknown_processed_stored_values,False,False,"Pixel Intensity Relationship and Sign are missing. The object is workstation-converted Secondary Capture, which does not establish detector-signal proportionality."
e128a2e8-6f9f-4615-8752-4be9eb2eaa14.png,e128a2e8-6f9f-4615-8752-4be9eb2eaa14.dcm,1.2.840.10008.5.1.4.1.1.7,False,Secondary Capture Image Storage,CR,False,MONOCHROME2,False,8,False,8,False,0,False,,True,,True,,True,,True,,True,,True,,True,,True,,True,,True,,True,,True,,True,,True,,True,,True,,True,,True,WSD,False,01,False,,True,ISO_10918_1,False,,True,,True,,True,1.2.840.10008.1.2.4.50,False,JPEG Baseline (Process 1),unknown_processed_stored_values,False,False,"Pixel Intensity Relationship and Sign are missing. The object is workstation-converted Secondary Capture, which does not establish detector-signal proportionality."
e19ef382-08cd-49ba-ab98-4f8c1527bb08.png,e19ef382-08cd-49ba-ab98-4f8c1527bb08.dcm,1.2.840.10008.5.1.4.1.1.7,False,Secondary Capture Image Storage,CR,False,MONOCHROME2,False,8,False,8,False,0,False,,True,,True,,True,,True,,True,,True,,True,,True,,True,,True,,True,,True,,True,,True,,True,,True,,True,,True,WSD,False,01,False,,True,ISO_10918_1,False,,True,,True,,True,1.2.840.10008.1.2.4.50,False,JPEG Baseline (Process 1),unknown_processed_stored_values,False,False,"Pixel Intensity Relationship and Sign are missing. The object is workstation-converted Secondary Capture, which does not establish detector-signal proportionality."
e27c61ea-5502-4033-8c74-a700de56eea4.png,e27c61ea-5502-4033-8c74-a700de56eea4.dcm,1.2.840.10008.5.1.4.1.1.7,False,Secondary Capture Image Storage,CR,False,MONOCHROME2,False,8,False,8,False,0,False,,True,,True,,True,,True,,True,,True,,True,,True,,True,,True,,True,,True,,True,,True,,True,,True,,True,,True,WSD,False,01,False,,True,ISO_10918_1,False,,True,,True,,True,1.2.840.10008.1.2.4.50,False,JPEG Baseline (Process 1),unknown_processed_stored_values,False,False,"Pixel Intensity Relationship and Sign are missing. The object is workstation-converted Secondary Capture, which does not establish detector-signal proportionality."
e45651e0-05ab-4d25-b876-cb84ec5af1aa.png,e45651e0-05ab-4d25-b876-cb84ec5af1aa.dcm,1.2.840.10008.5.1.4.1.1.7,False,Secondary Capture Image Storage,CR,False,MONOCHROME2,False,8,False,8,False,0,False,,True,,True,,True,,True,,True,,True,,True,,True,,True,,True,,True,,True,,True,,True,,True,,True,,True,,True,WSD,False,01,False,,True,ISO_10918_1,False,,True,,True,,True,1.2.840.10008.1.2.4.50,False,JPEG Baseline (Process 1),unknown_processed_stored_values,False,False,"Pixel Intensity Relationship and Sign are missing. The object is workstation-converted Secondary Capture, which does not establish detector-signal proportionality."
e4953ef6-48c4-4aee-b6e8-57baa785b8a2.png,e4953ef6-48c4-4aee-b6e8-57baa785b8a2.dcm,1.2.840.10008.5.1.4.1.1.7,False,Secondary Capture Image Storage,CR,False,MONOCHROME2,False,8,False,8,False,0,False,,True,,True,,True,,True,,True,,True,,True,,True,,True,,True,,True,,True,,True,,True,,True,,True,,True,,True,WSD,False,01,False,,True,ISO_10918_1,False,,True,,True,,True,1.2.840.10008.1.2.4.50,False,JPEG Baseline (Process 1),unknown_processed_stored_values,False,False,"Pixel Intensity Relationship and Sign are missing. The object is workstation-converted Secondary Capture, which does not establish detector-signal proportionality."
e4a25524-a786-4297-9bf5-40a13a357e4a.png,e4a25524-a786-4297-9bf5-40a13a357e4a.dcm,1.2.840.10008.5.1.4.1.1.7,False,Secondary Capture Image Storage,CR,False,MONOCHROME2,False,8,False,8,False,0,False,,True,,True,,True,,True,,True,,True,,True,,True,,True,,True,,True,,True,,True,,True,,True,,True,,True,,True,WSD,False,01,False,,True,ISO_10918_1,False,,True,,True,,True,1.2.840.10008.1.2.4.50,False,JPEG Baseline (Process 1),unknown_processed_stored_values,False,False,"Pixel Intensity Relationship and Sign are missing. The object is workstation-converted Secondary Capture, which does not establish detector-signal proportionality."
e5f5d529-7f51-40a6-9301-0b6ed0cfa941.png,e5f5d529-7f51-40a6-9301-0b6ed0cfa941.dcm,1.2.840.10008.5.1.4.1.1.7,False,Secondary Capture Image Storage,CR,False,MONOCHROME2,False,8,False,8,False,0,False,,True,,True,,True,,True,,True,,True,,True,,True,,True,,True,,True,,True,,True,,True,,True,,True,,True,,True,WSD,False,01,False,,True,ISO_10918_1,False,,True,,True,,True,1.2.840.10008.1.2.4.50,False,JPEG Baseline (Process 1),unknown_processed_stored_values,False,False,"Pixel Intensity Relationship and Sign are missing. The object is workstation-converted Secondary Capture, which does not establish detector-signal proportionality."
e5ffd138-39af-4e75-a79f-3531f2ff1b9e.png,e5ffd138-39af-4e75-a79f-3531f2ff1b9e.dcm,1.2.840.10008.5.1.4.1.1.7,False,Secondary Capture Image Storage,CR,False,MONOCHROME2,False,8,False,8,False,0,False,,True,,True,,True,,True,,True,,True,,True,,True,,True,,True,,True,,True,,True,,True,,True,,True,,True,,True,WSD,False,01,False,,True,ISO_10918_1,False,,True,,True,,True,1.2.840.10008.1.2.4.50,False,JPEG Baseline (Process 1),unknown_processed_stored_values,False,False,"Pixel Intensity Relationship and Sign are missing. The object is workstation-converted Secondary Capture, which does not establish detector-signal proportionality."
e618c522-e95e-4393-8a5f-660fbad5f818.png,e618c522-e95e-4393-8a5f-660fbad5f818.dcm,1.2.840.10008.5.1.4.1.1.7,False,Secondary Capture Image Storage,CR,False,MONOCHROME2,False,8,False,8,False,0,False,,True,,True,,True,,True,,True,,True,,True,,True,,True,,True,,True,,True,,True,,True,,True,,True,,True,,True,WSD,False,01,False,,True,ISO_10918_1,False,,True,,True,,True,1.2.840.10008.1.2.4.50,False,JPEG Baseline (Process 1),unknown_processed_stored_values,False,False,"Pixel Intensity Relationship and Sign are missing. The object is workstation-converted Secondary Capture, which does not establish detector-signal proportionality."
e6295ee0-bb33-49e3-9376-8b78f5a3fc52.png,e6295ee0-bb33-49e3-9376-8b78f5a3fc52.dcm,1.2.840.10008.5.1.4.1.1.7,False,Secondary Capture Image Storage,CR,False,MONOCHROME2,False,8,False,8,False,0,False,,True,,True,,True,,True,,True,,True,,True,,True,,True,,True,,True,,True,,True,,True,,True,,True,,True,,True,WSD,False,01,False,,True,ISO_10918_1,False,,True,,True,,True,1.2.840.10008.1.2.4.50,False,JPEG Baseline (Process 1),unknown_processed_stored_values,False,False,"Pixel Intensity Relationship and Sign are missing. The object is workstation-converted Secondary Capture, which does not establish detector-signal proportionality."
e6479fef-f10e-4fed-b880-ee938b804fc8.png,e6479fef-f10e-4fed-b880-ee938b804fc8.dcm,1.2.840.10008.5.1.4.1.1.7,False,Secondary Capture Image Storage,CR,False,MONOCHROME2,False,8,False,8,False,0,False,,True,,True,,True,,True,,True,,True,,True,,True,,True,,True,,True,,True,,True,,True,,True,,True,,True,,True,WSD,False,01,False,,True,ISO_10918_1,False,,True,,True,,True,1.2.840.10008.1.2.4.50,False,JPEG Baseline (Process 1),unknown_processed_stored_values,False,False,"Pixel Intensity Relationship and Sign are missing. The object is workstation-converted Secondary Capture, which does not establish detector-signal proportionality."
e6f88624-0bdb-40c3-9a36-7abe982a65c5.png,e6f88624-0bdb-40c3-9a36-7abe982a65c5.dcm,1.2.840.10008.5.1.4.1.1.7,False,Secondary Capture Image Storage,CR,False,MONOCHROME2,False,8,False,8,False,0,False,,True,,True,,True,,True,,True,,True,,True,,True,,True,,True,,True,,True,,True,,True,,True,,True,,True,,True,WSD,False,01,False,,True,ISO_10918_1,False,,True,,True,,True,1.2.840.10008.1.2.4.50,False,JPEG Baseline (Process 1),unknown_processed_stored_values,False,False,"Pixel Intensity Relationship and Sign are missing. The object is workstation-converted Secondary Capture, which does not establish detector-signal proportionality."
e94e7c9c-c9ab-450d-847b-15966a4cba81.png,e94e7c9c-c9ab-450d-847b-15966a4cba81.dcm,1.2.840.10008.5.1.4.1.1.7,False,Secondary Capture Image Storage,CR,False,MONOCHROME2,False,8,False,8,False,0,False,,True,,True,,True,,True,,True,,True,,True,,True,,True,,True,,True,,True,,True,,True,,True,,True,,True,,True,WSD,False,01,False,,True,ISO_10918_1,False,,True,,True,,True,1.2.840.10008.1.2.4.50,False,JPEG Baseline (Process 1),unknown_processed_stored_values,False,False,"Pixel Intensity Relationship and Sign are missing. The object is workstation-converted Secondary Capture, which does not establish detector-signal proportionality."
eb4e6b74-352a-4631-9456-d848c2232440.png,eb4e6b74-352a-4631-9456-d848c2232440.dcm,1.2.840.10008.5.1.4.1.1.7,False,Secondary Capture Image Storage,CR,False,MONOCHROME2,False,8,False,8,False,0,False,,True,,True,,True,,True,,True,,True,,True,,True,,True,,True,,True,,True,,True,,True,,True,,True,,True,,True,WSD,False,01,False,,True,ISO_10918_1,False,,True,,True,,True,1.2.840.10008.1.2.4.50,False,JPEG Baseline (Process 1),unknown_processed_stored_values,False,False,"Pixel Intensity Relationship and Sign are missing. The object is workstation-converted Secondary Capture, which does not establish detector-signal proportionality."
eb82b8a8-8710-4364-bb9b-8dcfe0edf813.png,eb82b8a8-8710-4364-bb9b-8dcfe0edf813.dcm,1.2.840.10008.5.1.4.1.1.7,False,Secondary Capture Image Storage,CR,False,MONOCHROME2,False,8,False,8,False,0,False,,True,,True,,True,,True,,True,,True,,True,,True,,True,,True,,True,,True,,True,,True,,True,,True,,True,,True,WSD,False,01,False,,True,ISO_10918_1,False,,True,,True,,True,1.2.840.10008.1.2.4.50,False,JPEG Baseline (Process 1),unknown_processed_stored_values,False,False,"Pixel Intensity Relationship and Sign are missing. The object is workstation-converted Secondary Capture, which does not establish detector-signal proportionality."
ebd9a666-b3ff-407c-9d50-9af3a285304f.png,ebd9a666-b3ff-407c-9d50-9af3a285304f.dcm,1.2.840.10008.5.1.4.1.1.7,False,Secondary Capture Image Storage,CR,False,MONOCHROME2,False,8,False,8,False,0,False,,True,,True,,True,,True,,True,,True,,True,,True,,True,,True,,True,,True,,True,,True,,True,,True,,True,,True,WSD,False,01,False,,True,ISO_10918_1,False,,True,,True,,True,1.2.840.10008.1.2.4.50,False,JPEG Baseline (Process 1),unknown_processed_stored_values,False,False,"Pixel Intensity Relationship and Sign are missing. The object is workstation-converted Secondary Capture, which does not establish detector-signal proportionality."
ebf2bdff-9e1a-4365-9010-738d58b62944.png,ebf2bdff-9e1a-4365-9010-738d58b62944.dcm,1.2.840.10008.5.1.4.1.1.7,False,Secondary Capture Image Storage,CR,False,MONOCHROME2,False,8,False,8,False,0,False,,True,,True,,True,,True,,True,,True,,True,,True,,True,,True,,True,,True,,True,,True,,True,,True,,True,,True,WSD,False,01,False,,True,ISO_10918_1,False,,True,,True,,True,1.2.840.10008.1.2.4.50,False,JPEG Baseline (Process 1),unknown_processed_stored_values,False,False,"Pixel Intensity Relationship and Sign are missing. The object is workstation-converted Secondary Capture, which does not establish detector-signal proportionality."
ec1aec71-ffe4-450d-bcf4-7b4fc52d31d5.png,ec1aec71-ffe4-450d-bcf4-7b4fc52d31d5.dcm,1.2.840.10008.5.1.4.1.1.7,False,Secondary Capture Image Storage,CR,False,MONOCHROME2,False,8,False,8,False,0,False,,True,,True,,True,,True,,True,,True,,True,,True,,True,,True,,True,,True,,True,,True,,True,,True,,True,,True,WSD,False,01,False,,True,ISO_10918_1,False,,True,,True,,True,1.2.840.10008.1.2.4.50,False,JPEG Baseline (Process 1),unknown_processed_stored_values,False,False,"Pixel Intensity Relationship and Sign are missing. The object is workstation-converted Secondary Capture, which does not establish detector-signal proportionality."
ec4126de-1712-4507-8ed1-59662058375b.png,ec4126de-1712-4507-8ed1-59662058375b.dcm,1.2.840.10008.5.1.4.1.1.7,False,Secondary Capture Image Storage,CR,False,MONOCHROME2,False,8,False,8,False,0,False,,True,,True,,True,,True,,True,,True,,True,,True,,True,,True,,True,,True,,True,,True,,True,,True,,True,,True,WSD,False,01,False,,True,ISO_10918_1,False,,True,,True,,True,1.2.840.10008.1.2.4.50,False,JPEG Baseline (Process 1),unknown_processed_stored_values,False,False,"Pixel Intensity Relationship and Sign are missing. The object is workstation-converted Secondary Capture, which does not establish detector-signal proportionality."
ec8ab6f6-b08d-4768-86a1-07367371a0f4.png,ec8ab6f6-b08d-4768-86a1-07367371a0f4.dcm,1.2.840.10008.5.1.4.1.1.7,False,Secondary Capture Image Storage,CR,False,MONOCHROME2,False,8,False,8,False,0,False,,True,,True,,True,,True,,True,,True,,True,,True,,True,,True,,True,,True,,True,,True,,True,,True,,True,,True,WSD,False,01,False,,True,ISO_10918_1,False,,True,,True,,True,1.2.840.10008.1.2.4.50,False,JPEG Baseline (Process 1),unknown_processed_stored_values,False,False,"Pixel Intensity Relationship and Sign are missing. The object is workstation-converted Secondary Capture, which does not establish detector-signal proportionality."
ece9ecd0-64b4-4672-b0af-96d0a147b3cd.png,ece9ecd0-64b4-4672-b0af-96d0a147b3cd.dcm,1.2.840.10008.5.1.4.1.1.7,False,Secondary Capture Image Storage,CR,False,MONOCHROME2,False,8,False,8,False,0,False,,True,,True,,True,,True,,True,,True,,True,,True,,True,,True,,True,,True,,True,,True,,True,,True,,True,,True,WSD,False,01,False,,True,ISO_10918_1,False,,True,,True,,True,1.2.840.10008.1.2.4.50,False,JPEG Baseline (Process 1),unknown_processed_stored_values,False,False,"Pixel Intensity Relationship and Sign are missing. The object is workstation-converted Secondary Capture, which does not establish detector-signal proportionality."
ef3dc9f3-7424-416a-9db3-8fcf81578fec.png,ef3dc9f3-7424-416a-9db3-8fcf81578fec.dcm,1.2.840.10008.5.1.4.1.1.7,False,Secondary Capture Image Storage,CR,False,MONOCHROME2,False,8,False,8,False,0,False,,True,,True,,True,,True,,True,,True,,True,,True,,True,,True,,True,,True,,True,,True,,True,,True,,True,,True,WSD,False,01,False,,True,ISO_10918_1,False,,True,,True,,True,1.2.840.10008.1.2.4.50,False,JPEG Baseline (Process 1),unknown_processed_stored_values,False,False,"Pixel Intensity Relationship and Sign are missing. The object is workstation-converted Secondary Capture, which does not establish detector-signal proportionality."
ef43783d-1395-4050-af17-8af3a9553153.png,ef43783d-1395-4050-af17-8af3a9553153.dcm,1.2.840.10008.5.1.4.1.1.7,False,Secondary Capture Image Storage,CR,False,MONOCHROME2,False,8,False,8,False,0,False,,True,,True,,True,,True,,True,,True,,True,,True,,True,,True,,True,,True,,True,,True,,True,,True,,True,,True,WSD,False,01,False,,True,ISO_10918_1,False,,True,,True,,True,1.2.840.10008.1.2.4.50,False,JPEG Baseline (Process 1),unknown_processed_stored_values,False,False,"Pixel Intensity Relationship and Sign are missing. The object is workstation-converted Secondary Capture, which does not establish detector-signal proportionality."
f1cd74f1-90d8-419b-af77-6767c596219c.png,f1cd74f1-90d8-419b-af77-6767c596219c.dcm,1.2.840.10008.5.1.4.1.1.7,False,Secondary Capture Image Storage,CR,False,MONOCHROME2,False,8,False,8,False,0,False,,True,,True,,True,,True,,True,,True,,True,,True,,True,,True,,True,,True,,True,,True,,True,,True,,True,,True,WSD,False,01,False,,True,ISO_10918_1,False,,True,,True,,True,1.2.840.10008.1.2.4.50,False,JPEG Baseline (Process 1),unknown_processed_stored_values,False,False,"Pixel Intensity Relationship and Sign are missing. The object is workstation-converted Secondary Capture, which does not establish detector-signal proportionality."
f20fb2cf-282b-4a1f-ba69-32ce305c0c48.png,f20fb2cf-282b-4a1f-ba69-32ce305c0c48.dcm,1.2.840.10008.5.1.4.1.1.7,False,Secondary Capture Image Storage,CR,False,MONOCHROME2,False,8,False,8,False,0,False,,True,,True,,True,,True,,True,,True,,True,,True,,True,,True,,True,,True,,True,,True,,True,,True,,True,,True,WSD,False,01,False,,True,ISO_10918_1,False,,True,,True,,True,1.2.840.10008.1.2.4.50,False,JPEG Baseline (Process 1),unknown_processed_stored_values,False,False,"Pixel Intensity Relationship and Sign are missing. The object is workstation-converted Secondary Capture, which does not establish detector-signal proportionality."
f28c48aa-fafd-4e82-b73c-32e5c660f0ed.png,f28c48aa-fafd-4e82-b73c-32e5c660f0ed.dcm,1.2.840.10008.5.1.4.1.1.7,False,Secondary Capture Image Storage,CR,False,MONOCHROME2,False,8,False,8,False,0,False,,True,,True,,True,,True,,True,,True,,True,,True,,True,,True,,True,,True,,True,,True,,True,,True,,True,,True,WSD,False,01,False,,True,ISO_10918_1,False,,True,,True,,True,1.2.840.10008.1.2.4.50,False,JPEG Baseline (Process 1),unknown_processed_stored_values,False,False,"Pixel Intensity Relationship and Sign are missing. The object is workstation-converted Secondary Capture, which does not establish detector-signal proportionality."
f2955702-cc5d-480e-91a5-9466f6e0e548.png,f2955702-cc5d-480e-91a5-9466f6e0e548.dcm,1.2.840.10008.5.1.4.1.1.7,False,Secondary Capture Image Storage,CR,False,MONOCHROME2,False,8,False,8,False,0,False,,True,,True,,True,,True,,True,,True,,True,,True,,True,,True,,True,,True,,True,,True,,True,,True,,True,,True,WSD,False,01,False,,True,ISO_10918_1,False,,True,,True,,True,1.2.840.10008.1.2.4.50,False,JPEG Baseline (Process 1),unknown_processed_stored_values,False,False,"Pixel Intensity Relationship and Sign are missing. The object is workstation-converted Secondary Capture, which does not establish detector-signal proportionality."
f2ed2022-f1e9-499f-b1a2-549d4090c9e4.png,f2ed2022-f1e9-499f-b1a2-549d4090c9e4.dcm,1.2.840.10008.5.1.4.1.1.7,False,Secondary Capture Image Storage,CR,False,MONOCHROME2,False,8,False,8,False,0,False,,True,,True,,True,,True,,True,,True,,True,,True,,True,,True,,True,,True,,True,,True,,True,,True,,True,,True,WSD,False,01,False,,True,ISO_10918_1,False,,True,,True,,True,1.2.840.10008.1.2.4.50,False,JPEG Baseline (Process 1),unknown_processed_stored_values,False,False,"Pixel Intensity Relationship and Sign are missing. The object is workstation-converted Secondary Capture, which does not establish detector-signal proportionality."
f60820ca-d313-4a66-82c3-b517b6a3a467.png,f60820ca-d313-4a66-82c3-b517b6a3a467.dcm,1.2.840.10008.5.1.4.1.1.7,False,Secondary Capture Image Storage,CR,False,MONOCHROME2,False,8,False,8,False,0,False,,True,,True,,True,,True,,True,,True,,True,,True,,True,,True,,True,,True,,True,,True,,True,,True,,True,,True,WSD,False,01,False,,True,ISO_10918_1,False,,True,,True,,True,1.2.840.10008.1.2.4.50,False,JPEG Baseline (Process 1),unknown_processed_stored_values,False,False,"Pixel Intensity Relationship and Sign are missing. The object is workstation-converted Secondary Capture, which does not establish detector-signal proportionality."
f623bffb-23e3-4861-a081-17ff805f9570.png,f623bffb-23e3-4861-a081-17ff805f9570.dcm,1.2.840.10008.5.1.4.1.1.7,False,Secondary Capture Image Storage,CR,False,MONOCHROME2,False,8,False,8,False,0,False,,True,,True,,True,,True,,True,,True,,True,,True,,True,,True,,True,,True,,True,,True,,True,,True,,True,,True,WSD,False,01,False,,True,ISO_10918_1,False,,True,,True,,True,1.2.840.10008.1.2.4.50,False,JPEG Baseline (Process 1),unknown_processed_stored_values,False,False,"Pixel Intensity Relationship and Sign are missing. The object is workstation-converted Secondary Capture, which does not establish detector-signal proportionality."
f689b923-b02c-4716-8f4e-589b56def328.png,f689b923-b02c-4716-8f4e-589b56def328.dcm,1.2.840.10008.5.1.4.1.1.7,False,Secondary Capture Image Storage,CR,False,MONOCHROME2,False,8,False,8,False,0,False,,True,,True,,True,,True,,True,,True,,True,,True,,True,,True,,True,,True,,True,,True,,True,,True,,True,,True,WSD,False,01,False,,True,ISO_10918_1,False,,True,,True,,True,1.2.840.10008.1.2.4.50,False,JPEG Baseline (Process 1),unknown_processed_stored_values,False,False,"Pixel Intensity Relationship and Sign are missing. The object is workstation-converted Secondary Capture, which does not establish detector-signal proportionality."
f750621a-0f9d-4dea-941d-a2c52a8aba72.png,f750621a-0f9d-4dea-941d-a2c52a8aba72.dcm,1.2.840.10008.5.1.4.1.1.7,False,Secondary Capture Image Storage,CR,False,MONOCHROME2,False,8,False,8,False,0,False,,True,,True,,True,,True,,True,,True,,True,,True,,True,,True,,True,,True,,True,,True,,True,,True,,True,,True,WSD,False,01,False,,True,ISO_10918_1,False,,True,,True,,True,1.2.840.10008.1.2.4.50,False,JPEG Baseline (Process 1),unknown_processed_stored_values,False,False,"Pixel Intensity Relationship and Sign are missing. The object is workstation-converted Secondary Capture, which does not establish detector-signal proportionality."
f79478cf-4446-49c7-904e-96ffff565a34.png,f79478cf-4446-49c7-904e-96ffff565a34.dcm,1.2.840.10008.5.1.4.1.1.7,False,Secondary Capture Image Storage,CR,False,MONOCHROME2,False,8,False,8,False,0,False,,True,,True,,True,,True,,True,,True,,True,,True,,True,,True,,True,,True,,True,,True,,True,,True,,True,,True,WSD,False,01,False,,True,ISO_10918_1,False,,True,,True,,True,1.2.840.10008.1.2.4.50,False,JPEG Baseline (Process 1),unknown_processed_stored_values,False,False,"Pixel Intensity Relationship and Sign are missing. The object is workstation-converted Secondary Capture, which does not establish detector-signal proportionality."
f872eee2-fed9-4921-9749-9d5dbc24ed10.png,f872eee2-fed9-4921-9749-9d5dbc24ed10.dcm,1.2.840.10008.5.1.4.1.1.7,False,Secondary Capture Image Storage,CR,False,MONOCHROME2,False,8,False,8,False,0,False,,True,,True,,True,,True,,True,,True,,True,,True,,True,,True,,True,,True,,True,,True,,True,,True,,True,,True,WSD,False,01,False,,True,ISO_10918_1,False,,True,,True,,True,1.2.840.10008.1.2.4.50,False,JPEG Baseline (Process 1),unknown_processed_stored_values,False,False,"Pixel Intensity Relationship and Sign are missing. The object is workstation-converted Secondary Capture, which does not establish detector-signal proportionality."
f9b51197-b08a-44ed-9d86-d88488319ef8.png,f9b51197-b08a-44ed-9d86-d88488319ef8.dcm,1.2.840.10008.5.1.4.1.1.7,False,Secondary Capture Image Storage,CR,False,MONOCHROME2,False,8,False,8,False,0,False,,True,,True,,True,,True,,True,,True,,True,,True,,True,,True,,True,,True,,True,,True,,True,,True,,True,,True,WSD,False,01,False,,True,ISO_10918_1,False,,True,,True,,True,1.2.840.10008.1.2.4.50,False,JPEG Baseline (Process 1),unknown_processed_stored_values,False,False,"Pixel Intensity Relationship and Sign are missing. The object is workstation-converted Secondary Capture, which does not establish detector-signal proportionality."
fab52177-1e88-4f19-adbf-8af72570ee48.png,fab52177-1e88-4f19-adbf-8af72570ee48.dcm,1.2.840.10008.5.1.4.1.1.7,False,Secondary Capture Image Storage,CR,False,MONOCHROME2,False,8,False,8,False,0,False,,True,,True,,True,,True,,True,,True,,True,,True,,True,,True,,True,,True,,True,,True,,True,,True,,True,,True,WSD,False,01,False,,True,ISO_10918_1,False,,True,,True,,True,1.2.840.10008.1.2.4.50,False,JPEG Baseline (Process 1),unknown_processed_stored_values,False,False,"Pixel Intensity Relationship and Sign are missing. The object is workstation-converted Secondary Capture, which does not establish detector-signal proportionality."
fe2e6108-895f-4469-8712-7965544dd47c.png,fe2e6108-895f-4469-8712-7965544dd47c.dcm,1.2.840.10008.5.1.4.1.1.7,False,Secondary Capture Image Storage,CR,False,MONOCHROME2,False,8,False,8,False,0,False,,True,,True,,True,,True,,True,,True,,True,,True,,True,,True,,True,,True,,True,,True,,True,,True,,True,,True,WSD,False,01,False,,True,ISO_10918_1,False,,True,,True,,True,1.2.840.10008.1.2.4.50,False,JPEG Baseline (Process 1),unknown_processed_stored_values,False,False,"Pixel Intensity Relationship and Sign are missing. The object is workstation-converted Secondary Capture, which does not establish detector-signal proportionality."
ffde3e7e-849c-4077-bfd0-4e4498ee8817.png,ffde3e7e-849c-4077-bfd0-4e4498ee8817.dcm,1.2.840.10008.5.1.4.1.1.7,False,Secondary Capture Image Storage,CR,False,MONOCHROME2,False,8,False,8,False,0,False,,True,,True,,True,,True,,True,,True,,True,,True,,True,,True,,True,,True,,True,,True,,True,,True,,True,,True,WSD,False,01,False,,True,ISO_10918_1,False,,True,,True,,True,1.2.840.10008.1.2.4.50,False,JPEG Baseline (Process 1),unknown_processed_stored_values,False,False,"Pixel Intensity Relationship and Sign are missing. The object is workstation-converted Secondary Capture, which does not establish detector-signal proportionality."
