detector,threshold_probability,net_benefit,net_benefit_ci_lower,net_benefit_ci_upper,mean_true_positive_images,mean_false_positive_images,mean_flagged_images,treat_all_net_benefit,treat_all_ci_lower,treat_all_ci_upper,treat_none_net_benefit,treat_none_ci_lower,treat_none_ci_upper,net_benefit_difference_vs_other,difference_ci_lower,difference_ci_upper,other_detector,point_estimate_preferred_detector,paired_ci_preferred_detector,point_estimate_best_strategy,population,population_unit,image_count,positive_image_count,negative_image_count,disease_prevalence,disease_prevalence_percent,patient_group_count,seed_count,seed_ids,confidence_level,bootstrap_resamples,bootstrap_valid_resamples,bootstrap_method,seed_aggregation,decision_rule,outcome_definition,score_interpretation
faster_rcnn,0.01,0.21516767676767676,0.16660714413274594,0.26715725400508966,165.8,438.0,603.8,0.2175084175084175,0.1675703656313075,0.26879152093971603,0.0,0.0,0.0,0.08756632996632996,0.0626657091610363,0.11753395358152463,yolo11s,faster_rcnn,faster_rcnn,treat_all,full held-out RSNA test split,exam_image,750,169,581,0.22533333333333333,22.53333333333333,323,5,17|42|137|271|314,0.95,2000,2000,paired_hierarchical_patient_cluster_percentile,arithmetic_mean_across_frozen_test_seeds,maximum emitted box confidence >= threshold,at_least_one_lung_opacity_annotation,raw_detector_score_used_as_nominal_threshold_probability
yolo11s,0.01,0.1276013468013468,0.08021594128578577,0.17712231596575703,96.4,69.2,165.60000000000002,0.2175084175084175,0.1675703656313075,0.26879152093971603,0.0,0.0,0.0,-0.08756632996632996,-0.11753395358152463,-0.0626657091610363,faster_rcnn,faster_rcnn,faster_rcnn,treat_all,full held-out RSNA test split,exam_image,750,169,581,0.22533333333333333,22.53333333333333,323,5,17|42|137|271|314,0.95,2000,2000,paired_hierarchical_patient_cluster_percentile,arithmetic_mean_across_frozen_test_seeds,maximum emitted box confidence >= threshold,at_least_one_lung_opacity_annotation,raw_detector_score_used_as_nominal_threshold_probability
faster_rcnn,0.02,0.20776598639455784,0.15957332167834487,0.260171061129619,164.2,410.4,574.5999999999999,0.20952380952380953,0.1590761856887698,0.2613302099288968,0.0,0.0,0.0,0.09568979591836738,0.06504347623653521,0.13517230330876068,yolo11s,faster_rcnn,faster_rcnn,treat_all,full held-out RSNA test split,exam_image,750,169,581,0.22533333333333333,22.53333333333333,323,5,17|42|137|271|314,0.95,2000,2000,paired_hierarchical_patient_cluster_percentile,arithmetic_mean_across_frozen_test_seeds,maximum emitted box confidence >= threshold,at_least_one_lung_opacity_annotation,raw_detector_score_used_as_nominal_threshold_probability
yolo11s,0.02,0.11207619047619047,0.06410660142361907,0.1626340702245723,85.2,56.0,141.2,0.20952380952380953,0.1590761856887698,0.2613302099288968,0.0,0.0,0.0,-0.09568979591836738,-0.1351723033087607,-0.06504347623653521,faster_rcnn,faster_rcnn,faster_rcnn,treat_all,full held-out RSNA test split,exam_image,750,169,581,0.22533333333333333,22.53333333333333,323,5,17|42|137|271|314,0.95,2000,2000,paired_hierarchical_patient_cluster_percentile,arithmetic_mean_across_frozen_test_seeds,maximum emitted box confidence >= threshold,at_least_one_lung_opacity_annotation,raw_detector_score_used_as_nominal_threshold_probability
faster_rcnn,0.03,0.200659793814433,0.1507499951407108,0.2537495979631892,162.6,391.4,554.0,0.2013745704467354,0.15040686801545816,0.25371505745393697,0.0,0.0,0.0,0.10319725085910654,0.06846729979180123,0.14995935362474705,yolo11s,faster_rcnn,faster_rcnn,treat_all,full held-out RSNA test split,exam_image,750,169,581,0.22533333333333333,22.53333333333333,323,5,17|42|137|271|314,0.95,2000,2000,paired_hierarchical_patient_cluster_percentile,arithmetic_mean_across_frozen_test_seeds,maximum emitted box confidence >= threshold,at_least_one_lung_opacity_annotation,raw_detector_score_used_as_nominal_threshold_probability
yolo11s,0.03,0.09746254295532646,0.050214232393932,0.14879724308374054,74.6,48.6,123.19999999999999,0.2013745704467354,0.15040686801545816,0.25371505745393697,0.0,0.0,0.0,-0.10319725085910654,-0.14995935362474705,-0.06846729979180124,faster_rcnn,faster_rcnn,faster_rcnn,treat_all,full held-out RSNA test split,exam_image,750,169,581,0.22533333333333333,22.53333333333333,323,5,17|42|137|271|314,0.95,2000,2000,paired_hierarchical_patient_cluster_percentile,arithmetic_mean_across_frozen_test_seeds,maximum emitted box confidence >= threshold,at_least_one_lung_opacity_annotation,raw_detector_score_used_as_nominal_threshold_probability
faster_rcnn,0.04,0.1949,0.14504993176120035,0.24838761207662935,161.8,375.0,536.8,0.19305555555555554,0.14155693955728582,0.24594125596908215,0.0,0.0,0.0,0.1058222222222222,0.06624240498127779,0.16102848976581222,yolo11s,faster_rcnn,faster_rcnn,faster_rcnn,full held-out RSNA test split,exam_image,750,169,581,0.22533333333333333,22.53333333333333,323,5,17|42|137|271|314,0.95,2000,2000,paired_hierarchical_patient_cluster_percentile,arithmetic_mean_across_frozen_test_seeds,maximum emitted box confidence >= threshold,at_least_one_lung_opacity_annotation,raw_detector_score_used_as_nominal_threshold_probability
yolo11s,0.04,0.08907777777777778,0.03894591254000731,0.1435459682460902,68.6,43.0,111.6,0.19305555555555554,0.14155693955728582,0.24594125596908215,0.0,0.0,0.0,-0.1058222222222222,-0.16102848976581227,-0.0662424049812778,faster_rcnn,faster_rcnn,faster_rcnn,faster_rcnn,full held-out RSNA test split,exam_image,750,169,581,0.22533333333333333,22.53333333333333,323,5,17|42|137|271|314,0.95,2000,2000,paired_hierarchical_patient_cluster_percentile,arithmetic_mean_across_frozen_test_seeds,maximum emitted box confidence >= threshold,at_least_one_lung_opacity_annotation,raw_detector_score_used_as_nominal_threshold_probability
faster_rcnn,0.05,0.18992280701754388,0.14045487566082532,0.24359804059270998,161.6,364.0,525.6,0.18456140350877193,0.1325206968157836,0.2380037955055988,0.0,0.0,0.0,0.10477192982456143,0.06579812866538354,0.15869583133514503,yolo11s,faster_rcnn,faster_rcnn,faster_rcnn,full held-out RSNA test split,exam_image,750,169,581,0.22533333333333333,22.53333333333333,323,5,17|42|137|271|314,0.95,2000,2000,paired_hierarchical_patient_cluster_percentile,arithmetic_mean_across_frozen_test_seeds,maximum emitted box confidence >= threshold,at_least_one_lung_opacity_annotation,raw_detector_score_used_as_nominal_threshold_probability
yolo11s,0.05,0.08515087719298245,0.03733234886752485,0.13859676777062455,66.0,40.6,106.6,0.18456140350877193,0.1325206968157836,0.2380037955055988,0.0,0.0,0.0,-0.10477192982456143,-0.15869583133514506,-0.06579812866538357,faster_rcnn,faster_rcnn,faster_rcnn,faster_rcnn,full held-out RSNA test split,exam_image,750,169,581,0.22533333333333333,22.53333333333333,323,5,17|42|137|271|314,0.95,2000,2000,paired_hierarchical_patient_cluster_percentile,arithmetic_mean_across_frozen_test_seeds,maximum emitted box confidence >= threshold,at_least_one_lung_opacity_annotation,raw_detector_score_used_as_nominal_threshold_probability
faster_rcnn,0.06,0.18444255319148936,0.13482954200567668,0.23824741134443764,160.8,352.0,512.8,0.17588652482269504,0.1232921935904196,0.2298974529045945,0.0,0.0,0.0,0.10481134751773051,0.06526050779720698,0.15820459120555286,yolo11s,faster_rcnn,faster_rcnn,faster_rcnn,full held-out RSNA test split,exam_image,750,169,581,0.22533333333333333,22.53333333333333,323,5,17|42|137|271|314,0.95,2000,2000,paired_hierarchical_patient_cluster_percentile,arithmetic_mean_across_frozen_test_seeds,maximum emitted box confidence >= threshold,at_least_one_lung_opacity_annotation,raw_detector_score_used_as_nominal_threshold_probability
yolo11s,0.06,0.07963120567375885,0.03475956975543389,0.131086064676524,62.2,38.8,101.0,0.17588652482269504,0.1232921935904196,0.2298974529045945,0.0,0.0,0.0,-0.10481134751773051,-0.15820459120555286,-0.06526050779720698,faster_rcnn,faster_rcnn,faster_rcnn,faster_rcnn,full held-out RSNA test split,exam_image,750,169,581,0.22533333333333333,22.53333333333333,323,5,17|42|137|271|314,0.95,2000,2000,paired_hierarchical_patient_cluster_percentile,arithmetic_mean_across_frozen_test_seeds,maximum emitted box confidence >= threshold,at_least_one_lung_opacity_annotation,raw_detector_score_used_as_nominal_threshold_probability
faster_rcnn,0.07,0.17909103942652327,0.1295434128798687,0.23396861650880577,160.0,341.2,501.2,0.16702508960573476,0.1138652279301015,0.22161678035518156,0.0,0.0,0.0,0.10321720430107524,0.06417705864423077,0.15555900468029,yolo11s,faster_rcnn,faster_rcnn,faster_rcnn,full held-out RSNA test split,exam_image,750,169,581,0.22533333333333333,22.53333333333333,323,5,17|42|137|271|314,0.95,2000,2000,paired_hierarchical_patient_cluster_percentile,arithmetic_mean_across_frozen_test_seeds,maximum emitted box confidence >= threshold,at_least_one_lung_opacity_annotation,raw_detector_score_used_as_nominal_threshold_probability
yolo11s,0.07,0.07587383512544803,0.03321781887372939,0.12512684832001744,59.6,35.8,95.4,0.16702508960573476,0.1138652279301015,0.22161678035518156,0.0,0.0,0.0,-0.10321720430107524,-0.15555900468029007,-0.06417705864423079,faster_rcnn,faster_rcnn,faster_rcnn,faster_rcnn,full held-out RSNA test split,exam_image,750,169,581,0.22533333333333333,22.53333333333333,323,5,17|42|137|271|314,0.95,2000,2000,paired_hierarchical_patient_cluster_percentile,arithmetic_mean_across_frozen_test_seeds,maximum emitted box confidence >= threshold,at_least_one_lung_opacity_annotation,raw_detector_score_used_as_nominal_threshold_probability
faster_rcnn,0.08,0.17377391304347828,0.12345795713725569,0.22873884898248878,159.2,332.0,491.2,0.15797101449275364,0.10423332823368958,0.2131560931851292,0.0,0.0,0.0,0.1019826086956522,0.06313388487953993,0.1539789268091197,yolo11s,faster_rcnn,faster_rcnn,faster_rcnn,full held-out RSNA test split,exam_image,750,169,581,0.22533333333333333,22.53333333333333,323,5,17|42|137|271|314,0.95,2000,2000,paired_hierarchical_patient_cluster_percentile,arithmetic_mean_across_frozen_test_seeds,maximum emitted box confidence >= threshold,at_least_one_lung_opacity_annotation,raw_detector_score_used_as_nominal_threshold_probability
yolo11s,0.08,0.07179130434782607,0.030488282198355456,0.11922975296565956,56.8,34.0,90.8,0.15797101449275364,0.10423332823368958,0.2131560931851292,0.0,0.0,0.0,-0.1019826086956522,-0.15397892680911973,-0.06313388487953996,faster_rcnn,faster_rcnn,faster_rcnn,faster_rcnn,full held-out RSNA test split,exam_image,750,169,581,0.22533333333333333,22.53333333333333,323,5,17|42|137|271|314,0.95,2000,2000,paired_hierarchical_patient_cluster_percentile,arithmetic_mean_across_frozen_test_seeds,maximum emitted box confidence >= threshold,at_least_one_lung_opacity_annotation,raw_detector_score_used_as_nominal_threshold_probability
faster_rcnn,0.09,0.16962051282051283,0.11865189862262839,0.22476922829187979,159.2,323.4,482.59999999999997,0.14871794871794872,0.09438973843405979,0.20450945684650423,0.0,0.0,0.0,0.10010549450549451,0.06100303427915371,0.1522632813494221,yolo11s,faster_rcnn,faster_rcnn,faster_rcnn,full held-out RSNA test split,exam_image,750,169,581,0.22533333333333333,22.53333333333333,323,5,17|42|137|271|314,0.95,2000,2000,paired_hierarchical_patient_cluster_percentile,arithmetic_mean_across_frozen_test_seeds,maximum emitted box confidence >= threshold,at_least_one_lung_opacity_annotation,raw_detector_score_used_as_nominal_threshold_probability
yolo11s,0.09,0.06951501831501831,0.02924481927844912,0.11623574745034299,55.4,33.0,88.4,0.14871794871794872,0.09438973843405979,0.20450945684650423,0.0,0.0,0.0,-0.10010549450549451,-0.15226328134942213,-0.06100303427915371,faster_rcnn,faster_rcnn,faster_rcnn,faster_rcnn,full held-out RSNA test split,exam_image,750,169,581,0.22533333333333333,22.53333333333333,323,5,17|42|137|271|314,0.95,2000,2000,paired_hierarchical_patient_cluster_percentile,arithmetic_mean_across_frozen_test_seeds,maximum emitted box confidence >= threshold,at_least_one_lung_opacity_annotation,raw_detector_score_used_as_nominal_threshold_probability
faster_rcnn,0.1,0.16518518518518516,0.11331235563303553,0.22069002058449116,159.2,317.8,477.0,0.13925925925925925,0.08432740219443821,0.1956706730336876,0.0,0.0,0.0,0.09816296296296294,0.0589654172928126,0.149868150126094,yolo11s,faster_rcnn,faster_rcnn,faster_rcnn,full held-out RSNA test split,exam_image,750,169,581,0.22533333333333333,22.53333333333333,323,5,17|42|137|271|314,0.95,2000,2000,paired_hierarchical_patient_cluster_percentile,arithmetic_mean_across_frozen_test_seeds,maximum emitted box confidence >= threshold,at_least_one_lung_opacity_annotation,raw_detector_score_used_as_nominal_threshold_probability
yolo11s,0.1,0.06702222222222222,0.02770640500204748,0.11333257744329642,53.8,31.8,85.6,0.13925925925925925,0.08432740219443821,0.1956706730336876,0.0,0.0,0.0,-0.09816296296296294,-0.14986815012609403,-0.05896541729281262,faster_rcnn,faster_rcnn,faster_rcnn,faster_rcnn,full held-out RSNA test split,exam_image,750,169,581,0.22533333333333333,22.53333333333333,323,5,17|42|137|271|314,0.95,2000,2000,paired_hierarchical_patient_cluster_percentile,arithmetic_mean_across_frozen_test_seeds,maximum emitted box confidence >= threshold,at_least_one_lung_opacity_annotation,raw_detector_score_used_as_nominal_threshold_probability
faster_rcnn,0.11,0.16045243445692886,0.10806364804201082,0.21645967850378292,159.0,312.8,471.8,0.12958801498127342,0.07403894603931956,0.1866332648655268,0.0,0.0,0.0,0.0951610486891386,0.05595655886069468,0.14651653527668962,yolo11s,faster_rcnn,faster_rcnn,faster_rcnn,full held-out RSNA test split,exam_image,750,169,581,0.22533333333333333,22.53333333333333,323,5,17|42|137|271|314,0.95,2000,2000,paired_hierarchical_patient_cluster_percentile,arithmetic_mean_across_frozen_test_seeds,maximum emitted box confidence >= threshold,at_least_one_lung_opacity_annotation,raw_detector_score_used_as_nominal_threshold_probability
yolo11s,0.11,0.06529138576779026,0.02705976571838394,0.11079166381144168,52.8,31.0,83.8,0.12958801498127342,0.07403894603931956,0.1866332648655268,0.0,0.0,0.0,-0.0951610486891386,-0.14651653527668962,-0.05595655886069469,faster_rcnn,faster_rcnn,faster_rcnn,faster_rcnn,full held-out RSNA test split,exam_image,750,169,581,0.22533333333333333,22.53333333333333,323,5,17|42|137|271|314,0.95,2000,2000,paired_hierarchical_patient_cluster_percentile,arithmetic_mean_across_frozen_test_seeds,maximum emitted box confidence >= threshold,at_least_one_lung_opacity_annotation,raw_detector_score_used_as_nominal_threshold_probability
faster_rcnn,0.12,0.15604848484848485,0.10355995085995087,0.21145588566205312,158.6,304.8,463.4,0.1196969696969697,0.06351666133522092,0.1773904610571805,0.0,0.0,0.0,0.0928969696969697,0.05301017590285556,0.14267915414949342,yolo11s,faster_rcnn,faster_rcnn,faster_rcnn,full held-out RSNA test split,exam_image,750,169,581,0.22533333333333333,22.53333333333333,323,5,17|42|137|271|314,0.95,2000,2000,paired_hierarchical_patient_cluster_percentile,arithmetic_mean_across_frozen_test_seeds,maximum emitted box confidence >= threshold,at_least_one_lung_opacity_annotation,raw_detector_score_used_as_nominal_threshold_probability
yolo11s,0.12,0.06315151515151515,0.026197900521347055,0.10705094793323879,51.4,29.6,81.0,0.1196969696969697,0.06351666133522092,0.1773904610571805,0.0,0.0,0.0,-0.0928969696969697,-0.14267915414949348,-0.053010175902855575,faster_rcnn,faster_rcnn,faster_rcnn,faster_rcnn,full held-out RSNA test split,exam_image,750,169,581,0.22533333333333333,22.53333333333333,323,5,17|42|137|271|314,0.95,2000,2000,paired_hierarchical_patient_cluster_percentile,arithmetic_mean_across_frozen_test_seeds,maximum emitted box confidence >= threshold,at_least_one_lung_opacity_annotation,raw_detector_score_used_as_nominal_threshold_probability
faster_rcnn,0.13,0.1514022988505747,0.09846760841403984,0.20705864669331892,158.2,298.8,457.0,0.10957854406130267,0.05275248502872919,0.1679351790003665,0.0,0.0,0.0,0.09111417624521073,0.05099654104920792,0.14058829779781112,yolo11s,faster_rcnn,faster_rcnn,faster_rcnn,full held-out RSNA test split,exam_image,750,169,581,0.22533333333333333,22.53333333333333,323,5,17|42|137|271|314,0.95,2000,2000,paired_hierarchical_patient_cluster_percentile,arithmetic_mean_across_frozen_test_seeds,maximum emitted box confidence >= threshold,at_least_one_lung_opacity_annotation,raw_detector_score_used_as_nominal_threshold_probability
yolo11s,0.13,0.06028812260536398,0.024663837918721895,0.10290702665383555,49.4,28.0,77.4,0.10957854406130267,0.05275248502872919,0.1679351790003665,0.0,0.0,0.0,-0.09111417624521073,-0.14058829779781118,-0.05099654104920794,faster_rcnn,faster_rcnn,faster_rcnn,faster_rcnn,full held-out RSNA test split,exam_image,750,169,581,0.22533333333333333,22.53333333333333,323,5,17|42|137|271|314,0.95,2000,2000,paired_hierarchical_patient_cluster_percentile,arithmetic_mean_across_frozen_test_seeds,maximum emitted box confidence >= threshold,at_least_one_lung_opacity_annotation,raw_detector_score_used_as_nominal_threshold_probability
faster_rcnn,0.14,0.14671627906976745,0.09294699837750134,0.20313464311890791,157.8,293.4,451.2,0.09922480620155039,0.04173797904069117,0.15826000666316145,0.0,0.0,0.0,0.0886201550387597,0.047881993079550315,0.13832070340747454,yolo11s,faster_rcnn,faster_rcnn,faster_rcnn,full held-out RSNA test split,exam_image,750,169,581,0.22533333333333333,22.53333333333333,323,5,17|42|137|271|314,0.95,2000,2000,paired_hierarchical_patient_cluster_percentile,arithmetic_mean_across_frozen_test_seeds,maximum emitted box confidence >= threshold,at_least_one_lung_opacity_annotation,raw_detector_score_used_as_nominal_threshold_probability
yolo11s,0.14,0.05809612403100776,0.023605091755121748,0.09918641357055863,48.0,27.2,75.2,0.09922480620155039,0.04173797904069117,0.15826000666316145,0.0,0.0,0.0,-0.0886201550387597,-0.1383207034074746,-0.04788199307955032,faster_rcnn,faster_rcnn,faster_rcnn,faster_rcnn,full held-out RSNA test split,exam_image,750,169,581,0.22533333333333333,22.53333333333333,323,5,17|42|137|271|314,0.95,2000,2000,paired_hierarchical_patient_cluster_percentile,arithmetic_mean_across_frozen_test_seeds,maximum emitted box confidence >= threshold,at_least_one_lung_opacity_annotation,raw_detector_score_used_as_nominal_threshold_probability
faster_rcnn,0.15,0.14178823529411763,0.08787844275591225,0.19925423773195092,157.2,288.2,445.4,0.08862745098039215,0.030464308205875774,0.1483571832121398,0.0,0.0,0.0,0.08577254901960783,0.044817467913323035,0.1355102409653455,yolo11s,faster_rcnn,faster_rcnn,faster_rcnn,full held-out RSNA test split,exam_image,750,169,581,0.22533333333333333,22.53333333333333,323,5,17|42|137|271|314,0.95,2000,2000,paired_hierarchical_patient_cluster_percentile,arithmetic_mean_across_frozen_test_seeds,maximum emitted box confidence >= threshold,at_least_one_lung_opacity_annotation,raw_detector_score_used_as_nominal_threshold_probability
yolo11s,0.15,0.0560156862745098,0.02230231852349795,0.0963877804362708,46.6,26.0,72.6,0.08862745098039215,0.030464308205875774,0.1483571832121398,0.0,0.0,0.0,-0.08577254901960783,-0.13551024096534556,-0.044817467913323056,faster_rcnn,faster_rcnn,faster_rcnn,faster_rcnn,full held-out RSNA test split,exam_image,750,169,581,0.22533333333333333,22.53333333333333,323,5,17|42|137|271|314,0.95,2000,2000,paired_hierarchical_patient_cluster_percentile,arithmetic_mean_across_frozen_test_seeds,maximum emitted box confidence >= threshold,at_least_one_lung_opacity_annotation,raw_detector_score_used_as_nominal_threshold_probability
faster_rcnn,0.16,0.13729523809523808,0.08270173104206717,0.1948923282879937,156.8,282.6,439.40000000000003,0.07777777777777778,0.018922216636898075,0.13821857825037956,0.0,0.0,0.0,0.08270476190476189,0.041061700403247886,0.1326445201342037,yolo11s,faster_rcnn,faster_rcnn,faster_rcnn,full held-out RSNA test split,exam_image,750,169,581,0.22533333333333333,22.53333333333333,323,5,17|42|137|271|314,0.95,2000,2000,paired_hierarchical_patient_cluster_percentile,arithmetic_mean_across_frozen_test_seeds,maximum emitted box confidence >= threshold,at_least_one_lung_opacity_annotation,raw_detector_score_used_as_nominal_threshold_probability
yolo11s,0.16,0.05459047619047619,0.021914707814954564,0.09416187623141126,45.4,23.4,68.8,0.07777777777777778,0.018922216636898075,0.13821857825037956,0.0,0.0,0.0,-0.08270476190476189,-0.13264452013420377,-0.04106170040324793,faster_rcnn,faster_rcnn,faster_rcnn,faster_rcnn,full held-out RSNA test split,exam_image,750,169,581,0.22533333333333333,22.53333333333333,323,5,17|42|137|271|314,0.95,2000,2000,paired_hierarchical_patient_cluster_percentile,arithmetic_mean_across_frozen_test_seeds,maximum emitted box confidence >= threshold,at_least_one_lung_opacity_annotation,raw_detector_score_used_as_nominal_threshold_probability
faster_rcnn,0.17,0.13213493975903617,0.07620293878499113,0.19085521031494398,156.0,277.8,433.8,0.06666666666666665,0.007102002379511317,0.127835669554601,0.0,0.0,0.0,0.07894939759036147,0.0365356867288925,0.12974802410600822,yolo11s,faster_rcnn,faster_rcnn,faster_rcnn,full held-out RSNA test split,exam_image,750,169,581,0.22533333333333333,22.53333333333333,323,5,17|42|137|271|314,0.95,2000,2000,paired_hierarchical_patient_cluster_percentile,arithmetic_mean_across_frozen_test_seeds,maximum emitted box confidence >= threshold,at_least_one_lung_opacity_annotation,raw_detector_score_used_as_nominal_threshold_probability
yolo11s,0.17,0.0531855421686747,0.02084659685428461,0.09180192451552605,44.6,23.0,67.6,0.06666666666666665,0.007102002379511317,0.127835669554601,0.0,0.0,0.0,-0.07894939759036147,-0.12974802410600825,-0.0365356867288925,faster_rcnn,faster_rcnn,faster_rcnn,faster_rcnn,full held-out RSNA test split,exam_image,750,169,581,0.22533333333333333,22.53333333333333,323,5,17|42|137|271|314,0.95,2000,2000,paired_hierarchical_patient_cluster_percentile,arithmetic_mean_across_frozen_test_seeds,maximum emitted box confidence >= threshold,at_least_one_lung_opacity_annotation,raw_detector_score_used_as_nominal_threshold_probability
faster_rcnn,0.18,0.12753821138211383,0.07164456268461969,0.18700645436496863,155.8,274.0,429.8,0.055284552845528495,-0.005006509786592159,0.1171995191833157,0.0,0.0,0.0,0.07563577235772358,0.03250012809581569,0.12632132848098818,yolo11s,faster_rcnn,faster_rcnn,faster_rcnn,full held-out RSNA test split,exam_image,750,169,581,0.22533333333333333,22.53333333333333,323,5,17|42|137|271|314,0.95,2000,2000,paired_hierarchical_patient_cluster_percentile,arithmetic_mean_across_frozen_test_seeds,maximum emitted box confidence >= threshold,at_least_one_lung_opacity_annotation,raw_detector_score_used_as_nominal_threshold_probability
yolo11s,0.18,0.05190243902439025,0.020171164839233223,0.09008722452308589,43.8,22.2,66.0,0.055284552845528495,-0.005006509786592159,0.1171995191833157,0.0,0.0,0.0,-0.07563577235772358,-0.1263213284809882,-0.0325001280958157,faster_rcnn,faster_rcnn,faster_rcnn,faster_rcnn,full held-out RSNA test split,exam_image,750,169,581,0.22533333333333333,22.53333333333333,323,5,17|42|137|271|314,0.95,2000,2000,paired_hierarchical_patient_cluster_percentile,arithmetic_mean_across_frozen_test_seeds,maximum emitted box confidence >= threshold,at_least_one_lung_opacity_annotation,raw_detector_score_used_as_nominal_threshold_probability
faster_rcnn,0.19,0.12352263374485598,0.06665314406000682,0.18304339319227086,155.6,268.4,424.0,0.04362139917695476,-0.01741399756173529,0.10630074781520846,0.0,0.0,0.0,0.07354074074074074,0.029430740972511932,0.12509653510798668,yolo11s,faster_rcnn,faster_rcnn,faster_rcnn,full held-out RSNA test split,exam_image,750,169,581,0.22533333333333333,22.53333333333333,323,5,17|42|137|271|314,0.95,2000,2000,paired_hierarchical_patient_cluster_percentile,arithmetic_mean_across_frozen_test_seeds,maximum emitted box confidence >= threshold,at_least_one_lung_opacity_annotation,raw_detector_score_used_as_nominal_threshold_probability
yolo11s,0.19,0.04998189300411523,0.01960410101824244,0.0876600698263058,42.6,21.8,64.4,0.04362139917695476,-0.01741399756173529,0.10630074781520846,0.0,0.0,0.0,-0.07354074074074074,-0.12509653510798674,-0.02943074097251194,faster_rcnn,faster_rcnn,faster_rcnn,faster_rcnn,full held-out RSNA test split,exam_image,750,169,581,0.22533333333333333,22.53333333333333,323,5,17|42|137|271|314,0.95,2000,2000,paired_hierarchical_patient_cluster_percentile,arithmetic_mean_across_frozen_test_seeds,maximum emitted box confidence >= threshold,at_least_one_lung_opacity_annotation,raw_detector_score_used_as_nominal_threshold_probability
faster_rcnn,0.2,0.11846666666666668,0.06033317630755121,0.17862043336293262,155.2,265.4,420.59999999999997,0.031666666666666676,-0.030131672531256995,0.09512950716289856,0.0,0.0,0.0,0.07040000000000002,0.02446655684619926,0.12301377748068922,yolo11s,faster_rcnn,faster_rcnn,faster_rcnn,full held-out RSNA test split,exam_image,750,169,581,0.22533333333333333,22.53333333333333,323,5,17|42|137|271|314,0.95,2000,2000,paired_hierarchical_patient_cluster_percentile,arithmetic_mean_across_frozen_test_seeds,maximum emitted box confidence >= threshold,at_least_one_lung_opacity_annotation,raw_detector_score_used_as_nominal_threshold_probability
yolo11s,0.2,0.04806666666666667,0.018345244648291414,0.08585696525935568,41.4,21.4,62.8,0.031666666666666676,-0.030131672531256995,0.09512950716289856,0.0,0.0,0.0,-0.07040000000000002,-0.12301377748068924,-0.024466556846199278,faster_rcnn,faster_rcnn,faster_rcnn,faster_rcnn,full held-out RSNA test split,exam_image,750,169,581,0.22533333333333333,22.53333333333333,323,5,17|42|137|271|314,0.95,2000,2000,paired_hierarchical_patient_cluster_percentile,arithmetic_mean_across_frozen_test_seeds,maximum emitted box confidence >= threshold,at_least_one_lung_opacity_annotation,raw_detector_score_used_as_nominal_threshold_probability
faster_rcnn,0.21,0.11320168776371309,0.05560208510929182,0.1739696406539778,154.6,262.2,416.79999999999995,0.01940928270042197,-0.043171313955703255,0.08367545029154286,0.0,0.0,0.0,0.06804050632911393,0.022085846320831395,0.11969622430598209,yolo11s,faster_rcnn,faster_rcnn,faster_rcnn,full held-out RSNA test split,exam_image,750,169,581,0.22533333333333333,22.53333333333333,323,5,17|42|137|271|314,0.95,2000,2000,paired_hierarchical_patient_cluster_percentile,arithmetic_mean_across_frozen_test_seeds,maximum emitted box confidence >= threshold,at_least_one_lung_opacity_annotation,raw_detector_score_used_as_nominal_threshold_probability
yolo11s,0.21,0.045161181434599164,0.01721791421641918,0.08086802480917114,39.4,20.8,60.2,0.01940928270042197,-0.043171313955703255,0.08367545029154286,0.0,0.0,0.0,-0.06804050632911393,-0.11969622430598212,-0.022085846320831395,faster_rcnn,faster_rcnn,faster_rcnn,faster_rcnn,full held-out RSNA test split,exam_image,750,169,581,0.22533333333333333,22.53333333333333,323,5,17|42|137|271|314,0.95,2000,2000,paired_hierarchical_patient_cluster_percentile,arithmetic_mean_across_frozen_test_seeds,maximum emitted box confidence >= threshold,at_least_one_lung_opacity_annotation,raw_detector_score_used_as_nominal_threshold_probability
faster_rcnn,0.22,0.10902564102564102,0.05055409849820741,0.17122262125540139,154.2,256.8,411.0,0.006837606837606841,-0.0565453051602636,0.07192769965425494,0.0,0.0,0.0,0.06546324786324786,0.019659573137514326,0.11665991368323404,yolo11s,faster_rcnn,faster_rcnn,faster_rcnn,full held-out RSNA test split,exam_image,750,169,581,0.22533333333333333,22.53333333333333,323,5,17|42|137|271|314,0.95,2000,2000,paired_hierarchical_patient_cluster_percentile,arithmetic_mean_across_frozen_test_seeds,maximum emitted box confidence >= threshold,at_least_one_lung_opacity_annotation,raw_detector_score_used_as_nominal_threshold_probability
yolo11s,0.22,0.04356239316239316,0.015672833735623087,0.0785319294645592,38.2,19.6,57.800000000000004,0.006837606837606841,-0.0565453051602636,0.07192769965425494,0.0,0.0,0.0,-0.06546324786324786,-0.11665991368323406,-0.019659573137514333,faster_rcnn,faster_rcnn,faster_rcnn,faster_rcnn,full held-out RSNA test split,exam_image,750,169,581,0.22533333333333333,22.53333333333333,323,5,17|42|137|271|314,0.95,2000,2000,paired_hierarchical_patient_cluster_percentile,arithmetic_mean_across_frozen_test_seeds,maximum emitted box confidence >= threshold,at_least_one_lung_opacity_annotation,raw_detector_score_used_as_nominal_threshold_probability
faster_rcnn,0.23,0.10425281385281386,0.045507499503176875,0.16646443475640604,154.0,253.8,407.8,-0.006060606060606044,-0.07026667275974752,0.05987481263677772,0.0,0.0,0.0,0.06134025974025975,0.014924722145466852,0.11340550830803231,yolo11s,faster_rcnn,faster_rcnn,faster_rcnn,full held-out RSNA test split,exam_image,750,169,581,0.22533333333333333,22.53333333333333,323,5,17|42|137|271|314,0.95,2000,2000,paired_hierarchical_patient_cluster_percentile,arithmetic_mean_across_frozen_test_seeds,maximum emitted box confidence >= threshold,at_least_one_lung_opacity_annotation,raw_detector_score_used_as_nominal_threshold_probability
yolo11s,0.23,0.04291255411255411,0.015457777940021896,0.07755895609450385,37.8,18.8,56.599999999999994,-0.006060606060606044,-0.07026667275974752,0.05987481263677772,0.0,0.0,0.0,-0.06134025974025975,-0.11340550830803232,-0.014924722145466864,faster_rcnn,faster_rcnn,faster_rcnn,faster_rcnn,full held-out RSNA test split,exam_image,750,169,581,0.22533333333333333,22.53333333333333,323,5,17|42|137|271|314,0.95,2000,2000,paired_hierarchical_patient_cluster_percentile,arithmetic_mean_across_frozen_test_seeds,maximum emitted box confidence >= threshold,at_least_one_lung_opacity_annotation,raw_detector_score_used_as_nominal_threshold_probability
faster_rcnn,0.24,0.09903157894736843,0.03954194123221557,0.16139072031572407,153.6,251.2,404.79999999999995,-0.019298245614035064,-0.08434912898027054,0.04750474438199848,0.0,0.0,0.0,0.058245614035087726,0.010462630296175026,0.11124004696977625,yolo11s,faster_rcnn,faster_rcnn,faster_rcnn,full held-out RSNA test split,exam_image,750,169,581,0.22533333333333333,22.53333333333333,323,5,17|42|137|271|314,0.95,2000,2000,paired_hierarchical_patient_cluster_percentile,arithmetic_mean_across_frozen_test_seeds,maximum emitted box confidence >= threshold,at_least_one_lung_opacity_annotation,raw_detector_score_used_as_nominal_threshold_probability
yolo11s,0.24,0.0407859649122807,0.014427032355354018,0.07415524588971655,36.4,18.4,54.8,-0.019298245614035064,-0.08434912898027054,0.04750474438199848,0.0,0.0,0.0,-0.058245614035087726,-0.1112400469697763,-0.010462630296175052,faster_rcnn,faster_rcnn,faster_rcnn,faster_rcnn,full held-out RSNA test split,exam_image,750,169,581,0.22533333333333333,22.53333333333333,323,5,17|42|137|271|314,0.95,2000,2000,paired_hierarchical_patient_cluster_percentile,arithmetic_mean_across_frozen_test_seeds,maximum emitted box confidence >= threshold,at_least_one_lung_opacity_annotation,raw_detector_score_used_as_nominal_threshold_probability
faster_rcnn,0.25,0.09413333333333333,0.03434276485015257,0.15663488909404763,153.2,247.8,401.0,-0.032888888888888856,-0.09880711736667411,0.03480480764042514,0.0,0.0,0.0,0.056,0.006541226007006705,0.11073685419822174,yolo11s,faster_rcnn,faster_rcnn,faster_rcnn,full held-out RSNA test split,exam_image,750,169,581,0.22533333333333333,22.53333333333333,323,5,17|42|137|271|314,0.95,2000,2000,paired_hierarchical_patient_cluster_percentile,arithmetic_mean_across_frozen_test_seeds,maximum emitted box confidence >= threshold,at_least_one_lung_opacity_annotation,raw_detector_score_used_as_nominal_threshold_probability
yolo11s,0.25,0.03813333333333333,0.013185583899847917,0.07073213778385627,34.6,18.0,52.6,-0.032888888888888856,-0.09880711736667411,0.03480480764042514,0.0,0.0,0.0,-0.056,-0.11073685419822175,-0.006541226007006715,faster_rcnn,faster_rcnn,faster_rcnn,faster_rcnn,full held-out RSNA test split,exam_image,750,169,581,0.22533333333333333,22.53333333333333,323,5,17|42|137|271|314,0.95,2000,2000,paired_hierarchical_patient_cluster_percentile,arithmetic_mean_across_frozen_test_seeds,maximum emitted box confidence >= threshold,at_least_one_lung_opacity_annotation,raw_detector_score_used_as_nominal_threshold_probability
faster_rcnn,0.26,0.0898954954954955,0.02947776925397013,0.15351786216111343,152.8,243.0,395.8,-0.04684684684684687,-0.1136558621959535,0.021761629365295704,0.0,0.0,0.0,0.05343423423423424,0.0029692258646972906,0.10815102949550622,yolo11s,faster_rcnn,faster_rcnn,faster_rcnn,full held-out RSNA test split,exam_image,750,169,581,0.22533333333333333,22.53333333333333,323,5,17|42|137|271|314,0.95,2000,2000,paired_hierarchical_patient_cluster_percentile,arithmetic_mean_across_frozen_test_seeds,maximum emitted box confidence >= threshold,at_least_one_lung_opacity_annotation,raw_detector_score_used_as_nominal_threshold_probability
yolo11s,0.26,0.03646126126126126,0.012445875106031356,0.06691064460182104,33.6,17.8,51.400000000000006,-0.04684684684684687,-0.1136558621959535,0.021761629365295704,0.0,0.0,0.0,-0.05343423423423424,-0.10815102949550623,-0.002969225864697312,faster_rcnn,faster_rcnn,faster_rcnn,faster_rcnn,full held-out RSNA test split,exam_image,750,169,581,0.22533333333333333,22.53333333333333,323,5,17|42|137|271|314,0.95,2000,2000,paired_hierarchical_patient_cluster_percentile,arithmetic_mean_across_frozen_test_seeds,maximum emitted box confidence >= threshold,at_least_one_lung_opacity_annotation,raw_detector_score_used_as_nominal_threshold_probability
faster_rcnn,0.27,0.08616621004566208,0.026021684292307005,0.15035689295094026,152.8,238.4,391.20000000000005,-0.061187214611872154,-0.1289114219520625,0.008361103740162794,0.0,0.0,0.0,0.052515068493150664,0.0007425844439407175,0.10781331817109305,yolo11s,faster_rcnn,faster_rcnn,faster_rcnn,full held-out RSNA test split,exam_image,750,169,581,0.22533333333333333,22.53333333333333,323,5,17|42|137|271|314,0.95,2000,2000,paired_hierarchical_patient_cluster_percentile,arithmetic_mean_across_frozen_test_seeds,maximum emitted box confidence >= threshold,at_least_one_lung_opacity_annotation,raw_detector_score_used_as_nominal_threshold_probability
yolo11s,0.27,0.033651141552511414,0.011653529275310671,0.06230723690005754,31.6,17.2,48.8,-0.061187214611872154,-0.1289114219520625,0.008361103740162794,0.0,0.0,0.0,-0.052515068493150664,-0.10781331817109305,-0.0007425844439407238,faster_rcnn,faster_rcnn,faster_rcnn,faster_rcnn,full held-out RSNA test split,exam_image,750,169,581,0.22533333333333333,22.53333333333333,323,5,17|42|137|271|314,0.95,2000,2000,paired_hierarchical_patient_cluster_percentile,arithmetic_mean_across_frozen_test_seeds,maximum emitted box confidence >= threshold,at_least_one_lung_opacity_annotation,raw_detector_score_used_as_nominal_threshold_probability
faster_rcnn,0.28,0.08139259259259257,0.020665588922423487,0.14429442830944547,152.2,234.4,386.6,-0.07592592592592595,-0.14459074725695226,-0.005411658707890527,0.0,0.0,0.0,0.049525925925925904,-0.003165203678370569,0.10707887289282637,yolo11s,faster_rcnn,not_distinguished,faster_rcnn,full held-out RSNA test split,exam_image,750,169,581,0.22533333333333333,22.53333333333333,323,5,17|42|137|271|314,0.95,2000,2000,paired_hierarchical_patient_cluster_percentile,arithmetic_mean_across_frozen_test_seeds,maximum emitted box confidence >= threshold,at_least_one_lung_opacity_annotation,raw_detector_score_used_as_nominal_threshold_probability
yolo11s,0.28,0.03186666666666667,0.010786901952885208,0.059573582705738176,30.2,16.2,46.4,-0.07592592592592595,-0.14459074725695226,-0.005411658707890527,0.0,0.0,0.0,-0.049525925925925904,-0.10707887289282637,0.003165203678370506,faster_rcnn,faster_rcnn,not_distinguished,faster_rcnn,full held-out RSNA test split,exam_image,750,169,581,0.22533333333333333,22.53333333333333,323,5,17|42|137|271|314,0.95,2000,2000,paired_hierarchical_patient_cluster_percentile,arithmetic_mean_across_frozen_test_seeds,maximum emitted box confidence >= threshold,at_least_one_lung_opacity_annotation,raw_detector_score_used_as_nominal_threshold_probability
faster_rcnn,0.29,0.07621032863849767,0.015026124304627436,0.1405542114342211,152.0,232.2,384.2,-0.09107981220657274,-0.160711743697191,-0.019572386295325563,0.0,0.0,0.0,0.044754929577464804,-0.00876738414205939,0.10267626720231306,yolo11s,faster_rcnn,not_distinguished,faster_rcnn,full held-out RSNA test split,exam_image,750,169,581,0.22533333333333333,22.53333333333333,323,5,17|42|137|271|314,0.95,2000,2000,paired_hierarchical_patient_cluster_percentile,arithmetic_mean_across_frozen_test_seeds,maximum emitted box confidence >= threshold,at_least_one_lung_opacity_annotation,raw_detector_score_used_as_nominal_threshold_probability
yolo11s,0.29,0.03145539906103286,0.010378402148184291,0.05996527368485118,29.8,15.2,45.0,-0.09107981220657274,-0.160711743697191,-0.019572386295325563,0.0,0.0,0.0,-0.044754929577464804,-0.10267626720231307,0.00876738414205939,faster_rcnn,faster_rcnn,not_distinguished,faster_rcnn,full held-out RSNA test split,exam_image,750,169,581,0.22533333333333333,22.53333333333333,323,5,17|42|137|271|314,0.95,2000,2000,paired_hierarchical_patient_cluster_percentile,arithmetic_mean_across_frozen_test_seeds,maximum emitted box confidence >= threshold,at_least_one_lung_opacity_annotation,raw_detector_score_used_as_nominal_threshold_probability
faster_rcnn,0.3,0.0723047619047619,0.011015346751102943,0.13754706598899477,151.6,227.2,378.79999999999995,-0.10666666666666669,-0.17729334003572228,-0.03413770609954453,0.0,0.0,0.0,0.04209523809523809,-0.012195062924819502,0.1016287880463553,yolo11s,faster_rcnn,not_distinguished,faster_rcnn,full held-out RSNA test split,exam_image,750,169,581,0.22533333333333333,22.53333333333333,323,5,17|42|137|271|314,0.95,2000,2000,paired_hierarchical_patient_cluster_percentile,arithmetic_mean_across_frozen_test_seeds,maximum emitted box confidence >= threshold,at_least_one_lung_opacity_annotation,raw_detector_score_used_as_nominal_threshold_probability
yolo11s,0.3,0.030209523809523808,0.00977324774113054,0.05725961620469081,29.0,14.8,43.8,-0.10666666666666669,-0.17729334003572228,-0.03413770609954453,0.0,0.0,0.0,-0.04209523809523809,-0.10162878804635532,0.0121950629248195,faster_rcnn,faster_rcnn,not_distinguished,faster_rcnn,full held-out RSNA test split,exam_image,750,169,581,0.22533333333333333,22.53333333333333,323,5,17|42|137|271|314,0.95,2000,2000,paired_hierarchical_patient_cluster_percentile,arithmetic_mean_across_frozen_test_seeds,maximum emitted box confidence >= threshold,at_least_one_lung_opacity_annotation,raw_detector_score_used_as_nominal_threshold_probability
faster_rcnn,0.31,0.06729661835748792,0.006115184595482026,0.1330140174278763,151.2,224.2,375.4,-0.12270531400966184,-0.1943555623550806,-0.04912520908649449,0.0,0.0,0.0,0.03790917874396135,-0.016828366938281877,0.09733184063399007,yolo11s,faster_rcnn,not_distinguished,faster_rcnn,full held-out RSNA test split,exam_image,750,169,581,0.22533333333333333,22.53333333333333,323,5,17|42|137|271|314,0.95,2000,2000,paired_hierarchical_patient_cluster_percentile,arithmetic_mean_across_frozen_test_seeds,maximum emitted box confidence >= threshold,at_least_one_lung_opacity_annotation,raw_detector_score_used_as_nominal_threshold_probability
yolo11s,0.31,0.029387439613526568,0.009463762373313516,0.05598863459392528,28.6,14.6,43.2,-0.12270531400966184,-0.1943555623550806,-0.04912520908649449,0.0,0.0,0.0,-0.03790917874396135,-0.09733184063399009,0.016828366938281814,faster_rcnn,faster_rcnn,not_distinguished,faster_rcnn,full held-out RSNA test split,exam_image,750,169,581,0.22533333333333333,22.53333333333333,323,5,17|42|137|271|314,0.95,2000,2000,paired_hierarchical_patient_cluster_percentile,arithmetic_mean_across_frozen_test_seeds,maximum emitted box confidence >= threshold,at_least_one_lung_opacity_annotation,raw_detector_score_used_as_nominal_threshold_probability
faster_rcnn,0.32,0.06313725490196077,0.0010558999516037193,0.12911182582879752,150.6,219.4,370.0,-0.1392156862745098,-0.21191961474265536,-0.06455352098482525,0.0,0.0,0.0,0.0356392156862745,-0.020682636691040045,0.09609282579278007,yolo11s,faster_rcnn,not_distinguished,faster_rcnn,full held-out RSNA test split,exam_image,750,169,581,0.22533333333333333,22.53333333333333,323,5,17|42|137|271|314,0.95,2000,2000,paired_hierarchical_patient_cluster_percentile,arithmetic_mean_across_frozen_test_seeds,maximum emitted box confidence >= threshold,at_least_one_lung_opacity_annotation,raw_detector_score_used_as_nominal_threshold_probability
yolo11s,0.32,0.027498039215686276,0.008425278219395867,0.053171477092643166,27.4,14.4,41.8,-0.1392156862745098,-0.21191961474265536,-0.06455352098482525,0.0,0.0,0.0,-0.0356392156862745,-0.09609282579278008,0.020682636691040025,faster_rcnn,faster_rcnn,not_distinguished,faster_rcnn,full held-out RSNA test split,exam_image,750,169,581,0.22533333333333333,22.53333333333333,323,5,17|42|137|271|314,0.95,2000,2000,paired_hierarchical_patient_cluster_percentile,arithmetic_mean_across_frozen_test_seeds,maximum emitted box confidence >= threshold,at_least_one_lung_opacity_annotation,raw_detector_score_used_as_nominal_threshold_probability
faster_rcnn,0.33,0.05933532338308456,-0.0028727097871746664,0.12475409442993102,150.2,214.6,364.79999999999995,-0.15621890547263684,-0.230007967201501,-0.08044237950698689,0.0,0.0,0.0,0.0335960199004975,-0.02185213654372514,0.09266878388924231,yolo11s,faster_rcnn,not_distinguished,faster_rcnn,full held-out RSNA test split,exam_image,750,169,581,0.22533333333333333,22.53333333333333,323,5,17|42|137|271|314,0.95,2000,2000,paired_hierarchical_patient_cluster_percentile,arithmetic_mean_across_frozen_test_seeds,maximum emitted box confidence >= threshold,at_least_one_lung_opacity_annotation,raw_detector_score_used_as_nominal_threshold_probability
yolo11s,0.33,0.025739303482587062,0.007574761825636638,0.05044644617731169,26.2,14.0,40.2,-0.15621890547263684,-0.230007967201501,-0.08044237950698689,0.0,0.0,0.0,-0.0335960199004975,-0.09266878388924238,0.02185213654372508,faster_rcnn,faster_rcnn,not_distinguished,faster_rcnn,full held-out RSNA test split,exam_image,750,169,581,0.22533333333333333,22.53333333333333,323,5,17|42|137|271|314,0.95,2000,2000,paired_hierarchical_patient_cluster_percentile,arithmetic_mean_across_frozen_test_seeds,maximum emitted box confidence >= threshold,at_least_one_lung_opacity_annotation,raw_detector_score_used_as_nominal_threshold_probability
faster_rcnn,0.34,0.05345454545454542,-0.009798025723416311,0.11897513530878713,149.2,211.8,361.0,-0.1737373737373738,-0.24864445155303888,-0.09681271859042608,0.0,0.0,0.0,0.029454545454545424,-0.026394407700541335,0.08911455397608947,yolo11s,faster_rcnn,not_distinguished,faster_rcnn,full held-out RSNA test split,exam_image,750,169,581,0.22533333333333333,22.53333333333333,323,5,17|42|137|271|314,0.95,2000,2000,paired_hierarchical_patient_cluster_percentile,arithmetic_mean_across_frozen_test_seeds,maximum emitted box confidence >= threshold,at_least_one_lung_opacity_annotation,raw_detector_score_used_as_nominal_threshold_probability
yolo11s,0.34,0.023999999999999997,0.006661794386963821,0.04796253302132451,24.8,13.2,38.0,-0.1737373737373738,-0.24864445155303888,-0.09681271859042608,0.0,0.0,0.0,-0.029454545454545424,-0.08911455397608951,0.02639440770054128,faster_rcnn,faster_rcnn,not_distinguished,faster_rcnn,full held-out RSNA test split,exam_image,750,169,581,0.22533333333333333,22.53333333333333,323,5,17|42|137|271|314,0.95,2000,2000,paired_hierarchical_patient_cluster_percentile,arithmetic_mean_across_frozen_test_seeds,maximum emitted box confidence >= threshold,at_least_one_lung_opacity_annotation,raw_detector_score_used_as_nominal_threshold_probability
faster_rcnn,0.35,0.048574358974358994,-0.015347538661531657,0.1149628521536815,148.0,207.2,355.2,-0.19179487179487176,-0.2678543661923163,-0.11368676041489409,0.0,0.0,0.0,0.0247794871794872,-0.03147075982268893,0.08417091734848742,yolo11s,faster_rcnn,not_distinguished,faster_rcnn,full held-out RSNA test split,exam_image,750,169,581,0.22533333333333333,22.53333333333333,323,5,17|42|137|271|314,0.95,2000,2000,paired_hierarchical_patient_cluster_percentile,arithmetic_mean_across_frozen_test_seeds,maximum emitted box confidence >= threshold,at_least_one_lung_opacity_annotation,raw_detector_score_used_as_nominal_threshold_probability
yolo11s,0.35,0.023794871794871796,0.0065460331303424536,0.04777673479604717,24.2,11.8,36.0,-0.19179487179487176,-0.2678543661923163,-0.11368676041489409,0.0,0.0,0.0,-0.0247794871794872,-0.08417091734848743,0.031470759822688925,faster_rcnn,faster_rcnn,not_distinguished,faster_rcnn,full held-out RSNA test split,exam_image,750,169,581,0.22533333333333333,22.53333333333333,323,5,17|42|137|271|314,0.95,2000,2000,paired_hierarchical_patient_cluster_percentile,arithmetic_mean_across_frozen_test_seeds,maximum emitted box confidence >= threshold,at_least_one_lung_opacity_annotation,raw_detector_score_used_as_nominal_threshold_probability
faster_rcnn,0.36,0.04290000000000001,-0.02156012398203263,0.1094412392668705,147.6,205.2,352.79999999999995,-0.21041666666666664,-0.2876645906640713,-0.13108811604637682,0.0,0.0,0.0,0.020750000000000008,-0.03659733469351657,0.08132273006146842,yolo11s,faster_rcnn,not_distinguished,faster_rcnn,full held-out RSNA test split,exam_image,750,169,581,0.22533333333333333,22.53333333333333,323,5,17|42|137|271|314,0.95,2000,2000,paired_hierarchical_patient_cluster_percentile,arithmetic_mean_across_frozen_test_seeds,maximum emitted box confidence >= threshold,at_least_one_lung_opacity_annotation,raw_detector_score_used_as_nominal_threshold_probability
yolo11s,0.36,0.02215,0.0061278734838101125,0.04490610476070845,22.8,11.0,33.8,-0.21041666666666664,-0.2876645906640713,-0.13108811604637682,0.0,0.0,0.0,-0.020750000000000008,-0.08132273006146842,0.03659733469351655,faster_rcnn,faster_rcnn,not_distinguished,faster_rcnn,full held-out RSNA test split,exam_image,750,169,581,0.22533333333333333,22.53333333333333,323,5,17|42|137|271|314,0.95,2000,2000,paired_hierarchical_patient_cluster_percentile,arithmetic_mean_across_frozen_test_seeds,maximum emitted box confidence >= threshold,at_least_one_lung_opacity_annotation,raw_detector_score_used_as_nominal_threshold_probability
faster_rcnn,0.37,0.03739682539682539,-0.027942712766666933,0.10466219093065682,146.8,202.2,349.0,-0.22962962962962963,-0.3081037111508026,-0.14904189566616058,0.0,0.0,0.0,0.016584126984126972,-0.04219147640254706,0.07805551368975573,yolo11s,faster_rcnn,not_distinguished,faster_rcnn,full held-out RSNA test split,exam_image,750,169,581,0.22533333333333333,22.53333333333333,323,5,17|42|137|271|314,0.95,2000,2000,paired_hierarchical_patient_cluster_percentile,arithmetic_mean_across_frozen_test_seeds,maximum emitted box confidence >= threshold,at_least_one_lung_opacity_annotation,raw_detector_score_used_as_nominal_threshold_probability
yolo11s,0.37,0.020812698412698415,0.005035384936700727,0.04222940182596507,21.6,10.2,31.8,-0.22962962962962963,-0.3081037111508026,-0.14904189566616058,0.0,0.0,0.0,-0.016584126984126972,-0.07805551368975576,0.04219147640254704,faster_rcnn,faster_rcnn,not_distinguished,faster_rcnn,full held-out RSNA test split,exam_image,750,169,581,0.22533333333333333,22.53333333333333,323,5,17|42|137|271|314,0.95,2000,2000,paired_hierarchical_patient_cluster_percentile,arithmetic_mean_across_frozen_test_seeds,maximum emitted box confidence >= threshold,at_least_one_lung_opacity_annotation,raw_detector_score_used_as_nominal_threshold_probability
faster_rcnn,0.38,0.033556989247311826,-0.03236719363734086,0.10131137265455512,146.4,197.8,344.20000000000005,-0.24946236559139784,-0.3292021581048478,-0.16757482946722768,0.0,0.0,0.0,0.01356559139784946,-0.04683908804600179,0.0760459972112011,yolo11s,faster_rcnn,not_distinguished,faster_rcnn,full held-out RSNA test split,exam_image,750,169,581,0.22533333333333333,22.53333333333333,323,5,17|42|137|271|314,0.95,2000,2000,paired_hierarchical_patient_cluster_percentile,arithmetic_mean_across_frozen_test_seeds,maximum emitted box confidence >= threshold,at_least_one_lung_opacity_annotation,raw_detector_score_used_as_nominal_threshold_probability
yolo11s,0.38,0.019991397849462366,0.004830190687016632,0.04090087558843985,21.0,9.8,30.8,-0.24946236559139784,-0.3292021581048478,-0.16757482946722768,0.0,0.0,0.0,-0.01356559139784946,-0.07604599721120116,0.04683908804600178,faster_rcnn,faster_rcnn,not_distinguished,faster_rcnn,full held-out RSNA test split,exam_image,750,169,581,0.22533333333333333,22.53333333333333,323,5,17|42|137|271|314,0.95,2000,2000,paired_hierarchical_patient_cluster_percentile,arithmetic_mean_across_frozen_test_seeds,maximum emitted box confidence >= threshold,at_least_one_lung_opacity_annotation,raw_detector_score_used_as_nominal_threshold_probability
faster_rcnn,0.39,0.028874316939890704,-0.03707576412219471,0.09646233885204972,146.2,194.8,341.0,-0.26994535519125684,-0.3509923574180421,-0.18671540044210033,0.0,0.0,0.0,0.010316939890710381,-0.051541953083285984,0.0731886395208224,yolo11s,faster_rcnn,not_distinguished,faster_rcnn,full held-out RSNA test split,exam_image,750,169,581,0.22533333333333333,22.53333333333333,323,5,17|42|137|271|314,0.95,2000,2000,paired_hierarchical_patient_cluster_percentile,arithmetic_mean_across_frozen_test_seeds,maximum emitted box confidence >= threshold,at_least_one_lung_opacity_annotation,raw_detector_score_used_as_nominal_threshold_probability
yolo11s,0.39,0.018557377049180323,0.004322698409783267,0.03828315622099123,19.8,9.2,29.0,-0.26994535519125684,-0.3509923574180421,-0.18671540044210033,0.0,0.0,0.0,-0.010316939890710381,-0.07318863952082243,0.05154195308328598,faster_rcnn,faster_rcnn,not_distinguished,faster_rcnn,full held-out RSNA test split,exam_image,750,169,581,0.22533333333333333,22.53333333333333,323,5,17|42|137|271|314,0.95,2000,2000,paired_hierarchical_patient_cluster_percentile,arithmetic_mean_across_frozen_test_seeds,maximum emitted box confidence >= threshold,at_least_one_lung_opacity_annotation,raw_detector_score_used_as_nominal_threshold_probability
faster_rcnn,0.4,0.02488888888888887,-0.040988853405261934,0.09214693191624648,146.0,191.0,337.0,-0.29111111111111115,-0.37350889670834275,-0.20649399044946865,0.0,0.0,0.0,0.006933333333333316,-0.055732268185105606,0.07065313097413911,yolo11s,faster_rcnn,not_distinguished,faster_rcnn,full held-out RSNA test split,exam_image,750,169,581,0.22533333333333333,22.53333333333333,323,5,17|42|137|271|314,0.95,2000,2000,paired_hierarchical_patient_cluster_percentile,arithmetic_mean_across_frozen_test_seeds,maximum emitted box confidence >= threshold,at_least_one_lung_opacity_annotation,raw_detector_score_used_as_nominal_threshold_probability
yolo11s,0.4,0.017955555555555554,0.0038042998968659423,0.03748953898938921,19.2,8.6,27.799999999999997,-0.29111111111111115,-0.37350889670834275,-0.20649399044946865,0.0,0.0,0.0,-0.006933333333333316,-0.07065313097413917,0.0557322681851056,faster_rcnn,faster_rcnn,not_distinguished,faster_rcnn,full held-out RSNA test split,exam_image,750,169,581,0.22533333333333333,22.53333333333333,323,5,17|42|137|271|314,0.95,2000,2000,paired_hierarchical_patient_cluster_percentile,arithmetic_mean_across_frozen_test_seeds,maximum emitted box confidence >= threshold,at_least_one_lung_opacity_annotation,raw_detector_score_used_as_nominal_threshold_probability
faster_rcnn,0.41,0.02078644067796615,-0.04599794459639583,0.08892383426244212,145.4,186.8,332.20000000000005,-0.31299435028248573,-0.3967887085169585,-0.22694304113505273,0.0,0.0,0.0,0.003954802259887046,-0.05934720197205908,0.0672997006289352,yolo11s,faster_rcnn,not_distinguished,faster_rcnn,full held-out RSNA test split,exam_image,750,169,581,0.22533333333333333,22.53333333333333,323,5,17|42|137|271|314,0.95,2000,2000,paired_hierarchical_patient_cluster_percentile,arithmetic_mean_across_frozen_test_seeds,maximum emitted box confidence >= threshold,at_least_one_lung_opacity_annotation,raw_detector_score_used_as_nominal_threshold_probability
yolo11s,0.41,0.016831638418079102,0.0033590712136110893,0.03606905096886165,18.6,8.6,27.200000000000003,-0.31299435028248573,-0.3967887085169585,-0.22694304113505273,0.0,0.0,0.0,-0.003954802259887046,-0.06729970062893521,0.059347201972059054,faster_rcnn,faster_rcnn,not_distinguished,faster_rcnn,full held-out RSNA test split,exam_image,750,169,581,0.22533333333333333,22.53333333333333,323,5,17|42|137|271|314,0.95,2000,2000,paired_hierarchical_patient_cluster_percentile,arithmetic_mean_across_frozen_test_seeds,maximum emitted box confidence >= threshold,at_least_one_lung_opacity_annotation,raw_detector_score_used_as_nominal_threshold_probability
faster_rcnn,0.42,0.015558620689655198,-0.05340511929550435,0.08424663874503248,145.2,184.4,329.6,-0.3356321839080459,-0.42087127245690614,-0.24809723149945023,0.0,0.0,0.0,-0.001029885057471239,-0.06712073549910107,0.06565862507120011,yolo11s,yolo11s,not_distinguished,yolo11s,full held-out RSNA test split,exam_image,750,169,581,0.22533333333333333,22.53333333333333,323,5,17|42|137|271|314,0.95,2000,2000,paired_hierarchical_patient_cluster_percentile,arithmetic_mean_across_frozen_test_seeds,maximum emitted box confidence >= threshold,at_least_one_lung_opacity_annotation,raw_detector_score_used_as_nominal_threshold_probability
yolo11s,0.42,0.016588505747126437,0.0033214217155682875,0.035712981245235136,17.8,7.4,25.200000000000003,-0.3356321839080459,-0.42087127245690614,-0.24809723149945023,0.0,0.0,0.0,0.001029885057471239,-0.06565862507120013,0.06712073549910104,faster_rcnn,yolo11s,not_distinguished,yolo11s,full held-out RSNA test split,exam_image,750,169,581,0.22533333333333333,22.53333333333333,323,5,17|42|137|271|314,0.95,2000,2000,paired_hierarchical_patient_cluster_percentile,arithmetic_mean_across_frozen_test_seeds,maximum emitted box confidence >= threshold,at_least_one_lung_opacity_annotation,raw_detector_score_used_as_nominal_threshold_probability
faster_rcnn,0.43,0.011812865497076048,-0.05665718328672647,0.08115106095885267,144.8,180.2,325.0,-0.35906432748538003,-0.44579883864036063,-0.2699936741573353,0.0,0.0,0.0,-0.004280701754385942,-0.07074809381220637,0.06337402035370074,yolo11s,yolo11s,not_distinguished,yolo11s,full held-out RSNA test split,exam_image,750,169,581,0.22533333333333333,22.53333333333333,323,5,17|42|137|271|314,0.95,2000,2000,paired_hierarchical_patient_cluster_percentile,arithmetic_mean_across_frozen_test_seeds,maximum emitted box confidence >= threshold,at_least_one_lung_opacity_annotation,raw_detector_score_used_as_nominal_threshold_probability
yolo11s,0.43,0.01609356725146199,0.00308763176508111,0.036228684363556335,17.2,6.8,24.0,-0.35906432748538003,-0.44579883864036063,-0.2699936741573353,0.0,0.0,0.0,0.004280701754385942,-0.06337402035370075,0.0707480938122063,faster_rcnn,yolo11s,not_distinguished,yolo11s,full held-out RSNA test split,exam_image,750,169,581,0.22533333333333333,22.53333333333333,323,5,17|42|137|271|314,0.95,2000,2000,paired_hierarchical_patient_cluster_percentile,arithmetic_mean_across_frozen_test_seeds,maximum emitted box confidence >= threshold,at_least_one_lung_opacity_annotation,raw_detector_score_used_as_nominal_threshold_probability
faster_rcnn,0.44,0.0080952380952381,-0.06028725654629744,0.07690329617384936,144.2,175.8,320.0,-0.38333333333333325,-0.4716166750446529,-0.2926721326244306,0.0,0.0,0.0,-0.007333333333333327,-0.07346820903659507,0.060952386321570295,yolo11s,yolo11s,not_distinguished,yolo11s,full held-out RSNA test split,exam_image,750,169,581,0.22533333333333333,22.53333333333333,323,5,17|42|137|271|314,0.95,2000,2000,paired_hierarchical_patient_cluster_percentile,arithmetic_mean_across_frozen_test_seeds,maximum emitted box confidence >= threshold,at_least_one_lung_opacity_annotation,raw_detector_score_used_as_nominal_threshold_probability
yolo11s,0.44,0.015428571428571427,0.002998062883249349,0.0348056503447383,16.6,6.4,23.0,-0.38333333333333325,-0.4716166750446529,-0.2926721326244306,0.0,0.0,0.0,0.007333333333333327,-0.060952386321570295,0.07346820903659496,faster_rcnn,yolo11s,not_distinguished,yolo11s,full held-out RSNA test split,exam_image,750,169,581,0.22533333333333333,22.53333333333333,323,5,17|42|137|271|314,0.95,2000,2000,paired_hierarchical_patient_cluster_percentile,arithmetic_mean_across_frozen_test_seeds,maximum emitted box confidence >= threshold,at_least_one_lung_opacity_annotation,raw_detector_score_used_as_nominal_threshold_probability
faster_rcnn,0.45,0.003006060606060629,-0.06658251598990997,0.07230610385636377,143.8,173.0,316.8,-0.4084848484848484,-0.4983733418636465,-0.3161752623085112,0.0,0.0,0.0,-0.01001212121212119,-0.0775604076828704,0.05907724571859795,yolo11s,yolo11s,not_distinguished,yolo11s,full held-out RSNA test split,exam_image,750,169,581,0.22533333333333333,22.53333333333333,323,5,17|42|137|271|314,0.95,2000,2000,paired_hierarchical_patient_cluster_percentile,arithmetic_mean_across_frozen_test_seeds,maximum emitted box confidence >= threshold,at_least_one_lung_opacity_annotation,raw_detector_score_used_as_nominal_threshold_probability
yolo11s,0.45,0.013018181818181818,0.0016292479631217847,0.031984970750725046,15.0,6.4,21.4,-0.4084848484848484,-0.4983733418636465,-0.3161752623085112,0.0,0.0,0.0,0.01001212121212119,-0.05907724571859797,0.07756040768287037,faster_rcnn,yolo11s,not_distinguished,yolo11s,full held-out RSNA test split,exam_image,750,169,581,0.22533333333333333,22.53333333333333,323,5,17|42|137|271|314,0.95,2000,2000,paired_hierarchical_patient_cluster_percentile,arithmetic_mean_across_frozen_test_seeds,maximum emitted box confidence >= threshold,at_least_one_lung_opacity_annotation,raw_detector_score_used_as_nominal_threshold_probability
faster_rcnn,0.46,-0.0005629629629629706,-0.07074046632530594,0.06867267443218159,143.2,168.6,311.79999999999995,-0.43456790123456784,-0.526120996342603,-0.3405488782771874,0.0,0.0,0.0,-0.012948148148148155,-0.08185140868389304,0.05676287659846744,yolo11s,yolo11s,not_distinguished,yolo11s,full held-out RSNA test split,exam_image,750,169,581,0.22533333333333333,22.53333333333333,323,5,17|42|137|271|314,0.95,2000,2000,paired_hierarchical_patient_cluster_percentile,arithmetic_mean_across_frozen_test_seeds,maximum emitted box confidence >= threshold,at_least_one_lung_opacity_annotation,raw_detector_score_used_as_nominal_threshold_probability
yolo11s,0.46,0.012385185185185185,0.0011816660792392767,0.031234817454508353,14.4,6.0,20.4,-0.43456790123456784,-0.526120996342603,-0.3405488782771874,0.0,0.0,0.0,0.012948148148148155,-0.05676287659846747,0.08185140868389304,faster_rcnn,yolo11s,not_distinguished,yolo11s,full held-out RSNA test split,exam_image,750,169,581,0.22533333333333333,22.53333333333333,323,5,17|42|137|271|314,0.95,2000,2000,paired_hierarchical_patient_cluster_percentile,arithmetic_mean_across_frozen_test_seeds,maximum emitted box confidence >= threshold,at_least_one_lung_opacity_annotation,raw_detector_score_used_as_nominal_threshold_probability
faster_rcnn,0.47,-0.005197484276729558,-0.07617216006388082,0.06449003459329532,142.6,165.2,307.79999999999995,-0.461635220125786,-0.554915732122652,-0.365842253339021,0.0,0.0,0.0,-0.01650314465408805,-0.08636881399167091,0.0540406841186765,yolo11s,yolo11s,not_distinguished,yolo11s,full held-out RSNA test split,exam_image,750,169,581,0.22533333333333333,22.53333333333333,323,5,17|42|137|271|314,0.95,2000,2000,paired_hierarchical_patient_cluster_percentile,arithmetic_mean_across_frozen_test_seeds,maximum emitted box confidence >= threshold,at_least_one_lung_opacity_annotation,raw_detector_score_used_as_nominal_threshold_probability
yolo11s,0.47,0.01130566037735849,0.0007753459158181278,0.02987345648036635,13.8,6.0,19.8,-0.461635220125786,-0.554915732122652,-0.365842253339021,0.0,0.0,0.0,0.01650314465408805,-0.05404068411867655,0.08636881399167087,faster_rcnn,yolo11s,not_distinguished,yolo11s,full held-out RSNA test split,exam_image,750,169,581,0.22533333333333333,22.53333333333333,323,5,17|42|137|271|314,0.95,2000,2000,paired_hierarchical_patient_cluster_percentile,arithmetic_mean_across_frozen_test_seeds,maximum emitted box confidence >= threshold,at_least_one_lung_opacity_annotation,raw_detector_score_used_as_nominal_threshold_probability
faster_rcnn,0.48,-0.009825641025641008,-0.0827364826064386,0.062404169031337796,141.8,161.6,303.4,-0.4897435897435896,-0.5848179577403954,-0.39210845051861765,0.0,0.0,0.0,-0.01977435897435896,-0.0923171483212919,0.05195140683172947,yolo11s,yolo11s,not_distinguished,yolo11s,full held-out RSNA test split,exam_image,750,169,581,0.22533333333333333,22.53333333333333,323,5,17|42|137|271|314,0.95,2000,2000,paired_hierarchical_patient_cluster_percentile,arithmetic_mean_across_frozen_test_seeds,maximum emitted box confidence >= threshold,at_least_one_lung_opacity_annotation,raw_detector_score_used_as_nominal_threshold_probability
yolo11s,0.48,0.00994871794871795,0.0,0.02747912549788234,13.0,6.0,19.0,-0.4897435897435896,-0.5848179577403954,-0.39210845051861765,0.0,0.0,0.0,0.01977435897435896,-0.05195140683172948,0.0923171483212918,faster_rcnn,yolo11s,not_distinguished,yolo11s,full held-out RSNA test split,exam_image,750,169,581,0.22533333333333333,22.53333333333333,323,5,17|42|137|271|314,0.95,2000,2000,paired_hierarchical_patient_cluster_percentile,arithmetic_mean_across_frozen_test_seeds,maximum emitted box confidence >= threshold,at_least_one_lung_opacity_annotation,raw_detector_score_used_as_nominal_threshold_probability
faster_rcnn,0.49,-0.01595294117647057,-0.09041255071104143,0.055885082145437276,140.8,159.0,299.8,-0.518954248366013,-0.6158928196568737,-0.41940469464643365,0.0,0.0,0.0,-0.025856209150326777,-0.1009935317901151,0.04708084255219149,yolo11s,yolo11s,not_distinguished,yolo11s,full held-out RSNA test split,exam_image,750,169,581,0.22533333333333333,22.53333333333333,323,5,17|42|137|271|314,0.95,2000,2000,paired_hierarchical_patient_cluster_percentile,arithmetic_mean_across_frozen_test_seeds,maximum emitted box confidence >= threshold,at_least_one_lung_opacity_annotation,raw_detector_score_used_as_nominal_threshold_probability
yolo11s,0.49,0.00990326797385621,0.0,0.026915315913560688,13.0,5.8,18.8,-0.518954248366013,-0.6158928196568737,-0.41940469464643365,0.0,0.0,0.0,0.025856209150326777,-0.04708084255219152,0.10099353179011507,faster_rcnn,yolo11s,not_distinguished,yolo11s,full held-out RSNA test split,exam_image,750,169,581,0.22533333333333333,22.53333333333333,323,5,17|42|137|271|314,0.95,2000,2000,paired_hierarchical_patient_cluster_percentile,arithmetic_mean_across_frozen_test_seeds,maximum emitted box confidence >= threshold,at_least_one_lung_opacity_annotation,raw_detector_score_used_as_nominal_threshold_probability
faster_rcnn,0.5,-0.0232,-0.09747572204110094,0.04910382176669851,139.8,157.2,297.0,-0.5493333333333332,-0.6482106760500113,-0.44779278853936233,0.0,0.0,0.0,-0.0312,-0.10488067779821704,0.0420319365710101,yolo11s,yolo11s,not_distinguished,yolo11s,full held-out RSNA test split,exam_image,750,169,581,0.22533333333333333,22.53333333333333,323,5,17|42|137|271|314,0.95,2000,2000,paired_hierarchical_patient_cluster_percentile,arithmetic_mean_across_frozen_test_seeds,maximum emitted box confidence >= threshold,at_least_one_lung_opacity_annotation,raw_detector_score_used_as_nominal_threshold_probability
yolo11s,0.5,0.008,-5.931198102008521e-06,0.024200881362646053,11.4,5.4,16.8,-0.5493333333333332,-0.6482106760500113,-0.44779278853936233,0.0,0.0,0.0,0.0312,-0.0420319365710101,0.10488067779821697,faster_rcnn,yolo11s,not_distinguished,yolo11s,full held-out RSNA test split,exam_image,750,169,581,0.22533333333333333,22.53333333333333,323,5,17|42|137|271|314,0.95,2000,2000,paired_hierarchical_patient_cluster_percentile,arithmetic_mean_across_frozen_test_seeds,maximum emitted box confidence >= threshold,at_least_one_lung_opacity_annotation,raw_detector_score_used_as_nominal_threshold_probability
faster_rcnn,0.51,-0.028114285714285737,-0.10407489502053188,0.044291507092855203,139.2,154.0,293.2,-0.5809523809523809,-0.6818476286224605,-0.4773395801422065,0.0,0.0,0.0,-0.03555374149659866,-0.11021787093215664,0.03787206164834297,yolo11s,yolo11s,not_distinguished,yolo11s,full held-out RSNA test split,exam_image,750,169,581,0.22533333333333333,22.53333333333333,323,5,17|42|137|271|314,0.95,2000,2000,paired_hierarchical_patient_cluster_percentile,arithmetic_mean_across_frozen_test_seeds,maximum emitted box confidence >= threshold,at_least_one_lung_opacity_annotation,raw_detector_score_used_as_nominal_threshold_probability
yolo11s,0.51,0.007439455782312923,-0.0005414064325749063,0.02274816523873801,11.2,5.4,16.6,-0.5809523809523809,-0.6818476286224605,-0.4773395801422065,0.0,0.0,0.0,0.03555374149659866,-0.037872061648342975,0.11021787093215658,faster_rcnn,yolo11s,not_distinguished,yolo11s,full held-out RSNA test split,exam_image,750,169,581,0.22533333333333333,22.53333333333333,323,5,17|42|137|271|314,0.95,2000,2000,paired_hierarchical_patient_cluster_percentile,arithmetic_mean_across_frozen_test_seeds,maximum emitted box confidence >= threshold,at_least_one_lung_opacity_annotation,raw_detector_score_used_as_nominal_threshold_probability
faster_rcnn,0.52,-0.034311111111111126,-0.11106046808732026,0.03861651837554522,137.2,150.4,287.6,-0.6138888888888889,-0.7168861208854285,-0.5081174880618359,0.0,0.0,0.0,-0.041200000000000014,-0.114982934244153,0.03250410297152832,yolo11s,yolo11s,not_distinguished,yolo11s,full held-out RSNA test split,exam_image,750,169,581,0.22533333333333333,22.53333333333333,323,5,17|42|137|271|314,0.95,2000,2000,paired_hierarchical_patient_cluster_percentile,arithmetic_mean_across_frozen_test_seeds,maximum emitted box confidence >= threshold,at_least_one_lung_opacity_annotation,raw_detector_score_used_as_nominal_threshold_probability
yolo11s,0.52,0.006888888888888887,-0.0008194788636598977,0.021368449163449137,10.8,5.2,16.0,-0.6138888888888889,-0.7168861208854285,-0.5081174880618359,0.0,0.0,0.0,0.041200000000000014,-0.03250410297152833,0.11498293424415298,faster_rcnn,yolo11s,not_distinguished,yolo11s,full held-out RSNA test split,exam_image,750,169,581,0.22533333333333333,22.53333333333333,323,5,17|42|137|271|314,0.95,2000,2000,paired_hierarchical_patient_cluster_percentile,arithmetic_mean_across_frozen_test_seeds,maximum emitted box confidence >= threshold,at_least_one_lung_opacity_annotation,raw_detector_score_used_as_nominal_threshold_probability
faster_rcnn,0.53,-0.03711773049645394,-0.11445630566447088,0.03638944820847506,136.8,146.0,282.8,-0.6482269503546101,-0.753415612819161,-0.5402050941908111,0.0,0.0,0.0,-0.04346666666666671,-0.11877729808214038,0.02965088839830461,yolo11s,yolo11s,not_distinguished,yolo11s,full held-out RSNA test split,exam_image,750,169,581,0.22533333333333333,22.53333333333333,323,5,17|42|137|271|314,0.95,2000,2000,paired_hierarchical_patient_cluster_percentile,arithmetic_mean_across_frozen_test_seeds,maximum emitted box confidence >= threshold,at_least_one_lung_opacity_annotation,raw_detector_score_used_as_nominal_threshold_probability
yolo11s,0.53,0.006348936170212765,-0.0009850809507468473,0.019688220200911908,10.4,5.0,15.4,-0.6482269503546101,-0.753415612819161,-0.5402050941908111,0.0,0.0,0.0,0.04346666666666671,-0.02965088839830463,0.11877729808214037,faster_rcnn,yolo11s,not_distinguished,yolo11s,full held-out RSNA test split,exam_image,750,169,581,0.22533333333333333,22.53333333333333,323,5,17|42|137|271|314,0.95,2000,2000,paired_hierarchical_patient_cluster_percentile,arithmetic_mean_across_frozen_test_seeds,maximum emitted box confidence >= threshold,at_least_one_lung_opacity_annotation,raw_detector_score_used_as_nominal_threshold_probability
faster_rcnn,0.54,-0.04119420289855075,-0.120182991865957,0.03384647244959167,135.8,142.0,277.8,-0.6840579710144927,-0.791533343532621,-0.5736878136297419,0.0,0.0,0.0,-0.04648115942028987,-0.1245089761132223,0.027834923904227416,yolo11s,yolo11s,not_distinguished,yolo11s,full held-out RSNA test split,exam_image,750,169,581,0.22533333333333333,22.53333333333333,323,5,17|42|137|271|314,0.95,2000,2000,paired_hierarchical_patient_cluster_percentile,arithmetic_mean_across_frozen_test_seeds,maximum emitted box confidence >= threshold,at_least_one_lung_opacity_annotation,raw_detector_score_used_as_nominal_threshold_probability
yolo11s,0.54,0.005286956521739129,-0.0017728428980383888,0.017833053908997205,9.6,4.8,14.399999999999999,-0.6840579710144927,-0.791533343532621,-0.5736878136297419,0.0,0.0,0.0,0.04648115942028987,-0.02783492390422743,0.1245089761132223,faster_rcnn,yolo11s,not_distinguished,yolo11s,full held-out RSNA test split,exam_image,750,169,581,0.22533333333333333,22.53333333333333,323,5,17|42|137|271|314,0.95,2000,2000,paired_hierarchical_patient_cluster_percentile,arithmetic_mean_across_frozen_test_seeds,maximum emitted box confidence >= threshold,at_least_one_lung_opacity_annotation,raw_detector_score_used_as_nominal_threshold_probability
faster_rcnn,0.55,-0.04417777777777783,-0.1252614148328999,0.03051667570849149,134.8,137.4,272.20000000000005,-0.7214814814814816,-0.8313451956111239,-0.6086586539326252,0.0,0.0,0.0,-0.0483555555555556,-0.1280824653705617,0.023856484299384296,yolo11s,yolo11s,not_distinguished,yolo11s,full held-out RSNA test split,exam_image,750,169,581,0.22533333333333333,22.53333333333333,323,5,17|42|137|271|314,0.95,2000,2000,paired_hierarchical_patient_cluster_percentile,arithmetic_mean_across_frozen_test_seeds,maximum emitted box confidence >= threshold,at_least_one_lung_opacity_annotation,raw_detector_score_used_as_nominal_threshold_probability
yolo11s,0.55,0.004177777777777776,-0.0024781285560671047,0.015872808157305292,9.0,4.8,13.8,-0.7214814814814816,-0.8313451956111239,-0.6086586539326252,0.0,0.0,0.0,0.0483555555555556,-0.0238564842993843,0.1280824653705616,faster_rcnn,yolo11s,not_distinguished,yolo11s,full held-out RSNA test split,exam_image,750,169,581,0.22533333333333333,22.53333333333333,323,5,17|42|137|271|314,0.95,2000,2000,paired_hierarchical_patient_cluster_percentile,arithmetic_mean_across_frozen_test_seeds,maximum emitted box confidence >= threshold,at_least_one_lung_opacity_annotation,raw_detector_score_used_as_nominal_threshold_probability
faster_rcnn,0.56,-0.04872727272727277,-0.1303040635726682,0.02592851410673949,134.0,134.0,268.0,-0.7606060606060607,-0.8729666773295585,-0.645219077885639,0.0,0.0,0.0,-0.05238787878787883,-0.13268550428433448,0.020554953509859565,yolo11s,yolo11s,not_distinguished,yolo11s,full held-out RSNA test split,exam_image,750,169,581,0.22533333333333333,22.53333333333333,323,5,17|42|137|271|314,0.95,2000,2000,paired_hierarchical_patient_cluster_percentile,arithmetic_mean_across_frozen_test_seeds,maximum emitted box confidence >= threshold,at_least_one_lung_opacity_annotation,raw_detector_score_used_as_nominal_threshold_probability
yolo11s,0.56,0.00366060606060606,-0.0030628465928767717,0.014756422924901182,8.6,4.6,13.2,-0.7606060606060607,-0.8729666773295585,-0.645219077885639,0.0,0.0,0.0,0.05238787878787883,-0.02055495350985958,0.13268550428433448,faster_rcnn,yolo11s,not_distinguished,yolo11s,full held-out RSNA test split,exam_image,750,169,581,0.22533333333333333,22.53333333333333,323,5,17|42|137|271|314,0.95,2000,2000,paired_hierarchical_patient_cluster_percentile,arithmetic_mean_across_frozen_test_seeds,maximum emitted box confidence >= threshold,at_least_one_lung_opacity_annotation,raw_detector_score_used_as_nominal_threshold_probability
faster_rcnn,0.57,-0.055268217054263505,-0.1375928921494896,0.01864426620672122,132.2,131.0,263.2,-0.8015503875968988,-0.9165240419186175,-0.6834799866736769,0.0,0.0,0.0,-0.058958139534883665,-0.13874949266451173,0.013046811409142533,yolo11s,yolo11s,not_distinguished,yolo11s,full held-out RSNA test split,exam_image,750,169,581,0.22533333333333333,22.53333333333333,323,5,17|42|137|271|314,0.95,2000,2000,paired_hierarchical_patient_cluster_percentile,arithmetic_mean_across_frozen_test_seeds,maximum emitted box confidence >= threshold,at_least_one_lung_opacity_annotation,raw_detector_score_used_as_nominal_threshold_probability
yolo11s,0.57,0.0036899224806201574,-0.003016332891428554,0.01456766765135383,8.6,4.4,13.0,-0.8015503875968988,-0.9165240419186175,-0.6834799866736769,0.0,0.0,0.0,0.058958139534883665,-0.01304681140914258,0.13874949266451167,faster_rcnn,yolo11s,not_distinguished,yolo11s,full held-out RSNA test split,exam_image,750,169,581,0.22533333333333333,22.53333333333333,323,5,17|42|137|271|314,0.95,2000,2000,paired_hierarchical_patient_cluster_percentile,arithmetic_mean_across_frozen_test_seeds,maximum emitted box confidence >= threshold,at_least_one_lung_opacity_annotation,raw_detector_score_used_as_nominal_threshold_probability
faster_rcnn,0.58,-0.059339682539682505,-0.13808155392252255,0.013570761490827584,130.6,126.8,257.4,-0.8444444444444441,-0.9621555667262037,-0.7235628434992407,0.0,0.0,0.0,-0.06190476190476187,-0.1393131293651423,0.008482619349554878,yolo11s,yolo11s,not_distinguished,yolo11s,full held-out RSNA test split,exam_image,750,169,581,0.22533333333333333,22.53333333333333,323,5,17|42|137|271|314,0.95,2000,2000,paired_hierarchical_patient_cluster_percentile,arithmetic_mean_across_frozen_test_seeds,maximum emitted box confidence >= threshold,at_least_one_lung_opacity_annotation,raw_detector_score_used_as_nominal_threshold_probability
yolo11s,0.58,0.0025650793650793665,-0.003889365396239475,0.01216439263877593,8.0,4.4,12.4,-0.8444444444444441,-0.9621555667262037,-0.7235628434992407,0.0,0.0,0.0,0.06190476190476187,-0.008482619349554878,0.1393131293651423,faster_rcnn,yolo11s,not_distinguished,yolo11s,full held-out RSNA test split,exam_image,750,169,581,0.22533333333333333,22.53333333333333,323,5,17|42|137|271|314,0.95,2000,2000,paired_hierarchical_patient_cluster_percentile,arithmetic_mean_across_frozen_test_seeds,maximum emitted box confidence >= threshold,at_least_one_lung_opacity_annotation,raw_detector_score_used_as_nominal_threshold_probability
faster_rcnn,0.59,-0.06308292682926823,-0.14407249187736984,0.010057851857209256,129.4,122.8,252.2,-0.8894308943089428,-1.0100130195731842,-0.7656009616333685,0.0,0.0,0.0,-0.065040650406504,-0.14291325355317822,0.005792126764551238,yolo11s,yolo11s,not_distinguished,yolo11s,full held-out RSNA test split,exam_image,750,169,581,0.22533333333333333,22.53333333333333,323,5,17|42|137|271|314,0.95,2000,2000,paired_hierarchical_patient_cluster_percentile,arithmetic_mean_across_frozen_test_seeds,maximum emitted box confidence >= threshold,at_least_one_lung_opacity_annotation,raw_detector_score_used_as_nominal_threshold_probability
yolo11s,0.59,0.0019577235772357733,-0.004590911991229427,0.010675398609968568,7.8,4.4,12.2,-0.8894308943089428,-1.0100130195731842,-0.7656009616333685,0.0,0.0,0.0,0.065040650406504,-0.005792126764551252,0.14291325355317822,faster_rcnn,yolo11s,not_distinguished,yolo11s,full held-out RSNA test split,exam_image,750,169,581,0.22533333333333333,22.53333333333333,323,5,17|42|137|271|314,0.95,2000,2000,paired_hierarchical_patient_cluster_percentile,arithmetic_mean_across_frozen_test_seeds,maximum emitted box confidence >= threshold,at_least_one_lung_opacity_annotation,raw_detector_score_used_as_nominal_threshold_probability
faster_rcnn,0.6,-0.06959999999999997,-0.15050900830938876,0.002970956354300413,127.8,120.0,247.8,-0.9366666666666663,-1.0602633450625139,-0.8097409856742028,0.0,0.0,0.0,-0.0717333333333333,-0.15108907111249906,-0.0011140784285768937,yolo11s,yolo11s,yolo11s,yolo11s,full held-out RSNA test split,exam_image,750,169,581,0.22533333333333333,22.53333333333333,323,5,17|42|137|271|314,0.95,2000,2000,paired_hierarchical_patient_cluster_percentile,arithmetic_mean_across_frozen_test_seeds,maximum emitted box confidence >= threshold,at_least_one_lung_opacity_annotation,raw_detector_score_used_as_nominal_threshold_probability
yolo11s,0.6,0.0021333333333333347,-0.004133237163645556,0.010719668791316545,7.6,4.0,11.6,-0.9366666666666663,-1.0602633450625139,-0.8097409856742028,0.0,0.0,0.0,0.0717333333333333,0.0011140784285768876,0.151089071112499,faster_rcnn,yolo11s,yolo11s,yolo11s,full held-out RSNA test split,exam_image,750,169,581,0.22533333333333333,22.53333333333333,323,5,17|42|137|271|314,0.95,2000,2000,paired_hierarchical_patient_cluster_percentile,arithmetic_mean_across_frozen_test_seeds,maximum emitted box confidence >= threshold,at_least_one_lung_opacity_annotation,raw_detector_score_used_as_nominal_threshold_probability
faster_rcnn,0.61,-0.07167863247863249,-0.15581509752807265,-0.0003662469029441851,125.8,114.8,240.6,-0.9863247863247862,-1.1130906103205271,-0.8561446006914902,0.0,0.0,0.0,-0.07293675213675214,-0.1546495603729755,-0.003951056853626496,yolo11s,yolo11s,yolo11s,yolo11s,full held-out RSNA test split,exam_image,750,169,581,0.22533333333333333,22.53333333333333,323,5,17|42|137|271|314,0.95,2000,2000,paired_hierarchical_patient_cluster_percentile,arithmetic_mean_across_frozen_test_seeds,maximum emitted box confidence >= threshold,at_least_one_lung_opacity_annotation,raw_detector_score_used_as_nominal_threshold_probability
yolo11s,0.61,0.001258119658119658,-0.00525111668547236,0.009315176812780523,7.2,4.0,11.2,-0.9863247863247862,-1.1130906103205271,-0.8561446006914902,0.0,0.0,0.0,0.07293675213675214,0.003951056853626493,0.1546495603729755,faster_rcnn,yolo11s,yolo11s,yolo11s,full held-out RSNA test split,exam_image,750,169,581,0.22533333333333333,22.53333333333333,323,5,17|42|137|271|314,0.95,2000,2000,paired_hierarchical_patient_cluster_percentile,arithmetic_mean_across_frozen_test_seeds,maximum emitted box confidence >= threshold,at_least_one_lung_opacity_annotation,raw_detector_score_used_as_nominal_threshold_probability
faster_rcnn,0.62,-0.07778245614035087,-0.16582288004003798,-0.004075333769381709,124.4,112.0,236.4,-1.03859649122807,-1.1686982579605412,-0.904990511236003,0.0,0.0,0.0,-0.0784140350877193,-0.16474538154765095,-0.007939209102583014,yolo11s,yolo11s,yolo11s,yolo11s,full held-out RSNA test split,exam_image,750,169,581,0.22533333333333333,22.53333333333333,323,5,17|42|137|271|314,0.95,2000,2000,paired_hierarchical_patient_cluster_percentile,arithmetic_mean_across_frozen_test_seeds,maximum emitted box confidence >= threshold,at_least_one_lung_opacity_annotation,raw_detector_score_used_as_nominal_threshold_probability
yolo11s,0.62,0.0006315789473684211,-0.006377822502825948,0.007804860915658127,7.0,4.0,11.0,-1.03859649122807,-1.1686982579605412,-0.904990511236003,0.0,0.0,0.0,0.0784140350877193,0.007939209102582985,0.16474538154765092,faster_rcnn,yolo11s,yolo11s,yolo11s,full held-out RSNA test split,exam_image,750,169,581,0.22533333333333333,22.53333333333333,323,5,17|42|137|271|314,0.95,2000,2000,paired_hierarchical_patient_cluster_percentile,arithmetic_mean_across_frozen_test_seeds,maximum emitted box confidence >= threshold,at_least_one_lung_opacity_annotation,raw_detector_score_used_as_nominal_threshold_probability
faster_rcnn,0.63,-0.07368648648648647,-0.1610164667242755,0.0011282206427091009,124.2,105.4,229.60000000000002,-1.0936936936936934,-1.227311724391907,-0.9564767412694085,0.0,0.0,0.0,-0.07305945945945945,-0.16109629586174526,0.0009640317510059074,yolo11s,yolo11s,not_distinguished,treat_none,full held-out RSNA test split,exam_image,750,169,581,0.22533333333333333,22.53333333333333,323,5,17|42|137|271|314,0.95,2000,2000,paired_hierarchical_patient_cluster_percentile,arithmetic_mean_across_frozen_test_seeds,maximum emitted box confidence >= threshold,at_least_one_lung_opacity_annotation,raw_detector_score_used_as_nominal_threshold_probability
yolo11s,0.63,-0.0006270270270270264,-0.01005881859206667,0.0058326334103248586,6.0,3.8,9.8,-1.0936936936936934,-1.227311724391907,-0.9564767412694085,0.0,0.0,0.0,0.07305945945945945,-0.000964031751005948,0.1610962958617452,faster_rcnn,yolo11s,not_distinguished,treat_none,full held-out RSNA test split,exam_image,750,169,581,0.22533333333333333,22.53333333333333,323,5,17|42|137|271|314,0.95,2000,2000,paired_hierarchical_patient_cluster_percentile,arithmetic_mean_across_frozen_test_seeds,maximum emitted box confidence >= threshold,at_least_one_lung_opacity_annotation,raw_detector_score_used_as_nominal_threshold_probability
faster_rcnn,0.64,-0.07742222222222224,-0.16275139803730226,-0.0032705018359853477,122.2,101.4,223.60000000000002,-1.151851851851852,-1.2891814945139046,-1.0108233174157812,0.0,0.0,0.0,-0.07682962962962965,-0.16171945241178595,-0.004597378936092094,yolo11s,yolo11s,yolo11s,treat_none,full held-out RSNA test split,exam_image,750,169,581,0.22533333333333333,22.53333333333333,323,5,17|42|137|271|314,0.95,2000,2000,paired_hierarchical_patient_cluster_percentile,arithmetic_mean_across_frozen_test_seeds,maximum emitted box confidence >= threshold,at_least_one_lung_opacity_annotation,raw_detector_score_used_as_nominal_threshold_probability
yolo11s,0.64,-0.0005925925925925939,-0.009179593620275288,0.005651680962239967,5.6,3.4,9.0,-1.151851851851852,-1.2891814945139046,-1.0108233174157812,0.0,0.0,0.0,0.07682962962962965,0.0045973789360920616,0.1617194524117859,faster_rcnn,yolo11s,yolo11s,treat_none,full held-out RSNA test split,exam_image,750,169,581,0.22533333333333333,22.53333333333333,323,5,17|42|137|271|314,0.95,2000,2000,paired_hierarchical_patient_cluster_percentile,arithmetic_mean_across_frozen_test_seeds,maximum emitted box confidence >= threshold,at_least_one_lung_opacity_annotation,raw_detector_score_used_as_nominal_threshold_probability
faster_rcnn,0.65,-0.0818666666666667,-0.17277355792504268,-0.00506177491677503,120.6,98.0,218.6,-1.2133333333333334,-1.3545866800714448,-1.0682754121990894,0.0,0.0,0.0,-0.08038095238095241,-0.17111348126871487,-0.005031426449744452,yolo11s,yolo11s,yolo11s,treat_none,full held-out RSNA test split,exam_image,750,169,581,0.22533333333333333,22.53333333333333,323,5,17|42|137|271|314,0.95,2000,2000,paired_hierarchical_patient_cluster_percentile,arithmetic_mean_across_frozen_test_seeds,maximum emitted box confidence >= threshold,at_least_one_lung_opacity_annotation,raw_detector_score_used_as_nominal_threshold_probability
yolo11s,0.65,-0.001485714285714287,-0.010767584824388558,0.00393239795918365,5.2,3.4,8.6,-1.2133333333333334,-1.3545866800714448,-1.0682754121990894,0.0,0.0,0.0,0.08038095238095241,0.005031426449744444,0.17111348126871487,faster_rcnn,yolo11s,yolo11s,treat_none,full held-out RSNA test split,exam_image,750,169,581,0.22533333333333333,22.53333333333333,323,5,17|42|137|271|314,0.95,2000,2000,paired_hierarchical_patient_cluster_percentile,arithmetic_mean_across_frozen_test_seeds,maximum emitted box confidence >= threshold,at_least_one_lung_opacity_annotation,raw_detector_score_used_as_nominal_threshold_probability
faster_rcnn,0.66,-0.08152156862745101,-0.16951637117908566,-0.00580522102549368,119.0,92.8,211.8,-1.2784313725490195,-1.4238392294853108,-1.1291070419696507,0.0,0.0,0.0,-0.08017254901960787,-0.1685326601531024,-0.005556028889853939,yolo11s,yolo11s,yolo11s,treat_none,full held-out RSNA test split,exam_image,750,169,581,0.22533333333333333,22.53333333333333,323,5,17|42|137|271|314,0.95,2000,2000,paired_hierarchical_patient_cluster_percentile,arithmetic_mean_across_frozen_test_seeds,maximum emitted box confidence >= threshold,at_least_one_lung_opacity_annotation,raw_detector_score_used_as_nominal_threshold_probability
yolo11s,0.66,-0.001349019607843138,-0.011186298846258892,0.004691488110818227,5.2,3.2,8.4,-1.2784313725490195,-1.4238392294853108,-1.1291070419696507,0.0,0.0,0.0,0.08017254901960787,0.005556028889853925,0.16853266015310236,faster_rcnn,yolo11s,yolo11s,treat_none,full held-out RSNA test split,exam_image,750,169,581,0.22533333333333333,22.53333333333333,323,5,17|42|137|271|314,0.95,2000,2000,paired_hierarchical_patient_cluster_percentile,arithmetic_mean_across_frozen_test_seeds,maximum emitted box confidence >= threshold,at_least_one_lung_opacity_annotation,raw_detector_score_used_as_nominal_threshold_probability
faster_rcnn,0.67,-0.08464646464646468,-0.17136486299605214,-0.01203100123064321,116.4,88.6,205.0,-1.3474747474747477,-1.497288903106078,-1.1936254371808523,0.0,0.0,0.0,-0.08319191919191922,-0.1699802335238479,-0.012217532736905562,yolo11s,yolo11s,yolo11s,treat_none,full held-out RSNA test split,exam_image,750,169,581,0.22533333333333333,22.53333333333333,323,5,17|42|137|271|314,0.95,2000,2000,paired_hierarchical_patient_cluster_percentile,arithmetic_mean_across_frozen_test_seeds,maximum emitted box confidence >= threshold,at_least_one_lung_opacity_annotation,raw_detector_score_used_as_nominal_threshold_probability
yolo11s,0.67,-0.0014545454545454568,-0.01087670451854053,0.004593889028792072,5.0,3.0,8.0,-1.3474747474747477,-1.497288903106078,-1.1936254371808523,0.0,0.0,0.0,0.08319191919191922,0.012217532736905543,0.16998023352384786,faster_rcnn,yolo11s,yolo11s,treat_none,full held-out RSNA test split,exam_image,750,169,581,0.22533333333333333,22.53333333333333,323,5,17|42|137|271|314,0.95,2000,2000,paired_hierarchical_patient_cluster_percentile,arithmetic_mean_across_frozen_test_seeds,maximum emitted box confidence >= threshold,at_least_one_lung_opacity_annotation,raw_detector_score_used_as_nominal_threshold_probability
faster_rcnn,0.68,-0.08603333333333338,-0.17782692664922148,-0.007916120695930808,114.4,84.2,198.60000000000002,-1.4208333333333336,-1.575329181328143,-1.262176232092754,0.0,0.0,0.0,-0.08366666666666671,-0.17684328052985265,-0.0058900018193212235,yolo11s,yolo11s,yolo11s,treat_none,full held-out RSNA test split,exam_image,750,169,581,0.22533333333333333,22.53333333333333,323,5,17|42|137|271|314,0.95,2000,2000,paired_hierarchical_patient_cluster_percentile,arithmetic_mean_across_frozen_test_seeds,maximum emitted box confidence >= threshold,at_least_one_lung_opacity_annotation,raw_detector_score_used_as_nominal_threshold_probability
yolo11s,0.68,-0.002366666666666669,-0.012608432749807552,0.0032313295011926345,4.6,3.0,7.6,-1.4208333333333336,-1.575329181328143,-1.262176232092754,0.0,0.0,0.0,0.08366666666666671,0.0058900018193212235,0.17684328052985263,faster_rcnn,yolo11s,yolo11s,treat_none,full held-out RSNA test split,exam_image,750,169,581,0.22533333333333333,22.53333333333333,323,5,17|42|137|271|314,0.95,2000,2000,paired_hierarchical_patient_cluster_percentile,arithmetic_mean_across_frozen_test_seeds,maximum emitted box confidence >= threshold,at_least_one_lung_opacity_annotation,raw_detector_score_used_as_nominal_threshold_probability
faster_rcnn,0.69,-0.08835268817204295,-0.18377901160464177,-0.008282092607118362,111.8,80.0,191.8,-1.4989247311827951,-1.6584043162096949,-1.335149658934455,0.0,0.0,0.0,-0.085316129032258,-0.18118914649297232,-0.005048761973680233,yolo11s,yolo11s,yolo11s,treat_none,full held-out RSNA test split,exam_image,750,169,581,0.22533333333333333,22.53333333333333,323,5,17|42|137|271|314,0.95,2000,2000,paired_hierarchical_patient_cluster_percentile,arithmetic_mean_across_frozen_test_seeds,maximum emitted box confidence >= threshold,at_least_one_lung_opacity_annotation,raw_detector_score_used_as_nominal_threshold_probability
yolo11s,0.69,-0.003036559139784944,-0.014184402212607472,0.002179207231690242,4.4,3.0,7.4,-1.4989247311827951,-1.6584043162096949,-1.335149658934455,0.0,0.0,0.0,0.085316129032258,0.0050487619736802325,0.18118914649297221,faster_rcnn,yolo11s,yolo11s,treat_none,full held-out RSNA test split,exam_image,750,169,581,0.22533333333333333,22.53333333333333,323,5,17|42|137|271|314,0.95,2000,2000,paired_hierarchical_patient_cluster_percentile,arithmetic_mean_across_frozen_test_seeds,maximum emitted box confidence >= threshold,at_least_one_lung_opacity_annotation,raw_detector_score_used_as_nominal_threshold_probability
faster_rcnn,0.7,-0.09377777777777774,-0.19168194477442516,-0.01134148638859273,108.4,76.6,185.0,-1.5822222222222218,-1.747017793416685,-1.4129879808989372,0.0,0.0,0.0,-0.0909333333333333,-0.18857558475727865,-0.007896190417969033,yolo11s,yolo11s,yolo11s,treat_none,full held-out RSNA test split,exam_image,750,169,581,0.22533333333333333,22.53333333333333,323,5,17|42|137|271|314,0.95,2000,2000,paired_hierarchical_patient_cluster_percentile,arithmetic_mean_across_frozen_test_seeds,maximum emitted box confidence >= threshold,at_least_one_lung_opacity_annotation,raw_detector_score_used_as_nominal_threshold_probability
yolo11s,0.7,-0.0028444444444444446,-0.013556872755592078,0.0027427397286216115,4.4,2.8,7.2,-1.5822222222222218,-1.747017793416685,-1.4129879808989372,0.0,0.0,0.0,0.0909333333333333,0.00789619041796895,0.18857558475727845,faster_rcnn,yolo11s,yolo11s,treat_none,full held-out RSNA test split,exam_image,750,169,581,0.22533333333333333,22.53333333333333,323,5,17|42|137|271|314,0.95,2000,2000,paired_hierarchical_patient_cluster_percentile,arithmetic_mean_across_frozen_test_seeds,maximum emitted box confidence >= threshold,at_least_one_lung_opacity_annotation,raw_detector_score_used_as_nominal_threshold_probability
faster_rcnn,0.71,-0.09568735632183904,-0.1939611820722592,-0.011362401687913245,105.0,72.2,177.2,-1.6712643678160917,-1.8417425449138125,-1.4961944629989006,0.0,0.0,0.0,-0.0918804597701149,-0.19214877672153846,-0.006473893647540489,yolo11s,yolo11s,yolo11s,treat_none,full held-out RSNA test split,exam_image,750,169,581,0.22533333333333333,22.53333333333333,323,5,17|42|137|271|314,0.95,2000,2000,paired_hierarchical_patient_cluster_percentile,arithmetic_mean_across_frozen_test_seeds,maximum emitted box confidence >= threshold,at_least_one_lung_opacity_annotation,raw_detector_score_used_as_nominal_threshold_probability
yolo11s,0.71,-0.003806896551724138,-0.01636312461804378,0.0015898789052739293,4.0,2.8,6.8,-1.6712643678160917,-1.8417425449138125,-1.4961944629989006,0.0,0.0,0.0,0.0918804597701149,0.006473893647540447,0.19214877672153846,faster_rcnn,yolo11s,yolo11s,treat_none,full held-out RSNA test split,exam_image,750,169,581,0.22533333333333333,22.53333333333333,323,5,17|42|137|271|314,0.95,2000,2000,paired_hierarchical_patient_cluster_percentile,arithmetic_mean_across_frozen_test_seeds,maximum emitted box confidence >= threshold,at_least_one_lung_opacity_annotation,raw_detector_score_used_as_nominal_threshold_probability
faster_rcnn,0.72,-0.10182857142857141,-0.204364587498334,-0.013027267033680812,102.6,69.6,172.2,-1.7666666666666664,-1.9432333500893058,-1.5853442652488612,0.0,0.0,0.0,-0.09798095238095236,-0.20319194333973814,-0.004092568888269342,yolo11s,yolo11s,yolo11s,treat_none,full held-out RSNA test split,exam_image,750,169,581,0.22533333333333333,22.53333333333333,323,5,17|42|137|271|314,0.95,2000,2000,paired_hierarchical_patient_cluster_percentile,arithmetic_mean_across_frozen_test_seeds,maximum emitted box confidence >= threshold,at_least_one_lung_opacity_annotation,raw_detector_score_used_as_nominal_threshold_probability
yolo11s,0.72,-0.0038476190476190468,-0.01660755976956443,0.0015395767438975859,3.8,2.6,6.4,-1.7666666666666664,-1.9432333500893058,-1.5853442652488612,0.0,0.0,0.0,0.09798095238095236,0.0040925688882693404,0.20319194333973814,faster_rcnn,yolo11s,yolo11s,treat_none,full held-out RSNA test split,exam_image,750,169,581,0.22533333333333333,22.53333333333333,323,5,17|42|137|271|314,0.95,2000,2000,paired_hierarchical_patient_cluster_percentile,arithmetic_mean_across_frozen_test_seeds,maximum emitted box confidence >= threshold,at_least_one_lung_opacity_annotation,raw_detector_score_used_as_nominal_threshold_probability
faster_rcnn,0.73,-0.10072098765432096,-0.20110664826029745,-0.011448044455131616,100.2,65.0,165.2,-1.8691358024691351,-2.0522419926852056,-1.6810977565543745,0.0,0.0,0.0,-0.09759012345679009,-0.19964711244572686,-0.006139302360547448,yolo11s,yolo11s,yolo11s,treat_none,full held-out RSNA test split,exam_image,750,169,581,0.22533333333333333,22.53333333333333,323,5,17|42|137|271|314,0.95,2000,2000,paired_hierarchical_patient_cluster_percentile,arithmetic_mean_across_frozen_test_seeds,maximum emitted box confidence >= threshold,at_least_one_lung_opacity_annotation,raw_detector_score_used_as_nominal_threshold_probability
yolo11s,0.73,-0.0031308641975308625,-0.015206758550379715,0.002395517446284125,3.6,2.2,5.800000000000001,-1.8691358024691351,-2.0522419926852056,-1.6810977565543745,0.0,0.0,0.0,0.09759012345679009,0.006139302360547324,0.19964711244572675,faster_rcnn,yolo11s,yolo11s,treat_none,full held-out RSNA test split,exam_image,750,169,581,0.22533333333333333,22.53333333333333,323,5,17|42|137|271|314,0.95,2000,2000,paired_hierarchical_patient_cluster_percentile,arithmetic_mean_across_frozen_test_seeds,maximum emitted box confidence >= threshold,at_least_one_lung_opacity_annotation,raw_detector_score_used_as_nominal_threshold_probability
faster_rcnn,0.74,-0.10108717948717946,-0.2019889629180967,-0.012957907025224126,97.8,61.0,158.8,-1.9794871794871791,-2.1696359154807903,-1.7842169010372348,0.0,0.0,0.0,-0.09727179487179485,-0.20166868205257527,-0.0051477022555613,yolo11s,yolo11s,yolo11s,treat_none,full held-out RSNA test split,exam_image,750,169,581,0.22533333333333333,22.53333333333333,323,5,17|42|137|271|314,0.95,2000,2000,paired_hierarchical_patient_cluster_percentile,arithmetic_mean_across_frozen_test_seeds,maximum emitted box confidence >= threshold,at_least_one_lung_opacity_annotation,raw_detector_score_used_as_nominal_threshold_probability
yolo11s,0.74,-0.0038153846153846137,-0.01693790322580644,0.001402206139048235,3.4,2.2,5.6,-1.9794871794871791,-2.1696359154807903,-1.7842169010372348,0.0,0.0,0.0,0.09727179487179485,0.005147702255561282,0.20166868205257524,faster_rcnn,yolo11s,yolo11s,treat_none,full held-out RSNA test split,exam_image,750,169,581,0.22533333333333333,22.53333333333333,323,5,17|42|137|271|314,0.95,2000,2000,paired_hierarchical_patient_cluster_percentile,arithmetic_mean_across_frozen_test_seeds,maximum emitted box confidence >= threshold,at_least_one_lung_opacity_annotation,raw_detector_score_used_as_nominal_threshold_probability
faster_rcnn,0.75,-0.0984,-0.1981993512902329,-0.011999593578541107,94.2,56.0,150.2,-2.0986666666666665,-2.296421352100022,-1.8955855770787247,0.0,0.0,0.0,-0.09386666666666667,-0.19767259061776002,-0.004129117047527168,yolo11s,yolo11s,yolo11s,treat_none,full held-out RSNA test split,exam_image,750,169,581,0.22533333333333333,22.53333333333333,323,5,17|42|137|271|314,0.95,2000,2000,paired_hierarchical_patient_cluster_percentile,arithmetic_mean_across_frozen_test_seeds,maximum emitted box confidence >= threshold,at_least_one_lung_opacity_annotation,raw_detector_score_used_as_nominal_threshold_probability
yolo11s,0.75,-0.004533333333333333,-0.01911445747627748,0.000817692379968053,3.2,2.2,5.4,-2.0986666666666665,-2.296421352100022,-1.8955855770787247,0.0,0.0,0.0,0.09386666666666667,0.00412911704752712,0.19767259061776002,faster_rcnn,yolo11s,yolo11s,treat_none,full held-out RSNA test split,exam_image,750,169,581,0.22533333333333333,22.53333333333333,323,5,17|42|137|271|314,0.95,2000,2000,paired_hierarchical_patient_cluster_percentile,arithmetic_mean_across_frozen_test_seeds,maximum emitted box confidence >= threshold,at_least_one_lung_opacity_annotation,raw_detector_score_used_as_nominal_threshold_probability
faster_rcnn,0.76,-0.1045777777777778,-0.2023417995006722,-0.018740688756788595,89.4,53.0,142.4,-2.227777777777778,-2.433772241770857,-2.0162349761236715,0.0,0.0,0.0,-0.09986666666666669,-0.201783656933946,-0.008890777360547527,yolo11s,yolo11s,yolo11s,treat_none,full held-out RSNA test split,exam_image,750,169,581,0.22533333333333333,22.53333333333333,323,5,17|42|137|271|314,0.95,2000,2000,paired_hierarchical_patient_cluster_percentile,arithmetic_mean_across_frozen_test_seeds,maximum emitted box confidence >= threshold,at_least_one_lung_opacity_annotation,raw_detector_score_used_as_nominal_threshold_probability
yolo11s,0.76,-0.004711111111111112,-0.019670706896327692,0.0003492225904753346,2.8,2.0,4.8,-2.227777777777778,-2.433772241770857,-2.0162349761236715,0.0,0.0,0.0,0.09986666666666669,0.008890777360547525,0.20178365693394598,faster_rcnn,yolo11s,yolo11s,treat_none,full held-out RSNA test split,exam_image,750,169,581,0.22533333333333333,22.53333333333333,323,5,17|42|137|271|314,0.95,2000,2000,paired_hierarchical_patient_cluster_percentile,arithmetic_mean_across_frozen_test_seeds,maximum emitted box confidence >= threshold,at_least_one_lung_opacity_annotation,raw_detector_score_used_as_nominal_threshold_probability
faster_rcnn,0.77,-0.10440579710144929,-0.19786750954506233,-0.024113542846292624,84.4,48.6,133.0,-2.3681159420289855,-2.583066687065242,-2.1473756272594833,0.0,0.0,0.0,-0.10010434782608697,-0.19681599278181916,-0.01573871540730771,yolo11s,yolo11s,yolo11s,treat_none,full held-out RSNA test split,exam_image,750,169,581,0.22533333333333333,22.53333333333333,323,5,17|42|137|271|314,0.95,2000,2000,paired_hierarchical_patient_cluster_percentile,arithmetic_mean_across_frozen_test_seeds,maximum emitted box confidence >= threshold,at_least_one_lung_opacity_annotation,raw_detector_score_used_as_nominal_threshold_probability
yolo11s,0.77,-0.004301449275362319,-0.018273643402644334,0.00034799730936219543,2.8,1.8,4.6,-2.3681159420289855,-2.583066687065242,-2.1473756272594833,0.0,0.0,0.0,0.10010434782608697,0.015738715407307705,0.19681599278181908,faster_rcnn,yolo11s,yolo11s,treat_none,full held-out RSNA test split,exam_image,750,169,581,0.22533333333333333,22.53333333333333,323,5,17|42|137|271|314,0.95,2000,2000,paired_hierarchical_patient_cluster_percentile,arithmetic_mean_across_frozen_test_seeds,maximum emitted box confidence >= threshold,at_least_one_lung_opacity_annotation,raw_detector_score_used_as_nominal_threshold_probability
faster_rcnn,0.78,-0.10659393939393942,-0.2008060765743885,-0.024012452070429256,79.6,45.0,124.6,-2.5212121212121215,-2.7459333546591163,-2.290438155771278,0.0,0.0,0.0,-0.10480000000000003,-0.20058925328430574,-0.02246204032130978,yolo11s,yolo11s,yolo11s,treat_none,full held-out RSNA test split,exam_image,750,169,581,0.22533333333333333,22.53333333333333,323,5,17|42|137|271|314,0.95,2000,2000,paired_hierarchical_patient_cluster_percentile,arithmetic_mean_across_frozen_test_seeds,maximum emitted box confidence >= threshold,at_least_one_lung_opacity_annotation,raw_detector_score_used_as_nominal_threshold_probability
yolo11s,0.78,-0.0017939393939393946,-0.01008225303577289,0.0027956802190862,2.2,1.0,3.2,-2.5212121212121215,-2.7459333546591163,-2.290438155771278,0.0,0.0,0.0,0.10480000000000003,0.022462040321309752,0.2005892532843057,faster_rcnn,yolo11s,yolo11s,treat_none,full held-out RSNA test split,exam_image,750,169,581,0.22533333333333333,22.53333333333333,323,5,17|42|137|271|314,0.95,2000,2000,paired_hierarchical_patient_cluster_percentile,arithmetic_mean_across_frozen_test_seeds,maximum emitted box confidence >= threshold,at_least_one_lung_opacity_annotation,raw_detector_score_used_as_nominal_threshold_probability
faster_rcnn,0.79,-0.09923809523809528,-0.18893310293310303,-0.0231043982266064,76.8,40.2,117.0,-2.688888888888889,-2.9243111334524086,-2.4471256869984823,0.0,0.0,0.0,-0.09789206349206353,-0.18783085013146364,-0.021249730097829246,yolo11s,yolo11s,yolo11s,treat_none,full held-out RSNA test split,exam_image,750,169,581,0.22533333333333333,22.53333333333333,323,5,17|42|137|271|314,0.95,2000,2000,paired_hierarchical_patient_cluster_percentile,arithmetic_mean_across_frozen_test_seeds,maximum emitted box confidence >= threshold,at_least_one_lung_opacity_annotation,raw_detector_score_used_as_nominal_threshold_probability
yolo11s,0.79,-0.0013460317460317467,-0.009044625603262193,0.0028378668110379678,2.0,0.8,2.8,-2.688888888888889,-2.9243111334524086,-2.4471256869984823,0.0,0.0,0.0,0.09789206349206353,0.02124973009782921,0.18783085013146358,faster_rcnn,yolo11s,yolo11s,treat_none,full held-out RSNA test split,exam_image,750,169,581,0.22533333333333333,22.53333333333333,323,5,17|42|137|271|314,0.95,2000,2000,paired_hierarchical_patient_cluster_percentile,arithmetic_mean_across_frozen_test_seeds,maximum emitted box confidence >= threshold,at_least_one_lung_opacity_annotation,raw_detector_score_used_as_nominal_threshold_probability
faster_rcnn,0.8,-0.09973333333333338,-0.18582015086206902,-0.02597181686315365,72.4,36.8,109.2,-2.873333333333334,-3.1205266901250286,-2.619481971348406,0.0,0.0,0.0,-0.09786666666666671,-0.18507342182274247,-0.0231186884558978,yolo11s,yolo11s,yolo11s,treat_none,full held-out RSNA test split,exam_image,750,169,581,0.22533333333333333,22.53333333333333,323,5,17|42|137|271|314,0.95,2000,2000,paired_hierarchical_patient_cluster_percentile,arithmetic_mean_across_frozen_test_seeds,maximum emitted box confidence >= threshold,at_least_one_lung_opacity_annotation,raw_detector_score_used_as_nominal_threshold_probability
yolo11s,0.8,-0.001866666666666667,-0.010350830246858884,0.002218943269956605,1.8,0.8,2.6,-2.873333333333334,-3.1205266901250286,-2.619481971348406,0.0,0.0,0.0,0.09786666666666671,0.023118688455897787,0.1850734218227424,faster_rcnn,yolo11s,yolo11s,treat_none,full held-out RSNA test split,exam_image,750,169,581,0.22533333333333333,22.53333333333333,323,5,17|42|137|271|314,0.95,2000,2000,paired_hierarchical_patient_cluster_percentile,arithmetic_mean_across_frozen_test_seeds,maximum emitted box confidence >= threshold,at_least_one_lung_opacity_annotation,raw_detector_score_used_as_nominal_threshold_probability
faster_rcnn,0.81,-0.09270175438596498,-0.17196286142076464,-0.023846732074700058,68.6,32.4,101.0,-3.077192982456141,-3.337396515921083,-2.809981022472007,0.0,0.0,0.0,-0.09142456140350884,-0.17169193331920898,-0.022181456846933397,yolo11s,yolo11s,yolo11s,treat_none,full held-out RSNA test split,exam_image,750,169,581,0.22533333333333333,22.53333333333333,323,5,17|42|137|271|314,0.95,2000,2000,paired_hierarchical_patient_cluster_percentile,arithmetic_mean_across_frozen_test_seeds,maximum emitted box confidence >= threshold,at_least_one_lung_opacity_annotation,raw_detector_score_used_as_nominal_threshold_probability
yolo11s,0.81,-0.0012771929824561417,-0.010002020719275658,0.003820290397485581,1.6,0.6,2.2,-3.077192982456141,-3.337396515921083,-2.809981022472007,0.0,0.0,0.0,0.09142456140350884,0.022181456846933397,0.17169193331920898,faster_rcnn,yolo11s,yolo11s,treat_none,full held-out RSNA test split,exam_image,750,169,581,0.22533333333333333,22.53333333333333,323,5,17|42|137|271|314,0.95,2000,2000,paired_hierarchical_patient_cluster_percentile,arithmetic_mean_across_frozen_test_seeds,maximum emitted box confidence >= threshold,at_least_one_lung_opacity_annotation,raw_detector_score_used_as_nominal_threshold_probability
faster_rcnn,0.82,-0.0943407407407407,-0.17657089184528205,-0.023723545457419375,65.0,29.8,94.8,-3.3037037037037025,-3.578362989027808,-3.021646634831561,0.0,0.0,0.0,-0.09256296296296292,-0.17624335885501616,-0.01949859542065546,yolo11s,yolo11s,yolo11s,treat_none,full held-out RSNA test split,exam_image,750,169,581,0.22533333333333333,22.53333333333333,323,5,17|42|137|271|314,0.95,2000,2000,paired_hierarchical_patient_cluster_percentile,arithmetic_mean_across_frozen_test_seeds,maximum emitted box confidence >= threshold,at_least_one_lung_opacity_annotation,raw_detector_score_used_as_nominal_threshold_probability
yolo11s,0.82,-0.001777777777777777,-0.011391670333522931,0.0030995733060249038,1.4,0.6,2.0,-3.3037037037037025,-3.578362989027808,-3.021646634831561,0.0,0.0,0.0,0.09256296296296292,0.01949859542065544,0.17624335885501613,faster_rcnn,yolo11s,yolo11s,treat_none,full held-out RSNA test split,exam_image,750,169,581,0.22533333333333333,22.53333333333333,323,5,17|42|137|271|314,0.95,2000,2000,paired_hierarchical_patient_cluster_percentile,arithmetic_mean_across_frozen_test_seeds,maximum emitted box confidence >= threshold,at_least_one_lung_opacity_annotation,raw_detector_score_used_as_nominal_threshold_probability
faster_rcnn,0.83,-0.09259607843137249,-0.17570855614973255,-0.020642536675687273,61.4,26.8,88.2,-3.5568627450980377,-3.8476784589706203,-3.2582140839393,0.0,0.0,0.0,-0.09079215686274504,-0.17570855614973255,-0.016644964835146648,yolo11s,yolo11s,yolo11s,treat_none,full held-out RSNA test split,exam_image,750,169,581,0.22533333333333333,22.53333333333333,323,5,17|42|137|271|314,0.95,2000,2000,paired_hierarchical_patient_cluster_percentile,arithmetic_mean_across_frozen_test_seeds,maximum emitted box confidence >= threshold,at_least_one_lung_opacity_annotation,raw_detector_score_used_as_nominal_threshold_probability
yolo11s,0.83,-0.00180392156862745,-0.01027076552750917,0.0015729463994322377,0.6,0.4,1.0,-3.5568627450980377,-3.8476784589706203,-3.2582140839393,0.0,0.0,0.0,0.09079215686274504,0.016644964835146592,0.17570855614973252,faster_rcnn,yolo11s,yolo11s,treat_none,full held-out RSNA test split,exam_image,750,169,581,0.22533333333333333,22.53333333333333,323,5,17|42|137|271|314,0.95,2000,2000,paired_hierarchical_patient_cluster_percentile,arithmetic_mean_across_frozen_test_seeds,maximum emitted box confidence >= threshold,at_least_one_lung_opacity_annotation,raw_detector_score_used_as_nominal_threshold_probability
faster_rcnn,0.84,-0.09319999999999998,-0.17503695114409393,-0.01949258044590863,58.2,24.4,82.6,-3.841666666666666,-4.1506583626562845,-3.5243524641855064,0.0,0.0,0.0,-0.09233333333333331,-0.17463320793433645,-0.017471770937940265,yolo11s,yolo11s,yolo11s,treat_none,full held-out RSNA test split,exam_image,750,169,581,0.22533333333333333,22.53333333333333,323,5,17|42|137|271|314,0.95,2000,2000,paired_hierarchical_patient_cluster_percentile,arithmetic_mean_across_frozen_test_seeds,maximum emitted box confidence >= threshold,at_least_one_lung_opacity_annotation,raw_detector_score_used_as_nominal_threshold_probability
yolo11s,0.84,-0.0008666666666666663,-0.006818181818181816,0.002088909545746585,0.4,0.2,0.6000000000000001,-3.841666666666666,-4.1506583626562845,-3.5243524641855064,0.0,0.0,0.0,0.09233333333333331,0.017471770937940247,0.17463320793433643,faster_rcnn,yolo11s,yolo11s,treat_none,full held-out RSNA test split,exam_image,750,169,581,0.22533333333333333,22.53333333333333,323,5,17|42|137|271|314,0.95,2000,2000,paired_hierarchical_patient_cluster_percentile,arithmetic_mean_across_frozen_test_seeds,maximum emitted box confidence >= threshold,at_least_one_lung_opacity_annotation,raw_detector_score_used_as_nominal_threshold_probability
faster_rcnn,0.85,-0.07982222222222221,-0.1619071804794152,-0.009217024424545698,54.6,20.2,74.8,-4.1644444444444435,-4.494035586833371,-3.825975961797874,0.0,0.0,0.0,-0.08035555555555554,-0.1619071804794152,-0.010257523625368511,yolo11s,yolo11s,yolo11s,yolo11s,full held-out RSNA test split,exam_image,750,169,581,0.22533333333333333,22.53333333333333,323,5,17|42|137|271|314,0.95,2000,2000,paired_hierarchical_patient_cluster_percentile,arithmetic_mean_across_frozen_test_seeds,maximum emitted box confidence >= threshold,at_least_one_lung_opacity_annotation,raw_detector_score_used_as_nominal_threshold_probability
yolo11s,0.85,0.0005333333333333334,0.0,0.003065825334755299,0.4,0.0,0.4,-4.1644444444444435,-4.494035586833371,-3.825975961797874,0.0,0.0,0.0,0.08035555555555554,0.010257523625368489,0.1619071804794152,faster_rcnn,yolo11s,yolo11s,yolo11s,full held-out RSNA test split,exam_image,750,169,581,0.22533333333333333,22.53333333333333,323,5,17|42|137|271|314,0.95,2000,2000,paired_hierarchical_patient_cluster_percentile,arithmetic_mean_across_frozen_test_seeds,maximum emitted box confidence >= threshold,at_least_one_lung_opacity_annotation,raw_detector_score_used_as_nominal_threshold_probability
faster_rcnn,0.86,-0.07447619047619045,-0.15692970963995348,-0.0053494190885103226,49.8,17.2,67.0,-4.533333333333332,-4.886466700178611,-4.170688530497723,0.0,0.0,0.0,-0.07500952380952378,-0.15692970963995348,-0.006418085582958289,yolo11s,yolo11s,yolo11s,yolo11s,full held-out RSNA test split,exam_image,750,169,581,0.22533333333333333,22.53333333333333,323,5,17|42|137|271|314,0.95,2000,2000,paired_hierarchical_patient_cluster_percentile,arithmetic_mean_across_frozen_test_seeds,maximum emitted box confidence >= threshold,at_least_one_lung_opacity_annotation,raw_detector_score_used_as_nominal_threshold_probability
yolo11s,0.86,0.0005333333333333334,0.0,0.003065825334755299,0.4,0.0,0.4,-4.533333333333332,-4.886466700178611,-4.170688530497723,0.0,0.0,0.0,0.07500952380952378,0.006418085582958277,0.15692970963995342,faster_rcnn,yolo11s,yolo11s,yolo11s,full held-out RSNA test split,exam_image,750,169,581,0.22533333333333333,22.53333333333333,323,5,17|42|137|271|314,0.95,2000,2000,paired_hierarchical_patient_cluster_percentile,arithmetic_mean_across_frozen_test_seeds,maximum emitted box confidence >= threshold,at_least_one_lung_opacity_annotation,raw_detector_score_used_as_nominal_threshold_probability
faster_rcnn,0.87,-0.06742564102564103,-0.14014549595141693,-0.005910574331897546,45.8,14.4,60.199999999999996,-4.958974358974358,-5.339271830961581,-4.568433802074471,0.0,0.0,0.0,-0.06769230769230769,-0.14014549595141693,-0.0062028692956528205,yolo11s,yolo11s,yolo11s,yolo11s,full held-out RSNA test split,exam_image,750,169,581,0.22533333333333333,22.53333333333333,323,5,17|42|137|271|314,0.95,2000,2000,paired_hierarchical_patient_cluster_percentile,arithmetic_mean_across_frozen_test_seeds,maximum emitted box confidence >= threshold,at_least_one_lung_opacity_annotation,raw_detector_score_used_as_nominal_threshold_probability
yolo11s,0.87,0.0002666666666666667,0.0,0.0015329126673776494,0.2,0.0,0.2,-4.958974358974358,-5.339271830961581,-4.568433802074471,0.0,0.0,0.0,0.06769230769230769,0.006202869295652801,0.14014549595141676,faster_rcnn,yolo11s,yolo11s,yolo11s,full held-out RSNA test split,exam_image,750,169,581,0.22533333333333333,22.53333333333333,323,5,17|42|137|271|314,0.95,2000,2000,paired_hierarchical_patient_cluster_percentile,arithmetic_mean_across_frozen_test_seeds,maximum emitted box confidence >= threshold,at_least_one_lung_opacity_annotation,raw_detector_score_used_as_nominal_threshold_probability
faster_rcnn,0.88,-0.06942222222222223,-0.14563975021533163,-0.005799967620840111,41.8,12.8,54.599999999999994,-5.455555555555556,-5.867544483541714,-5.032469952247344,0.0,0.0,0.0,-0.06942222222222223,-0.14563975021533163,-0.005799967620840111,yolo11s,yolo11s,yolo11s,yolo11s|treat_none,full held-out RSNA test split,exam_image,750,169,581,0.22533333333333333,22.53333333333333,323,5,17|42|137|271|314,0.95,2000,2000,paired_hierarchical_patient_cluster_percentile,arithmetic_mean_across_frozen_test_seeds,maximum emitted box confidence >= threshold,at_least_one_lung_opacity_annotation,raw_detector_score_used_as_nominal_threshold_probability
yolo11s,0.88,0.0,0.0,0.0,0.0,0.0,0.0,-5.455555555555556,-5.867544483541714,-5.032469952247344,0.0,0.0,0.0,0.06942222222222223,0.005799967620840061,0.14563975021533163,faster_rcnn,yolo11s,yolo11s,yolo11s|treat_none,full held-out RSNA test split,exam_image,750,169,581,0.22533333333333333,22.53333333333333,323,5,17|42|137|271|314,0.95,2000,2000,paired_hierarchical_patient_cluster_percentile,arithmetic_mean_across_frozen_test_seeds,maximum emitted box confidence >= threshold,at_least_one_lung_opacity_annotation,raw_detector_score_used_as_nominal_threshold_probability
faster_rcnn,0.89,-0.056412121212121226,-0.1385369273941617,0.003704137895574105,38.6,10.0,48.6,-6.042424242424243,-6.491866709318233,-5.580876311542557,0.0,0.0,0.0,-0.056412121212121226,-0.1385369273941617,0.003704137895574105,yolo11s,yolo11s,not_distinguished,yolo11s|treat_none,full held-out RSNA test split,exam_image,750,169,581,0.22533333333333333,22.53333333333333,323,5,17|42|137|271|314,0.95,2000,2000,paired_hierarchical_patient_cluster_percentile,arithmetic_mean_across_frozen_test_seeds,maximum emitted box confidence >= threshold,at_least_one_lung_opacity_annotation,raw_detector_score_used_as_nominal_threshold_probability
yolo11s,0.89,0.0,0.0,0.0,0.0,0.0,0.0,-6.042424242424243,-6.491866709318233,-5.580876311542557,0.0,0.0,0.0,0.056412121212121226,-0.003704137895574144,0.13853692739416162,faster_rcnn,yolo11s,not_distinguished,yolo11s|treat_none,full held-out RSNA test split,exam_image,750,169,581,0.22533333333333333,22.53333333333333,323,5,17|42|137|271|314,0.95,2000,2000,paired_hierarchical_patient_cluster_percentile,arithmetic_mean_across_frozen_test_seeds,maximum emitted box confidence >= threshold,at_least_one_lung_opacity_annotation,raw_detector_score_used_as_nominal_threshold_probability
faster_rcnn,0.9,-0.051466666666666695,-0.13170841140426395,0.004312086023112621,33.4,8.0,41.4,-6.746666666666668,-7.241053380250057,-6.238963942696813,0.0,0.0,0.0,-0.051466666666666695,-0.13170841140426395,0.004312086023112621,yolo11s,yolo11s,not_distinguished,yolo11s|treat_none,full held-out RSNA test split,exam_image,750,169,581,0.22533333333333333,22.53333333333333,323,5,17|42|137|271|314,0.95,2000,2000,paired_hierarchical_patient_cluster_percentile,arithmetic_mean_across_frozen_test_seeds,maximum emitted box confidence >= threshold,at_least_one_lung_opacity_annotation,raw_detector_score_used_as_nominal_threshold_probability
yolo11s,0.9,0.0,0.0,0.0,0.0,0.0,0.0,-6.746666666666668,-7.241053380250057,-6.238963942696813,0.0,0.0,0.0,0.051466666666666695,-0.004312086023112631,0.13170841140426393,faster_rcnn,yolo11s,not_distinguished,yolo11s|treat_none,full held-out RSNA test split,exam_image,750,169,581,0.22533333333333333,22.53333333333333,323,5,17|42|137|271|314,0.95,2000,2000,paired_hierarchical_patient_cluster_percentile,arithmetic_mean_across_frozen_test_seeds,maximum emitted box confidence >= threshold,at_least_one_lung_opacity_annotation,raw_detector_score_used_as_nominal_threshold_probability
faster_rcnn,0.91,-0.039259259259259285,-0.11898141429581904,0.009341039549653053,29.2,5.8,35.0,-7.607407407407409,-8.156725978055622,-7.043293269663127,0.0,0.0,0.0,-0.039259259259259285,-0.11898141429581904,0.009341039549653053,yolo11s,yolo11s,not_distinguished,yolo11s|treat_none,full held-out RSNA test split,exam_image,750,169,581,0.22533333333333333,22.53333333333333,323,5,17|42|137|271|314,0.95,2000,2000,paired_hierarchical_patient_cluster_percentile,arithmetic_mean_across_frozen_test_seeds,maximum emitted box confidence >= threshold,at_least_one_lung_opacity_annotation,raw_detector_score_used_as_nominal_threshold_probability
yolo11s,0.91,0.0,0.0,0.0,0.0,0.0,0.0,-7.607407407407409,-8.156725978055622,-7.043293269663127,0.0,0.0,0.0,0.039259259259259285,-0.009341039549653199,0.11898141429581902,faster_rcnn,yolo11s,not_distinguished,yolo11s|treat_none,full held-out RSNA test split,exam_image,750,169,581,0.22533333333333333,22.53333333333333,323,5,17|42|137|271|314,0.95,2000,2000,paired_hierarchical_patient_cluster_percentile,arithmetic_mean_across_frozen_test_seeds,maximum emitted box confidence >= threshold,at_least_one_lung_opacity_annotation,raw_detector_score_used_as_nominal_threshold_probability
faster_rcnn,0.92,-0.035466666666666716,-0.11419852613326736,0.0116579430733748,24.0,4.4,28.4,-8.683333333333339,-9.301316725312576,-8.04870492837102,0.0,0.0,0.0,-0.035466666666666716,-0.11419852613326736,0.0116579430733748,yolo11s,yolo11s,not_distinguished,yolo11s|treat_none,full held-out RSNA test split,exam_image,750,169,581,0.22533333333333333,22.53333333333333,323,5,17|42|137|271|314,0.95,2000,2000,paired_hierarchical_patient_cluster_percentile,arithmetic_mean_across_frozen_test_seeds,maximum emitted box confidence >= threshold,at_least_one_lung_opacity_annotation,raw_detector_score_used_as_nominal_threshold_probability
yolo11s,0.92,0.0,0.0,0.0,0.0,0.0,0.0,-8.683333333333339,-9.301316725312576,-8.04870492837102,0.0,0.0,0.0,0.035466666666666716,-0.011657943073374826,0.11419852613326731,faster_rcnn,yolo11s,not_distinguished,yolo11s|treat_none,full held-out RSNA test split,exam_image,750,169,581,0.22533333333333333,22.53333333333333,323,5,17|42|137|271|314,0.95,2000,2000,paired_hierarchical_patient_cluster_percentile,arithmetic_mean_across_frozen_test_seeds,maximum emitted box confidence >= threshold,at_least_one_lung_opacity_annotation,raw_detector_score_used_as_nominal_threshold_probability
faster_rcnn,0.93,-0.04552380952380957,-0.14269058661980635,0.009687178042074427,19.0,4.0,23.0,-10.066666666666674,-10.77293340035723,-9.341377060995452,0.0,0.0,0.0,-0.04552380952380957,-0.14269058661980635,0.009687178042074427,yolo11s,yolo11s,not_distinguished,yolo11s|treat_none,full held-out RSNA test split,exam_image,750,169,581,0.22533333333333333,22.53333333333333,323,5,17|42|137|271|314,0.95,2000,2000,paired_hierarchical_patient_cluster_percentile,arithmetic_mean_across_frozen_test_seeds,maximum emitted box confidence >= threshold,at_least_one_lung_opacity_annotation,raw_detector_score_used_as_nominal_threshold_probability
yolo11s,0.93,0.0,0.0,0.0,0.0,0.0,0.0,-10.066666666666674,-10.77293340035723,-9.341377060995452,0.0,0.0,0.0,0.04552380952380957,-0.009687178042074432,0.14269058661980635,faster_rcnn,yolo11s,not_distinguished,yolo11s|treat_none,full held-out RSNA test split,exam_image,750,169,581,0.22533333333333333,22.53333333333333,323,5,17|42|137|271|314,0.95,2000,2000,paired_hierarchical_patient_cluster_percentile,arithmetic_mean_across_frozen_test_seeds,maximum emitted box confidence >= threshold,at_least_one_lung_opacity_annotation,raw_detector_score_used_as_nominal_threshold_probability
faster_rcnn,0.94,-0.0586666666666666,-0.17093215981610835,0.005927146341589159,12.4,3.6,16.0,-11.911111111111099,-12.735088967083415,-11.064939904494675,0.0,0.0,0.0,-0.0586666666666666,-0.17093215981610835,0.005927146341589159,yolo11s,yolo11s,not_distinguished,yolo11s|treat_none,full held-out RSNA test split,exam_image,750,169,581,0.22533333333333333,22.53333333333333,323,5,17|42|137|271|314,0.95,2000,2000,paired_hierarchical_patient_cluster_percentile,arithmetic_mean_across_frozen_test_seeds,maximum emitted box confidence >= threshold,at_least_one_lung_opacity_annotation,raw_detector_score_used_as_nominal_threshold_probability
yolo11s,0.94,0.0,0.0,0.0,0.0,0.0,0.0,-11.911111111111099,-12.735088967083415,-11.064939904494675,0.0,0.0,0.0,0.0586666666666666,-0.005927146341589178,0.17093215981610813,faster_rcnn,yolo11s,not_distinguished,yolo11s|treat_none,full held-out RSNA test split,exam_image,750,169,581,0.22533333333333333,22.53333333333333,323,5,17|42|137|271|314,0.95,2000,2000,paired_hierarchical_patient_cluster_percentile,arithmetic_mean_across_frozen_test_seeds,maximum emitted box confidence >= threshold,at_least_one_lung_opacity_annotation,raw_detector_score_used_as_nominal_threshold_probability
faster_rcnn,0.95,-0.04986666666666661,-0.15377026041062894,0.004825199675104882,8.2,2.4,10.6,-14.493333333333318,-15.482106760500097,-13.47792788539361,0.0,0.0,0.0,-0.04986666666666661,-0.15377026041062894,0.004825199675104882,yolo11s,yolo11s,not_distinguished,yolo11s|treat_none,full held-out RSNA test split,exam_image,750,169,581,0.22533333333333333,22.53333333333333,323,5,17|42|137|271|314,0.95,2000,2000,paired_hierarchical_patient_cluster_percentile,arithmetic_mean_across_frozen_test_seeds,maximum emitted box confidence >= threshold,at_least_one_lung_opacity_annotation,raw_detector_score_used_as_nominal_threshold_probability
yolo11s,0.95,0.0,0.0,0.0,0.0,0.0,0.0,-14.493333333333318,-15.482106760500097,-13.47792788539361,0.0,0.0,0.0,0.04986666666666661,-0.004825199675104904,0.15377026041062877,faster_rcnn,yolo11s,not_distinguished,yolo11s|treat_none,full held-out RSNA test split,exam_image,750,169,581,0.22533333333333333,22.53333333333333,323,5,17|42|137|271|314,0.95,2000,2000,paired_hierarchical_patient_cluster_percentile,arithmetic_mean_across_frozen_test_seeds,maximum emitted box confidence >= threshold,at_least_one_lung_opacity_annotation,raw_detector_score_used_as_nominal_threshold_probability
faster_rcnn,0.96,-0.0074666666666666544,-0.0597423172518229,0.011826720604744151,4.0,0.4,4.4,-18.36666666666665,-19.602633450625124,-17.097409856742015,0.0,0.0,0.0,-0.0074666666666666544,-0.0597423172518229,0.011826720604744151,yolo11s,yolo11s,not_distinguished,yolo11s|treat_none,full held-out RSNA test split,exam_image,750,169,581,0.22533333333333333,22.53333333333333,323,5,17|42|137|271|314,0.95,2000,2000,paired_hierarchical_patient_cluster_percentile,arithmetic_mean_across_frozen_test_seeds,maximum emitted box confidence >= threshold,at_least_one_lung_opacity_annotation,raw_detector_score_used_as_nominal_threshold_probability
yolo11s,0.96,0.0,0.0,0.0,0.0,0.0,0.0,-18.36666666666665,-19.602633450625124,-17.097409856742015,0.0,0.0,0.0,0.0074666666666666544,-0.011826720604744156,0.05974231725182289,faster_rcnn,yolo11s,not_distinguished,yolo11s|treat_none,full held-out RSNA test split,exam_image,750,169,581,0.22533333333333333,22.53333333333333,323,5,17|42|137|271|314,0.95,2000,2000,paired_hierarchical_patient_cluster_percentile,arithmetic_mean_across_frozen_test_seeds,maximum emitted box confidence >= threshold,at_least_one_lung_opacity_annotation,raw_detector_score_used_as_nominal_threshold_probability
faster_rcnn,0.97,0.0016,0.0,0.005785423404000478,1.2,0.0,1.2,-24.8222222222222,-26.470177934166834,-23.12987980898935,0.0,0.0,0.0,0.0016,0.0,0.005785423404000478,yolo11s,faster_rcnn,not_distinguished,faster_rcnn,full held-out RSNA test split,exam_image,750,169,581,0.22533333333333333,22.53333333333333,323,5,17|42|137|271|314,0.95,2000,2000,paired_hierarchical_patient_cluster_percentile,arithmetic_mean_across_frozen_test_seeds,maximum emitted box confidence >= threshold,at_least_one_lung_opacity_annotation,raw_detector_score_used_as_nominal_threshold_probability
yolo11s,0.97,0.0,0.0,0.0,0.0,0.0,0.0,-24.8222222222222,-26.470177934166834,-23.12987980898935,0.0,0.0,0.0,-0.0016,-0.005785423404000479,0.0,faster_rcnn,faster_rcnn,not_distinguished,faster_rcnn,full held-out RSNA test split,exam_image,750,169,581,0.22533333333333333,22.53333333333333,323,5,17|42|137|271|314,0.95,2000,2000,paired_hierarchical_patient_cluster_percentile,arithmetic_mean_across_frozen_test_seeds,maximum emitted box confidence >= threshold,at_least_one_lung_opacity_annotation,raw_detector_score_used_as_nominal_threshold_probability
faster_rcnn,0.98,0.0,0.0,0.0,0.0,0.0,0.0,-37.7333333333333,-40.20526690125025,-35.19481971348403,0.0,0.0,0.0,0.0,0.0,0.0,yolo11s,tie,not_distinguished,faster_rcnn|yolo11s|treat_none,full held-out RSNA test split,exam_image,750,169,581,0.22533333333333333,22.53333333333333,323,5,17|42|137|271|314,0.95,2000,2000,paired_hierarchical_patient_cluster_percentile,arithmetic_mean_across_frozen_test_seeds,maximum emitted box confidence >= threshold,at_least_one_lung_opacity_annotation,raw_detector_score_used_as_nominal_threshold_probability
yolo11s,0.98,0.0,0.0,0.0,0.0,0.0,0.0,-37.7333333333333,-40.20526690125025,-35.19481971348403,0.0,0.0,0.0,0.0,0.0,0.0,faster_rcnn,tie,not_distinguished,faster_rcnn|yolo11s|treat_none,full held-out RSNA test split,exam_image,750,169,581,0.22533333333333333,22.53333333333333,323,5,17|42|137|271|314,0.95,2000,2000,paired_hierarchical_patient_cluster_percentile,arithmetic_mean_across_frozen_test_seeds,maximum emitted box confidence >= threshold,at_least_one_lung_opacity_annotation,raw_detector_score_used_as_nominal_threshold_probability
faster_rcnn,0.99,0.0,0.0,0.0,0.0,0.0,0.0,-76.46666666666658,-81.4105338025005,-71.38963942696807,0.0,0.0,0.0,0.0,0.0,0.0,yolo11s,tie,not_distinguished,faster_rcnn|yolo11s|treat_none,full held-out RSNA test split,exam_image,750,169,581,0.22533333333333333,22.53333333333333,323,5,17|42|137|271|314,0.95,2000,2000,paired_hierarchical_patient_cluster_percentile,arithmetic_mean_across_frozen_test_seeds,maximum emitted box confidence >= threshold,at_least_one_lung_opacity_annotation,raw_detector_score_used_as_nominal_threshold_probability
yolo11s,0.99,0.0,0.0,0.0,0.0,0.0,0.0,-76.46666666666658,-81.4105338025005,-71.38963942696807,0.0,0.0,0.0,0.0,0.0,0.0,faster_rcnn,tie,not_distinguished,faster_rcnn|yolo11s|treat_none,full held-out RSNA test split,exam_image,750,169,581,0.22533333333333333,22.53333333333333,323,5,17|42|137|271|314,0.95,2000,2000,paired_hierarchical_patient_cluster_percentile,arithmetic_mean_across_frozen_test_seeds,maximum emitted box confidence >= threshold,at_least_one_lung_opacity_annotation,raw_detector_score_used_as_nominal_threshold_probability
