detector,fp_per_image_query,seed_count,sensitivity,sensitivity_std,achieved_fp_per_image,achieved_fp_per_image_std,candidate_floor_limited_run_count,candidate_floor_limited_seeds
faster_rcnn,0.0,5,0.009701492537313432,0.004254385914549022,0.0,0.0,0,
faster_rcnn,0.0013333333333333333,5,0.01865671641791045,0.010218704431066532,0.0010666666666666667,0.0005962847939999439,0,
faster_rcnn,0.0026666666666666666,5,0.026865671641791045,0.012487463082598143,0.0024,0.000596284793999944,0,
faster_rcnn,0.004,5,0.03582089552238806,0.010749895739468607,0.004,0.0,0,
faster_rcnn,0.005333333333333333,5,0.03880597014925373,0.012817585102475873,0.004533333333333333,0.0007302967433402214,0,
faster_rcnn,0.006666666666666667,5,0.04104477611940298,0.014208531913925201,0.005866666666666668,0.001192569587999888,0,
faster_rcnn,0.008,5,0.0417910447761194,0.01547495623382666,0.0061333333333333335,0.001520233900132184,0,
faster_rcnn,0.009333333333333334,5,0.0462686567164179,0.014110201791932116,0.008266666666666667,0.0014605934866804432,0,
faster_rcnn,0.010666666666666666,5,0.05074626865671642,0.016178718946775222,0.009866666666666666,0.0017888543819998314,0,
faster_rcnn,0.012,5,0.06044776119402986,0.023804683444382958,0.0112,0.0007302967433402218,0,
faster_rcnn,0.013333333333333334,5,0.06492537313432836,0.02185306039454675,0.0128,0.0011925695879998885,0,
faster_rcnn,0.014666666666666666,5,0.07089552238805971,0.019919922111998715,0.0144,0.0005962847939999435,0,
faster_rcnn,0.016,5,0.08955223880597016,0.016049114304184004,0.015466666666666667,0.0011925695879998876,0,
faster_rcnn,0.017333333333333333,5,0.10522388059701493,0.004865076421793023,0.016533333333333334,0.001788854381999831,0,
faster_rcnn,0.018666666666666668,5,0.10746268656716418,0.0031218657706495383,0.01786666666666667,0.0007302967433402228,0,
faster_rcnn,0.02,5,0.10970149253731343,0.004254385914549025,0.018933333333333337,0.0011155467020454344,0,
faster_rcnn,0.021333333333333333,5,0.11940298507462688,0.014925373134328361,0.021066666666666668,0.0005962847939999434,0,
faster_rcnn,0.02266666666666667,5,0.12388059701492535,0.01613563306749227,0.02213333333333333,0.0007302967433402228,0,
faster_rcnn,0.024,5,0.1328358208955224,0.015064648685213696,0.023733333333333335,0.0005962847939999434,0,
faster_rcnn,0.025333333333333333,5,0.13432835820895522,0.015609328853247674,0.02426666666666667,0.001115546702045433,0,
faster_rcnn,0.02666666666666667,5,0.13955223880597015,0.012543086801471351,0.0256,0.0017384539747207063,0,
faster_rcnn,0.028,5,0.14328358208955222,0.014354764225127875,0.027466666666666667,0.0007302967433402208,0,
faster_rcnn,0.029333333333333333,5,0.14776119402985075,0.013607897409560048,0.0288,0.001192569587999887,0,
faster_rcnn,0.030666666666666665,5,0.15,0.01430618620349315,0.029599999999999998,0.0017384539747207048,0,
faster_rcnn,0.032,5,0.15074626865671642,0.014110201791932123,0.030133333333333335,0.002022100118413746,0,
faster_rcnn,0.03333333333333333,5,0.15597014925373134,0.011621202613729434,0.0328,0.0011925695879998885,0,
faster_rcnn,0.034666666666666665,5,0.15820895522388062,0.009730152843586047,0.03333333333333334,0.0016329931618554521,0,
faster_rcnn,0.036,5,0.15895522388059705,0.009365597311948609,0.03386666666666667,0.0020221001184137465,0,
faster_rcnn,0.037333333333333336,5,0.16044776119402987,0.012653600714785948,0.035199999999999995,0.0015202339001321851,0,
faster_rcnn,0.03866666666666667,5,0.16343283582089552,0.013556643376555936,0.03733333333333333,0.0018856180831641287,0,
faster_rcnn,0.04,5,0.1664179104477612,0.013086326803544915,0.038400000000000004,0.0021908902300206657,0,
faster_rcnn,0.04133333333333333,5,0.16865671641791044,0.013033021788487297,0.04026666666666667,0.001115546702045433,0,
faster_rcnn,0.042666666666666665,5,0.1753731343283582,0.017301527043835266,0.04159999999999999,0.001738453974720705,0,
faster_rcnn,0.044,5,0.1753731343283582,0.017301527043835266,0.04159999999999999,0.001738453974720705,0,
faster_rcnn,0.04533333333333334,5,0.18134328358208956,0.015519876375436876,0.0448,0.00119256958799989,0,
faster_rcnn,0.04666666666666667,5,0.1843283582089552,0.012817585102475873,0.04533333333333333,0.0016329931618554534,0,
faster_rcnn,0.048,5,0.1873134328358209,0.01220554271178816,0.0472,0.0011925695879998867,0,
faster_rcnn,0.04933333333333333,5,0.1880597014925373,0.01168095212126756,0.04773333333333333,0.0014605934866804417,0,
faster_rcnn,0.050666666666666665,5,0.19029850746268656,0.009872206384569373,0.04906666666666666,0.0023851391759997734,0,
faster_rcnn,0.052,5,0.19402985074626866,0.011799543508090966,0.05146666666666666,0.0007302967433402208,0,
faster_rcnn,0.05333333333333334,5,0.1970149253731343,0.011005881495337776,0.052533333333333335,0.0011925695879998902,0,
faster_rcnn,0.05466666666666667,5,0.19776119402985076,0.011500772393598833,0.05306666666666667,0.0014605934866804447,0,
faster_rcnn,0.056,5,0.20074626865671644,0.015918454483359358,0.05386666666666666,0.0022310934040908684,0,
faster_rcnn,0.05733333333333333,5,0.20223880597014926,0.01656144852326279,0.054933333333333334,0.002890597785157173,0,
faster_rcnn,0.058666666666666666,5,0.20597014925373136,0.014060778866728935,0.057866666666666663,0.0011925695879998867,0,
faster_rcnn,0.06,5,0.20597014925373136,0.014060778866728935,0.057866666666666663,0.0011925695879998867,0,
faster_rcnn,0.06133333333333333,5,0.20746268656716418,0.01435476422512787,0.058399999999999994,0.001977652929892175,0,
faster_rcnn,0.06266666666666666,5,0.208955223880597,0.012375465635654479,0.059199999999999996,0.0027648588471103604,0,
faster_rcnn,0.064,5,0.20970149253731343,0.01162120261372943,0.059466666666666654,0.003211091887677945,0,
faster_rcnn,0.06533333333333333,5,0.21119402985074626,0.011975228758120307,0.06133333333333333,0.0033993463423951883,0,
faster_rcnn,0.06666666666666667,5,0.21417910447761193,0.012262445317279838,0.06426666666666667,0.004044200236827493,0,
faster_rcnn,0.068,5,0.21417910447761193,0.012262445317279838,0.06426666666666667,0.004044200236827493,0,
faster_rcnn,0.06933333333333333,5,0.21567164179104478,0.010354057407098207,0.06586666666666667,0.004953113498935122,0,
faster_rcnn,0.07066666666666667,5,0.2164179104477612,0.010553832555023093,0.06666666666666668,0.00541602560309064,0,
faster_rcnn,0.072,5,0.21940298507462686,0.008089359473387613,0.068,0.006394442031083624,0,
faster_rcnn,0.07333333333333333,5,0.22313432835820896,0.010354057407098221,0.07306666666666665,0.0005962847939999465,0,
faster_rcnn,0.07466666666666667,5,0.2238805970149254,0.009139887099937235,0.0736,0.0005962847939999465,0,
faster_rcnn,0.076,5,0.2238805970149254,0.009139887099937235,0.0736,0.0005962847939999465,0,
faster_rcnn,0.07733333333333334,5,0.22462686567164178,0.010354057407098213,0.0744,0.001738453974720708,0,
faster_rcnn,0.07866666666666666,5,0.22761194029850745,0.00951309610744923,0.07546666666666665,0.0029211869733608833,0,
faster_rcnn,0.08,5,0.22761194029850745,0.00951309610744923,0.07546666666666665,0.0029211869733608833,0,
faster_rcnn,0.08133333333333333,5,0.23358208955223878,0.016392449728722995,0.07706666666666666,0.0035777087639996606,0,
faster_rcnn,0.08266666666666667,5,0.23358208955223878,0.016392449728722995,0.07706666666666666,0.0035777087639996606,0,
faster_rcnn,0.084,5,0.23656716417910445,0.01435476422512788,0.08026666666666668,0.0044621868081817385,0,
faster_rcnn,0.08533333333333333,5,0.2373134328358209,0.013861325090303522,0.08266666666666667,0.0026666666666666696,0,
faster_rcnn,0.08666666666666667,5,0.2373134328358209,0.013861325090303522,0.08266666666666667,0.0026666666666666696,0,
faster_rcnn,0.088,5,0.23805970149253733,0.012763157743647073,0.08346666666666666,0.003602468289628346,0,
faster_rcnn,0.08933333333333333,5,0.23805970149253733,0.012763157743647073,0.08346666666666666,0.003602468289628346,0,
faster_rcnn,0.09066666666666667,5,0.23880597014925375,0.01420853191392519,0.08533333333333333,0.004521553322083514,0,
faster_rcnn,0.092,5,0.2462686567164179,0.009872206384569353,0.08906666666666667,0.005842373946721773,0,
faster_rcnn,0.09333333333333334,5,0.2477611940298507,0.010081534392616628,0.09226666666666668,0.001115546702045434,0,
faster_rcnn,0.09466666666666666,5,0.2477611940298507,0.010081534392616628,0.09226666666666668,0.001115546702045434,0,
faster_rcnn,0.096,5,0.2477611940298507,0.010081534392616628,0.09226666666666668,0.001115546702045434,0,
faster_rcnn,0.09733333333333333,5,0.24925373134328357,0.009658342616078187,0.09413333333333333,0.0030695638488590186,0,
faster_rcnn,0.09866666666666667,5,0.2514925373134328,0.011379067673117091,0.096,0.0031269438398822853,0,
faster_rcnn,0.1,5,0.2529850746268657,0.01381101158456847,0.09626666666666668,0.0034512477614786095,0,
faster_rcnn,0.10133333333333333,5,0.25522388059701495,0.013349659567162924,0.09706666666666668,0.004152643067305983,0,
faster_rcnn,0.10266666666666667,5,0.2574626865671642,0.013453549535313398,0.1,0.004109609335312651,0,
faster_rcnn,0.104,5,0.25970149253731345,0.015064648685213684,0.1016,0.004657133119086125,0,
faster_rcnn,0.10533333333333333,5,0.26044776119402985,0.015248370702763088,0.10186666666666666,0.004862555341016123,0,
faster_rcnn,0.10666666666666667,5,0.2619402985074627,0.014306186203493132,0.1032,0.00562533949592773,0,
faster_rcnn,0.108,5,0.26343283582089555,0.014110201791932106,0.10666666666666666,0.0016329931618554534,0,
faster_rcnn,0.10933333333333334,5,0.2656716417910448,0.011005881495337775,0.10746666666666667,0.0022310934040908714,0,
faster_rcnn,0.11066666666666666,5,0.26940298507462684,0.011621202613729429,0.10853333333333333,0.002764858847110364,0,
faster_rcnn,0.112,5,0.2701492537313433,0.012543086801471351,0.11013333333333333,0.0015202339001321838,0,
faster_rcnn,0.11333333333333333,5,0.2701492537313433,0.012543086801471351,0.11013333333333333,0.0015202339001321838,0,
faster_rcnn,0.11466666666666667,5,0.2708955223880597,0.013086326803544905,0.11093333333333333,0.0025647178748895126,0,
faster_rcnn,0.116,5,0.2746268656716418,0.009365597311948607,0.11413333333333334,0.0025991451586157275,0,
faster_rcnn,0.11733333333333333,5,0.2753731343283582,0.008089359473387608,0.11439999999999999,0.002890597785157175,0,
faster_rcnn,0.11866666666666667,5,0.2761194029850746,0.00913988709993723,0.11573333333333333,0.0030404678002643702,0,
faster_rcnn,0.12,5,0.2761194029850746,0.00913988709993723,0.11573333333333333,0.0030404678002643702,0,
faster_rcnn,0.12133333333333333,5,0.27686567164179104,0.010354057407098218,0.11626666666666666,0.0038180856168736955,0,
faster_rcnn,0.12266666666666666,5,0.27686567164179104,0.010354057407098218,0.11626666666666666,0.0038180856168736955,0,
faster_rcnn,0.124,5,0.27761194029850744,0.01008153439261664,0.11893333333333334,0.0035777087639996615,0,
faster_rcnn,0.125,5,0.27761194029850744,0.01008153439261664,0.11893333333333334,0.0035777087639996615,0,
faster_rcnn,0.12533333333333332,5,0.2791044776119403,0.009658342616078201,0.12106666666666666,0.004361447262345628,0,
faster_rcnn,0.12666666666666668,5,0.28059701492537314,0.011317724543360531,0.12426666666666666,0.003932768321000703,0,
faster_rcnn,0.128,5,0.28208955223880594,0.011068952965814432,0.1248,0.004279148409568327,0,
faster_rcnn,0.12933333333333333,5,0.2843283582089552,0.008908459989786068,0.1277333333333333,0.0017384539747207055,0,
faster_rcnn,0.13066666666666665,5,0.2865671641791045,0.007177382112563935,0.1296,0.001738453974720696,0,
faster_rcnn,0.132,5,0.2888059701492538,0.006778321688277986,0.13013333333333332,0.002231093404090866,0,
faster_rcnn,0.13333333333333333,5,0.28955223880597014,0.007737478116913336,0.1304,0.002564717874889509,0,
faster_rcnn,0.13466666666666666,5,0.28955223880597014,0.007737478116913336,0.1304,0.002564717874889509,0,
faster_rcnn,0.136,5,0.2902985074626866,0.008908459989786068,0.13093333333333332,0.003451247761478611,0,
faster_rcnn,0.13733333333333334,5,0.2902985074626866,0.008908459989786068,0.13093333333333332,0.003451247761478611,0,
faster_rcnn,0.13866666666666666,5,0.291044776119403,0.009139887099937242,0.1328,0.004676180777800046,0,
faster_rcnn,0.14,5,0.2917910447761194,0.008089359473387616,0.13440000000000002,0.005609515724790036,0,
faster_rcnn,0.14133333333333334,5,0.2932835820895522,0.007737478116913326,0.13706666666666667,0.006211101172721127,0,
faster_rcnn,0.14266666666666666,5,0.2932835820895522,0.007737478116913326,0.13706666666666667,0.006211101172721127,0,
faster_rcnn,0.144,5,0.29402985074626864,0.007177382112563931,0.1376,0.006759355656339502,0,
faster_rcnn,0.14533333333333334,5,0.29477611940298504,0.008343537229476826,0.13946666666666668,0.0074595203897063235,0,
faster_rcnn,0.14666666666666667,5,0.29477611940298504,0.008343537229476826,0.13946666666666668,0.0074595203897063235,0,
faster_rcnn,0.148,5,0.29477611940298504,0.008343537229476826,0.13946666666666668,0.0074595203897063235,0,
faster_rcnn,0.14933333333333335,5,0.29552238805970144,0.008508771829098042,0.144,0.0036514837167011083,0,
faster_rcnn,0.15066666666666667,5,0.2962686567164179,0.008986264611039024,0.14586666666666667,0.004279148409568324,0,
faster_rcnn,0.152,5,0.29701492537313434,0.009730152843586044,0.14613333333333334,0.004676180777800046,0,
faster_rcnn,0.15333333333333332,5,0.29701492537313434,0.009730152843586044,0.14613333333333334,0.004676180777800046,0,
faster_rcnn,0.15466666666666667,5,0.3,0.011975228758120317,0.15066666666666667,0.006394442031083624,0,
faster_rcnn,0.156,5,0.30074626865671644,0.013086326803544926,0.15093333333333334,0.0066265459412208905,0,
faster_rcnn,0.15733333333333333,5,0.30223880597014924,0.013709830649905861,0.15306666666666666,0.0073876774278373615,0,
faster_rcnn,0.15866666666666668,5,0.30298507462686564,0.01478478563892459,0.15360000000000001,0.00774022681263999,0,
faster_rcnn,0.16,5,0.3037313432835821,0.015962126594184656,0.15386666666666665,0.007977746827547509,0,
faster_rcnn,0.16133333333333333,5,0.30522388059701494,0.014784785638924587,0.15893333333333332,0.0028905977851571697,0,
faster_rcnn,0.16266666666666665,5,0.30522388059701494,0.014784785638924587,0.15893333333333332,0.0028905977851571697,0,
faster_rcnn,0.164,5,0.30522388059701494,0.014784785638924587,0.15893333333333332,0.0028905977851571697,0,
faster_rcnn,0.16533333333333333,5,0.3082089552238806,0.016811761680699727,0.16293333333333332,0.0035777087639996667,0,
faster_rcnn,0.16666666666666666,5,0.31194029850746274,0.016178718946775233,0.1648,0.004173993557999607,0,
faster_rcnn,0.168,5,0.31194029850746274,0.016178718946775233,0.1648,0.004173993557999607,0,
faster_rcnn,0.16933333333333334,5,0.31343283582089554,0.013961408159604278,0.16533333333333333,0.004618802153517008,0,
faster_rcnn,0.17066666666666666,5,0.3156716417910448,0.017017543658196094,0.1688,0.002022100118413749,0,
faster_rcnn,0.172,5,0.31641791044776124,0.017180394676449762,0.16906666666666664,0.002385139175999775,0,
faster_rcnn,0.17333333333333334,5,0.3171641791044776,0.017099163040880005,0.1704,0.002564717874889515,0,
faster_rcnn,0.17466666666666666,5,0.3171641791044776,0.017099163040880005,0.1704,0.002564717874889515,0,
faster_rcnn,0.176,5,0.31865671641791044,0.01742181720884889,0.17173333333333332,0.004152643067305981,0,
faster_rcnn,0.17733333333333334,5,0.3201492537313433,0.017777804850106865,0.17466666666666666,0.004521553322083517,0,
faster_rcnn,0.17866666666666667,5,0.32089552238805974,0.019208265188408593,0.17493333333333333,0.004751607914988128,0,
faster_rcnn,0.18,5,0.32164179104477614,0.019280612959348985,0.17573333333333332,0.005283096734975724,0,
faster_rcnn,0.18133333333333335,5,0.32238805970149254,0.019496045488974833,0.1768,0.005857568703063685,0,
faster_rcnn,0.18266666666666667,5,0.323134328358209,0.019673770636513543,0.17733333333333332,0.006324555320336766,0,
faster_rcnn,0.184,5,0.3246268656716418,0.019026192214898457,0.17893333333333333,0.007204936579256695,0,
faster_rcnn,0.18533333333333332,5,0.32537313432835824,0.019460305687172098,0.17919999999999997,0.00745952038970633,0,
faster_rcnn,0.18666666666666668,5,0.32537313432835824,0.019460305687172098,0.17919999999999997,0.00745952038970633,0,
faster_rcnn,0.188,5,0.32611940298507464,0.019673770636513543,0.18053333333333335,0.00846430413232207,0,
faster_rcnn,0.18933333333333333,5,0.3268656716417911,0.018768322895461636,0.18506666666666666,0.004152643067305981,0,
faster_rcnn,0.19066666666666668,5,0.3276119402985075,0.019280612959348978,0.18613333333333335,0.004862555341016127,0,
faster_rcnn,0.192,5,0.3276119402985075,0.019280612959348978,0.18613333333333335,0.004862555341016127,0,
faster_rcnn,0.19333333333333333,5,0.3276119402985075,0.019280612959348978,0.18613333333333335,0.004862555341016127,0,
faster_rcnn,0.19466666666666665,5,0.3291044776119403,0.02100848994068545,0.19013333333333335,0.004580150409951374,0,
faster_rcnn,0.196,5,0.33059701492537313,0.020197565078693077,0.19413333333333335,0.0027648588471103673,0,
faster_rcnn,0.19733333333333333,5,0.3313432835820896,0.020505420394080726,0.1944,0.0030404678002643715,0,
faster_rcnn,0.19866666666666666,5,0.332089552238806,0.01956732925690581,0.19493333333333335,0.0035777087639996645,0,
faster_rcnn,0.2,5,0.332089552238806,0.01956732925690581,0.19493333333333335,0.0035777087639996645,0,
faster_rcnn,0.20133333333333334,5,0.33432835820895523,0.021041600268465202,0.19706666666666667,0.005112077203381556,0,
faster_rcnn,0.20266666666666666,5,0.33432835820895523,0.021041600268465202,0.19706666666666667,0.005112077203381556,0,
faster_rcnn,0.204,5,0.33432835820895523,0.021041600268465202,0.19706666666666667,0.005112077203381556,0,
faster_rcnn,0.20533333333333334,5,0.3358208955223881,0.02254299621939285,0.2,0.00659966329107445,0,
faster_rcnn,0.20666666666666667,5,0.3365671641791045,0.02321243435073998,0.20026666666666665,0.006889605697474039,0,
faster_rcnn,0.208,5,0.33805970149253733,0.023242405227458855,0.20266666666666663,0.007944250191875323,0,
faster_rcnn,0.20933333333333334,5,0.34029850746268664,0.024239375774495094,0.20693333333333333,0.0033199732261303305,0,
faster_rcnn,0.21066666666666667,5,0.34029850746268664,0.024239375774495094,0.20693333333333333,0.0033199732261303305,0,
faster_rcnn,0.212,5,0.341044776119403,0.02483516610790109,0.20800000000000002,0.003999999999999999,0,
faster_rcnn,0.21333333333333335,5,0.341044776119403,0.02483516610790109,0.20800000000000002,0.003999999999999999,0,
faster_rcnn,0.21466666666666667,5,0.3417910447761194,0.023833909586076573,0.20906666666666668,0.005024384981711139,0,
faster_rcnn,0.216,5,0.34253731343283583,0.0249470367917116,0.2104,0.0059179576056459056,0,
faster_rcnn,0.21733333333333332,5,0.3440298507462687,0.025770592014674628,0.21466666666666664,0.0038873012632302008,0,
faster_rcnn,0.21866666666666668,5,0.3455223880597015,0.025113908463378867,0.21706666666666666,0.0017384539747207085,0,
faster_rcnn,0.22,5,0.34701492537313433,0.026119402985074626,0.21786666666666665,0.0024221202832779933,0,
faster_rcnn,0.22133333333333333,5,0.3492537313432836,0.028490461446001595,0.2192,0.0027648588471103574,0,
faster_rcnn,0.22266666666666668,5,0.3514925373134329,0.02721579481912009,0.22026666666666667,0.00331997322613033,0,
faster_rcnn,0.224,5,0.3514925373134329,0.02721579481912009,0.22026666666666667,0.00331997322613033,0,
faster_rcnn,0.22533333333333333,5,0.35298507462686574,0.02497492616519628,0.22240000000000001,0.001977652929892177,0,
faster_rcnn,0.22666666666666666,5,0.35298507462686574,0.02497492616519628,0.22240000000000001,0.001977652929892177,0,
faster_rcnn,0.228,5,0.3544776119402985,0.02503061168843048,0.22426666666666667,0.0035777087639996645,0,
faster_rcnn,0.22933333333333333,5,0.35522388059701493,0.024095349688004385,0.22453333333333333,0.003955305859784352,0,
faster_rcnn,0.23066666666666666,5,0.3559701492537313,0.024553259516958355,0.22666666666666666,0.0037712361663282453,0,
faster_rcnn,0.232,5,0.3567164179104477,0.025662311737387162,0.22746666666666665,0.004482063017059092,0,
faster_rcnn,0.23333333333333334,5,0.3582089552238806,0.02516928649856724,0.23013333333333336,0.004482063017059093,0,
faster_rcnn,0.23466666666666666,5,0.3582089552238806,0.02516928649856724,0.23013333333333336,0.004482063017059093,0,
faster_rcnn,0.236,5,0.3582089552238806,0.02516928649856724,0.23013333333333336,0.004482063017059093,0,
faster_rcnn,0.23733333333333334,5,0.358955223880597,0.026305308555245623,0.23120000000000002,0.0055457691581561105,0,
faster_rcnn,0.23866666666666667,5,0.3597014925373134,0.026855304799174,0.23226666666666668,0.006491019437140308,0,
faster_rcnn,0.24,5,0.3597014925373134,0.026855304799174,0.23226666666666668,0.006491019437140308,0,
faster_rcnn,0.24133333333333334,5,0.3604477611940299,0.025932164707304552,0.23466666666666666,0.007302967433402213,0,
faster_rcnn,0.24266666666666667,5,0.3604477611940299,0.025932164707304552,0.23466666666666666,0.007302967433402213,0,
faster_rcnn,0.244,5,0.36268656716417913,0.025499029198910273,0.24106666666666668,0.0030404678002643637,0,
faster_rcnn,0.24533333333333332,5,0.3649253731343284,0.024807119609842766,0.2429333333333333,0.0028905977851571662,0,
faster_rcnn,0.24666666666666667,5,0.3649253731343284,0.024807119609842766,0.2429333333333333,0.0028905977851571662,0,
faster_rcnn,0.248,5,0.3649253731343284,0.024807119609842766,0.2429333333333333,0.0028905977851571662,0,
faster_rcnn,0.24933333333333332,5,0.36641791044776123,0.027215794819120096,0.2437333333333333,0.004044200236827488,0,
faster_rcnn,0.25,5,0.36641791044776123,0.027215794819120096,0.2437333333333333,0.004044200236827488,0,
faster_rcnn,0.25066666666666665,5,0.36641791044776123,0.027215794819120096,0.2437333333333333,0.004044200236827488,0,
faster_rcnn,0.252,5,0.36641791044776123,0.027215794819120096,0.2437333333333333,0.004044200236827488,0,
faster_rcnn,0.25333333333333335,5,0.3694029850746269,0.028539288322347672,0.2490666666666667,0.005917957605645914,0,
faster_rcnn,0.25466666666666665,5,0.3701492537313433,0.0290709719116156,0.24933333333333335,0.006182412330330471,0,
faster_rcnn,0.256,5,0.3701492537313433,0.0290709719116156,0.24933333333333335,0.006182412330330471,0,
faster_rcnn,0.25733333333333336,5,0.3701492537313433,0.0290709719116156,0.24933333333333335,0.006182412330330471,0,
faster_rcnn,0.25866666666666666,5,0.37313432835820903,0.0267774255492674,0.25466666666666665,0.006394442031083623,0,
faster_rcnn,0.26,5,0.3746268656716418,0.024974926165196285,0.2552,0.006837803415977648,0,
faster_rcnn,0.2613333333333333,5,0.37537313432835817,0.02426807842016284,0.2554666666666667,0.007093032575077534,0,
faster_rcnn,0.26266666666666666,5,0.3761194029850746,0.024947036791711612,0.2562666666666667,0.007740226812639991,0,
faster_rcnn,0.264,5,0.376865671641791,0.024891164298743162,0.2602666666666667,0.004152643067305974,0,
faster_rcnn,0.2653333333333333,5,0.376865671641791,0.024891164298743162,0.2602666666666667,0.004152643067305974,0,
faster_rcnn,0.26666666666666666,5,0.37910447761194027,0.02538959080030448,0.2645333333333333,0.0030695638488590195,0,
faster_rcnn,0.268,5,0.3813432835820896,0.026039322869205808,0.2653333333333333,0.00377123616632826,0,
faster_rcnn,0.2693333333333333,5,0.3813432835820896,0.026039322869205808,0.2653333333333333,0.00377123616632826,0,
faster_rcnn,0.27066666666666667,5,0.3813432835820896,0.026039322869205808,0.2653333333333333,0.00377123616632826,0,
faster_rcnn,0.272,5,0.3813432835820896,0.026039322869205808,0.2653333333333333,0.00377123616632826,0,
faster_rcnn,0.2733333333333333,5,0.38208955223880603,0.026594820419709637,0.26746666666666663,0.004770278351999544,0,
faster_rcnn,0.27466666666666667,5,0.3843283582089552,0.02779788139132712,0.2704,0.006491019437140309,0,
faster_rcnn,0.276,5,0.3843283582089552,0.02779788139132712,0.2704,0.006491019437140309,0,
faster_rcnn,0.2773333333333333,5,0.3858208955223881,0.028975027848234587,0.2728,0.007278583500776622,0,
faster_rcnn,0.2786666666666667,5,0.3858208955223881,0.028975027848234587,0.2728,0.007278583500776622,0,
faster_rcnn,0.28,5,0.3865671641791045,0.029094908491967053,0.2733333333333333,0.007774602526460401,0,
faster_rcnn,0.2813333333333333,5,0.3888059701492538,0.028466016601135295,0.27973333333333333,0.002890597785157169,0,
faster_rcnn,0.2826666666666667,5,0.3888059701492538,0.028466016601135295,0.27973333333333333,0.002890597785157169,0,
faster_rcnn,0.284,5,0.391044776119403,0.029309458039784304,0.28159999999999996,0.004044200236827482,0,
faster_rcnn,0.2853333333333333,5,0.3932835820895523,0.029451622777121055,0.2829333333333333,0.004657133119086123,0,
faster_rcnn,0.2866666666666667,5,0.3940298507462687,0.030724162463043127,0.2832,0.0048625553410161235,0,
faster_rcnn,0.288,5,0.39477611940298507,0.030244603177849903,0.284,0.005333333333333329,0,
faster_rcnn,0.28933333333333333,5,0.3955223880597015,0.02902303952631352,0.2848,0.0058575687030636755,0,
faster_rcnn,0.2906666666666667,5,0.39701492537313426,0.028854649148031652,0.2885333333333333,0.0024221202832780003,0,
faster_rcnn,0.292,5,0.3977611940298507,0.028975027848234594,0.2898666666666666,0.00202210011841374,0,
faster_rcnn,0.29333333333333333,5,0.3985074626865671,0.02919045853075813,0.2901333333333333,0.0024221202832779907,0,
faster_rcnn,0.2946666666666667,5,0.39925373134328357,0.03042818363861958,0.2917333333333333,0.002190890230020668,0,
faster_rcnn,0.296,5,0.39925373134328357,0.03042818363861958,0.2917333333333333,0.002190890230020668,0,
faster_rcnn,0.29733333333333334,5,0.4,0.030701496165260026,0.2925333333333333,0.003346640106136303,0,
faster_rcnn,0.2986666666666667,5,0.4,0.030701496165260026,0.2925333333333333,0.003346640106136303,0,
faster_rcnn,0.3,5,0.4007462686567164,0.030949912467653325,0.2944,0.004462186808181731,0,
faster_rcnn,0.30133333333333334,5,0.4014925373134329,0.031285483307842664,0.2952,0.005383101130183023,0,
faster_rcnn,0.30266666666666664,5,0.4029850746268657,0.03031357613670134,0.2984,0.00544875113112066,0,
faster_rcnn,0.304,5,0.40373134328358207,0.029070971911615597,0.29866666666666664,0.005734883511361736,0,
faster_rcnn,0.30533333333333335,5,0.40373134328358207,0.029070971911615597,0.29866666666666664,0.005734883511361736,0,
faster_rcnn,0.30666666666666664,5,0.40373134328358207,0.029070971911615597,0.29866666666666664,0.005734883511361736,0,
faster_rcnn,0.308,5,0.4044776119402985,0.029451622777121062,0.3,0.00711805216802086,0,
faster_rcnn,0.30933333333333335,5,0.40671641791044777,0.027546311679539918,0.30133333333333334,0.008485281374238568,0,
faster_rcnn,0.31066666666666665,5,0.408955223880597,0.02497492616519628,0.3056,0.006953815898882815,0,
faster_rcnn,0.312,5,0.4097014925373134,0.026172653607089827,0.30906666666666666,0.003699849846803103,0,
faster_rcnn,0.31333333333333335,5,0.4097014925373134,0.026172653607089827,0.30906666666666666,0.003699849846803103,0,
faster_rcnn,0.31466666666666665,5,0.41044776119402987,0.02503061168843048,0.3098666666666666,0.004482063017059101,0,
faster_rcnn,0.316,5,0.41044776119402987,0.02503061168843048,0.3098666666666666,0.004482063017059101,0,
faster_rcnn,0.31733333333333336,5,0.4119402985074626,0.02646361675596589,0.3138666666666666,0.00372379734500506,0,
faster_rcnn,0.31866666666666665,5,0.4119402985074626,0.02646361675596589,0.3138666666666666,0.00372379734500506,0,
faster_rcnn,0.32,5,0.4134328358208955,0.027087599123703787,0.3165333333333334,0.003955305859784367,0,
faster_rcnn,0.32133333333333336,5,0.4141791044776119,0.026384581387557757,0.31866666666666676,0.0026666666666666783,0,
faster_rcnn,0.32266666666666666,5,0.4141791044776119,0.026384581387557757,0.31866666666666676,0.0026666666666666783,0,
faster_rcnn,0.324,5,0.4141791044776119,0.026384581387557757,0.31866666666666676,0.0026666666666666783,0,
faster_rcnn,0.3253333333333333,5,0.41492537313432837,0.025224542956948624,0.32080000000000003,0.00292118697336087,0,
faster_rcnn,0.32666666666666666,5,0.4164179104477611,0.023391683609936542,0.3221333333333334,0.004279148409568312,0,
faster_rcnn,0.328,5,0.4164179104477611,0.023391683609936542,0.3221333333333334,0.004279148409568312,0,
faster_rcnn,0.3293333333333333,5,0.4164179104477611,0.023391683609936542,0.3221333333333334,0.004279148409568312,0,
faster_rcnn,0.33066666666666666,5,0.41940298507462687,0.027495721532747073,0.32693333333333335,0.00436144726234563,0,
faster_rcnn,0.332,5,0.42014925373134326,0.02774774991429583,0.32720000000000005,0.00467618077780005,0,
faster_rcnn,0.3333333333333333,5,0.4208955223880597,0.026699319134325845,0.32853333333333334,0.005383101130183023,0,
faster_rcnn,0.33466666666666667,5,0.42164179104477617,0.026907099070626782,0.3314666666666667,0.0030695638488590243,0,
faster_rcnn,0.336,5,0.42238805970149257,0.028220403583864233,0.33253333333333335,0.0036024682896283514,0,
faster_rcnn,0.3373333333333333,5,0.42238805970149257,0.028220403583864233,0.33253333333333335,0.0036024682896283514,0,
faster_rcnn,0.33866666666666667,5,0.42388059701492536,0.027495721532747083,0.33440000000000003,0.005112077203381554,0,
faster_rcnn,0.34,5,0.4253731343283582,0.028294311358401318,0.3346666666666667,0.005416025603090648,0,
faster_rcnn,0.3413333333333333,5,0.42611940298507467,0.0288305130926595,0.33493333333333336,0.005765799549450573,0,
faster_rcnn,0.3426666666666667,5,0.426865671641791,0.02787290954773598,0.33573333333333333,0.006626545941220894,0,
faster_rcnn,0.344,5,0.42835820895522386,0.02858803180504173,0.33866666666666667,0.007483314773547875,0,
faster_rcnn,0.3453333333333333,5,0.42835820895522386,0.02858803180504173,0.33866666666666667,0.007483314773547875,0,
faster_rcnn,0.3466666666666667,5,0.42910447761194026,0.028782180262204325,0.3392,0.008033264176742437,0,
faster_rcnn,0.348,5,0.42910447761194026,0.028782180262204325,0.3392,0.008033264176742437,0,
faster_rcnn,0.34933333333333333,5,0.42910447761194026,0.028782180262204325,0.3392,0.008033264176742437,0,
faster_rcnn,0.3506666666666667,5,0.42910447761194026,0.028782180262204325,0.3392,0.008033264176742437,0,
faster_rcnn,0.352,5,0.43134328358208956,0.028121557733457876,0.34426666666666667,0.010430723848324235,0,
faster_rcnn,0.35333333333333333,5,0.43283582089552236,0.026252327013937107,0.34986666666666666,0.004279148409568328,0,
faster_rcnn,0.3546666666666667,5,0.43358208955223876,0.02522454295694861,0.3501333333333333,0.004580150409951388,0,
faster_rcnn,0.356,5,0.43358208955223876,0.02522454295694861,0.3501333333333333,0.004580150409951388,0,
faster_rcnn,0.35733333333333334,5,0.4343283582089552,0.02441108542357632,0.3509333333333333,0.005529717694220735,0,
faster_rcnn,0.3586666666666667,5,0.4343283582089552,0.02441108542357632,0.3509333333333333,0.005529717694220735,0,
faster_rcnn,0.36,5,0.4343283582089552,0.02441108542357632,0.3509333333333333,0.005529717694220735,0,
faster_rcnn,0.36133333333333334,5,0.4343283582089552,0.02441108542357632,0.3509333333333333,0.005529717694220735,0,
faster_rcnn,0.3626666666666667,5,0.43507462686567167,0.024974926165196296,0.3546666666666667,0.005962847939999447,0,
faster_rcnn,0.364,5,0.43582089552238806,0.023950457516240625,0.3565333333333333,0.007278583500776632,0,
faster_rcnn,0.36533333333333334,5,0.4373134328358209,0.023061995731884263,0.36053333333333326,0.00578119557031436,0,
faster_rcnn,0.36666666666666664,5,0.4373134328358209,0.023061995731884263,0.36053333333333326,0.00578119557031436,0,
faster_rcnn,0.368,5,0.4373134328358209,0.023061995731884263,0.36053333333333326,0.00578119557031436,0,
faster_rcnn,0.36933333333333335,5,0.4373134328358209,0.023061995731884263,0.36053333333333326,0.00578119557031436,0,
faster_rcnn,0.37066666666666664,5,0.4373134328358209,0.023061995731884263,0.36053333333333326,0.00578119557031436,0,
faster_rcnn,0.372,5,0.4388059701492537,0.024411085423576333,0.3658666666666667,0.006296383441662712,0,
faster_rcnn,0.37333333333333335,5,0.4388059701492537,0.024411085423576333,0.3658666666666667,0.006296383441662712,0,
faster_rcnn,0.37466666666666665,5,0.43955223880597016,0.023510423883616984,0.36773333333333336,0.007387677427837359,0,
faster_rcnn,0.376,5,0.44029850746268656,0.02475093127130896,0.3685333333333333,0.008143163458454642,0,
faster_rcnn,0.37733333333333335,5,0.44253731343283587,0.024411085423576315,0.3701333333333333,0.009456332387465145,0,
faster_rcnn,0.37866666666666665,5,0.4432835820895522,0.024807119609842783,0.3704,0.009725110682032245,0,
faster_rcnn,0.38,5,0.4432835820895522,0.024807119609842783,0.3704,0.009725110682032245,0,
faster_rcnn,0.38133333333333336,5,0.4432835820895522,0.024807119609842783,0.3704,0.009725110682032245,0,
faster_rcnn,0.38266666666666665,5,0.4432835820895522,0.024807119609842783,0.3704,0.009725110682032245,0,
faster_rcnn,0.384,5,0.44402985074626866,0.02598579902459724,0.372,0.011392004993756704,0,
faster_rcnn,0.38533333333333336,5,0.44402985074626866,0.02598579902459724,0.372,0.011392004993756704,0,
faster_rcnn,0.38666666666666666,5,0.44402985074626866,0.02598579902459724,0.372,0.011392004993756704,0,
faster_rcnn,0.388,5,0.4455223880597015,0.026725379969358188,0.37706666666666666,0.011828402728649002,0,
faster_rcnn,0.3893333333333333,5,0.4455223880597015,0.026725379969358188,0.37706666666666666,0.011828402728649002,0,
faster_rcnn,0.39066666666666666,5,0.4455223880597015,0.026725379969358188,0.37706666666666666,0.011828402728649002,0,
faster_rcnn,0.392,5,0.44701492537313425,0.028220403583864243,0.3813333333333333,0.014696938456699072,0,
faster_rcnn,0.3933333333333333,5,0.4477611940298507,0.028660991596524667,0.38160000000000005,0.014948801512718891,0,
faster_rcnn,0.39466666666666667,5,0.44850746268656716,0.02759680908522477,0.38906666666666667,0.007017438595701732,0,
faster_rcnn,0.396,5,0.44925373134328356,0.02799750967508071,0.39066666666666666,0.007601169500660913,0,
faster_rcnn,0.3973333333333333,5,0.44925373134328356,0.02799750967508071,0.39066666666666666,0.007601169500660913,0,
faster_rcnn,0.39866666666666667,5,0.4507462686567164,0.029546019246013674,0.3925333333333333,0.008824209124146283,0,
faster_rcnn,0.4,5,0.45149253731343286,0.028539288322347686,0.3936,0.009446927778089783,0,
faster_rcnn,0.4013333333333333,5,0.4522388059701493,0.029663592409480296,0.39413333333333334,0.009870269612438257,0,
faster_rcnn,0.4026666666666667,5,0.4529850746268657,0.03003673402611659,0.396,0.01054092553389459,0,
faster_rcnn,0.404,5,0.45373134328358217,0.030496741405526207,0.3970666666666667,0.011131536781195623,0,
faster_rcnn,0.4053333333333333,5,0.45373134328358217,0.030496741405526207,0.3970666666666667,0.011131536781195623,0,
faster_rcnn,0.4066666666666667,5,0.45373134328358217,0.030496741405526207,0.3970666666666667,0.011131536781195623,0,
faster_rcnn,0.408,5,0.4544776119402985,0.03103975275087377,0.3978666666666667,0.011873406325809684,0,
faster_rcnn,0.4093333333333333,5,0.4552238805970149,0.03209822860836801,0.3994666666666667,0.012947758278730882,0,
faster_rcnn,0.4106666666666667,5,0.4567164179104477,0.03227126613498455,0.4064,0.0048442405665559815,0,
faster_rcnn,0.412,5,0.45746268656716416,0.03343666689137291,0.4066666666666666,0.0051639777949432095,0,
faster_rcnn,0.41333333333333333,5,0.45746268656716416,0.03343666689137291,0.4066666666666666,0.0051639777949432095,0,
faster_rcnn,0.4146666666666667,5,0.45746268656716416,0.03343666689137291,0.4066666666666666,0.0051639777949432095,0,
faster_rcnn,0.416,5,0.458955223880597,0.0337887505154381,0.40853333333333336,0.007399699693606173,0,
faster_rcnn,0.41733333333333333,5,0.4597014925373134,0.03278489945744594,0.41200000000000003,0.006394442031083622,0,
faster_rcnn,0.4186666666666667,5,0.4619402985074627,0.03464326683114973,0.4178666666666667,0.0011925695879999054,0,
faster_rcnn,0.42,5,0.46268656716417916,0.034903520399010644,0.41813333333333336,0.0015202339001321892,0,
faster_rcnn,0.42133333333333334,5,0.46268656716417916,0.034903520399010644,0.41813333333333336,0.0015202339001321892,0,
faster_rcnn,0.4226666666666667,5,0.46343283582089556,0.03393266431161091,0.4192,0.0024221202832780046,0,
faster_rcnn,0.424,5,0.46343283582089556,0.03393266431161091,0.4192,0.0024221202832780046,0,
faster_rcnn,0.42533333333333334,5,0.46492537313432847,0.032163226775387986,0.42106666666666664,0.0028905977851571723,0,
faster_rcnn,0.4266666666666667,5,0.4656716417910448,0.03341584056304195,0.42266666666666663,0.0033993463423951965,0,
faster_rcnn,0.428,5,0.4686567164179104,0.03374751956595527,0.42560000000000003,0.003319973226130334,0,
faster_rcnn,0.42933333333333334,5,0.46940298507462686,0.03278489945744597,0.42586666666666667,0.0036024682896283544,0,
faster_rcnn,0.43066666666666664,5,0.46940298507462686,0.03278489945744597,0.42586666666666667,0.0036024682896283544,0,
faster_rcnn,0.432,5,0.46940298507462686,0.03278489945744597,0.42586666666666667,0.0036024682896283544,0,
faster_rcnn,0.43333333333333335,5,0.46940298507462686,0.03278489945744597,0.42586666666666667,0.0036024682896283544,0,
faster_rcnn,0.43466666666666665,5,0.4701492537313433,0.03188061098999079,0.4277333333333333,0.0052830967349757185,0,
faster_rcnn,0.436,5,0.4701492537313433,0.03188061098999079,0.4277333333333333,0.0052830967349757185,0,
faster_rcnn,0.43733333333333335,5,0.4701492537313433,0.03188061098999079,0.4277333333333333,0.0052830967349757185,0,
faster_rcnn,0.43866666666666665,5,0.4708955223880597,0.032464830946501794,0.4298666666666667,0.007217263254786318,0,
faster_rcnn,0.44,5,0.4708955223880597,0.032464830946501794,0.4298666666666667,0.007217263254786318,0,
faster_rcnn,0.44133333333333336,5,0.4723880597014925,0.032806126328855614,0.43413333333333337,0.006153589738247633,0,
faster_rcnn,0.44266666666666665,5,0.4723880597014925,0.032806126328855614,0.43413333333333337,0.006153589738247633,0,
faster_rcnn,0.444,5,0.4723880597014925,0.032806126328855614,0.43413333333333337,0.006153589738247633,0,
faster_rcnn,0.44533333333333336,5,0.4723880597014925,0.032806126328855614,0.43413333333333337,0.006153589738247633,0,
faster_rcnn,0.44666666666666666,5,0.4723880597014925,0.032806126328855614,0.43413333333333337,0.006153589738247633,0,
faster_rcnn,0.448,5,0.4723880597014925,0.032806126328855614,0.43413333333333337,0.006153589738247633,0,
faster_rcnn,0.4493333333333333,5,0.4731343283582089,0.031924253188369306,0.43706666666666666,0.009208691546577054,0,
faster_rcnn,0.45066666666666666,5,0.4731343283582089,0.031924253188369306,0.43706666666666666,0.009208691546577054,0,
faster_rcnn,0.452,5,0.4731343283582089,0.031924253188369306,0.43706666666666666,0.009208691546577054,0,
faster_rcnn,0.4533333333333333,5,0.4731343283582089,0.031924253188369306,0.43706666666666666,0.009208691546577054,0,
faster_rcnn,0.45466666666666666,5,0.47388059701492535,0.03220648601050759,0.4397333333333333,0.01219836054558151,0,
faster_rcnn,0.456,5,0.47388059701492535,0.03220648601050759,0.4397333333333333,0.01219836054558151,0,
faster_rcnn,0.4573333333333333,5,0.47388059701492535,0.03220648601050759,0.4397333333333333,0.01219836054558151,0,
faster_rcnn,0.45866666666666667,5,0.47388059701492535,0.03220648601050759,0.4397333333333333,0.01219836054558151,0,
faster_rcnn,0.46,5,0.47388059701492535,0.03220648601050759,0.4397333333333333,0.01219836054558151,0,
faster_rcnn,0.4613333333333333,5,0.4746268656716418,0.03331151361293381,0.44666666666666666,0.01275408431313932,0,
faster_rcnn,0.46266666666666667,5,0.47611940298507466,0.034157589526405414,0.4530666666666667,0.014403703227526822,0,
faster_rcnn,0.464,5,0.47611940298507466,0.034157589526405414,0.4530666666666667,0.014403703227526822,0,
faster_rcnn,0.4653333333333333,5,0.47686567164179106,0.03474359506562623,0.45360000000000006,0.014889220560153198,0,
faster_rcnn,0.4666666666666667,5,0.4776119402985074,0.03578978748740836,0.45466666666666666,0.01574801574802362,0,
faster_rcnn,0.468,5,0.4776119402985074,0.03578978748740836,0.45466666666666666,0.01574801574802362,0,
faster_rcnn,0.4693333333333333,5,0.4776119402985074,0.03578978748740836,0.45466666666666666,0.01574801574802362,0,
faster_rcnn,0.4706666666666667,5,0.4776119402985074,0.03578978748740836,0.45466666666666666,0.01574801574802362,0,
faster_rcnn,0.472,5,0.4776119402985074,0.03578978748740836,0.45466666666666666,0.01574801574802362,0,
faster_rcnn,0.47333333333333333,5,0.47835820895522385,0.03494338736848703,0.4594666666666667,0.017297398648351718,0,
faster_rcnn,0.4746666666666667,5,0.47835820895522385,0.03494338736848703,0.4594666666666667,0.017297398648351718,0,
faster_rcnn,0.476,5,0.4791044776119403,0.033850502776243956,0.4688,0.0056253394959277225,0,
faster_rcnn,0.47733333333333333,5,0.48059701492537305,0.034743595065626194,0.47413333333333335,0.004482063017059091,0,
faster_rcnn,0.4786666666666667,5,0.4820895522388059,0.03454264719711378,0.4754666666666667,0.005042045440317078,0,
faster_rcnn,0.48,5,0.4820895522388059,0.03454264719711378,0.4754666666666667,0.005042045440317078,0,
faster_rcnn,0.48133333333333334,5,0.4820895522388059,0.03454264719711378,0.4754666666666667,0.005042045440317078,0,
faster_rcnn,0.4826666666666667,5,0.4820895522388059,0.03454264719711378,0.4754666666666667,0.005042045440317078,0,
faster_rcnn,0.484,5,0.48283582089552235,0.03343666689137291,0.4770666666666667,0.00635260226643818,0,
faster_rcnn,0.48533333333333334,5,0.48283582089552235,0.03343666689137291,0.4770666666666667,0.00635260226643818,0,
faster_rcnn,0.4866666666666667,5,0.48507462686567165,0.031771243220011944,0.4810666666666667,0.008763560920082665,0,
faster_rcnn,0.488,5,0.48507462686567165,0.031771243220011944,0.4810666666666667,0.008763560920082665,0,
faster_rcnn,0.48933333333333334,5,0.48507462686567165,0.031771243220011944,0.4810666666666667,0.008763560920082665,0,
faster_rcnn,0.49066666666666664,5,0.48507462686567165,0.031771243220011944,0.4810666666666667,0.008763560920082665,0,
faster_rcnn,0.492,5,0.48507462686567165,0.031771243220011944,0.4810666666666667,0.008763560920082665,0,
faster_rcnn,0.49333333333333335,5,0.48507462686567165,0.031771243220011944,0.4810666666666667,0.008763560920082665,0,
faster_rcnn,0.49466666666666664,5,0.48582089552238805,0.03092741161955537,0.4826666666666667,0.010583005244258356,0,
faster_rcnn,0.496,5,0.48582089552238805,0.03092741161955537,0.4826666666666667,0.010583005244258356,0,
faster_rcnn,0.49733333333333335,5,0.48582089552238805,0.03092741161955537,0.4826666666666667,0.010583005244258356,0,
faster_rcnn,0.49866666666666665,5,0.48582089552238805,0.03092741161955537,0.4826666666666667,0.010583005244258356,0,
faster_rcnn,0.5,5,0.48582089552238805,0.03092741161955537,0.4826666666666667,0.010583005244258356,0,
faster_rcnn,0.5013333333333333,5,0.48582089552238805,0.03092741161955537,0.4826666666666667,0.010583005244258356,0,
faster_rcnn,0.5026666666666667,5,0.4865671641791045,0.031617492782559486,0.4874666666666667,0.013386560424545214,0,
faster_rcnn,0.504,5,0.48731343283582096,0.031946051929856695,0.49093333333333333,0.015243213426162989,0,
faster_rcnn,0.5053333333333333,5,0.4880597014925373,0.031151688753345962,0.49306666666666665,0.016583793963451852,0,
faster_rcnn,0.5066666666666667,5,0.4880597014925373,0.031151688753345962,0.49306666666666665,0.016583793963451852,0,
faster_rcnn,0.508,5,0.4880597014925373,0.031151688753345962,0.49306666666666665,0.016583793963451852,0,
faster_rcnn,0.5093333333333333,5,0.4888059701492537,0.02996712388844963,0.4976,0.017471246218986332,0,
faster_rcnn,0.5106666666666667,5,0.4888059701492537,0.02996712388844963,0.4976,0.017471246218986332,0,
faster_rcnn,0.512,5,0.4888059701492537,0.02996712388844963,0.4976,0.017471246218986332,0,
faster_rcnn,0.5133333333333333,5,0.4888059701492537,0.02996712388844963,0.4976,0.017471246218986332,0,
faster_rcnn,0.5146666666666667,5,0.48955223880597015,0.02883051309265949,0.49866666666666665,0.018499249234015483,0,
faster_rcnn,0.516,5,0.48955223880597015,0.02883051309265949,0.49866666666666665,0.018499249234015483,0,
faster_rcnn,0.5173333333333333,5,0.491044776119403,0.026725379969358178,0.4992,0.019104391583554224,0,
faster_rcnn,0.5186666666666667,5,0.491044776119403,0.026725379969358178,0.4992,0.019104391583554224,0,
faster_rcnn,0.52,5,0.4932835820895522,0.024095349688004385,0.5021333333333333,0.021283274601850574,0,
faster_rcnn,0.5213333333333333,5,0.4932835820895522,0.024095349688004385,0.5021333333333333,0.021283274601850574,0,
faster_rcnn,0.5226666666666666,5,0.4932835820895522,0.024095349688004385,0.5021333333333333,0.021283274601850574,0,
faster_rcnn,0.524,5,0.49402985074626865,0.02483516610790111,0.5064,0.023445444949688816,0,
faster_rcnn,0.5253333333333333,5,0.49402985074626865,0.02483516610790111,0.5064,0.023445444949688816,0,
faster_rcnn,0.5266666666666666,5,0.49402985074626865,0.02483516610790111,0.5064,0.023445444949688816,0,
faster_rcnn,0.528,5,0.49402985074626865,0.02483516610790111,0.5064,0.023445444949688816,0,
faster_rcnn,0.5293333333333333,5,0.49402985074626865,0.02483516610790111,0.5064,0.023445444949688816,0,
faster_rcnn,0.5306666666666666,5,0.49477611940298505,0.023687418280752066,0.5090666666666667,0.025654109482368178,0,
faster_rcnn,0.532,5,0.49477611940298505,0.023687418280752066,0.5090666666666667,0.025654109482368178,0,
faster_rcnn,0.5333333333333333,5,0.4955223880597015,0.02395045751624062,0.5149333333333334,0.0274938376934016,0,
faster_rcnn,0.5346666666666666,5,0.49626865671641796,0.023152376205206823,0.5178666666666667,0.028915201691997378,0,
faster_rcnn,0.536,5,0.49626865671641796,0.023152376205206823,0.5178666666666667,0.028915201691997378,0,
faster_rcnn,0.5373333333333333,5,0.49626865671641796,0.023152376205206823,0.5178666666666667,0.028915201691997378,0,
faster_rcnn,0.5386666666666666,5,0.49626865671641796,0.023152376205206823,0.5178666666666667,0.028915201691997378,0,
faster_rcnn,0.54,5,0.4970149253731343,0.02395045751624061,0.5210666666666667,0.03059992737827257,0,
faster_rcnn,0.5413333333333333,5,0.4970149253731343,0.02395045751624061,0.5210666666666667,0.03059992737827257,0,
faster_rcnn,0.5426666666666666,5,0.4977611940298507,0.024268078420162834,0.5229333333333333,0.0317965756367289,0,
faster_rcnn,0.544,5,0.4977611940298507,0.024268078420162834,0.5229333333333333,0.0317965756367289,0,
faster_rcnn,0.5453333333333333,5,0.49850746268656715,0.023540015366548508,0.5250666666666667,0.03311126025320624,0,
faster_rcnn,0.5466666666666666,5,0.49850746268656715,0.023540015366548508,0.5250666666666667,0.03311126025320624,0,
faster_rcnn,0.548,5,0.49850746268656715,0.023540015366548508,0.5250666666666667,0.03311126025320624,0,
faster_rcnn,0.5493333333333333,5,0.49850746268656715,0.023540015366548508,0.5250666666666667,0.03311126025320624,0,
faster_rcnn,0.5506666666666666,5,0.49850746268656715,0.023540015366548508,0.5250666666666667,0.03311126025320624,0,
faster_rcnn,0.552,5,0.49850746268656715,0.023540015366548508,0.5250666666666667,0.03311126025320624,0,
faster_rcnn,0.5533333333333333,5,0.49925373134328355,0.02229458096461142,0.5296,0.03553277047709308,0,
faster_rcnn,0.5546666666666666,5,0.49925373134328355,0.02229458096461142,0.5296,0.03553277047709308,0,
faster_rcnn,0.556,5,0.49925373134328355,0.02229458096461142,0.5296,0.03553277047709308,0,
faster_rcnn,0.5573333333333333,5,0.5,0.023152376205206805,0.5477333333333333,0.007327270220818183,0,
faster_rcnn,0.5586666666666666,5,0.5022388059701492,0.02169319679663973,0.5525333333333333,0.007865536642001405,0,
faster_rcnn,0.56,5,0.5022388059701492,0.02169319679663973,0.5525333333333333,0.007865536642001405,0,
faster_rcnn,0.5613333333333334,5,0.5029850746268657,0.022604673478896956,0.5533333333333333,0.008640987597877155,0,
faster_rcnn,0.5626666666666666,5,0.5029850746268657,0.022604673478896956,0.5533333333333333,0.008640987597877155,0,
faster_rcnn,0.564,5,0.5029850746268657,0.022604673478896956,0.5533333333333333,0.008640987597877155,0,
faster_rcnn,0.5653333333333334,5,0.503731343283582,0.022849717749843075,0.5578666666666666,0.0075188651625982365,0,
faster_rcnn,0.5666666666666667,5,0.503731343283582,0.022849717749843075,0.5578666666666666,0.0075188651625982365,0,
faster_rcnn,0.568,5,0.503731343283582,0.022849717749843075,0.5578666666666666,0.0075188651625982365,0,
faster_rcnn,0.5693333333333334,5,0.503731343283582,0.022849717749843075,0.5578666666666666,0.0075188651625982365,0,
faster_rcnn,0.5706666666666667,5,0.5044776119402985,0.021980114141825578,0.5629333333333333,0.005112077203381557,0,
faster_rcnn,0.572,5,0.5044776119402985,0.021980114141825578,0.5629333333333333,0.005112077203381557,0,
faster_rcnn,0.5733333333333334,5,0.5044776119402985,0.021980114141825578,0.5629333333333333,0.005112077203381557,0,
faster_rcnn,0.5746666666666667,5,0.5059701492537314,0.022788703708361894,0.5648,0.007399699693606193,0,
faster_rcnn,0.576,5,0.5074626865671642,0.024037497624487175,0.5650666666666666,0.007854227453345665,0,
faster_rcnn,0.5773333333333334,5,0.5089552238805971,0.02566231173738717,0.5653333333333332,0.008326663997864548,0,
faster_rcnn,0.5786666666666667,5,0.5089552238805971,0.02566231173738717,0.5653333333333332,0.008326663997864548,0,
faster_rcnn,0.58,5,0.5089552238805971,0.02566231173738717,0.5653333333333332,0.008326663997864548,0,
faster_rcnn,0.5813333333333334,5,0.5097014925373136,0.02659482041970964,0.5661333333333334,0.009825137827701641,0,
faster_rcnn,0.5826666666666667,5,0.5097014925373136,0.02659482041970964,0.5661333333333334,0.009825137827701641,0,
faster_rcnn,0.584,5,0.5097014925373136,0.02659482041970964,0.5661333333333334,0.009825137827701641,0,
faster_rcnn,0.5853333333333334,5,0.5097014925373136,0.02659482041970964,0.5661333333333334,0.009825137827701641,0,
faster_rcnn,0.5866666666666667,5,0.5104477611940299,0.027215794819120093,0.5711999999999999,0.012809718532773831,0,
faster_rcnn,0.588,5,0.5111940298507462,0.026119402985074616,0.5770666666666667,0.012343239265101998,0,
faster_rcnn,0.5893333333333334,5,0.5134328358208955,0.02538959080030446,0.5824,0.013313318310791075,0,
faster_rcnn,0.5906666666666667,5,0.514179104477612,0.025770592014674628,0.5888,0.0015202339001321966,0,
faster_rcnn,0.592,5,0.5156716417910447,0.02380468344438294,0.5901333333333333,0.0022310934040908515,0,
faster_rcnn,0.5933333333333334,5,0.5156716417910447,0.02380468344438294,0.5901333333333333,0.0022310934040908515,0,
faster_rcnn,0.5946666666666667,5,0.5164179104477612,0.022635449086721025,0.5906666666666667,0.002981423969999714,0,
faster_rcnn,0.596,5,0.5164179104477612,0.022635449086721025,0.5906666666666667,0.002981423969999714,0,
faster_rcnn,0.5973333333333334,5,0.5164179104477612,0.022635449086721025,0.5906666666666667,0.002981423969999714,0,
faster_rcnn,0.5986666666666667,5,0.5164179104477612,0.022635449086721025,0.5906666666666667,0.002981423969999714,0,
faster_rcnn,0.6,5,0.5164179104477612,0.022635449086721025,0.5906666666666667,0.002981423969999714,0,
faster_rcnn,0.6013333333333334,5,0.517910447761194,0.020505420394080716,0.5920000000000001,0.0055777335102271865,0,
faster_rcnn,0.6026666666666667,5,0.5194029850746269,0.02149979147893721,0.5944,0.007204936579256703,0,
faster_rcnn,0.604,5,0.5194029850746269,0.02149979147893721,0.5944,0.007204936579256703,0,
faster_rcnn,0.6053333333333333,5,0.5194029850746269,0.02149979147893721,0.5944,0.007204936579256703,0,
faster_rcnn,0.6066666666666667,5,0.5201492537313432,0.020539341708243106,0.5973333333333333,0.008793937305515283,0,
faster_rcnn,0.608,5,0.5201492537313432,0.020539341708243106,0.5973333333333333,0.008793937305515283,0,
faster_rcnn,0.6093333333333333,5,0.5201492537313432,0.020539341708243106,0.5973333333333333,0.008793937305515283,0,
faster_rcnn,0.6106666666666667,5,0.5208955223880597,0.02120637647519823,0.5989333333333333,0.010557777543908886,0,
faster_rcnn,0.612,5,0.5223880597014926,0.020607016823110554,0.6061333333333334,0.009642498523607738,0,
faster_rcnn,0.6133333333333333,5,0.5223880597014926,0.020607016823110554,0.6061333333333334,0.009642498523607738,0,
faster_rcnn,0.6146666666666667,5,0.5231343283582089,0.019638354279016074,0.6066666666666667,0.010110500592068722,0,
faster_rcnn,0.616,5,0.5231343283582089,0.019638354279016074,0.6066666666666667,0.010110500592068722,0,
faster_rcnn,0.6173333333333333,5,0.5246268656716417,0.019135643887997156,0.6098666666666667,0.011798304963002073,0,
faster_rcnn,0.6186666666666667,5,0.5246268656716417,0.019135643887997156,0.6098666666666667,0.011798304963002073,0,
faster_rcnn,0.62,5,0.5246268656716417,0.019135643887997156,0.6098666666666667,0.011798304963002073,0,
faster_rcnn,0.6213333333333333,5,0.5246268656716417,0.019135643887997156,0.6098666666666667,0.011798304963002073,0,
faster_rcnn,0.6226666666666667,5,0.5253731343283581,0.019989694382058047,0.6165333333333334,0.004381780460041326,0,
faster_rcnn,0.624,5,0.5253731343283581,0.019989694382058047,0.6165333333333334,0.004381780460041326,0,
faster_rcnn,0.6253333333333333,5,0.5253731343283581,0.019989694382058047,0.6165333333333334,0.004381780460041326,0,
faster_rcnn,0.6266666666666667,5,0.5253731343283581,0.019989694382058047,0.6165333333333334,0.004381780460041326,0,
faster_rcnn,0.628,5,0.5253731343283581,0.019989694382058047,0.6165333333333334,0.004381780460041326,0,
faster_rcnn,0.6293333333333333,5,0.5261194029850745,0.020607016823110582,0.6202666666666666,0.005842373946721766,0,
faster_rcnn,0.6306666666666667,5,0.5276119402985074,0.020539341708243106,0.6245333333333333,0.007865536642001413,0,
faster_rcnn,0.632,5,0.5298507462686567,0.01920826518840858,0.6285333333333334,0.0062963834416627455,0,
faster_rcnn,0.6333333333333333,5,0.5298507462686567,0.01920826518840858,0.6285333333333334,0.0062963834416627455,0,
faster_rcnn,0.6346666666666667,5,0.5298507462686567,0.01920826518840858,0.6285333333333334,0.0062963834416627455,0,
faster_rcnn,0.636,5,0.5335820895522387,0.021107665110046196,0.6352,0.0017888543819998333,0,
faster_rcnn,0.6373333333333333,5,0.5335820895522387,0.021107665110046196,0.6352,0.0017888543819998333,0,
faster_rcnn,0.6386666666666667,5,0.5335820895522387,0.021107665110046196,0.6352,0.0017888543819998333,0,
faster_rcnn,0.64,5,0.535820895522388,0.021206376475198248,0.6384000000000001,0.002190890230020666,0,
faster_rcnn,0.6413333333333333,5,0.535820895522388,0.021206376475198248,0.6384000000000001,0.002190890230020666,0,
faster_rcnn,0.6426666666666667,5,0.535820895522388,0.021206376475198248,0.6384000000000001,0.002190890230020666,0,
faster_rcnn,0.644,5,0.5365671641791044,0.02213790593162884,0.64,0.0028284271247461927,0,
faster_rcnn,0.6453333333333333,5,0.5365671641791044,0.02213790593162884,0.64,0.0028284271247461927,0,
faster_rcnn,0.6466666666666666,5,0.5373134328358209,0.02315237620520683,0.6405333333333334,0.00384129607757009,0,
faster_rcnn,0.648,5,0.5380597014925372,0.022294580964611448,0.6421333333333334,0.005042045440317064,0,
faster_rcnn,0.6493333333333333,5,0.5380597014925372,0.022294580964611448,0.6421333333333334,0.005042045440317064,0,
faster_rcnn,0.6506666666666666,5,0.5388059701492537,0.022635449086721063,0.6442666666666667,0.006066300355241219,0,
faster_rcnn,0.652,5,0.541044776119403,0.022542996219392854,0.6477333333333334,0.004935134806219141,0,
faster_rcnn,0.6533333333333333,5,0.541044776119403,0.022542996219392854,0.6477333333333334,0.004935134806219141,0,
faster_rcnn,0.6546666666666666,5,0.541044776119403,0.022542996219392854,0.6477333333333334,0.004935134806219141,0,
faster_rcnn,0.656,5,0.5417910447761194,0.021661082498059696,0.6493333333333334,0.006182412330330483,0,
faster_rcnn,0.6573333333333333,5,0.5417910447761194,0.021661082498059696,0.6493333333333334,0.006182412330330483,0,
faster_rcnn,0.6586666666666666,5,0.5425373134328358,0.022635449086721042,0.6517333333333334,0.007142984125855388,0,
faster_rcnn,0.66,5,0.5432835820895523,0.02309216186084447,0.6557333333333334,0.003699849846803084,0,
faster_rcnn,0.6613333333333333,5,0.5440298507462688,0.0222945809646114,0.6568,0.004482063017059083,0,
faster_rcnn,0.6626666666666666,5,0.5440298507462688,0.0222945809646114,0.6568,0.004482063017059083,0,
faster_rcnn,0.664,5,0.5447761194029852,0.022849717749843044,0.6576000000000001,0.005448751131120675,0,
faster_rcnn,0.6653333333333333,5,0.546268656716418,0.023979505989641207,0.6602666666666667,0.005283096734975719,0,
faster_rcnn,0.6666666666666666,5,0.5470149253731342,0.02469461508623026,0.6605333333333333,0.005625339495927719,0,
faster_rcnn,0.668,5,0.5485074626865671,0.02475093127130894,0.6637333333333333,0.006759355656339505,0,
faster_rcnn,0.6693333333333333,5,0.5485074626865671,0.02475093127130894,0.6637333333333333,0.006759355656339505,0,
faster_rcnn,0.6706666666666666,5,0.5485074626865671,0.02475093127130894,0.6637333333333333,0.006759355656339505,0,
faster_rcnn,0.672,5,0.5492537313432836,0.02563517020495172,0.6645333333333333,0.007577745193804173,0,
faster_rcnn,0.6733333333333333,5,0.55,0.026594820419709612,0.6648000000000001,0.007921840414673566,0,
faster_rcnn,0.6746666666666666,5,0.5507462686567164,0.027622023169136922,0.6650666666666667,0.00829457654133107,0,
faster_rcnn,0.676,5,0.5507462686567164,0.027622023169136922,0.6650666666666667,0.00829457654133107,0,
faster_rcnn,0.6773333333333333,5,0.5514925373134328,0.026958793833117053,0.6669333333333334,0.009995554567462019,0,
faster_rcnn,0.6786666666666666,5,0.5529850746268656,0.02603932286920582,0.6751999999999999,0.005042045440317085,0,
faster_rcnn,0.68,5,0.5537313432835821,0.024835166107901107,0.6754666666666667,0.005299895177160501,0,
faster_rcnn,0.6813333333333333,5,0.5544776119402985,0.025252125844311392,0.6759999999999999,0.00581186525805426,0,
faster_rcnn,0.6826666666666666,5,0.5544776119402985,0.025252125844311392,0.6759999999999999,0.00581186525805426,0,
faster_rcnn,0.684,5,0.5544776119402985,0.025252125844311392,0.6759999999999999,0.00581186525805426,0,
faster_rcnn,0.6853333333333333,5,0.5552238805970149,0.02577059201467465,0.6768,0.006902495522957245,0,
faster_rcnn,0.6866666666666666,5,0.5552238805970149,0.02577059201467465,0.6768,0.006902495522957245,0,
faster_rcnn,0.688,5,0.5552238805970149,0.02577059201467465,0.6768,0.006902495522957245,0,
faster_rcnn,0.6893333333333334,5,0.5552238805970149,0.02577059201467465,0.6768,0.006902495522957245,0,
faster_rcnn,0.6906666666666667,5,0.5552238805970149,0.02577059201467465,0.6768,0.006902495522957245,0,
faster_rcnn,0.692,5,0.5552238805970149,0.02577059201467465,0.6768,0.006902495522957245,0,
faster_rcnn,0.6933333333333334,5,0.5552238805970149,0.02577059201467465,0.6768,0.006902495522957245,0,
faster_rcnn,0.6946666666666667,5,0.5552238805970149,0.02577059201467465,0.6768,0.006902495522957245,0,
faster_rcnn,0.696,5,0.5559701492537313,0.024609899175882303,0.6799999999999999,0.01115546702045434,0,
faster_rcnn,0.6973333333333334,5,0.5559701492537313,0.024609899175882303,0.6799999999999999,0.01115546702045434,0,
faster_rcnn,0.6986666666666667,5,0.5559701492537313,0.024609899175882303,0.6799999999999999,0.01115546702045434,0,
faster_rcnn,0.7,5,0.5559701492537313,0.024609899175882303,0.6799999999999999,0.01115546702045434,0,
faster_rcnn,0.7013333333333334,5,0.5559701492537313,0.024609899175882303,0.6799999999999999,0.01115546702045434,0,
faster_rcnn,0.7026666666666667,5,0.5567164179104478,0.02563517020495172,0.6856,0.01437281384342599,0,
faster_rcnn,0.704,5,0.5567164179104478,0.02563517020495172,0.6856,0.01437281384342599,0,
faster_rcnn,0.7053333333333334,5,0.5567164179104478,0.02563517020495172,0.6856,0.01437281384342599,0,
faster_rcnn,0.7066666666666667,5,0.5567164179104478,0.02563517020495172,0.6856,0.01437281384342599,0,
faster_rcnn,0.708,5,0.5574626865671642,0.026199238330659614,0.6901333333333334,0.017501745944651093,0,
faster_rcnn,0.7093333333333334,5,0.5574626865671642,0.026199238330659614,0.6901333333333334,0.017501745944651093,0,
faster_rcnn,0.7106666666666667,5,0.5574626865671642,0.026199238330659614,0.6901333333333334,0.017501745944651093,0,
faster_rcnn,0.712,5,0.5582089552238807,0.02511390846337885,0.6933333333333334,0.020110804171997804,0,
faster_rcnn,0.7133333333333334,5,0.558955223880597,0.024095349688004353,0.6936,0.02042656222775739,0,
faster_rcnn,0.7146666666666667,5,0.558955223880597,0.024095349688004353,0.6936,0.02042656222775739,0,
faster_rcnn,0.716,5,0.558955223880597,0.024095349688004353,0.6936,0.02042656222775739,0,
faster_rcnn,0.7173333333333334,5,0.5597014925373134,0.024750931271308913,0.6954666666666667,0.02240238082585572,0,
faster_rcnn,0.7186666666666667,5,0.5597014925373134,0.024750931271308913,0.6954666666666667,0.02240238082585572,0,
faster_rcnn,0.72,5,0.5597014925373134,0.024750931271308913,0.6954666666666667,0.02240238082585572,0,
faster_rcnn,0.7213333333333334,5,0.5597014925373134,0.024750931271308913,0.6954666666666667,0.02240238082585572,0,
faster_rcnn,0.7226666666666667,5,0.5597014925373134,0.024750931271308913,0.6954666666666667,0.02240238082585572,0,
faster_rcnn,0.724,5,0.5597014925373134,0.024750931271308913,0.6954666666666667,0.02240238082585572,0,
faster_rcnn,0.7253333333333334,5,0.5597014925373134,0.024750931271308913,0.6954666666666667,0.02240238082585572,0,
faster_rcnn,0.7266666666666667,5,0.5597014925373134,0.024750931271308913,0.6954666666666667,0.02240238082585572,0,
faster_rcnn,0.728,5,0.5597014925373134,0.024750931271308913,0.6954666666666667,0.02240238082585572,0,
faster_rcnn,0.7293333333333333,5,0.5597014925373134,0.024750931271308913,0.6954666666666667,0.02240238082585572,0,
faster_rcnn,0.7306666666666667,5,0.5597014925373134,0.024750931271308913,0.6954666666666667,0.02240238082585572,0,
faster_rcnn,0.732,5,0.5604477611940298,0.025499029198910252,0.6984,0.026556438850953736,0,
faster_rcnn,0.7333333333333333,5,0.5611940298507463,0.026463616755965876,0.7045333333333332,0.030963778121468888,0,
faster_rcnn,0.7346666666666667,5,0.5611940298507463,0.026463616755965876,0.7045333333333332,0.030963778121468888,0,
faster_rcnn,0.736,5,0.5611940298507463,0.026463616755965876,0.7045333333333332,0.030963778121468888,0,
faster_rcnn,0.7373333333333333,5,0.5619402985074627,0.027495721532747052,0.7053333333333333,0.03193048003954146,0,
faster_rcnn,0.7386666666666667,5,0.5626865671641792,0.027722650180607013,0.7197333333333333,0.025775095645905077,0,
faster_rcnn,0.74,5,0.5634328358208955,0.028782180262204284,0.7202666666666666,0.026253465379725477,0,
faster_rcnn,0.7413333333333333,5,0.5634328358208955,0.028782180262204284,0.7202666666666666,0.026253465379725477,0,
faster_rcnn,0.7426666666666667,5,0.5634328358208955,0.028782180262204284,0.7202666666666666,0.026253465379725477,0,
faster_rcnn,0.744,5,0.5634328358208955,0.028782180262204284,0.7202666666666666,0.026253465379725477,0,
faster_rcnn,0.7453333333333333,5,0.5641791044776119,0.02907097191161557,0.7216,0.027558422789896116,0,
faster_rcnn,0.7466666666666667,5,0.5641791044776119,0.02907097191161557,0.7216,0.027558422789896116,0,
faster_rcnn,0.748,5,0.5641791044776119,0.02907097191161557,0.7216,0.027558422789896116,0,
faster_rcnn,0.7493333333333333,5,0.5641791044776119,0.02907097191161557,0.7216,0.027558422789896116,0,
faster_rcnn,0.7506666666666667,5,0.5641791044776119,0.02907097191161557,0.7216,0.027558422789896116,0,
faster_rcnn,0.752,5,0.5641791044776119,0.02907097191161557,0.7216,0.027558422789896116,0,
faster_rcnn,0.7533333333333333,5,0.5641791044776119,0.02907097191161557,0.7216,0.027558422789896116,0,
faster_rcnn,0.7546666666666667,5,0.5641791044776119,0.02907097191161557,0.7216,0.027558422789896116,0,
faster_rcnn,0.756,5,0.5641791044776119,0.02907097191161557,0.7216,0.027558422789896116,0,
faster_rcnn,0.7573333333333333,5,0.5641791044776119,0.02907097191161557,0.7216,0.027558422789896116,0,
faster_rcnn,0.7586666666666667,5,0.5641791044776119,0.02907097191161557,0.7216,0.027558422789896116,0,
faster_rcnn,0.76,5,0.5641791044776119,0.02907097191161557,0.7216,0.027558422789896116,0,
faster_rcnn,0.7613333333333333,5,0.5641791044776119,0.02907097191161557,0.7216,0.027558422789896116,0,
faster_rcnn,0.7626666666666667,5,0.5641791044776119,0.02907097191161557,0.7216,0.027558422789896116,0,
faster_rcnn,0.764,5,0.5641791044776119,0.02907097191161557,0.7216,0.027558422789896116,0,
faster_rcnn,0.7653333333333333,5,0.5641791044776119,0.02907097191161557,0.7216,0.027558422789896116,0,
faster_rcnn,0.7666666666666667,5,0.5641791044776119,0.02907097191161557,0.7216,0.027558422789896116,0,
faster_rcnn,0.768,5,0.5664179104477611,0.028343476141541712,0.7381333333333334,0.03731666294476683,0,
faster_rcnn,0.7693333333333333,5,0.5664179104477611,0.028343476141541712,0.7381333333333334,0.03731666294476683,0,
faster_rcnn,0.7706666666666667,5,0.5664179104477611,0.028343476141541712,0.7381333333333334,0.03731666294476683,0,
faster_rcnn,0.772,5,0.5664179104477611,0.028343476141541712,0.7381333333333334,0.03731666294476683,0,
faster_rcnn,0.7733333333333333,5,0.5664179104477611,0.028343476141541712,0.7381333333333334,0.03731666294476683,0,
faster_rcnn,0.7746666666666666,5,0.5664179104477611,0.028343476141541712,0.7381333333333334,0.03731666294476683,0,
faster_rcnn,0.776,5,0.5664179104477611,0.028343476141541712,0.7381333333333334,0.03731666294476683,0,
faster_rcnn,0.7773333333333333,5,0.5664179104477611,0.028343476141541712,0.7381333333333334,0.03731666294476683,0,
faster_rcnn,0.7786666666666666,5,0.5664179104477611,0.028343476141541712,0.7381333333333334,0.03731666294476683,0,
faster_rcnn,0.78,5,0.5664179104477611,0.028343476141541712,0.7381333333333334,0.03731666294476683,0,
faster_rcnn,0.7813333333333333,5,0.5671641791044776,0.027292423205835456,0.7589333333333335,0.01985279157532597,0,
faster_rcnn,0.7826666666666666,5,0.5671641791044776,0.027292423205835456,0.7589333333333335,0.01985279157532597,0,
faster_rcnn,0.784,5,0.5671641791044776,0.027292423205835456,0.7589333333333335,0.01985279157532597,0,
faster_rcnn,0.7853333333333333,5,0.5671641791044776,0.027292423205835456,0.7589333333333335,0.01985279157532597,0,
faster_rcnn,0.7866666666666666,5,0.5671641791044776,0.027292423205835456,0.7589333333333335,0.01985279157532597,0,
faster_rcnn,0.788,5,0.5686567164179104,0.025389590800304493,0.7642666666666666,0.025199647263845253,0,
faster_rcnn,0.7893333333333333,5,0.5686567164179104,0.025389590800304493,0.7642666666666666,0.025199647263845253,0,
faster_rcnn,0.7906666666666666,5,0.5686567164179104,0.025389590800304493,0.7642666666666666,0.025199647263845253,0,
faster_rcnn,0.792,5,0.5686567164179104,0.025389590800304493,0.7642666666666666,0.025199647263845253,0,
faster_rcnn,0.7933333333333333,5,0.5686567164179104,0.025389590800304493,0.7642666666666666,0.025199647263845253,0,
faster_rcnn,0.7946666666666666,5,0.5686567164179104,0.025389590800304493,0.7642666666666666,0.025199647263845253,0,
faster_rcnn,0.796,5,0.5686567164179104,0.025389590800304493,0.7642666666666666,0.025199647263845253,0,
faster_rcnn,0.7973333333333333,5,0.5694029850746268,0.024411085423576305,0.7661333333333333,0.02762607463973123,0,
faster_rcnn,0.7986666666666666,5,0.5694029850746268,0.024411085423576305,0.7661333333333333,0.02762607463973123,0,
faster_rcnn,0.8,5,0.5701492537313433,0.0249470367917116,0.7797333333333333,0.02296664247700712,0,
faster_rcnn,0.8013333333333333,5,0.5708955223880597,0.0261194029850746,0.7864000000000001,0.023540036816737026,0,
faster_rcnn,0.8026666666666666,5,0.5708955223880597,0.0261194029850746,0.7864000000000001,0.023540036816737026,0,
faster_rcnn,0.804,5,0.5708955223880597,0.0261194029850746,0.7864000000000001,0.023540036816737026,0,
faster_rcnn,0.8053333333333333,5,0.5716417910447762,0.026305308555245595,0.7984,0.0064910194371403055,0,
faster_rcnn,0.8066666666666666,5,0.5716417910447762,0.026305308555245595,0.7984,0.0064910194371403055,0,
faster_rcnn,0.808,5,0.5716417910447762,0.026305308555245595,0.7984,0.0064910194371403055,0,
faster_rcnn,0.8093333333333333,5,0.5716417910447762,0.026305308555245595,0.7984,0.0064910194371403055,0,
faster_rcnn,0.8106666666666666,5,0.5716417910447762,0.026305308555245595,0.7984,0.0064910194371403055,0,
faster_rcnn,0.812,5,0.5716417910447762,0.026305308555245595,0.7984,0.0064910194371403055,0,
faster_rcnn,0.8133333333333334,5,0.5716417910447762,0.026305308555245595,0.7984,0.0064910194371403055,0,
faster_rcnn,0.8146666666666667,5,0.5716417910447762,0.026305308555245595,0.7984,0.0064910194371403055,0,
faster_rcnn,0.816,5,0.5716417910447762,0.026305308555245595,0.7984,0.0064910194371403055,0,
faster_rcnn,0.8173333333333334,5,0.5716417910447762,0.026305308555245595,0.7984,0.0064910194371403055,0,
faster_rcnn,0.8186666666666667,5,0.5716417910447762,0.026305308555245595,0.7984,0.0064910194371403055,0,
faster_rcnn,0.82,5,0.5723880597014925,0.02538959080030446,0.8029333333333334,0.011523888232710316,0,
faster_rcnn,0.8213333333333334,5,0.5723880597014925,0.02538959080030446,0.8029333333333334,0.011523888232710316,0,
faster_rcnn,0.8226666666666667,5,0.5723880597014925,0.02538959080030446,0.8029333333333334,0.011523888232710316,0,
faster_rcnn,0.824,5,0.5723880597014925,0.02538959080030446,0.8029333333333334,0.011523888232710316,0,
faster_rcnn,0.8253333333333334,5,0.5723880597014925,0.02538959080030446,0.8029333333333334,0.011523888232710316,0,
faster_rcnn,0.8266666666666667,5,0.5731343283582089,0.02659482041970965,0.808,0.015520595635763726,0,
faster_rcnn,0.828,5,0.5731343283582089,0.02659482041970965,0.808,0.015520595635763726,0,
faster_rcnn,0.8293333333333334,5,0.5731343283582089,0.02659482041970965,0.808,0.015520595635763726,0,
faster_rcnn,0.8306666666666667,5,0.5731343283582089,0.02659482041970965,0.808,0.015520595635763726,0,
faster_rcnn,0.832,5,0.5731343283582089,0.02659482041970965,0.808,0.015520595635763726,0,
faster_rcnn,0.8333333333333334,5,0.5731343283582089,0.02659482041970965,0.808,0.015520595635763726,0,
faster_rcnn,0.8346666666666667,5,0.5738805970149253,0.025635170204951763,0.8173333333333334,0.014483707321600267,0,
faster_rcnn,0.836,5,0.5738805970149253,0.025635170204951763,0.8173333333333334,0.014483707321600267,0,
faster_rcnn,0.8373333333333334,5,0.5753731343283582,0.02494703679171162,0.8272,0.01582122343913741,0,
faster_rcnn,0.8386666666666667,5,0.576865671641791,0.023391683609936563,0.8274666666666668,0.016044382886924065,0,
faster_rcnn,0.84,5,0.576865671641791,0.023391683609936563,0.8274666666666668,0.016044382886924065,0,
faster_rcnn,0.8413333333333334,5,0.576865671641791,0.023391683609936563,0.8274666666666668,0.016044382886924065,0,
faster_rcnn,0.8426666666666667,5,0.576865671641791,0.023391683609936563,0.8274666666666668,0.016044382886924065,0,
faster_rcnn,0.844,5,0.576865671641791,0.023391683609936563,0.8274666666666668,0.016044382886924065,0,
faster_rcnn,0.8453333333333334,5,0.576865671641791,0.023391683609936563,0.8274666666666668,0.016044382886924065,0,
faster_rcnn,0.8466666666666667,5,0.576865671641791,0.023391683609936563,0.8274666666666668,0.016044382886924065,0,
faster_rcnn,0.848,5,0.576865671641791,0.023391683609936563,0.8274666666666668,0.016044382886924065,0,
faster_rcnn,0.8493333333333334,5,0.576865671641791,0.023391683609936563,0.8274666666666668,0.016044382886924065,0,
faster_rcnn,0.8506666666666667,5,0.576865671641791,0.023391683609936563,0.8274666666666668,0.016044382886924065,0,
faster_rcnn,0.852,5,0.576865671641791,0.023391683609936563,0.8274666666666668,0.016044382886924065,0,
faster_rcnn,0.8533333333333334,5,0.576865671641791,0.023391683609936563,0.8274666666666668,0.016044382886924065,0,
faster_rcnn,0.8546666666666667,5,0.5776119402985075,0.022758135346234203,0.8306666666666669,0.019955506062794347,0,
faster_rcnn,0.856,5,0.5776119402985075,0.022758135346234203,0.8306666666666669,0.019955506062794347,0,
faster_rcnn,0.8573333333333333,5,0.5776119402985075,0.022758135346234203,0.8306666666666669,0.019955506062794347,0,
faster_rcnn,0.8586666666666667,5,0.5776119402985075,0.022758135346234203,0.8306666666666669,0.019955506062794347,0,
faster_rcnn,0.86,5,0.5776119402985075,0.022758135346234203,0.8306666666666669,0.019955506062794347,0,
faster_rcnn,0.8613333333333333,5,0.5776119402985075,0.022758135346234203,0.8306666666666669,0.019955506062794347,0,
faster_rcnn,0.8626666666666667,5,0.5776119402985075,0.022758135346234203,0.8306666666666669,0.019955506062794347,0,
faster_rcnn,0.864,5,0.5776119402985075,0.022758135346234203,0.8306666666666669,0.019955506062794347,0,
faster_rcnn,0.8653333333333333,5,0.5776119402985075,0.022758135346234203,0.8306666666666669,0.019955506062794347,0,
faster_rcnn,0.8666666666666667,5,0.5776119402985075,0.022758135346234203,0.8306666666666669,0.019955506062794347,0,
faster_rcnn,0.868,5,0.5783582089552239,0.023152376205206843,0.8442666666666667,0.01674382141434731,0,
faster_rcnn,0.8693333333333333,5,0.5783582089552239,0.023152376205206843,0.8442666666666667,0.01674382141434731,0,
faster_rcnn,0.8706666666666667,5,0.5783582089552239,0.023152376205206843,0.8442666666666667,0.01674382141434731,0,
faster_rcnn,0.872,5,0.5783582089552239,0.023152376205206843,0.8442666666666667,0.01674382141434731,0,
faster_rcnn,0.8733333333333333,5,0.5783582089552239,0.023152376205206843,0.8442666666666667,0.01674382141434731,0,
faster_rcnn,0.8746666666666667,5,0.5791044776119403,0.023361904242535134,0.8517333333333333,0.0207289384409547,0,
faster_rcnn,0.876,5,0.5791044776119403,0.023361904242535134,0.8517333333333333,0.0207289384409547,0,
faster_rcnn,0.8773333333333333,5,0.5791044776119403,0.023361904242535134,0.8517333333333333,0.0207289384409547,0,
faster_rcnn,0.8786666666666667,5,0.5791044776119403,0.023361904242535134,0.8517333333333333,0.0207289384409547,0,
faster_rcnn,0.88,5,0.5791044776119403,0.023361904242535134,0.8517333333333333,0.0207289384409547,0,
faster_rcnn,0.8813333333333333,5,0.5798507462686567,0.02368741828075208,0.8530666666666665,0.022694101044593545,0,
faster_rcnn,0.8826666666666667,5,0.5798507462686567,0.02368741828075208,0.8530666666666665,0.022694101044593545,0,
faster_rcnn,0.884,5,0.5805970149253732,0.02309216186084451,0.8589333333333332,0.026656664790963208,0,
faster_rcnn,0.8853333333333333,5,0.5805970149253732,0.02309216186084451,0.8589333333333332,0.026656664790963208,0,
faster_rcnn,0.8866666666666667,5,0.5805970149253732,0.02309216186084451,0.8589333333333332,0.026656664790963208,0,
faster_rcnn,0.888,5,0.5805970149253732,0.02309216186084451,0.8589333333333332,0.026656664790963208,0,
faster_rcnn,0.8893333333333333,5,0.5805970149253732,0.02309216186084451,0.8589333333333332,0.026656664790963208,0,
faster_rcnn,0.8906666666666667,5,0.5805970149253732,0.02309216186084451,0.8589333333333332,0.026656664790963208,0,
faster_rcnn,0.892,5,0.5805970149253732,0.02309216186084451,0.8589333333333332,0.026656664790963208,0,
faster_rcnn,0.8933333333333333,5,0.5805970149253732,0.02309216186084451,0.8589333333333332,0.026656664790963208,0,
faster_rcnn,0.8946666666666667,5,0.5805970149253732,0.02309216186084451,0.8589333333333332,0.026656664790963208,0,
faster_rcnn,0.896,5,0.5813432835820895,0.023510423883616988,0.8645333333333334,0.031532699077483226,0,
faster_rcnn,0.8973333333333333,5,0.582089552238806,0.024609899175882324,0.8786666666666665,0.025595138427269955,0,
faster_rcnn,0.8986666666666666,5,0.582089552238806,0.024609899175882324,0.8786666666666665,0.025595138427269955,0,
faster_rcnn,0.9,5,0.582089552238806,0.024609899175882324,0.8786666666666665,0.025595138427269955,0,
faster_rcnn,0.9013333333333333,5,0.5828358208955224,0.025770592014674635,0.8794666666666668,0.026375072406430364,0,
faster_rcnn,0.9026666666666666,5,0.5828358208955224,0.025770592014674635,0.8794666666666668,0.026375072406430364,0,
faster_rcnn,0.904,5,0.5835820895522388,0.026066043576974594,0.884,0.028627880738111854,0,
faster_rcnn,0.9053333333333333,5,0.5835820895522388,0.026066043576974594,0.884,0.028627880738111854,0,
faster_rcnn,0.9066666666666666,5,0.5835820895522388,0.026066043576974594,0.884,0.028627880738111854,0,
faster_rcnn,0.908,5,0.5835820895522388,0.026066043576974594,0.884,0.028627880738111854,0,
faster_rcnn,0.9093333333333333,5,0.5843283582089552,0.02646361675596588,0.8850666666666666,0.029640812704407712,0,
faster_rcnn,0.9106666666666666,5,0.5843283582089552,0.02646361675596588,0.8850666666666666,0.029640812704407712,0,
faster_rcnn,0.912,5,0.5850746268656716,0.02682937016753364,0.8882666666666665,0.0318942697744351,0,
faster_rcnn,0.9133333333333333,5,0.5850746268656716,0.02682937016753364,0.8882666666666665,0.0318942697744351,0,
faster_rcnn,0.9146666666666666,5,0.5850746268656716,0.02682937016753364,0.8882666666666665,0.0318942697744351,0,
faster_rcnn,0.916,5,0.5850746268656716,0.02682937016753364,0.8882666666666665,0.0318942697744351,0,
faster_rcnn,0.9173333333333333,5,0.585820895522388,0.02729242320583543,0.8898666666666667,0.03338129882301034,0,
faster_rcnn,0.9186666666666666,5,0.585820895522388,0.02729242320583543,0.8898666666666667,0.03338129882301034,0,
faster_rcnn,0.92,5,0.5880597014925373,0.027622023169136926,0.8986666666666668,0.03661208058065596,0,
faster_rcnn,0.9213333333333333,5,0.5880597014925373,0.027622023169136926,0.8986666666666668,0.03661208058065596,0,
faster_rcnn,0.9226666666666666,5,0.5888059701492537,0.02708759912370378,0.8992000000000001,0.037017713477619216,0,
faster_rcnn,0.924,5,0.5888059701492537,0.02708759912370378,0.8992000000000001,0.037017713477619216,0,
faster_rcnn,0.9253333333333333,5,0.5888059701492537,0.02708759912370378,0.8992000000000001,0.037017713477619216,0,
faster_rcnn,0.9266666666666666,5,0.5888059701492537,0.02708759912370378,0.8992000000000001,0.037017713477619216,0,
faster_rcnn,0.928,5,0.5888059701492537,0.02708759912370378,0.8992000000000001,0.037017713477619216,0,
faster_rcnn,0.9293333333333333,5,0.5888059701492537,0.02708759912370378,0.8992000000000001,0.037017713477619216,0,
faster_rcnn,0.9306666666666666,5,0.5888059701492537,0.02708759912370378,0.8992000000000001,0.037017713477619216,0,
faster_rcnn,0.932,5,0.5888059701492537,0.02708759912370378,0.8992000000000001,0.037017713477619216,0,
faster_rcnn,0.9333333333333333,5,0.5895522388059702,0.025716508865839937,0.9189333333333334,0.011562391140628701,0,
faster_rcnn,0.9346666666666666,5,0.5895522388059702,0.025716508865839937,0.9189333333333334,0.011562391140628701,0,
faster_rcnn,0.936,5,0.5902985074626865,0.026305308555245606,0.9221333333333334,0.013907631797765671,0,
faster_rcnn,0.9373333333333334,5,0.5902985074626865,0.026305308555245606,0.9221333333333334,0.013907631797765671,0,
faster_rcnn,0.9386666666666666,5,0.591044776119403,0.02497492616519628,0.9231999999999999,0.015132011689718526,0,
faster_rcnn,0.94,5,0.591044776119403,0.02497492616519628,0.9231999999999999,0.015132011689718526,0,
faster_rcnn,0.9413333333333334,5,0.591044776119403,0.02497492616519628,0.9231999999999999,0.015132011689718526,0,
faster_rcnn,0.9426666666666667,5,0.591044776119403,0.02497492616519628,0.9231999999999999,0.015132011689718526,0,
faster_rcnn,0.944,5,0.591044776119403,0.02497492616519628,0.9231999999999999,0.015132011689718526,0,
faster_rcnn,0.9453333333333334,5,0.591044776119403,0.02497492616519628,0.9231999999999999,0.015132011689718526,0,
faster_rcnn,0.9466666666666667,5,0.591044776119403,0.02497492616519628,0.9231999999999999,0.015132011689718526,0,
faster_rcnn,0.948,5,0.591044776119403,0.02497492616519628,0.9231999999999999,0.015132011689718526,0,
faster_rcnn,0.9493333333333334,5,0.591044776119403,0.02497492616519628,0.9231999999999999,0.015132011689718526,0,
faster_rcnn,0.9506666666666667,5,0.591044776119403,0.02497492616519628,0.9231999999999999,0.015132011689718526,0,
faster_rcnn,0.952,5,0.591044776119403,0.02497492616519628,0.9231999999999999,0.015132011689718526,0,
faster_rcnn,0.9533333333333334,5,0.591044776119403,0.02497492616519628,0.9231999999999999,0.015132011689718526,0,
faster_rcnn,0.9546666666666667,5,0.591044776119403,0.02497492616519628,0.9231999999999999,0.015132011689718526,0,
faster_rcnn,0.956,5,0.5932835820895523,0.022542996219392868,0.9333333333333332,0.024055491403558275,0,
faster_rcnn,0.9573333333333334,5,0.5932835820895523,0.022542996219392868,0.9333333333333332,0.024055491403558275,0,
faster_rcnn,0.9586666666666667,5,0.5932835820895523,0.022542996219392868,0.9333333333333332,0.024055491403558275,0,
faster_rcnn,0.96,5,0.5940298507462687,0.0211735238195688,0.9341333333333333,0.025043961347997634,0,
faster_rcnn,0.9613333333333334,5,0.5940298507462687,0.0211735238195688,0.9341333333333333,0.025043961347997634,0,
faster_rcnn,0.9626666666666667,5,0.5940298507462687,0.0211735238195688,0.9341333333333333,0.025043961347997634,0,
faster_rcnn,0.964,5,0.5940298507462687,0.0211735238195688,0.9341333333333333,0.025043961347997634,0,
faster_rcnn,0.9653333333333334,5,0.5940298507462687,0.0211735238195688,0.9341333333333333,0.025043961347997634,0,
faster_rcnn,0.9666666666666667,5,0.5940298507462687,0.0211735238195688,0.9341333333333333,0.025043961347997634,0,
faster_rcnn,0.968,5,0.5940298507462687,0.0211735238195688,0.9341333333333333,0.025043961347997634,0,
faster_rcnn,0.9693333333333334,5,0.5940298507462687,0.0211735238195688,0.9341333333333333,0.025043961347997634,0,
faster_rcnn,0.9706666666666667,5,0.594776119402985,0.02070811481419642,0.9370666666666667,0.028819746317026763,0,
faster_rcnn,0.972,5,0.594776119402985,0.02070811481419642,0.9370666666666667,0.028819746317026763,0,
faster_rcnn,0.9733333333333334,5,0.594776119402985,0.02070811481419642,0.9370666666666667,0.028819746317026763,0,
faster_rcnn,0.9746666666666667,5,0.594776119402985,0.02070811481419642,0.9370666666666667,0.028819746317026763,0,
faster_rcnn,0.976,5,0.594776119402985,0.02070811481419642,0.9370666666666667,0.028819746317026763,0,
faster_rcnn,0.9773333333333334,5,0.594776119402985,0.02070811481419642,0.9370666666666667,0.028819746317026763,0,
faster_rcnn,0.9786666666666667,5,0.594776119402985,0.02070811481419642,0.9370666666666667,0.028819746317026763,0,
faster_rcnn,0.98,5,0.594776119402985,0.02070811481419642,0.9370666666666667,0.028819746317026763,0,
faster_rcnn,0.9813333333333333,5,0.594776119402985,0.02070811481419642,0.9370666666666667,0.028819746317026763,0,
faster_rcnn,0.9826666666666667,5,0.594776119402985,0.02070811481419642,0.9370666666666667,0.028819746317026763,0,
faster_rcnn,0.984,5,0.5955223880597014,0.021041600268465188,0.9503999999999999,0.032583567774092645,0,
faster_rcnn,0.9853333333333333,5,0.5955223880597014,0.021041600268465188,0.9503999999999999,0.032583567774092645,0,
faster_rcnn,0.9866666666666667,5,0.5962686567164178,0.021980114141825588,0.9674666666666667,0.020604206690220634,0,
faster_rcnn,0.988,5,0.5970149253731343,0.022388059701492546,0.9682666666666666,0.021466252583997966,0,
faster_rcnn,0.9893333333333333,5,0.5970149253731343,0.022388059701492546,0.9682666666666666,0.021466252583997966,0,
faster_rcnn,0.9906666666666667,5,0.5977611940298507,0.02100848994068547,0.9743999999999999,0.022850237052016168,0,
faster_rcnn,0.992,5,0.5977611940298507,0.02100848994068547,0.9743999999999999,0.022850237052016168,0,
faster_rcnn,0.9933333333333333,5,0.5985074626865672,0.019673770636513536,0.9749333333333334,0.023350469897722465,0,
faster_rcnn,0.9946666666666667,5,0.5985074626865672,0.019673770636513536,0.9749333333333334,0.023350469897722465,0,
faster_rcnn,0.996,5,0.5985074626865672,0.019673770636513536,0.9749333333333334,0.023350469897722465,0,
faster_rcnn,0.9973333333333333,5,0.5992537313432835,0.02019756507869307,0.9768000000000001,0.024972874172678697,0,
faster_rcnn,0.9986666666666667,5,0.5999999999999999,0.020842149319058107,0.9770666666666667,0.02525250262625247,0,
faster_rcnn,1.0,5,0.5999999999999999,0.020842149319058107,0.9770666666666667,0.02525250262625247,0,
faster_rcnn,1.0013333333333334,5,0.5999999999999999,0.020842149319058107,0.9770666666666667,0.02525250262625247,0,
faster_rcnn,1.0026666666666666,5,0.5999999999999999,0.020842149319058107,0.9770666666666667,0.02525250262625247,0,
faster_rcnn,1.004,5,0.5999999999999999,0.020842149319058107,0.9770666666666667,0.02525250262625247,0,
faster_rcnn,1.0053333333333334,5,0.5999999999999999,0.020842149319058107,0.9770666666666667,0.02525250262625247,0,
faster_rcnn,1.0066666666666666,5,0.5999999999999999,0.020842149319058107,0.9770666666666667,0.02525250262625247,0,
faster_rcnn,1.008,5,0.5999999999999999,0.020842149319058107,0.9770666666666667,0.02525250262625247,0,
faster_rcnn,1.0093333333333334,5,0.5999999999999999,0.020842149319058107,0.9770666666666667,0.02525250262625247,0,
faster_rcnn,1.0106666666666666,5,0.5999999999999999,0.020842149319058107,0.9770666666666667,0.02525250262625247,0,
faster_rcnn,1.012,5,0.5999999999999999,0.020842149319058107,0.9770666666666667,0.02525250262625247,0,
faster_rcnn,1.0133333333333334,5,0.5999999999999999,0.020842149319058107,0.9770666666666667,0.02525250262625247,0,
faster_rcnn,1.0146666666666666,5,0.5999999999999999,0.020842149319058107,0.9770666666666667,0.02525250262625247,0,
faster_rcnn,1.016,5,0.5999999999999999,0.020842149319058107,0.9770666666666667,0.02525250262625247,0,
faster_rcnn,1.0173333333333334,5,0.6007462686567163,0.021757283189721248,0.9832000000000001,0.031192591713061903,0,
faster_rcnn,1.0186666666666666,5,0.6007462686567163,0.021757283189721248,0.9832000000000001,0.031192591713061903,0,
faster_rcnn,1.02,5,0.6007462686567163,0.021757283189721248,0.9832000000000001,0.031192591713061903,0,
faster_rcnn,1.0213333333333334,5,0.6014925373134328,0.02050542039408072,0.9888000000000001,0.035660124010502905,0,
faster_rcnn,1.0226666666666666,5,0.6014925373134328,0.02050542039408072,0.9888000000000001,0.035660124010502905,0,
faster_rcnn,1.024,5,0.6022388059701492,0.019849904594433393,0.9994666666666667,0.036837179286391866,0,
faster_rcnn,1.0253333333333334,5,0.6022388059701492,0.019849904594433393,0.9994666666666667,0.036837179286391866,0,
faster_rcnn,1.0266666666666666,5,0.6022388059701492,0.019849904594433393,0.9994666666666667,0.036837179286391866,0,
faster_rcnn,1.028,5,0.6022388059701492,0.019849904594433393,0.9994666666666667,0.036837179286391866,0,
faster_rcnn,1.0293333333333334,5,0.6022388059701492,0.019849904594433393,0.9994666666666667,0.036837179286391866,0,
faster_rcnn,1.0306666666666666,5,0.6022388059701492,0.019849904594433393,0.9994666666666667,0.036837179286391866,0,
faster_rcnn,1.032,5,0.6022388059701492,0.019849904594433393,0.9994666666666667,0.036837179286391866,0,
faster_rcnn,1.0333333333333334,5,0.6029850746268657,0.020875523478655768,1.0026666666666668,0.03938414796731182,0,
faster_rcnn,1.0346666666666666,5,0.6029850746268657,0.020875523478655768,1.0026666666666668,0.03938414796731182,0,
faster_rcnn,1.036,5,0.6029850746268657,0.020875523478655768,1.0026666666666668,0.03938414796731182,0,
faster_rcnn,1.0373333333333334,5,0.603731343283582,0.02198011414182557,1.0034666666666667,0.04019507985368913,0,
faster_rcnn,1.0386666666666666,5,0.603731343283582,0.02198011414182557,1.0034666666666667,0.04019507985368913,0,
faster_rcnn,1.04,5,0.603731343283582,0.02198011414182557,1.0034666666666667,0.04019507985368913,0,
faster_rcnn,1.0413333333333334,5,0.6052238805970149,0.02133728127685941,1.016,0.045284287193977875,0,
faster_rcnn,1.0426666666666666,5,0.6052238805970149,0.02133728127685941,1.016,0.045284287193977875,0,
faster_rcnn,1.044,5,0.6059701492537314,0.02153214633769181,1.0375999999999999,0.007966596931354507,0,
faster_rcnn,1.0453333333333332,5,0.6059701492537314,0.02153214633769181,1.0375999999999999,0.007966596931354507,0,
faster_rcnn,1.0466666666666666,5,0.6059701492537314,0.02153214633769181,1.0375999999999999,0.007966596931354507,0,
faster_rcnn,1.048,5,0.6059701492537314,0.02153214633769181,1.0375999999999999,0.007966596931354507,0,
faster_rcnn,1.0493333333333332,5,0.6067164179104478,0.02216932951867604,1.0392,0.009549869109050627,0,
faster_rcnn,1.0506666666666666,5,0.6067164179104478,0.02216932951867604,1.0392,0.009549869109050627,0,
faster_rcnn,1.052,5,0.6067164179104478,0.02216932951867604,1.0392,0.009549869109050627,0,
faster_rcnn,1.0533333333333332,5,0.6067164179104478,0.02216932951867604,1.0392,0.009549869109050627,0,
faster_rcnn,1.0546666666666666,5,0.6067164179104478,0.02216932951867604,1.0392,0.009549869109050627,0,
faster_rcnn,1.056,5,0.6067164179104478,0.02216932951867604,1.0392,0.009549869109050627,0,
faster_rcnn,1.0573333333333332,5,0.6074626865671642,0.021499791478937224,1.0458666666666665,0.007751702321999175,0,
faster_rcnn,1.0586666666666666,5,0.6074626865671642,0.021499791478937224,1.0458666666666665,0.007751702321999175,0,
faster_rcnn,1.06,5,0.6074626865671642,0.021499791478937224,1.0458666666666665,0.007751702321999175,0,
faster_rcnn,1.0613333333333332,5,0.6074626865671642,0.021499791478937224,1.0458666666666665,0.007751702321999175,0,
faster_rcnn,1.0626666666666666,5,0.6074626865671642,0.021499791478937224,1.0458666666666665,0.007751702321999175,0,
faster_rcnn,1.064,5,0.6074626865671642,0.021499791478937224,1.0458666666666665,0.007751702321999175,0,
faster_rcnn,1.0653333333333332,5,0.6074626865671642,0.021499791478937224,1.0458666666666665,0.007751702321999175,0,
faster_rcnn,1.0666666666666667,5,0.6074626865671642,0.021499791478937224,1.0458666666666665,0.007751702321999175,0,
faster_rcnn,1.068,5,0.6082089552238806,0.02254299621939289,1.052,0.010832051206181264,0,
faster_rcnn,1.0693333333333332,5,0.6082089552238806,0.02254299621939289,1.052,0.010832051206181264,0,
faster_rcnn,1.0706666666666667,5,0.6082089552238806,0.02254299621939289,1.052,0.010832051206181264,0,
faster_rcnn,1.072,5,0.6097014925373134,0.020708114814196443,1.0610666666666666,0.013379918617922286,0,
faster_rcnn,1.0733333333333333,5,0.6097014925373134,0.020708114814196443,1.0610666666666666,0.013379918617922286,0,
faster_rcnn,1.0746666666666667,5,0.6111940298507463,0.0203349650648339,1.0677333333333334,0.010641637300925337,0,
faster_rcnn,1.076,5,0.6111940298507463,0.0203349650648339,1.0677333333333334,0.010641637300925337,0,
faster_rcnn,1.0773333333333333,5,0.612686567164179,0.02260467347889693,1.0695999999999999,0.01148525624925765,0,
faster_rcnn,1.0786666666666667,5,0.612686567164179,0.02260467347889693,1.0695999999999999,0.01148525624925765,0,
faster_rcnn,1.08,5,0.6134328358208955,0.022169329518676024,1.0706666666666664,0.012292725943057232,0,
faster_rcnn,1.0813333333333333,5,0.6134328358208955,0.022169329518676024,1.0706666666666664,0.012292725943057232,0,
faster_rcnn,1.0826666666666667,5,0.6134328358208955,0.022169329518676024,1.0706666666666664,0.012292725943057232,0,
faster_rcnn,1.084,5,0.6134328358208955,0.022169329518676024,1.0706666666666664,0.012292725943057232,0,
faster_rcnn,1.0853333333333333,5,0.6134328358208955,0.022169329518676024,1.0706666666666664,0.012292725943057232,0,
faster_rcnn,1.0866666666666667,5,0.6134328358208955,0.022169329518676024,1.0706666666666664,0.012292725943057232,0,
faster_rcnn,1.088,5,0.6134328358208955,0.022169329518676024,1.0706666666666664,0.012292725943057232,0,
faster_rcnn,1.0893333333333333,5,0.6134328358208955,0.022169329518676024,1.0706666666666664,0.012292725943057232,0,
faster_rcnn,1.0906666666666667,5,0.6134328358208955,0.022169329518676024,1.0706666666666664,0.012292725943057232,0,
faster_rcnn,1.092,5,0.6134328358208955,0.022169329518676024,1.0706666666666664,0.012292725943057232,0,
faster_rcnn,1.0933333333333333,5,0.6134328358208955,0.022169329518676024,1.0706666666666664,0.012292725943057232,0,
faster_rcnn,1.0946666666666667,5,0.6134328358208955,0.022169329518676024,1.0706666666666664,0.012292725943057232,0,
faster_rcnn,1.096,5,0.6141791044776119,0.021853060394546726,1.0738666666666665,0.016642649361738645,0,
faster_rcnn,1.0973333333333333,5,0.6141791044776119,0.021853060394546726,1.0738666666666665,0.016642649361738645,0,
faster_rcnn,1.0986666666666667,5,0.6141791044776119,0.021853060394546726,1.0738666666666665,0.016642649361738645,0,
faster_rcnn,1.1,5,0.6141791044776119,0.021853060394546726,1.0738666666666665,0.016642649361738645,0,
faster_rcnn,1.1013333333333333,5,0.6149253731343284,0.022294580964611413,1.0842666666666667,0.013413094762623241,0,
faster_rcnn,1.1026666666666667,5,0.6149253731343284,0.022294580964611413,1.0842666666666667,0.013413094762623241,0,
faster_rcnn,1.104,5,0.6149253731343284,0.022294580964611413,1.0842666666666667,0.013413094762623241,0,
faster_rcnn,1.1053333333333333,5,0.6149253731343284,0.022294580964611413,1.0842666666666667,0.013413094762623241,0,
faster_rcnn,1.1066666666666667,5,0.6149253731343284,0.022294580964611413,1.0842666666666667,0.013413094762623241,0,
faster_rcnn,1.108,5,0.6149253731343284,0.022294580964611413,1.0842666666666667,0.013413094762623241,0,
faster_rcnn,1.1093333333333333,5,0.6149253731343284,0.022294580964611413,1.0842666666666667,0.013413094762623241,0,
faster_rcnn,1.1106666666666667,5,0.6149253731343284,0.022294580964611413,1.0842666666666667,0.013413094762623241,0,
faster_rcnn,1.112,5,0.6149253731343284,0.022294580964611413,1.0842666666666667,0.013413094762623241,0,
faster_rcnn,1.1133333333333333,5,0.6149253731343284,0.022294580964611413,1.0842666666666667,0.013413094762623241,0,
faster_rcnn,1.1146666666666667,5,0.6149253731343284,0.022294580964611413,1.0842666666666667,0.013413094762623241,0,
faster_rcnn,1.116,5,0.6149253731343284,0.022294580964611413,1.0842666666666667,0.013413094762623241,0,
faster_rcnn,1.1173333333333333,5,0.6149253731343284,0.022294580964611413,1.0842666666666667,0.013413094762623241,0,
faster_rcnn,1.1186666666666667,5,0.6156716417910448,0.022074924563804527,1.0888,0.020387359918450563,0,
faster_rcnn,1.12,5,0.6156716417910448,0.022074924563804527,1.0888,0.020387359918450563,0,
faster_rcnn,1.1213333333333333,5,0.6156716417910448,0.022074924563804527,1.0888,0.020387359918450563,0,
faster_rcnn,1.1226666666666667,5,0.6156716417910448,0.022074924563804527,1.0888,0.020387359918450563,0,
faster_rcnn,1.124,5,0.6156716417910448,0.022074924563804527,1.0888,0.020387359918450563,0,
faster_rcnn,1.1253333333333333,5,0.6164179104477612,0.022604673478896938,1.0936,0.026100659846916594,0,
faster_rcnn,1.1266666666666667,5,0.6164179104477612,0.022604673478896938,1.0936,0.026100659846916594,0,
faster_rcnn,1.128,5,0.6164179104477612,0.022604673478896938,1.0936,0.026100659846916594,0,
faster_rcnn,1.1293333333333333,5,0.6164179104477612,0.022604673478896938,1.0936,0.026100659846916594,0,
faster_rcnn,1.1306666666666667,5,0.6164179104477612,0.022604673478896938,1.0936,0.026100659846916594,0,
faster_rcnn,1.132,5,0.6164179104477612,0.022604673478896938,1.0936,0.026100659846916594,0,
faster_rcnn,1.1333333333333333,5,0.6164179104477612,0.022604673478896938,1.0936,0.026100659846916594,0,
faster_rcnn,1.1346666666666667,5,0.6164179104477612,0.022604673478896938,1.0936,0.026100659846916594,0,
faster_rcnn,1.136,5,0.6164179104477612,0.022604673478896938,1.0936,0.026100659846916594,0,
faster_rcnn,1.1373333333333333,5,0.6164179104477612,0.022604673478896938,1.0936,0.026100659846916594,0,
faster_rcnn,1.1386666666666667,5,0.6164179104477612,0.022604673478896938,1.0936,0.026100659846916594,0,
faster_rcnn,1.14,5,0.6164179104477612,0.022604673478896938,1.0936,0.026100659846916594,0,
faster_rcnn,1.1413333333333333,5,0.6171641791044776,0.02263544908672103,1.1069333333333333,0.030643469487351162,0,
faster_rcnn,1.1426666666666667,5,0.6171641791044776,0.02263544908672103,1.1069333333333333,0.030643469487351162,0,
faster_rcnn,1.144,5,0.6179104477611941,0.023242405227458858,1.1106666666666665,0.03435759660460031,0,
faster_rcnn,1.1453333333333333,5,0.6179104477611941,0.023242405227458858,1.1106666666666665,0.03435759660460031,0,
faster_rcnn,1.1466666666666667,5,0.6179104477611941,0.023242405227458858,1.1106666666666665,0.03435759660460031,0,
faster_rcnn,1.148,5,0.6179104477611941,0.023242405227458858,1.1106666666666665,0.03435759660460031,0,
faster_rcnn,1.1493333333333333,5,0.6186567164179104,0.021821181368975304,1.1261333333333332,0.029688755821391754,0,
faster_rcnn,1.1506666666666667,5,0.6194029850746269,0.020437408862133053,1.1263999999999998,0.02995403886697829,0,
faster_rcnn,1.152,5,0.6194029850746269,0.020437408862133053,1.1263999999999998,0.02995403886697829,0,
faster_rcnn,1.1533333333333333,5,0.6194029850746269,0.020437408862133053,1.1263999999999998,0.02995403886697829,0,
faster_rcnn,1.1546666666666667,5,0.6194029850746269,0.020437408862133053,1.1263999999999998,0.02995403886697829,0,
faster_rcnn,1.156,5,0.6194029850746269,0.020437408862133053,1.1263999999999998,0.02995403886697829,0,
faster_rcnn,1.1573333333333333,5,0.6201492537313433,0.021173523819568798,1.1290666666666667,0.03240576080472939,0,
faster_rcnn,1.1586666666666667,5,0.6208955223880597,0.022169329518676038,1.1453333333333335,0.016411378166788233,0,
faster_rcnn,1.16,5,0.6208955223880597,0.022169329518676038,1.1453333333333335,0.016411378166788233,0,
faster_rcnn,1.1613333333333333,5,0.6208955223880597,0.022169329518676038,1.1453333333333335,0.016411378166788233,0,
faster_rcnn,1.1626666666666667,5,0.6208955223880597,0.022169329518676038,1.1453333333333335,0.016411378166788233,0,
faster_rcnn,1.164,5,0.6208955223880597,0.022169329518676038,1.1453333333333335,0.016411378166788233,0,
faster_rcnn,1.1653333333333333,5,0.6208955223880597,0.022169329518676038,1.1453333333333335,0.016411378166788233,0,
faster_rcnn,1.1666666666666667,5,0.6208955223880597,0.022169329518676038,1.1453333333333335,0.016411378166788233,0,
faster_rcnn,1.168,5,0.6208955223880597,0.022169329518676038,1.1453333333333335,0.016411378166788233,0,
faster_rcnn,1.1693333333333333,5,0.6208955223880597,0.022169329518676038,1.1453333333333335,0.016411378166788233,0,
faster_rcnn,1.1706666666666667,5,0.6208955223880597,0.022169329518676038,1.1453333333333335,0.016411378166788233,0,
faster_rcnn,1.172,5,0.6208955223880597,0.022169329518676038,1.1453333333333335,0.016411378166788233,0,
faster_rcnn,1.1733333333333333,5,0.6208955223880597,0.022169329518676038,1.1453333333333335,0.016411378166788233,0,
faster_rcnn,1.1746666666666667,5,0.6208955223880597,0.022169329518676038,1.1453333333333335,0.016411378166788233,0,
faster_rcnn,1.176,5,0.6223880597014926,0.022910569302998125,1.1560000000000001,0.02360790827950099,0,
faster_rcnn,1.1773333333333333,5,0.6223880597014926,0.022910569302998125,1.1560000000000001,0.02360790827950099,0,
faster_rcnn,1.1786666666666668,5,0.6223880597014926,0.022910569302998125,1.1560000000000001,0.02360790827950099,0,
faster_rcnn,1.18,5,0.6223880597014926,0.022910569302998125,1.1560000000000001,0.02360790827950099,0,
faster_rcnn,1.1813333333333333,5,0.6223880597014926,0.022910569302998125,1.1560000000000001,0.02360790827950099,0,
faster_rcnn,1.1826666666666668,5,0.6223880597014926,0.022910569302998125,1.1560000000000001,0.02360790827950099,0,
faster_rcnn,1.184,5,0.6223880597014926,0.022910569302998125,1.1560000000000001,0.02360790827950099,0,
faster_rcnn,1.1853333333333333,5,0.6223880597014926,0.022910569302998125,1.1560000000000001,0.02360790827950099,0,
faster_rcnn,1.1866666666666668,5,0.623134328358209,0.023892254617286727,1.1616000000000002,0.027412892344053478,0,
faster_rcnn,1.188,5,0.6238805970149255,0.02494703679171161,1.1618666666666668,0.027722433755594595,0,
faster_rcnn,1.1893333333333334,5,0.6238805970149255,0.02494703679171161,1.1618666666666668,0.027722433755594595,0,
faster_rcnn,1.1906666666666668,5,0.6238805970149255,0.02494703679171161,1.1618666666666668,0.027722433755594595,0,
faster_rcnn,1.192,5,0.6246268656716418,0.024974926165196285,1.1650666666666667,0.03054177467011367,0,
faster_rcnn,1.1933333333333334,5,0.6246268656716418,0.024974926165196285,1.1650666666666667,0.03054177467011367,0,
faster_rcnn,1.1946666666666668,5,0.6246268656716418,0.024974926165196285,1.1650666666666667,0.03054177467011367,0,
faster_rcnn,1.196,5,0.6246268656716418,0.024974926165196285,1.1650666666666667,0.03054177467011367,0,
faster_rcnn,1.1973333333333334,5,0.6246268656716418,0.024974926165196285,1.1650666666666667,0.03054177467011367,0,
faster_rcnn,1.1986666666666668,5,0.6253731343283582,0.026066043576974583,1.1672,0.03283087977296171,0,
faster_rcnn,1.2,5,0.6261194029850745,0.026699319134325845,1.1720000000000002,0.03603701800463886,0,
faster_rcnn,1.2013333333333334,5,0.6261194029850745,0.026699319134325845,1.1720000000000002,0.03603701800463886,0,
faster_rcnn,1.2026666666666668,5,0.6261194029850745,0.026699319134325845,1.1720000000000002,0.03603701800463886,0,
faster_rcnn,1.204,5,0.6261194029850745,0.026699319134325845,1.1720000000000002,0.03603701800463886,0,
faster_rcnn,1.2053333333333334,5,0.6261194029850745,0.026699319134325845,1.1720000000000002,0.03603701800463886,0,
faster_rcnn,1.2066666666666668,5,0.6261194029850745,0.026699319134325845,1.1720000000000002,0.03603701800463886,0,
faster_rcnn,1.208,5,0.6261194029850745,0.026699319134325845,1.1720000000000002,0.03603701800463886,0,
faster_rcnn,1.2093333333333334,5,0.626865671641791,0.02677742554926739,1.1754666666666669,0.03914190706760324,0,
faster_rcnn,1.2106666666666666,5,0.6276119402985074,0.02549902919891029,1.187466666666667,0.03883412016370253,0,
faster_rcnn,1.212,5,0.6283582089552239,0.02659482041970964,1.1901333333333333,0.0402282377331037,0,
faster_rcnn,1.2133333333333334,5,0.6283582089552239,0.02659482041970964,1.1901333333333333,0.0402282377331037,0,
faster_rcnn,1.2146666666666666,5,0.6291044776119403,0.02538959080030449,1.1909333333333332,0.04077471983690109,0,
faster_rcnn,1.216,5,0.6298507462686567,0.024239375774495087,1.1912,0.04097261958376049,0,
faster_rcnn,1.2173333333333334,5,0.6298507462686567,0.024239375774495087,1.1912,0.04097261958376049,0,
faster_rcnn,1.2186666666666666,5,0.6305970149253731,0.023599087016181932,1.2112,0.0072172632547863064,0,
faster_rcnn,1.22,5,0.6305970149253731,0.023599087016181932,1.2112,0.0072172632547863064,0,
faster_rcnn,1.2213333333333334,5,0.6313432835820896,0.024807119609842797,1.2130666666666667,0.008558296819136653,0,
faster_rcnn,1.2226666666666666,5,0.6328358208955225,0.02606604357697462,1.2176,0.005283096734975687,0,
faster_rcnn,1.224,5,0.6328358208955225,0.02606604357697462,1.2176,0.005283096734975687,0,
faster_rcnn,1.2253333333333334,5,0.6328358208955225,0.02606604357697462,1.2176,0.005283096734975687,0,
faster_rcnn,1.2266666666666666,5,0.6328358208955225,0.02606604357697462,1.2176,0.005283096734975687,0,
faster_rcnn,1.228,5,0.6328358208955225,0.02606604357697462,1.2176,0.005283096734975687,0,
faster_rcnn,1.2293333333333334,5,0.6335820895522388,0.025499029198910294,1.2197333333333336,0.007507033738804933,0,
faster_rcnn,1.2306666666666666,5,0.6335820895522388,0.025499029198910294,1.2197333333333336,0.007507033738804933,0,
faster_rcnn,1.232,5,0.6335820895522388,0.025499029198910294,1.2197333333333336,0.007507033738804933,0,
faster_rcnn,1.2333333333333334,5,0.6343283582089552,0.02664712100202556,1.2221333333333333,0.009734246532503474,0,
faster_rcnn,1.2346666666666666,5,0.6343283582089552,0.02664712100202556,1.2221333333333333,0.009734246532503474,0,
faster_rcnn,1.236,5,0.6343283582089552,0.02664712100202556,1.2221333333333333,0.009734246532503474,0,
faster_rcnn,1.2373333333333334,5,0.6343283582089552,0.02664712100202556,1.2221333333333333,0.009734246532503474,0,
faster_rcnn,1.2386666666666666,5,0.6343283582089552,0.02664712100202556,1.2221333333333333,0.009734246532503474,0,
faster_rcnn,1.24,5,0.6343283582089552,0.02664712100202556,1.2221333333333333,0.009734246532503474,0,
faster_rcnn,1.2413333333333334,5,0.6358208955223881,0.02774774991429585,1.2301333333333333,0.011258576977378485,0,
faster_rcnn,1.2426666666666666,5,0.6358208955223881,0.02774774991429585,1.2301333333333333,0.011258576977378485,0,
faster_rcnn,1.244,5,0.6358208955223881,0.02774774991429585,1.2301333333333333,0.011258576977378485,0,
faster_rcnn,1.2453333333333334,5,0.6358208955223881,0.02774774991429585,1.2301333333333333,0.011258576977378485,0,
faster_rcnn,1.2466666666666666,5,0.6358208955223881,0.02774774991429585,1.2301333333333333,0.011258576977378485,0,
faster_rcnn,1.248,5,0.6358208955223881,0.02774774991429585,1.2301333333333333,0.011258576977378485,0,
faster_rcnn,1.2493333333333334,5,0.6365671641791045,0.028975027848234594,1.2317333333333333,0.01357775959264109,0,
faster_rcnn,1.2506666666666666,5,0.6365671641791045,0.028975027848234594,1.2317333333333333,0.01357775959264109,0,
faster_rcnn,1.252,5,0.6365671641791045,0.028975027848234594,1.2317333333333333,0.01357775959264109,0,
faster_rcnn,1.2533333333333334,5,0.6365671641791045,0.028975027848234594,1.2317333333333333,0.01357775959264109,0,
faster_rcnn,1.2546666666666666,5,0.6365671641791045,0.028975027848234594,1.2317333333333333,0.01357775959264109,0,
faster_rcnn,1.256,5,0.637313432835821,0.027847922622455674,1.2397333333333334,0.013772758942524548,0,
faster_rcnn,1.2573333333333334,5,0.637313432835821,0.027847922622455674,1.2397333333333334,0.013772758942524548,0,
faster_rcnn,1.2586666666666666,5,0.637313432835821,0.027847922622455674,1.2397333333333334,0.013772758942524548,0,
faster_rcnn,1.26,5,0.637313432835821,0.027847922622455674,1.2397333333333334,0.013772758942524548,0,
faster_rcnn,1.2613333333333334,5,0.637313432835821,0.027847922622455674,1.2397333333333334,0.013772758942524548,0,
faster_rcnn,1.2626666666666666,5,0.637313432835821,0.027847922622455674,1.2397333333333334,0.013772758942524548,0,
faster_rcnn,1.264,5,0.637313432835821,0.027847922622455674,1.2397333333333334,0.013772758942524548,0,
faster_rcnn,1.2653333333333334,5,0.637313432835821,0.027847922622455674,1.2397333333333334,0.013772758942524548,0,
faster_rcnn,1.2666666666666666,5,0.637313432835821,0.027847922622455674,1.2397333333333334,0.013772758942524548,0,
faster_rcnn,1.268,5,0.637313432835821,0.027847922622455674,1.2397333333333334,0.013772758942524548,0,
faster_rcnn,1.2693333333333334,5,0.637313432835821,0.027847922622455674,1.2397333333333334,0.013772758942524548,0,
faster_rcnn,1.2706666666666666,5,0.637313432835821,0.027847922622455674,1.2397333333333334,0.013772758942524548,0,
faster_rcnn,1.272,5,0.6380597014925373,0.02729242320583546,1.2482666666666666,0.018218427789222443,0,
faster_rcnn,1.2733333333333334,5,0.6388059701492537,0.027215794819120127,1.2546666666666666,0.02063438338738961,0,
faster_rcnn,1.2746666666666666,5,0.6388059701492537,0.027215794819120127,1.2546666666666666,0.02063438338738961,0,
faster_rcnn,1.276,5,0.6395522388059701,0.02774774991429585,1.2653333333333334,0.011888369666751337,0,
faster_rcnn,1.2773333333333334,5,0.6395522388059701,0.02774774991429585,1.2653333333333334,0.011888369666751337,0,
faster_rcnn,1.2786666666666666,5,0.6395522388059701,0.02774774991429585,1.2653333333333334,0.011888369666751337,0,
faster_rcnn,1.28,5,0.6395522388059701,0.02774774991429585,1.2653333333333334,0.011888369666751337,0,
faster_rcnn,1.2813333333333334,5,0.6395522388059701,0.02774774991429585,1.2653333333333334,0.011888369666751337,0,
faster_rcnn,1.2826666666666666,5,0.6395522388059701,0.02774774991429585,1.2653333333333334,0.011888369666751337,0,
faster_rcnn,1.284,5,0.6395522388059701,0.02774774991429585,1.2653333333333334,0.011888369666751337,0,
faster_rcnn,1.2853333333333334,5,0.6395522388059701,0.02774774991429585,1.2653333333333334,0.011888369666751337,0,
faster_rcnn,1.2866666666666666,5,0.6395522388059701,0.02774774991429585,1.2653333333333334,0.011888369666751337,0,
faster_rcnn,1.288,5,0.6395522388059701,0.02774774991429585,1.2653333333333334,0.011888369666751337,0,
faster_rcnn,1.2893333333333334,5,0.6395522388059701,0.02774774991429585,1.2653333333333334,0.011888369666751337,0,
faster_rcnn,1.2906666666666666,5,0.6402985074626866,0.02659482041970964,1.2722666666666667,0.014829400227625862,0,
faster_rcnn,1.292,5,0.6402985074626866,0.02659482041970964,1.2722666666666667,0.014829400227625862,0,
faster_rcnn,1.2933333333333332,5,0.6402985074626866,0.02659482041970964,1.2722666666666667,0.014829400227625862,0,
faster_rcnn,1.2946666666666666,5,0.6402985074626866,0.02659482041970964,1.2722666666666667,0.014829400227625862,0,
faster_rcnn,1.296,5,0.6402985074626866,0.02659482041970964,1.2722666666666667,0.014829400227625862,0,
faster_rcnn,1.2973333333333332,5,0.6402985074626866,0.02659482041970964,1.2722666666666667,0.014829400227625862,0,
faster_rcnn,1.2986666666666666,5,0.6402985074626866,0.02659482041970964,1.2722666666666667,0.014829400227625862,0,
faster_rcnn,1.3,5,0.641044776119403,0.02656863152077298,1.2776,0.019399885452124573,0,
faster_rcnn,1.3013333333333332,5,0.641044776119403,0.02656863152077298,1.2776,0.019399885452124573,0,
faster_rcnn,1.3026666666666666,5,0.6425373134328358,0.027215794819120096,1.2834666666666668,0.022834671493634856,0,
faster_rcnn,1.304,5,0.6425373134328358,0.027215794819120096,1.2834666666666668,0.022834671493634856,0,
faster_rcnn,1.3053333333333332,5,0.6425373134328358,0.027215794819120096,1.2834666666666668,0.022834671493634856,0,
faster_rcnn,1.3066666666666666,5,0.6425373134328358,0.027215794819120096,1.2834666666666668,0.022834671493634856,0,
faster_rcnn,1.308,5,0.6425373134328358,0.027215794819120096,1.2834666666666668,0.022834671493634856,0,
faster_rcnn,1.3093333333333332,5,0.6425373134328358,0.027215794819120096,1.2834666666666668,0.022834671493634856,0,
faster_rcnn,1.3106666666666666,5,0.6425373134328358,0.027215794819120096,1.2834666666666668,0.022834671493634856,0,
faster_rcnn,1.312,5,0.6425373134328358,0.027215794819120096,1.2834666666666668,0.022834671493634856,0,
faster_rcnn,1.3133333333333332,5,0.6425373134328358,0.027215794819120096,1.2834666666666668,0.022834671493634856,0,
faster_rcnn,1.3146666666666667,5,0.6425373134328358,0.027215794819120096,1.2834666666666668,0.022834671493634856,0,
faster_rcnn,1.316,5,0.6425373134328358,0.027215794819120096,1.2834666666666668,0.022834671493634856,0,
faster_rcnn,1.3173333333333332,5,0.6425373134328358,0.027215794819120096,1.2834666666666668,0.022834671493634856,0,
faster_rcnn,1.3186666666666667,5,0.6425373134328358,0.027215794819120096,1.2834666666666668,0.022834671493634856,0,
faster_rcnn,1.32,5,0.6432835820895523,0.026066043576974604,1.2893333333333334,0.028268553396152234,0,
faster_rcnn,1.3213333333333332,5,0.6432835820895523,0.026066043576974604,1.2893333333333334,0.028268553396152234,0,
faster_rcnn,1.3226666666666667,5,0.6432835820895523,0.026066043576974604,1.2893333333333334,0.028268553396152234,0,
faster_rcnn,1.324,5,0.6432835820895523,0.026066043576974604,1.2893333333333334,0.028268553396152234,0,
faster_rcnn,1.3253333333333333,5,0.6432835820895523,0.026066043576974604,1.2893333333333334,0.028268553396152234,0,
faster_rcnn,1.3266666666666667,5,0.6432835820895523,0.026066043576974604,1.2893333333333334,0.028268553396152234,0,
faster_rcnn,1.328,5,0.6432835820895523,0.026066043576974604,1.2893333333333334,0.028268553396152234,0,
faster_rcnn,1.3293333333333333,5,0.6432835820895523,0.026066043576974604,1.2893333333333334,0.028268553396152234,0,
faster_rcnn,1.3306666666666667,5,0.6432835820895523,0.026066043576974604,1.2893333333333334,0.028268553396152234,0,
faster_rcnn,1.332,5,0.6432835820895523,0.026066043576974604,1.2893333333333334,0.028268553396152234,0,
faster_rcnn,1.3333333333333333,5,0.6432835820895523,0.026066043576974604,1.2893333333333334,0.028268553396152234,0,
faster_rcnn,1.3346666666666667,5,0.6432835820895523,0.026066043576974604,1.2893333333333334,0.028268553396152234,0,
faster_rcnn,1.336,5,0.6432835820895523,0.026066043576974604,1.2893333333333334,0.028268553396152234,0,
faster_rcnn,1.3373333333333333,5,0.6432835820895523,0.026066043576974604,1.2893333333333334,0.028268553396152234,0,
faster_rcnn,1.3386666666666667,5,0.6432835820895523,0.026066043576974604,1.2893333333333334,0.028268553396152234,0,
faster_rcnn,1.34,5,0.6432835820895523,0.026066043576974604,1.2893333333333334,0.028268553396152234,0,
faster_rcnn,1.3413333333333333,5,0.6432835820895523,0.026066043576974604,1.2893333333333334,0.028268553396152234,0,
faster_rcnn,1.3426666666666667,5,0.6432835820895523,0.026066043576974604,1.2893333333333334,0.028268553396152234,0,
faster_rcnn,1.344,5,0.6432835820895523,0.026066043576974604,1.2893333333333334,0.028268553396152234,0,
faster_rcnn,1.3453333333333333,5,0.6432835820895523,0.026066043576974604,1.2893333333333334,0.028268553396152234,0,
faster_rcnn,1.3466666666666667,5,0.6432835820895523,0.026066043576974604,1.2893333333333334,0.028268553396152234,0,
faster_rcnn,1.348,5,0.6432835820895523,0.026066043576974604,1.2893333333333334,0.028268553396152234,0,
faster_rcnn,1.3493333333333333,5,0.6440298507462686,0.024974926165196303,1.2952,0.03769585889428405,0,
faster_rcnn,1.3506666666666667,5,0.6440298507462686,0.024974926165196303,1.2952,0.03769585889428405,0,
faster_rcnn,1.352,5,0.6447761194029851,0.02617265360708983,1.3157333333333332,0.03427211370455255,0,
faster_rcnn,1.3533333333333333,5,0.6455223880597015,0.027419661299811722,1.3159999999999998,0.03462818376858811,0,
faster_rcnn,1.3546666666666667,5,0.6455223880597015,0.027419661299811722,1.3159999999999998,0.03462818376858811,0,
faster_rcnn,1.356,5,0.6455223880597015,0.027419661299811722,1.3159999999999998,0.03462818376858811,0,
faster_rcnn,1.3573333333333333,5,0.6455223880597015,0.027419661299811722,1.3159999999999998,0.03462818376858811,0,
faster_rcnn,1.3586666666666667,5,0.6455223880597015,0.027419661299811722,1.3159999999999998,0.03462818376858811,0,
faster_rcnn,1.36,5,0.6455223880597015,0.027419661299811722,1.3159999999999998,0.03462818376858811,0,
faster_rcnn,1.3613333333333333,5,0.6455223880597015,0.027419661299811722,1.3159999999999998,0.03462818376858811,0,
faster_rcnn,1.3626666666666667,5,0.6455223880597015,0.027419661299811722,1.3159999999999998,0.03462818376858811,0,
faster_rcnn,1.364,5,0.6455223880597015,0.027419661299811722,1.3159999999999998,0.03462818376858811,0,
faster_rcnn,1.3653333333333333,5,0.6455223880597015,0.027419661299811722,1.3159999999999998,0.03462818376858811,0,
faster_rcnn,1.3666666666666667,5,0.6455223880597015,0.027419661299811722,1.3159999999999998,0.03462818376858811,0,
faster_rcnn,1.368,5,0.6455223880597015,0.027419661299811722,1.3159999999999998,0.03462818376858811,0,
faster_rcnn,1.3693333333333333,5,0.6455223880597015,0.027419661299811722,1.3159999999999998,0.03462818376858811,0,
faster_rcnn,1.3706666666666667,5,0.6470149253731343,0.027241361564841783,1.3493333333333333,0.02785677655436826,0,
faster_rcnn,1.372,5,0.6470149253731343,0.027241361564841783,1.3493333333333333,0.02785677655436826,0,
faster_rcnn,1.3733333333333333,5,0.6470149253731343,0.027241361564841783,1.3493333333333333,0.02785677655436826,0,
faster_rcnn,1.3746666666666667,5,0.6470149253731343,0.027241361564841783,1.3493333333333333,0.02785677655436826,0,
faster_rcnn,1.376,5,0.6470149253731343,0.027241361564841783,1.3493333333333333,0.02785677655436826,0,
faster_rcnn,1.3773333333333333,5,0.6470149253731343,0.027241361564841783,1.3493333333333333,0.02785677655436826,0,
faster_rcnn,1.3786666666666667,5,0.6470149253731343,0.027241361564841783,1.3493333333333333,0.02785677655436826,0,
faster_rcnn,1.38,5,0.6470149253731343,0.027241361564841783,1.3493333333333333,0.02785677655436826,0,
faster_rcnn,1.3813333333333333,5,0.6470149253731343,0.027241361564841783,1.3493333333333333,0.02785677655436826,0,
faster_rcnn,1.3826666666666667,5,0.6470149253731343,0.027241361564841783,1.3493333333333333,0.02785677655436826,0,
faster_rcnn,1.384,5,0.6470149253731343,0.027241361564841783,1.3493333333333333,0.02785677655436826,0,
faster_rcnn,1.3853333333333333,5,0.6470149253731343,0.027241361564841783,1.3493333333333333,0.02785677655436826,0,
faster_rcnn,1.3866666666666667,5,0.6477611940298508,0.026594820419709675,1.3525333333333331,0.03158902763091432,0,
faster_rcnn,1.388,5,0.6477611940298508,0.026594820419709675,1.3525333333333331,0.03158902763091432,0,
faster_rcnn,1.3893333333333333,5,0.6477611940298508,0.026594820419709675,1.3525333333333331,0.03158902763091432,0,
faster_rcnn,1.3906666666666667,5,0.6477611940298508,0.026594820419709675,1.3525333333333331,0.03158902763091432,0,
faster_rcnn,1.392,5,0.6477611940298508,0.026594820419709675,1.3525333333333331,0.03158902763091432,0,
faster_rcnn,1.3933333333333333,5,0.6485074626865672,0.026039322869205846,1.3538666666666666,0.03347436830372358,0,
faster_rcnn,1.3946666666666667,5,0.6485074626865672,0.026039322869205846,1.3538666666666666,0.03347436830372358,0,
faster_rcnn,1.396,5,0.6485074626865672,0.026039322869205846,1.3538666666666666,0.03347436830372358,0,
faster_rcnn,1.3973333333333333,5,0.6485074626865672,0.026039322869205846,1.3538666666666666,0.03347436830372358,0,
faster_rcnn,1.3986666666666667,5,0.65,0.027847922622455657,1.3685333333333334,0.04224373720841157,0,
faster_rcnn,1.4,5,0.65,0.027847922622455657,1.3685333333333334,0.04224373720841157,0,
faster_rcnn,1.4013333333333333,5,0.6507462686567165,0.027368837046107843,1.3701333333333332,0.04354920588636877,0,
faster_rcnn,1.4026666666666667,5,0.6507462686567165,0.027368837046107843,1.3701333333333332,0.04354920588636877,0,
faster_rcnn,1.404,5,0.6507462686567165,0.027368837046107843,1.3701333333333332,0.04354920588636877,0,
faster_rcnn,1.4053333333333333,5,0.6507462686567165,0.027368837046107843,1.3701333333333332,0.04354920588636877,0,
faster_rcnn,1.4066666666666667,5,0.6507462686567165,0.027368837046107843,1.3701333333333332,0.04354920588636877,0,
faster_rcnn,1.408,5,0.6507462686567165,0.027368837046107843,1.3701333333333332,0.04354920588636877,0,
faster_rcnn,1.4093333333333333,5,0.6507462686567165,0.027368837046107843,1.3701333333333332,0.04354920588636877,0,
faster_rcnn,1.4106666666666667,5,0.6514925373134328,0.027241361564841773,1.3917333333333333,0.024210190691800335,0,
faster_rcnn,1.412,5,0.6514925373134328,0.027241361564841773,1.3917333333333333,0.024210190691800335,0,
faster_rcnn,1.4133333333333333,5,0.6522388059701492,0.027847922622455678,1.3946666666666665,0.026076809620810635,0,
faster_rcnn,1.4146666666666667,5,0.6529850746268656,0.027797881391327148,1.3954666666666664,0.026743223440714885,0,
faster_rcnn,1.416,5,0.6529850746268656,0.027797881391327148,1.3954666666666664,0.026743223440714885,0,
faster_rcnn,1.4173333333333333,5,0.6529850746268656,0.027797881391327148,1.3954666666666664,0.026743223440714885,0,
faster_rcnn,1.4186666666666667,5,0.6529850746268656,0.027797881391327148,1.3954666666666664,0.026743223440714885,0,
faster_rcnn,1.42,5,0.6529850746268656,0.027797881391327148,1.3954666666666664,0.026743223440714885,0,
faster_rcnn,1.4213333333333333,5,0.6529850746268656,0.027797881391327148,1.3954666666666664,0.026743223440714885,0,
faster_rcnn,1.4226666666666667,5,0.6544776119402985,0.02921429721054237,1.397333333333333,0.028565713714171454,0,
faster_rcnn,1.424,5,0.6544776119402985,0.02921429721054237,1.397333333333333,0.028565713714171454,0,
faster_rcnn,1.4253333333333333,5,0.6544776119402985,0.02921429721054237,1.397333333333333,0.028565713714171454,0,
faster_rcnn,1.4266666666666667,5,0.6544776119402985,0.02921429721054237,1.397333333333333,0.028565713714171454,0,
faster_rcnn,1.428,5,0.6544776119402985,0.02921429721054237,1.397333333333333,0.028565713714171454,0,
faster_rcnn,1.4293333333333333,5,0.6544776119402985,0.02921429721054237,1.397333333333333,0.028565713714171454,0,
faster_rcnn,1.4306666666666668,5,0.6544776119402985,0.02921429721054237,1.397333333333333,0.028565713714171454,0,
faster_rcnn,1.432,5,0.6544776119402985,0.02921429721054237,1.397333333333333,0.028565713714171454,0,
faster_rcnn,1.4333333333333333,5,0.6544776119402985,0.02921429721054237,1.397333333333333,0.028565713714171454,0,
faster_rcnn,1.4346666666666668,5,0.6544776119402985,0.02921429721054237,1.397333333333333,0.028565713714171454,0,
faster_rcnn,1.436,5,0.6544776119402985,0.02921429721054237,1.397333333333333,0.028565713714171454,0,
faster_rcnn,1.4373333333333334,5,0.6544776119402985,0.02921429721054237,1.397333333333333,0.028565713714171454,0,
faster_rcnn,1.4386666666666668,5,0.6552238805970149,0.028733766131609644,1.4048,0.034196815966142616,0,
faster_rcnn,1.44,5,0.6552238805970149,0.028733766131609644,1.4048,0.034196815966142616,0,
faster_rcnn,1.4413333333333334,5,0.6552238805970149,0.028733766131609644,1.4048,0.034196815966142616,0,
faster_rcnn,1.4426666666666668,5,0.6552238805970149,0.028733766131609644,1.4048,0.034196815966142616,0,
faster_rcnn,1.444,5,0.6552238805970149,0.028733766131609644,1.4048,0.034196815966142616,0,
faster_rcnn,1.4453333333333334,5,0.6552238805970149,0.028733766131609644,1.4048,0.034196815966142616,0,
faster_rcnn,1.4466666666666668,5,0.6559701492537313,0.027470391521352167,1.4242666666666668,0.019099738218101334,0,
faster_rcnn,1.448,5,0.6559701492537313,0.027470391521352167,1.4242666666666668,0.019099738218101334,0,
faster_rcnn,1.4493333333333334,5,0.6559701492537313,0.027470391521352167,1.4242666666666668,0.019099738218101334,0,
faster_rcnn,1.4506666666666668,5,0.6559701492537313,0.027470391521352167,1.4242666666666668,0.019099738218101334,0,
faster_rcnn,1.452,5,0.6559701492537313,0.027470391521352167,1.4242666666666668,0.019099738218101334,0,
faster_rcnn,1.4533333333333334,5,0.6559701492537313,0.027470391521352167,1.4242666666666668,0.019099738218101334,0,
faster_rcnn,1.4546666666666668,5,0.6559701492537313,0.027470391521352167,1.4242666666666668,0.019099738218101334,0,
faster_rcnn,1.456,5,0.6559701492537313,0.027470391521352167,1.4242666666666668,0.019099738218101334,0,
faster_rcnn,1.4573333333333334,5,0.6559701492537313,0.027470391521352167,1.4242666666666668,0.019099738218101334,0,
faster_rcnn,1.4586666666666666,5,0.6559701492537313,0.027470391521352167,1.4242666666666668,0.019099738218101334,0,
faster_rcnn,1.46,5,0.6559701492537313,0.027470391521352167,1.4242666666666668,0.019099738218101334,0,
faster_rcnn,1.4613333333333334,5,0.6567164179104477,0.026252327013937107,1.4272,0.02391837972959056,0,
faster_rcnn,1.4626666666666666,5,0.6567164179104477,0.026252327013937107,1.4272,0.02391837972959056,0,
faster_rcnn,1.464,5,0.6567164179104477,0.026252327013937107,1.4272,0.02391837972959056,0,
faster_rcnn,1.4653333333333334,5,0.6582089552238806,0.02397950598964123,1.4280000000000002,0.025368396787253927,0,
faster_rcnn,1.4666666666666666,5,0.6582089552238806,0.02397950598964123,1.4280000000000002,0.025368396787253927,0,
faster_rcnn,1.468,5,0.6582089552238806,0.02397950598964123,1.4280000000000002,0.025368396787253927,0,
faster_rcnn,1.4693333333333334,5,0.6582089552238806,0.02397950598964123,1.4280000000000002,0.025368396787253927,0,
faster_rcnn,1.4706666666666666,5,0.658955223880597,0.02294093455065579,1.4290666666666667,0.027364210202379252,0,
faster_rcnn,1.472,5,0.658955223880597,0.02294093455065579,1.4290666666666667,0.027364210202379252,0,
faster_rcnn,1.4733333333333334,5,0.658955223880597,0.02294093455065579,1.4290666666666667,0.027364210202379252,0,
faster_rcnn,1.4746666666666666,5,0.658955223880597,0.02294093455065579,1.4290666666666667,0.027364210202379252,0,
faster_rcnn,1.476,5,0.658955223880597,0.02294093455065579,1.4290666666666667,0.027364210202379252,0,
faster_rcnn,1.4773333333333334,5,0.658955223880597,0.02294093455065579,1.4290666666666667,0.027364210202379252,0,
faster_rcnn,1.4786666666666666,5,0.658955223880597,0.02294093455065579,1.4290666666666667,0.027364210202379252,0,
faster_rcnn,1.48,5,0.658955223880597,0.02294093455065579,1.4290666666666667,0.027364210202379252,0,
faster_rcnn,1.4813333333333334,5,0.658955223880597,0.02294093455065579,1.4290666666666667,0.027364210202379252,0,
faster_rcnn,1.4826666666666666,5,0.658955223880597,0.02294093455065579,1.4290666666666667,0.027364210202379252,0,
faster_rcnn,1.484,5,0.658955223880597,0.02294093455065579,1.4290666666666667,0.027364210202379252,0,
faster_rcnn,1.4853333333333334,5,0.658955223880597,0.02294093455065579,1.4290666666666667,0.027364210202379252,0,
faster_rcnn,1.4866666666666666,5,0.658955223880597,0.02294093455065579,1.4290666666666667,0.027364210202379252,0,
faster_rcnn,1.488,5,0.658955223880597,0.02294093455065579,1.4290666666666667,0.027364210202379252,0,
faster_rcnn,1.4893333333333334,5,0.6597014925373135,0.022758135346234165,1.4439999999999997,0.03641733408999374,0,
faster_rcnn,1.4906666666666666,5,0.6597014925373135,0.022758135346234165,1.4439999999999997,0.03641733408999374,0,
faster_rcnn,1.492,5,0.6597014925373135,0.022758135346234165,1.4439999999999997,0.03641733408999374,0,
faster_rcnn,1.4933333333333334,5,0.6597014925373135,0.022758135346234165,1.4439999999999997,0.03641733408999374,0,
faster_rcnn,1.4946666666666666,5,0.6597014925373135,0.022758135346234165,1.4439999999999997,0.03641733408999374,0,
faster_rcnn,1.496,5,0.6597014925373135,0.022758135346234165,1.4439999999999997,0.03641733408999374,0,
faster_rcnn,1.4973333333333334,5,0.6597014925373135,0.022758135346234165,1.4439999999999997,0.03641733408999374,0,
faster_rcnn,1.4986666666666666,5,0.6604477611940298,0.022696875113053037,1.4458666666666666,0.03943602414037188,0,
faster_rcnn,1.5,5,0.6604477611940298,0.022696875113053037,1.4458666666666666,0.03943602414037188,0,
faster_rcnn,1.5013333333333334,5,0.6604477611940298,0.022696875113053037,1.4458666666666666,0.03943602414037188,0,
faster_rcnn,1.5026666666666666,5,0.6604477611940298,0.022696875113053037,1.4458666666666666,0.03943602414037188,0,
faster_rcnn,1.504,5,0.6611940298507463,0.021661082498059685,1.4525333333333332,0.04680550774807971,0,
faster_rcnn,1.5053333333333334,5,0.6611940298507463,0.021661082498059685,1.4525333333333332,0.04680550774807971,0,
faster_rcnn,1.5066666666666666,5,0.6611940298507463,0.021661082498059685,1.4525333333333332,0.04680550774807971,0,
faster_rcnn,1.508,5,0.6611940298507463,0.021661082498059685,1.4525333333333332,0.04680550774807971,0,
faster_rcnn,1.5093333333333334,5,0.6611940298507463,0.021661082498059685,1.4525333333333332,0.04680550774807971,0,
faster_rcnn,1.5106666666666666,5,0.6611940298507463,0.021661082498059685,1.4525333333333332,0.04680550774807971,0,
faster_rcnn,1.512,5,0.6611940298507463,0.021661082498059685,1.4525333333333332,0.04680550774807971,0,
faster_rcnn,1.5133333333333334,5,0.6611940298507463,0.021661082498059685,1.4525333333333332,0.04680550774807971,0,
faster_rcnn,1.5146666666666666,5,0.6611940298507463,0.021661082498059685,1.4525333333333332,0.04680550774807971,0,
faster_rcnn,1.516,5,0.6611940298507463,0.021661082498059685,1.4525333333333332,0.04680550774807971,0,
faster_rcnn,1.5173333333333334,5,0.6611940298507463,0.021661082498059685,1.4525333333333332,0.04680550774807971,0,
faster_rcnn,1.5186666666666666,5,0.6619402985074627,0.020875523478655747,1.4685333333333332,0.05400082303899527,0,
faster_rcnn,1.52,5,0.6619402985074627,0.020875523478655747,1.4685333333333332,0.05400082303899527,0,
faster_rcnn,1.5213333333333334,5,0.6619402985074627,0.020875523478655747,1.4685333333333332,0.05400082303899527,0,
faster_rcnn,1.5226666666666666,5,0.6619402985074627,0.020875523478655747,1.4685333333333332,0.05400082303899527,0,
faster_rcnn,1.524,5,0.6619402985074627,0.020875523478655747,1.4685333333333332,0.05400082303899527,0,
faster_rcnn,1.5253333333333334,5,0.6619402985074627,0.020875523478655747,1.4685333333333332,0.05400082303899527,0,
faster_rcnn,1.5266666666666666,5,0.6619402985074627,0.020875523478655747,1.4685333333333332,0.05400082303899527,0,
faster_rcnn,1.528,5,0.6619402985074627,0.020875523478655747,1.4685333333333332,0.05400082303899527,0,
faster_rcnn,1.5293333333333334,5,0.6634328358208956,0.02198011414182558,1.5008,0.04489592904088792,0,
faster_rcnn,1.5306666666666666,5,0.6634328358208956,0.02198011414182558,1.5008,0.04489592904088792,0,
faster_rcnn,1.532,5,0.6634328358208956,0.02198011414182558,1.5008,0.04489592904088792,0,
faster_rcnn,1.5333333333333334,5,0.664179104477612,0.02269687511305307,1.5229333333333333,0.011903314197688397,0,
faster_rcnn,1.5346666666666666,5,0.664179104477612,0.02269687511305307,1.5229333333333333,0.011903314197688397,0,
faster_rcnn,1.536,5,0.664179104477612,0.02269687511305307,1.5229333333333333,0.011903314197688397,0,
faster_rcnn,1.5373333333333334,5,0.664179104477612,0.02269687511305307,1.5229333333333333,0.011903314197688397,0,
faster_rcnn,1.5386666666666666,5,0.664179104477612,0.02269687511305307,1.5229333333333333,0.011903314197688397,0,
faster_rcnn,1.54,5,0.664179104477612,0.02269687511305307,1.5229333333333333,0.011903314197688397,0,
faster_rcnn,1.5413333333333334,5,0.664179104477612,0.02269687511305307,1.5229333333333333,0.011903314197688397,0,
faster_rcnn,1.5426666666666666,5,0.664179104477612,0.02269687511305307,1.5229333333333333,0.011903314197688397,0,
faster_rcnn,1.544,5,0.664179104477612,0.02269687511305307,1.5229333333333333,0.011903314197688397,0,
faster_rcnn,1.5453333333333332,5,0.664179104477612,0.02269687511305307,1.5229333333333333,0.011903314197688397,0,
faster_rcnn,1.5466666666666666,5,0.664179104477612,0.02269687511305307,1.5229333333333333,0.011903314197688397,0,
faster_rcnn,1.548,5,0.664179104477612,0.02269687511305307,1.5229333333333333,0.011903314197688397,0,
faster_rcnn,1.5493333333333332,5,0.664179104477612,0.02269687511305307,1.5229333333333333,0.011903314197688397,0,
faster_rcnn,1.5506666666666666,5,0.664179104477612,0.02269687511305307,1.5229333333333333,0.011903314197688397,0,
faster_rcnn,1.552,5,0.664179104477612,0.02269687511305307,1.5229333333333333,0.011903314197688397,0,
faster_rcnn,1.5533333333333332,5,0.664179104477612,0.02269687511305307,1.5229333333333333,0.011903314197688397,0,
faster_rcnn,1.5546666666666666,5,0.664179104477612,0.02269687511305307,1.5229333333333333,0.011903314197688397,0,
faster_rcnn,1.556,5,0.664179104477612,0.02269687511305307,1.5229333333333333,0.011903314197688397,0,
faster_rcnn,1.5573333333333332,5,0.664179104477612,0.02269687511305307,1.5229333333333333,0.011903314197688397,0,
faster_rcnn,1.5586666666666666,5,0.664179104477612,0.02269687511305307,1.5229333333333333,0.011903314197688397,0,
faster_rcnn,1.56,5,0.664179104477612,0.02269687511305307,1.5229333333333333,0.011903314197688397,0,
faster_rcnn,1.5613333333333332,5,0.664179104477612,0.02269687511305307,1.5229333333333333,0.011903314197688397,0,
faster_rcnn,1.5626666666666666,5,0.6656716417910447,0.02248114974834638,1.5405333333333335,0.02066881709242208,0,
faster_rcnn,1.564,5,0.6656716417910447,0.02248114974834638,1.5405333333333335,0.02066881709242208,0,
faster_rcnn,1.5653333333333332,5,0.6656716417910447,0.02248114974834638,1.5405333333333335,0.02066881709242208,0,
faster_rcnn,1.5666666666666667,5,0.6656716417910447,0.02248114974834638,1.5405333333333335,0.02066881709242208,0,
faster_rcnn,1.568,5,0.6656716417910447,0.02248114974834638,1.5405333333333335,0.02066881709242208,0,
faster_rcnn,1.5693333333333332,5,0.6656716417910447,0.02248114974834638,1.5405333333333335,0.02066881709242208,0,
faster_rcnn,1.5706666666666667,5,0.6656716417910447,0.02248114974834638,1.5405333333333335,0.02066881709242208,0,
faster_rcnn,1.572,5,0.6656716417910447,0.02248114974834638,1.5405333333333335,0.02066881709242208,0,
faster_rcnn,1.5733333333333333,5,0.6656716417910447,0.02248114974834638,1.5405333333333335,0.02066881709242208,0,
faster_rcnn,1.5746666666666667,5,0.6656716417910447,0.02248114974834638,1.5405333333333335,0.02066881709242208,0,
faster_rcnn,1.576,5,0.6656716417910447,0.02248114974834638,1.5405333333333335,0.02066881709242208,0,
faster_rcnn,1.5773333333333333,5,0.6656716417910447,0.02248114974834638,1.5405333333333335,0.02066881709242208,0,
faster_rcnn,1.5786666666666667,5,0.6656716417910447,0.02248114974834638,1.5405333333333335,0.02066881709242208,0,
faster_rcnn,1.58,5,0.6656716417910447,0.02248114974834638,1.5405333333333335,0.02066881709242208,0,
faster_rcnn,1.5813333333333333,5,0.6656716417910447,0.02248114974834638,1.5405333333333335,0.02066881709242208,0,
faster_rcnn,1.5826666666666667,5,0.6656716417910447,0.02248114974834638,1.5405333333333335,0.02066881709242208,0,
faster_rcnn,1.584,5,0.6656716417910447,0.02248114974834638,1.5405333333333335,0.02066881709242208,0,
faster_rcnn,1.5853333333333333,5,0.6656716417910447,0.02248114974834638,1.5405333333333335,0.02066881709242208,0,
faster_rcnn,1.5866666666666667,5,0.6664179104477611,0.021532146337691797,1.5453333333333334,0.028425340807103773,0,
faster_rcnn,1.588,5,0.6664179104477611,0.021532146337691797,1.5453333333333334,0.028425340807103773,0,
faster_rcnn,1.5893333333333333,5,0.6664179104477611,0.021532146337691797,1.5453333333333334,0.028425340807103773,0,
faster_rcnn,1.5906666666666667,5,0.6664179104477611,0.021532146337691797,1.5453333333333334,0.028425340807103773,0,
faster_rcnn,1.592,5,0.6664179104477611,0.021532146337691797,1.5453333333333334,0.028425340807103773,0,
faster_rcnn,1.5933333333333333,5,0.6664179104477611,0.021532146337691797,1.5453333333333334,0.028425340807103773,0,
faster_rcnn,1.5946666666666667,5,0.6664179104477611,0.021532146337691797,1.5453333333333334,0.028425340807103773,0,
faster_rcnn,1.596,5,0.6671641791044776,0.021499791478937207,1.5586666666666669,0.03411093014790943,0,
faster_rcnn,1.5973333333333333,5,0.6671641791044776,0.021499791478937207,1.5586666666666669,0.03411093014790943,0,
faster_rcnn,1.5986666666666667,5,0.6671641791044776,0.021499791478937207,1.5586666666666669,0.03411093014790943,0,
faster_rcnn,1.6,5,0.6671641791044776,0.021499791478937207,1.5586666666666669,0.03411093014790943,0,
faster_rcnn,1.6013333333333333,5,0.667910447761194,0.02254299621939284,1.5730666666666666,0.03382832475242541,0,
faster_rcnn,1.6026666666666667,5,0.667910447761194,0.02254299621939284,1.5730666666666666,0.03382832475242541,0,
faster_rcnn,1.604,5,0.667910447761194,0.02254299621939284,1.5730666666666666,0.03382832475242541,0,
faster_rcnn,1.6053333333333333,5,0.6686567164179105,0.023361904242535116,1.5816,0.035868897080587506,0,
faster_rcnn,1.6066666666666667,5,0.6686567164179105,0.023361904242535116,1.5816,0.035868897080587506,0,
faster_rcnn,1.608,5,0.6686567164179105,0.023361904242535116,1.5816,0.035868897080587506,0,
faster_rcnn,1.6093333333333333,5,0.6686567164179105,0.023361904242535116,1.5816,0.035868897080587506,0,
faster_rcnn,1.6106666666666667,5,0.6686567164179105,0.023361904242535116,1.5816,0.035868897080587506,0,
faster_rcnn,1.612,5,0.6694029850746268,0.024268078420162823,1.5829333333333333,0.03707529875507116,0,
faster_rcnn,1.6133333333333333,5,0.6694029850746268,0.024268078420162823,1.5829333333333333,0.03707529875507116,0,
faster_rcnn,1.6146666666666667,5,0.6694029850746268,0.024268078420162823,1.5829333333333333,0.03707529875507116,0,
faster_rcnn,1.616,5,0.6701492537313433,0.025252125844311364,1.5837333333333332,0.037893417780811414,0,
faster_rcnn,1.6173333333333333,5,0.6701492537313433,0.025252125844311364,1.5837333333333332,0.037893417780811414,0,
faster_rcnn,1.6186666666666667,5,0.6708955223880597,0.02522454295694859,1.5882666666666667,0.04095960069249812,0,
faster_rcnn,1.62,5,0.6716417910447761,0.02530720142957187,1.5885333333333334,0.04121057038080298,0,
faster_rcnn,1.6213333333333333,5,0.6716417910447761,0.02530720142957187,1.5885333333333334,0.04121057038080298,0,
faster_rcnn,1.6226666666666667,5,0.6716417910447761,0.02530720142957187,1.5885333333333334,0.04121057038080298,0,
faster_rcnn,1.624,5,0.6723880597014925,0.0243825511234396,1.6096,0.015417162154199806,0,
faster_rcnn,1.6253333333333333,5,0.6723880597014925,0.0243825511234396,1.6096,0.015417162154199806,0,
faster_rcnn,1.6266666666666667,5,0.6723880597014925,0.0243825511234396,1.6096,0.015417162154199806,0,
faster_rcnn,1.628,5,0.673134328358209,0.02455325951695834,1.6111999999999997,0.01709060820710864,0,
faster_rcnn,1.6293333333333333,5,0.673134328358209,0.02455325951695834,1.6111999999999997,0.01709060820710864,0,
faster_rcnn,1.6306666666666667,5,0.673134328358209,0.02455325951695834,1.6111999999999997,0.01709060820710864,0,
faster_rcnn,1.632,5,0.673134328358209,0.02455325951695834,1.6111999999999997,0.01709060820710864,0,
faster_rcnn,1.6333333333333333,5,0.673134328358209,0.02455325951695834,1.6111999999999997,0.01709060820710864,0,
faster_rcnn,1.6346666666666667,5,0.673134328358209,0.02455325951695834,1.6111999999999997,0.01709060820710864,0,
faster_rcnn,1.636,5,0.673134328358209,0.02455325951695834,1.6111999999999997,0.01709060820710864,0,
faster_rcnn,1.6373333333333333,5,0.673134328358209,0.02455325951695834,1.6111999999999997,0.01709060820710864,0,
faster_rcnn,1.6386666666666667,5,0.673134328358209,0.02455325951695834,1.6111999999999997,0.01709060820710864,0,
faster_rcnn,1.64,5,0.673134328358209,0.02455325951695834,1.6111999999999997,0.01709060820710864,0,
faster_rcnn,1.6413333333333333,5,0.673134328358209,0.02455325951695834,1.6111999999999997,0.01709060820710864,0,
faster_rcnn,1.6426666666666667,5,0.673134328358209,0.02455325951695834,1.6111999999999997,0.01709060820710864,0,
faster_rcnn,1.644,5,0.673134328358209,0.02455325951695834,1.6111999999999997,0.01709060820710864,0,
faster_rcnn,1.6453333333333333,5,0.673134328358209,0.02455325951695834,1.6111999999999997,0.01709060820710864,0,
faster_rcnn,1.6466666666666667,5,0.673134328358209,0.02455325951695834,1.6111999999999997,0.01709060820710864,0,
faster_rcnn,1.648,5,0.673134328358209,0.02455325951695834,1.6111999999999997,0.01709060820710864,0,
faster_rcnn,1.6493333333333333,5,0.673134328358209,0.02455325951695834,1.6111999999999997,0.01709060820710864,0,
faster_rcnn,1.6506666666666667,5,0.673134328358209,0.02455325951695834,1.6111999999999997,0.01709060820710864,0,
faster_rcnn,1.652,5,0.673134328358209,0.02455325951695834,1.6111999999999997,0.01709060820710864,0,
faster_rcnn,1.6533333333333333,5,0.673134328358209,0.02455325951695834,1.6111999999999997,0.01709060820710864,0,
faster_rcnn,1.6546666666666667,5,0.673134328358209,0.02455325951695834,1.6111999999999997,0.01709060820710864,0,
faster_rcnn,1.656,5,0.673134328358209,0.02455325951695834,1.6111999999999997,0.01709060820710864,0,
faster_rcnn,1.6573333333333333,5,0.673134328358209,0.02455325951695834,1.6111999999999997,0.01709060820710864,0,
faster_rcnn,1.6586666666666667,5,0.6738805970149253,0.025526315487294133,1.6197333333333332,0.027542290714059704,0,
faster_rcnn,1.66,5,0.6738805970149253,0.025526315487294133,1.6197333333333332,0.027542290714059704,0,
faster_rcnn,1.6613333333333333,5,0.6738805970149253,0.025526315487294133,1.6197333333333332,0.027542290714059704,0,
faster_rcnn,1.6626666666666667,5,0.6738805970149253,0.025526315487294133,1.6197333333333332,0.027542290714059704,0,
faster_rcnn,1.664,5,0.6738805970149253,0.025526315487294133,1.6197333333333332,0.027542290714059704,0,
faster_rcnn,1.6653333333333333,5,0.6738805970149253,0.025526315487294133,1.6197333333333332,0.027542290714059704,0,
faster_rcnn,1.6666666666666667,5,0.6738805970149253,0.025526315487294133,1.6197333333333332,0.027542290714059704,0,
faster_rcnn,1.668,5,0.6738805970149253,0.025526315487294133,1.6197333333333332,0.027542290714059704,0,
faster_rcnn,1.6693333333333333,5,0.6738805970149253,0.025526315487294133,1.6197333333333332,0.027542290714059704,0,
faster_rcnn,1.6706666666666667,5,0.6738805970149253,0.025526315487294133,1.6197333333333332,0.027542290714059704,0,
faster_rcnn,1.672,5,0.6738805970149253,0.025526315487294133,1.6197333333333332,0.027542290714059704,0,
faster_rcnn,1.6733333333333333,5,0.6746268656716418,0.026305308555245613,1.6341333333333332,0.033659735260066714,0,
faster_rcnn,1.6746666666666667,5,0.6746268656716418,0.026305308555245613,1.6341333333333332,0.033659735260066714,0,
faster_rcnn,1.676,5,0.6746268656716418,0.026305308555245613,1.6341333333333332,0.033659735260066714,0,
faster_rcnn,1.6773333333333333,5,0.6746268656716418,0.026305308555245613,1.6341333333333332,0.033659735260066714,0,
faster_rcnn,1.6786666666666668,5,0.6746268656716418,0.026305308555245613,1.6341333333333332,0.033659735260066714,0,
faster_rcnn,1.68,5,0.6746268656716418,0.026305308555245613,1.6341333333333332,0.033659735260066714,0,
faster_rcnn,1.6813333333333333,5,0.6746268656716418,0.026305308555245613,1.6341333333333332,0.033659735260066714,0,
faster_rcnn,1.6826666666666668,5,0.6746268656716418,0.026305308555245613,1.6341333333333332,0.033659735260066714,0,
faster_rcnn,1.684,5,0.6746268656716418,0.026305308555245613,1.6341333333333332,0.033659735260066714,0,
faster_rcnn,1.6853333333333333,5,0.6746268656716418,0.026305308555245613,1.6341333333333332,0.033659735260066714,0,
faster_rcnn,1.6866666666666668,5,0.6746268656716418,0.026305308555245613,1.6341333333333332,0.033659735260066714,0,
faster_rcnn,1.688,5,0.6746268656716418,0.026305308555245613,1.6341333333333332,0.033659735260066714,0,
faster_rcnn,1.6893333333333334,5,0.6746268656716418,0.026305308555245613,1.6341333333333332,0.033659735260066714,0,
faster_rcnn,1.6906666666666668,5,0.6746268656716418,0.026305308555245613,1.6341333333333332,0.033659735260066714,0,
faster_rcnn,1.692,5,0.6746268656716418,0.026305308555245613,1.6341333333333332,0.033659735260066714,0,
faster_rcnn,1.6933333333333334,5,0.6746268656716418,0.026305308555245613,1.6341333333333332,0.033659735260066714,0,
faster_rcnn,1.6946666666666668,5,0.6746268656716418,0.026305308555245613,1.6341333333333332,0.033659735260066714,0,
faster_rcnn,1.696,5,0.6746268656716418,0.026305308555245613,1.6341333333333332,0.033659735260066714,0,
faster_rcnn,1.6973333333333334,5,0.6746268656716418,0.026305308555245613,1.6341333333333332,0.033659735260066714,0,
faster_rcnn,1.6986666666666668,5,0.6746268656716418,0.026305308555245613,1.6341333333333332,0.033659735260066714,0,
faster_rcnn,1.7,5,0.6746268656716418,0.026305308555245613,1.6341333333333332,0.033659735260066714,0,
faster_rcnn,1.7013333333333334,5,0.6753731343283582,0.027164589139106417,1.6397333333333333,0.042878640111106356,0,
faster_rcnn,1.7026666666666668,5,0.6753731343283582,0.027164589139106417,1.6397333333333333,0.042878640111106356,0,
faster_rcnn,1.704,5,0.6753731343283582,0.027164589139106417,1.6397333333333333,0.042878640111106356,0,
faster_rcnn,1.7053333333333334,5,0.6753731343283582,0.027164589139106417,1.6397333333333333,0.042878640111106356,0,
faster_rcnn,1.7066666666666668,5,0.6753731343283582,0.027164589139106417,1.6397333333333333,0.042878640111106356,0,
faster_rcnn,1.708,5,0.6753731343283582,0.027164589139106417,1.6397333333333333,0.042878640111106356,0,
faster_rcnn,1.7093333333333334,5,0.6753731343283582,0.027164589139106417,1.6397333333333333,0.042878640111106356,0,
faster_rcnn,1.7106666666666666,5,0.6753731343283582,0.027164589139106417,1.6397333333333333,0.042878640111106356,0,
faster_rcnn,1.712,5,0.6753731343283582,0.027164589139106417,1.6397333333333333,0.042878640111106356,0,
faster_rcnn,1.7133333333333334,5,0.6753731343283582,0.027164589139106417,1.6397333333333333,0.042878640111106356,0,
faster_rcnn,1.7146666666666666,5,0.6753731343283582,0.027164589139106417,1.6397333333333333,0.042878640111106356,0,
faster_rcnn,1.716,5,0.6753731343283582,0.027164589139106417,1.6397333333333333,0.042878640111106356,0,
faster_rcnn,1.7173333333333334,5,0.6753731343283582,0.027164589139106417,1.6397333333333333,0.042878640111106356,0,
faster_rcnn,1.7186666666666666,5,0.6753731343283582,0.027164589139106417,1.6397333333333333,0.042878640111106356,0,
faster_rcnn,1.72,5,0.6753731343283582,0.027164589139106417,1.6397333333333333,0.042878640111106356,0,
faster_rcnn,1.7213333333333334,5,0.6753731343283582,0.027164589139106417,1.6397333333333333,0.042878640111106356,0,
faster_rcnn,1.7226666666666666,5,0.6753731343283582,0.027164589139106417,1.6397333333333333,0.042878640111106356,0,
faster_rcnn,1.724,5,0.6753731343283582,0.027164589139106417,1.6397333333333333,0.042878640111106356,0,
faster_rcnn,1.7253333333333334,5,0.6753731343283582,0.027164589139106417,1.6397333333333333,0.042878640111106356,0,
faster_rcnn,1.7266666666666666,5,0.6753731343283582,0.027164589139106417,1.6397333333333333,0.042878640111106356,0,
faster_rcnn,1.728,5,0.6753731343283582,0.027164589139106417,1.6397333333333333,0.042878640111106356,0,
faster_rcnn,1.7293333333333334,5,0.6753731343283582,0.027164589139106417,1.6397333333333333,0.042878640111106356,0,
faster_rcnn,1.7306666666666666,5,0.6753731343283582,0.027164589139106417,1.6397333333333333,0.042878640111106356,0,
faster_rcnn,1.732,5,0.6753731343283582,0.027164589139106417,1.6397333333333333,0.042878640111106356,0,
faster_rcnn,1.7333333333333334,5,0.6761194029850747,0.02617265360708984,1.6690666666666665,0.047426199978961484,0,
faster_rcnn,1.7346666666666666,5,0.6761194029850747,0.02617265360708984,1.6690666666666665,0.047426199978961484,0,
faster_rcnn,1.736,5,0.6761194029850747,0.02617265360708984,1.6690666666666665,0.047426199978961484,0,
faster_rcnn,1.7373333333333334,5,0.6761194029850747,0.02617265360708984,1.6690666666666665,0.047426199978961484,0,
faster_rcnn,1.7386666666666666,5,0.6761194029850747,0.02617265360708984,1.6690666666666665,0.047426199978961484,0,
faster_rcnn,1.74,5,0.6761194029850747,0.02617265360708984,1.6690666666666665,0.047426199978961484,0,
faster_rcnn,1.7413333333333334,5,0.6761194029850747,0.02617265360708984,1.6690666666666665,0.047426199978961484,0,
faster_rcnn,1.7426666666666666,5,0.6768656716417911,0.027113286753111875,1.6773333333333333,0.0570769461146773,0,
faster_rcnn,1.744,5,0.6768656716417911,0.027113286753111875,1.6773333333333333,0.0570769461146773,0,
faster_rcnn,1.7453333333333334,5,0.6776119402985075,0.027241361564841773,1.7008000000000003,0.05582990039197431,0,
faster_rcnn,1.7466666666666666,5,0.6776119402985075,0.027241361564841773,1.7008000000000003,0.05582990039197431,0,
faster_rcnn,1.748,5,0.6776119402985075,0.027241361564841773,1.7008000000000003,0.05582990039197431,0,
faster_rcnn,1.7493333333333334,5,0.6776119402985075,0.027241361564841773,1.7008000000000003,0.05582990039197431,0,
faster_rcnn,1.7506666666666666,5,0.6776119402985075,0.027241361564841773,1.7008000000000003,0.05582990039197431,0,
faster_rcnn,1.752,5,0.6776119402985075,0.027241361564841773,1.7008000000000003,0.05582990039197431,0,
faster_rcnn,1.7533333333333334,5,0.6776119402985075,0.027241361564841773,1.7008000000000003,0.05582990039197431,0,
faster_rcnn,1.7546666666666666,5,0.6776119402985075,0.027241361564841773,1.7008000000000003,0.05582990039197431,0,
faster_rcnn,1.756,5,0.6776119402985075,0.027241361564841773,1.7008000000000003,0.05582990039197431,0,
faster_rcnn,1.7573333333333334,5,0.6776119402985075,0.027241361564841773,1.7008000000000003,0.05582990039197431,0,
faster_rcnn,1.7586666666666666,5,0.6776119402985075,0.027241361564841773,1.7008000000000003,0.05582990039197431,0,
faster_rcnn,1.76,5,0.6776119402985075,0.027241361564841773,1.7008000000000003,0.05582990039197431,0,
faster_rcnn,1.7613333333333334,5,0.6776119402985075,0.027241361564841773,1.7008000000000003,0.05582990039197431,0,
faster_rcnn,1.7626666666666666,5,0.6776119402985075,0.027241361564841773,1.7008000000000003,0.05582990039197431,0,
faster_rcnn,1.764,5,0.6776119402985075,0.027241361564841773,1.7008000000000003,0.05582990039197431,0,
faster_rcnn,1.7653333333333334,5,0.6776119402985075,0.027241361564841773,1.7008000000000003,0.05582990039197431,0,
faster_rcnn,1.7666666666666666,5,0.6776119402985075,0.027241361564841773,1.7008000000000003,0.05582990039197431,0,
faster_rcnn,1.768,5,0.6776119402985075,0.027241361564841773,1.7008000000000003,0.05582990039197431,0,
faster_rcnn,1.7693333333333334,5,0.6776119402985075,0.027241361564841773,1.7008000000000003,0.05582990039197431,0,
faster_rcnn,1.7706666666666666,5,0.6776119402985075,0.027241361564841773,1.7008000000000003,0.05582990039197431,0,
faster_rcnn,1.772,5,0.6776119402985075,0.027241361564841773,1.7008000000000003,0.05582990039197431,0,
faster_rcnn,1.7733333333333334,5,0.6776119402985075,0.027241361564841773,1.7008000000000003,0.05582990039197431,0,
faster_rcnn,1.7746666666666666,5,0.6776119402985075,0.027241361564841773,1.7008000000000003,0.05582990039197431,0,
faster_rcnn,1.776,5,0.6776119402985075,0.027241361564841773,1.7008000000000003,0.05582990039197431,0,
faster_rcnn,1.7773333333333334,5,0.6776119402985075,0.027241361564841773,1.7008000000000003,0.05582990039197431,0,
faster_rcnn,1.7786666666666666,5,0.6776119402985075,0.027241361564841773,1.7008000000000003,0.05582990039197431,0,
faster_rcnn,1.78,5,0.6776119402985075,0.027241361564841773,1.7008000000000003,0.05582990039197431,0,
faster_rcnn,1.7813333333333334,5,0.6783582089552239,0.02809679193584582,1.7253333333333334,0.059516570988441694,0,
faster_rcnn,1.7826666666666666,5,0.6791044776119404,0.02902303952631353,1.7333333333333336,0.06487595000374857,0,
faster_rcnn,1.784,5,0.6791044776119404,0.02902303952631353,1.7333333333333336,0.06487595000374857,0,
faster_rcnn,1.7853333333333334,5,0.6791044776119404,0.02902303952631353,1.7333333333333336,0.06487595000374857,0,
faster_rcnn,1.7866666666666666,5,0.6791044776119404,0.02902303952631353,1.7333333333333336,0.06487595000374857,0,
faster_rcnn,1.788,5,0.6791044776119404,0.02902303952631353,1.7333333333333336,0.06487595000374857,0,
faster_rcnn,1.7893333333333334,5,0.6791044776119404,0.02902303952631353,1.7333333333333336,0.06487595000374857,0,
faster_rcnn,1.7906666666666666,5,0.6791044776119404,0.02902303952631353,1.7333333333333336,0.06487595000374857,0,
faster_rcnn,1.792,5,0.6791044776119404,0.02902303952631353,1.7333333333333336,0.06487595000374857,0,
faster_rcnn,1.7933333333333332,5,0.6791044776119404,0.02902303952631353,1.7333333333333336,0.06487595000374857,0,
faster_rcnn,1.7946666666666666,5,0.6798507462686568,0.02809679193584582,1.7674666666666667,0.026543046798235718,0,
faster_rcnn,1.796,5,0.6798507462686568,0.02809679193584582,1.7674666666666667,0.026543046798235718,0,
faster_rcnn,1.7973333333333332,5,0.6798507462686568,0.02809679193584582,1.7674666666666667,0.026543046798235718,0,
faster_rcnn,1.7986666666666666,5,0.6805970149253732,0.027241361564841773,1.7682666666666667,0.027606762456567256,0,
faster_rcnn,1.8,5,0.6805970149253732,0.027241361564841773,1.7682666666666667,0.027606762456567256,0,
faster_rcnn,1.8013333333333332,5,0.6813432835820896,0.02619923833065963,1.7818666666666665,0.022342784070030246,0,
faster_rcnn,1.8026666666666666,5,0.6813432835820896,0.02619923833065963,1.7818666666666665,0.022342784070030246,0,
faster_rcnn,1.804,5,0.6813432835820896,0.02619923833065963,1.7818666666666665,0.022342784070030246,0,
faster_rcnn,1.8053333333333332,5,0.6813432835820896,0.02619923833065963,1.7818666666666665,0.022342784070030246,0,
faster_rcnn,1.8066666666666666,5,0.6813432835820896,0.02619923833065963,1.7818666666666665,0.022342784070030246,0,
faster_rcnn,1.808,5,0.6813432835820896,0.02619923833065963,1.7818666666666665,0.022342784070030246,0,
faster_rcnn,1.8093333333333332,5,0.6813432835820896,0.02619923833065963,1.7818666666666665,0.022342784070030246,0,
faster_rcnn,1.8106666666666666,5,0.6828358208955224,0.02625232701393712,1.7901333333333334,0.027529378247004858,0,
faster_rcnn,1.812,5,0.6828358208955224,0.02625232701393712,1.7901333333333334,0.027529378247004858,0,
faster_rcnn,1.8133333333333332,5,0.6828358208955224,0.02625232701393712,1.7901333333333334,0.027529378247004858,0,
faster_rcnn,1.8146666666666667,5,0.6828358208955224,0.02625232701393712,1.7901333333333334,0.027529378247004858,0,
faster_rcnn,1.816,5,0.6828358208955224,0.02625232701393712,1.7901333333333334,0.027529378247004858,0,
faster_rcnn,1.8173333333333332,5,0.6835820895522389,0.025224542956948644,1.7933333333333334,0.029977769541222776,0,
faster_rcnn,1.8186666666666667,5,0.6835820895522389,0.025224542956948644,1.7933333333333334,0.029977769541222776,0,
faster_rcnn,1.82,5,0.6835820895522389,0.025224542956948644,1.7933333333333334,0.029977769541222776,0,
faster_rcnn,1.8213333333333332,5,0.6843283582089553,0.02525212584431142,1.8085333333333335,0.01516135438101314,0,
faster_rcnn,1.8226666666666667,5,0.6843283582089553,0.02525212584431142,1.8085333333333335,0.01516135438101314,0,
faster_rcnn,1.824,5,0.6850746268656718,0.024411085423576322,1.8112000000000001,0.016722572901454034,0,
faster_rcnn,1.8253333333333333,5,0.6858208955223881,0.024524890634559694,1.812,0.017410086476267468,0,
faster_rcnn,1.8266666666666667,5,0.6858208955223881,0.024524890634559694,1.812,0.017410086476267468,0,
faster_rcnn,1.828,5,0.6858208955223881,0.024524890634559694,1.812,0.017410086476267468,0,
faster_rcnn,1.8293333333333333,5,0.6858208955223881,0.024524890634559694,1.812,0.017410086476267468,0,
faster_rcnn,1.8306666666666667,5,0.6858208955223881,0.024524890634559694,1.812,0.017410086476267468,0,
faster_rcnn,1.832,5,0.6865671641791046,0.023746123248801994,1.8135999999999999,0.01907645436424473,0,
faster_rcnn,1.8333333333333333,5,0.687313432835821,0.024666408777669284,1.8237333333333337,0.009679302086870168,0,
faster_rcnn,1.8346666666666667,5,0.687313432835821,0.024666408777669284,1.8237333333333337,0.009679302086870168,0,
faster_rcnn,1.836,5,0.687313432835821,0.024666408777669284,1.8237333333333337,0.009679302086870168,0,
faster_rcnn,1.8373333333333333,5,0.687313432835821,0.024666408777669284,1.8237333333333337,0.009679302086870168,0,
faster_rcnn,1.8386666666666667,5,0.687313432835821,0.024666408777669284,1.8237333333333337,0.009679302086870168,0,
faster_rcnn,1.84,5,0.687313432835821,0.024666408777669284,1.8237333333333337,0.009679302086870168,0,
faster_rcnn,1.8413333333333333,5,0.687313432835821,0.024666408777669284,1.8237333333333337,0.009679302086870168,0,
faster_rcnn,1.8426666666666667,5,0.687313432835821,0.024666408777669284,1.8237333333333337,0.009679302086870168,0,
faster_rcnn,1.844,5,0.687313432835821,0.024666408777669284,1.8237333333333337,0.009679302086870168,0,
faster_rcnn,1.8453333333333333,5,0.687313432835821,0.024666408777669284,1.8237333333333337,0.009679302086870168,0,
faster_rcnn,1.8466666666666667,5,0.687313432835821,0.024666408777669284,1.8237333333333337,0.009679302086870168,0,
faster_rcnn,1.848,5,0.687313432835821,0.024666408777669284,1.8237333333333337,0.009679302086870168,0,
faster_rcnn,1.8493333333333333,5,0.687313432835821,0.024666408777669284,1.8237333333333337,0.009679302086870168,0,
faster_rcnn,1.8506666666666667,5,0.687313432835821,0.024666408777669284,1.8237333333333337,0.009679302086870168,0,
faster_rcnn,1.852,5,0.6880597014925374,0.02483516610790111,1.8290666666666666,0.016038841742608664,0,
faster_rcnn,1.8533333333333333,5,0.6880597014925374,0.02483516610790111,1.8290666666666666,0.016038841742608664,0,
faster_rcnn,1.8546666666666667,5,0.6880597014925374,0.02483516610790111,1.8290666666666666,0.016038841742608664,0,
faster_rcnn,1.856,5,0.6880597014925374,0.02483516610790111,1.8290666666666666,0.016038841742608664,0,
faster_rcnn,1.8573333333333333,5,0.6880597014925374,0.02483516610790111,1.8290666666666666,0.016038841742608664,0,
faster_rcnn,1.8586666666666667,5,0.6895522388059702,0.023510423883616967,1.8344,0.02094224863231692,0,
faster_rcnn,1.86,5,0.6895522388059702,0.023510423883616967,1.8344,0.02094224863231692,0,
faster_rcnn,1.8613333333333333,5,0.6895522388059702,0.023510423883616967,1.8344,0.02094224863231692,0,
faster_rcnn,1.8626666666666667,5,0.6895522388059702,0.023510423883616967,1.8344,0.02094224863231692,0,
faster_rcnn,1.864,5,0.6895522388059702,0.023510423883616967,1.8344,0.02094224863231692,0,
faster_rcnn,1.8653333333333333,5,0.6895522388059702,0.023510423883616967,1.8344,0.02094224863231692,0,
faster_rcnn,1.8666666666666667,5,0.6895522388059702,0.023510423883616967,1.8344,0.02094224863231692,0,
faster_rcnn,1.868,5,0.6895522388059702,0.023510423883616967,1.8344,0.02094224863231692,0,
faster_rcnn,1.8693333333333333,5,0.6895522388059702,0.023510423883616967,1.8344,0.02094224863231692,0,
faster_rcnn,1.8706666666666667,5,0.6895522388059702,0.023510423883616967,1.8344,0.02094224863231692,0,
faster_rcnn,1.872,5,0.6895522388059702,0.023510423883616967,1.8344,0.02094224863231692,0,
faster_rcnn,1.8733333333333333,5,0.6895522388059702,0.023510423883616967,1.8344,0.02094224863231692,0,
faster_rcnn,1.8746666666666667,5,0.6895522388059702,0.023510423883616967,1.8344,0.02094224863231692,0,
faster_rcnn,1.876,5,0.6895522388059702,0.023510423883616967,1.8344,0.02094224863231692,0,
faster_rcnn,1.8773333333333333,5,0.6895522388059702,0.023510423883616967,1.8344,0.02094224863231692,0,
faster_rcnn,1.8786666666666667,5,0.6895522388059702,0.023510423883616967,1.8344,0.02094224863231692,0,
faster_rcnn,1.88,5,0.6895522388059702,0.023510423883616967,1.8344,0.02094224863231692,0,
faster_rcnn,1.8813333333333333,5,0.6895522388059702,0.023510423883616967,1.8344,0.02094224863231692,0,
faster_rcnn,1.8826666666666667,5,0.6895522388059702,0.023510423883616967,1.8344,0.02094224863231692,0,
faster_rcnn,1.884,5,0.6895522388059702,0.023510423883616967,1.8344,0.02094224863231692,0,
faster_rcnn,1.8853333333333333,5,0.6895522388059702,0.023510423883616967,1.8344,0.02094224863231692,0,
faster_rcnn,1.8866666666666667,5,0.6895522388059702,0.023510423883616967,1.8344,0.02094224863231692,0,
faster_rcnn,1.888,5,0.6895522388059702,0.023510423883616967,1.8344,0.02094224863231692,0,
faster_rcnn,1.8893333333333333,5,0.6902985074626866,0.023001544787197688,1.8405333333333336,0.03160309408199705,0,
faster_rcnn,1.8906666666666667,5,0.6902985074626866,0.023001544787197688,1.8405333333333336,0.03160309408199705,0,
faster_rcnn,1.892,5,0.691044776119403,0.02166108249805972,1.8554666666666666,0.03532201076445738,0,
faster_rcnn,1.8933333333333333,5,0.691044776119403,0.02166108249805972,1.8554666666666666,0.03532201076445738,0,
faster_rcnn,1.8946666666666667,5,0.6917910447761194,0.020369170244710726,1.8560000000000003,0.03602468289628348,0,
faster_rcnn,1.896,5,0.6925373134328359,0.02136988218399455,1.8685333333333332,0.03705371476353993,0,
faster_rcnn,1.8973333333333333,5,0.6925373134328359,0.02136988218399455,1.8685333333333332,0.03705371476353993,0,
faster_rcnn,1.8986666666666667,5,0.6925373134328359,0.02136988218399455,1.8685333333333332,0.03705371476353993,0,
faster_rcnn,1.9,5,0.6925373134328359,0.02136988218399455,1.8685333333333332,0.03705371476353993,0,
faster_rcnn,1.9013333333333333,5,0.6925373134328359,0.02136988218399455,1.8685333333333332,0.03705371476353993,0,
faster_rcnn,1.9026666666666667,5,0.6925373134328359,0.02136988218399455,1.8685333333333332,0.03705371476353993,0,
faster_rcnn,1.904,5,0.6932835820895522,0.020163068785233287,1.8704,0.03888901587280851,0,
faster_rcnn,1.9053333333333333,5,0.6932835820895522,0.020163068785233287,1.8704,0.03888901587280851,0,
faster_rcnn,1.9066666666666667,5,0.6932835820895522,0.020163068785233287,1.8704,0.03888901587280851,0,
faster_rcnn,1.908,5,0.6932835820895522,0.020163068785233287,1.8704,0.03888901587280851,0,
faster_rcnn,1.9093333333333333,5,0.6932835820895522,0.020163068785233287,1.8704,0.03888901587280851,0,
faster_rcnn,1.9106666666666667,5,0.6932835820895522,0.020163068785233287,1.8704,0.03888901587280851,0,
faster_rcnn,1.912,5,0.6932835820895522,0.020163068785233287,1.8704,0.03888901587280851,0,
faster_rcnn,1.9133333333333333,5,0.6932835820895522,0.020163068785233287,1.8704,0.03888901587280851,0,
faster_rcnn,1.9146666666666667,5,0.6932835820895522,0.020163068785233287,1.8704,0.03888901587280851,0,
faster_rcnn,1.916,5,0.6932835820895522,0.020163068785233287,1.8704,0.03888901587280851,0,
faster_rcnn,1.9173333333333333,5,0.6932835820895522,0.020163068785233287,1.8704,0.03888901587280851,0,
faster_rcnn,1.9186666666666667,5,0.6932835820895522,0.020163068785233287,1.8704,0.03888901587280851,0,
faster_rcnn,1.92,5,0.6932835820895522,0.020163068785233287,1.8704,0.03888901587280851,0,
faster_rcnn,1.9213333333333333,5,0.6932835820895522,0.020163068785233287,1.8704,0.03888901587280851,0,
faster_rcnn,1.9226666666666667,5,0.6932835820895522,0.020163068785233287,1.8704,0.03888901587280851,0,
faster_rcnn,1.924,5,0.6932835820895522,0.020163068785233287,1.8704,0.03888901587280851,0,
faster_rcnn,1.9253333333333333,5,0.6932835820895522,0.020163068785233287,1.8704,0.03888901587280851,0,
faster_rcnn,1.9266666666666667,5,0.6932835820895522,0.020163068785233287,1.8704,0.03888901587280851,0,
faster_rcnn,1.928,5,0.6932835820895522,0.020163068785233287,1.8704,0.03888901587280851,0,
faster_rcnn,1.9293333333333333,5,0.6932835820895522,0.020163068785233287,1.8704,0.03888901587280851,0,
faster_rcnn,1.9306666666666668,5,0.6940298507462687,0.020266381513433244,1.8861333333333334,0.04501456554395602,0,
faster_rcnn,1.932,5,0.6940298507462687,0.020266381513433244,1.8861333333333334,0.04501456554395602,0,
faster_rcnn,1.9333333333333333,5,0.6940298507462687,0.020266381513433244,1.8861333333333334,0.04501456554395602,0,
faster_rcnn,1.9346666666666668,5,0.6940298507462687,0.020266381513433244,1.8861333333333334,0.04501456554395602,0,
faster_rcnn,1.936,5,0.6940298507462687,0.020266381513433244,1.8861333333333334,0.04501456554395602,0,
faster_rcnn,1.9373333333333334,5,0.6940298507462687,0.020266381513433244,1.8861333333333334,0.04501456554395602,0,
faster_rcnn,1.9386666666666668,5,0.6940298507462687,0.020266381513433244,1.8861333333333334,0.04501456554395602,0,
faster_rcnn,1.94,5,0.6940298507462687,0.020266381513433244,1.8861333333333334,0.04501456554395602,0,
faster_rcnn,1.9413333333333334,5,0.6940298507462687,0.020266381513433244,1.8861333333333334,0.04501456554395602,0,
faster_rcnn,1.9426666666666668,5,0.6940298507462687,0.020266381513433244,1.8861333333333334,0.04501456554395602,0,
faster_rcnn,1.944,5,0.6940298507462687,0.020266381513433244,1.8861333333333334,0.04501456554395602,0,
faster_rcnn,1.9453333333333334,5,0.6940298507462687,0.020266381513433244,1.8861333333333334,0.04501456554395602,0,
faster_rcnn,1.9466666666666668,5,0.6940298507462687,0.020266381513433244,1.8861333333333334,0.04501456554395602,0,
faster_rcnn,1.948,5,0.6940298507462687,0.020266381513433244,1.8861333333333334,0.04501456554395602,0,
faster_rcnn,1.9493333333333334,5,0.6947761194029851,0.0190992296896563,1.8952000000000002,0.05331332958192645,0,
faster_rcnn,1.9506666666666668,5,0.6947761194029851,0.0190992296896563,1.8952000000000002,0.05331332958192645,0,
faster_rcnn,1.952,5,0.6947761194029851,0.0190992296896563,1.8952000000000002,0.05331332958192645,0,
faster_rcnn,1.9533333333333334,5,0.6955223880597015,0.019316685232156384,1.8997333333333333,0.05785345471294022,0,
faster_rcnn,1.9546666666666668,5,0.6955223880597015,0.019316685232156384,1.8997333333333333,0.05785345471294022,0,
faster_rcnn,1.956,5,0.6962686567164179,0.01967377063651352,1.9002666666666665,0.058480006079951054,0,
faster_rcnn,1.9573333333333334,5,0.6962686567164179,0.01967377063651352,1.9002666666666665,0.058480006079951054,0,
faster_rcnn,1.9586666666666666,5,0.6962686567164179,0.01967377063651352,1.9002666666666665,0.058480006079951054,0,
faster_rcnn,1.96,5,0.6962686567164179,0.01967377063651352,1.9002666666666665,0.058480006079951054,0,
faster_rcnn,1.9613333333333334,5,0.6962686567164179,0.01967377063651352,1.9002666666666665,0.058480006079951054,0,
faster_rcnn,1.9626666666666666,5,0.6962686567164179,0.01967377063651352,1.9002666666666665,0.058480006079951054,0,
faster_rcnn,1.964,5,0.6962686567164179,0.01967377063651352,1.9002666666666665,0.058480006079951054,0,
faster_rcnn,1.9653333333333334,5,0.6962686567164179,0.01967377063651352,1.9002666666666665,0.058480006079951054,0,
faster_rcnn,1.9666666666666666,5,0.6962686567164179,0.01967377063651352,1.9002666666666665,0.058480006079951054,0,
faster_rcnn,1.968,5,0.6962686567164179,0.01967377063651352,1.9002666666666665,0.058480006079951054,0,
faster_rcnn,1.9693333333333334,5,0.6962686567164179,0.01967377063651352,1.9002666666666665,0.058480006079951054,0,
faster_rcnn,1.9706666666666666,5,0.6962686567164179,0.01967377063651352,1.9002666666666665,0.058480006079951054,0,
faster_rcnn,1.972,5,0.6962686567164179,0.01967377063651352,1.9002666666666665,0.058480006079951054,0,
faster_rcnn,1.9733333333333334,5,0.6962686567164179,0.01967377063651352,1.9002666666666665,0.058480006079951054,0,
faster_rcnn,1.9746666666666666,5,0.6962686567164179,0.01967377063651352,1.9002666666666665,0.058480006079951054,0,
faster_rcnn,1.976,5,0.6962686567164179,0.01967377063651352,1.9002666666666665,0.058480006079951054,0,
faster_rcnn,1.9773333333333334,5,0.6962686567164179,0.01967377063651352,1.9002666666666665,0.058480006079951054,0,
faster_rcnn,1.9786666666666666,5,0.6970149253731344,0.01891610724721874,1.9181333333333335,0.06728777336518457,0,
faster_rcnn,1.98,5,0.6970149253731344,0.01891610724721874,1.9181333333333335,0.06728777336518457,0,
faster_rcnn,1.9813333333333334,5,0.6970149253731344,0.01891610724721874,1.9181333333333335,0.06728777336518457,0,
faster_rcnn,1.9826666666666666,5,0.6970149253731344,0.01891610724721874,1.9181333333333335,0.06728777336518457,0,
faster_rcnn,1.984,5,0.6970149253731344,0.01891610724721874,1.9181333333333335,0.06728777336518457,0,
faster_rcnn,1.9853333333333334,5,0.6977611940298508,0.019388628442935176,1.924,0.07249214516836368,0,
faster_rcnn,1.9866666666666666,5,0.6977611940298508,0.019388628442935176,1.924,0.07249214516836368,0,
faster_rcnn,1.988,5,0.6977611940298508,0.019388628442935176,1.924,0.07249214516836368,0,
faster_rcnn,1.9893333333333334,5,0.6977611940298508,0.019388628442935176,1.924,0.07249214516836368,0,
faster_rcnn,1.9906666666666666,5,0.6977611940298508,0.019388628442935176,1.924,0.07249214516836368,0,
faster_rcnn,1.992,5,0.6977611940298508,0.019388628442935176,1.924,0.07249214516836368,0,
faster_rcnn,1.9933333333333334,5,0.6977611940298508,0.019388628442935176,1.924,0.07249214516836368,0,
faster_rcnn,1.9946666666666666,5,0.6977611940298508,0.019388628442935176,1.924,0.07249214516836368,0,
faster_rcnn,1.996,5,0.6977611940298508,0.019388628442935176,1.924,0.07249214516836368,0,
faster_rcnn,1.9973333333333334,5,0.6977611940298508,0.019388628442935176,1.924,0.07249214516836368,0,
faster_rcnn,1.9986666666666666,5,0.6977611940298508,0.019388628442935176,1.924,0.07249214516836368,0,
faster_rcnn,2.0,5,0.6977611940298508,0.019388628442935176,1.924,0.07249214516836368,0,
faster_rcnn,2.001333333333333,5,0.6977611940298508,0.019388628442935176,1.924,0.07249214516836368,0,
faster_rcnn,2.002666666666667,5,0.6977611940298508,0.019388628442935176,1.924,0.07249214516836368,0,
faster_rcnn,2.004,5,0.6977611940298508,0.019388628442935176,1.924,0.07249214516836368,0,
faster_rcnn,2.005333333333333,5,0.6977611940298508,0.019388628442935176,1.924,0.07249214516836368,0,
faster_rcnn,2.006666666666667,5,0.6977611940298508,0.019388628442935176,1.924,0.07249214516836368,0,
faster_rcnn,2.008,5,0.6977611940298508,0.019388628442935176,1.924,0.07249214516836368,0,
faster_rcnn,2.009333333333333,5,0.6977611940298508,0.019388628442935176,1.924,0.07249214516836368,0,
faster_rcnn,2.010666666666667,5,0.6977611940298508,0.019388628442935176,1.924,0.07249214516836368,0,
faster_rcnn,2.012,5,0.6985074626865672,0.018731194623897204,1.9306666666666668,0.07992774514800509,0,
faster_rcnn,2.013333333333333,5,0.6985074626865672,0.018731194623897204,1.9306666666666668,0.07992774514800509,0,
faster_rcnn,2.014666666666667,5,0.6985074626865672,0.018731194623897204,1.9306666666666668,0.07992774514800509,0,
faster_rcnn,2.016,5,0.6985074626865672,0.018731194623897204,1.9306666666666668,0.07992774514800509,0,
faster_rcnn,2.017333333333333,5,0.6985074626865672,0.018731194623897204,1.9306666666666668,0.07992774514800509,0,
faster_rcnn,2.018666666666667,5,0.6985074626865672,0.018731194623897204,1.9306666666666668,0.07992774514800509,0,
faster_rcnn,2.02,5,0.6985074626865672,0.018731194623897204,1.9306666666666668,0.07992774514800509,0,
faster_rcnn,2.021333333333333,5,0.6985074626865672,0.018731194623897204,1.9306666666666668,0.07992774514800509,0,
faster_rcnn,2.022666666666667,5,0.6985074626865672,0.018731194623897204,1.9306666666666668,0.07992774514800509,0,
faster_rcnn,2.024,5,0.6992537313432836,0.01742181720884889,1.9456000000000002,0.09055581458722328,0,
faster_rcnn,2.025333333333333,5,0.6992537313432836,0.01742181720884889,1.9456000000000002,0.09055581458722328,0,
faster_rcnn,2.026666666666667,5,0.6992537313432836,0.01742181720884889,1.9456000000000002,0.09055581458722328,0,
faster_rcnn,2.028,5,0.6992537313432836,0.01742181720884889,1.9456000000000002,0.09055581458722328,0,
faster_rcnn,2.029333333333333,5,0.7,0.01617871894677524,1.9466666666666668,0.09173391472683978,0,
faster_rcnn,2.030666666666667,5,0.7,0.01617871894677524,1.9466666666666668,0.09173391472683978,0,
faster_rcnn,2.032,5,0.7,0.01617871894677524,1.9466666666666668,0.09173391472683978,0,
faster_rcnn,2.033333333333333,5,0.7,0.01617871894677524,1.9466666666666668,0.09173391472683978,0,
faster_rcnn,2.034666666666667,5,0.7,0.01617871894677524,1.9466666666666668,0.09173391472683978,0,
faster_rcnn,2.036,5,0.7,0.01617871894677524,1.9466666666666668,0.09173391472683978,0,
faster_rcnn,2.037333333333333,5,0.7,0.01617871894677524,1.9466666666666668,0.09173391472683978,0,
faster_rcnn,2.038666666666667,5,0.7,0.01617871894677524,1.9466666666666668,0.09173391472683978,0,
faster_rcnn,2.04,5,0.7,0.01617871894677524,1.9466666666666668,0.09173391472683978,0,
faster_rcnn,2.041333333333333,5,0.7007462686567163,0.01677030227928675,1.9928000000000001,0.058062035789317616,0,
faster_rcnn,2.042666666666667,5,0.7014925373134328,0.01560932885324767,1.9954666666666667,0.06041780458698509,0,
faster_rcnn,2.044,5,0.7022388059701492,0.014784785638924566,2.001866666666667,0.06418445640842066,0,
faster_rcnn,2.0453333333333332,5,0.7022388059701492,0.014784785638924566,2.001866666666667,0.06418445640842066,0,
faster_rcnn,2.046666666666667,5,0.7022388059701492,0.014784785638924566,2.001866666666667,0.06418445640842066,0,
faster_rcnn,2.048,5,0.7022388059701492,0.014784785638924566,2.001866666666667,0.06418445640842066,0,
faster_rcnn,2.0493333333333332,5,0.7022388059701492,0.014784785638924566,2.001866666666667,0.06418445640842066,0,
faster_rcnn,2.050666666666667,5,0.7022388059701492,0.014784785638924566,2.001866666666667,0.06418445640842066,0,
faster_rcnn,2.052,5,0.7022388059701492,0.014784785638924566,2.001866666666667,0.06418445640842066,0,
faster_rcnn,2.0533333333333332,5,0.7022388059701492,0.014784785638924566,2.001866666666667,0.06418445640842066,0,
faster_rcnn,2.054666666666667,5,0.7022388059701492,0.014784785638924566,2.001866666666667,0.06418445640842066,0,
faster_rcnn,2.056,5,0.7022388059701492,0.014784785638924566,2.001866666666667,0.06418445640842066,0,
faster_rcnn,2.0573333333333332,5,0.7022388059701492,0.014784785638924566,2.001866666666667,0.06418445640842066,0,
faster_rcnn,2.058666666666667,5,0.7022388059701492,0.014784785638924566,2.001866666666667,0.06418445640842066,0,
faster_rcnn,2.06,5,0.7022388059701492,0.014784785638924566,2.001866666666667,0.06418445640842066,0,
faster_rcnn,2.0613333333333332,5,0.7022388059701492,0.014784785638924566,2.001866666666667,0.06418445640842066,0,
faster_rcnn,2.062666666666667,5,0.7022388059701492,0.014784785638924566,2.001866666666667,0.06418445640842066,0,
faster_rcnn,2.064,5,0.7022388059701492,0.014784785638924566,2.001866666666667,0.06418445640842066,0,
faster_rcnn,2.0653333333333332,5,0.7022388059701492,0.014784785638924566,2.001866666666667,0.06418445640842066,0,
faster_rcnn,2.066666666666667,5,0.7022388059701492,0.014784785638924566,2.001866666666667,0.06418445640842066,0,
faster_rcnn,2.068,5,0.7029850746268657,0.01529395636710385,2.0184,0.06930383988079038,0,
faster_rcnn,2.0693333333333332,5,0.7029850746268657,0.01529395636710385,2.0184,0.06930383988079038,0,
faster_rcnn,2.070666666666667,5,0.7029850746268657,0.01529395636710385,2.0184,0.06930383988079038,0,
faster_rcnn,2.072,5,0.7029850746268657,0.01529395636710385,2.0184,0.06930383988079038,0,
faster_rcnn,2.0733333333333333,5,0.703731343283582,0.014110201791932103,2.0245333333333333,0.0732338719446132,0,
faster_rcnn,2.074666666666667,5,0.703731343283582,0.014110201791932103,2.0245333333333333,0.0732338719446132,0,
faster_rcnn,2.076,5,0.703731343283582,0.014110201791932103,2.0245333333333333,0.0732338719446132,0,
faster_rcnn,2.0773333333333333,5,0.703731343283582,0.014110201791932103,2.0245333333333333,0.0732338719446132,0,
faster_rcnn,2.078666666666667,5,0.703731343283582,0.014110201791932103,2.0245333333333333,0.0732338719446132,0,
faster_rcnn,2.08,5,0.703731343283582,0.014110201791932103,2.0245333333333333,0.0732338719446132,0,
faster_rcnn,2.0813333333333333,5,0.703731343283582,0.014110201791932103,2.0245333333333333,0.0732338719446132,0,
faster_rcnn,2.082666666666667,5,0.703731343283582,0.014110201791932103,2.0245333333333333,0.0732338719446132,0,
faster_rcnn,2.084,5,0.703731343283582,0.014110201791932103,2.0245333333333333,0.0732338719446132,0,
faster_rcnn,2.0853333333333333,5,0.703731343283582,0.014110201791932103,2.0245333333333333,0.0732338719446132,0,
faster_rcnn,2.0866666666666664,5,0.703731343283582,0.014110201791932103,2.0245333333333333,0.0732338719446132,0,
faster_rcnn,2.088,5,0.703731343283582,0.014110201791932103,2.0245333333333333,0.0732338719446132,0,
faster_rcnn,2.0893333333333333,5,0.703731343283582,0.014110201791932103,2.0245333333333333,0.0732338719446132,0,
faster_rcnn,2.0906666666666665,5,0.703731343283582,0.014110201791932103,2.0245333333333333,0.0732338719446132,0,
faster_rcnn,2.092,5,0.7052238805970148,0.016049114304183994,2.063733333333334,0.021216345899643864,0,
faster_rcnn,2.0933333333333333,5,0.7052238805970148,0.016049114304183994,2.063733333333334,0.021216345899643864,0,
faster_rcnn,2.0946666666666665,5,0.7052238805970148,0.016049114304183994,2.063733333333334,0.021216345899643864,0,
faster_rcnn,2.096,5,0.7052238805970148,0.016049114304183994,2.063733333333334,0.021216345899643864,0,
faster_rcnn,2.0973333333333333,5,0.7052238805970148,0.016049114304183994,2.063733333333334,0.021216345899643864,0,
faster_rcnn,2.0986666666666665,5,0.7052238805970148,0.016049114304183994,2.063733333333334,0.021216345899643864,0,
faster_rcnn,2.1,5,0.7059701492537312,0.016561448523262776,2.0701333333333336,0.026892378102354637,0,
faster_rcnn,2.1013333333333333,5,0.7059701492537312,0.016561448523262776,2.0701333333333336,0.026892378102354637,0,
faster_rcnn,2.1026666666666665,5,0.7059701492537312,0.016561448523262776,2.0701333333333336,0.026892378102354637,0,
faster_rcnn,2.104,5,0.7067164179104477,0.017220866804797494,2.0709333333333335,0.028038069358166173,0,
faster_rcnn,2.1053333333333333,5,0.7067164179104477,0.017220866804797494,2.0709333333333335,0.028038069358166173,0,
faster_rcnn,2.1066666666666665,5,0.7067164179104477,0.017220866804797494,2.0709333333333335,0.028038069358166173,0,
faster_rcnn,2.108,5,0.7067164179104477,0.017220866804797494,2.0709333333333335,0.028038069358166173,0,
faster_rcnn,2.1093333333333333,5,0.7074626865671642,0.017620476049429235,2.084533333333334,0.02654304679823576,0,
faster_rcnn,2.1106666666666665,5,0.7074626865671642,0.017620476049429235,2.084533333333334,0.02654304679823576,0,
faster_rcnn,2.112,5,0.7074626865671642,0.017620476049429235,2.084533333333334,0.02654304679823576,0,
faster_rcnn,2.1133333333333333,5,0.7082089552238806,0.016770302279286737,2.0984000000000003,0.01614930339054909,0,
faster_rcnn,2.1146666666666665,5,0.7082089552238806,0.016770302279286737,2.0984000000000003,0.01614930339054909,0,
faster_rcnn,2.116,5,0.7082089552238806,0.016770302279286737,2.0984000000000003,0.01614930339054909,0,
faster_rcnn,2.1173333333333333,5,0.708955223880597,0.017301527043835276,2.1,0.017813852287849857,0,
faster_rcnn,2.1186666666666665,5,0.708955223880597,0.017301527043835276,2.1,0.017813852287849857,0,
faster_rcnn,2.12,5,0.708955223880597,0.017301527043835276,2.1,0.017813852287849857,0,
faster_rcnn,2.1213333333333333,5,0.708955223880597,0.017301527043835276,2.1,0.017813852287849857,0,
faster_rcnn,2.1226666666666665,5,0.708955223880597,0.017301527043835276,2.1,0.017813852287849857,0,
faster_rcnn,2.124,5,0.708955223880597,0.017301527043835276,2.1,0.017813852287849857,0,
faster_rcnn,2.1253333333333333,5,0.708955223880597,0.017301527043835276,2.1,0.017813852287849857,0,
faster_rcnn,2.1266666666666665,5,0.708955223880597,0.017301527043835276,2.1,0.017813852287849857,0,
faster_rcnn,2.128,5,0.708955223880597,0.017301527043835276,2.1,0.017813852287849857,0,
faster_rcnn,2.1293333333333333,5,0.708955223880597,0.017301527043835276,2.1,0.017813852287849857,0,
faster_rcnn,2.1306666666666665,5,0.708955223880597,0.017301527043835276,2.1,0.017813852287849857,0,
faster_rcnn,2.132,5,0.708955223880597,0.017301527043835276,2.1,0.017813852287849857,0,
faster_rcnn,2.1333333333333333,5,0.708955223880597,0.017301527043835276,2.1,0.017813852287849857,0,
faster_rcnn,2.1346666666666665,5,0.708955223880597,0.017301527043835276,2.1,0.017813852287849857,0,
faster_rcnn,2.136,5,0.7097014925373134,0.016561448523262814,2.1045333333333334,0.0238997907940635,0,
faster_rcnn,2.1373333333333333,5,0.7097014925373134,0.016561448523262814,2.1045333333333334,0.0238997907940635,0,
faster_rcnn,2.1386666666666665,5,0.7104477611940299,0.01722086680479751,2.1114666666666664,0.02832509684204294,0,
faster_rcnn,2.14,5,0.7104477611940299,0.01722086680479751,2.1114666666666664,0.02832509684204294,0,
faster_rcnn,2.1413333333333333,5,0.7104477611940299,0.01722086680479751,2.1114666666666664,0.02832509684204294,0,
faster_rcnn,2.1426666666666665,5,0.7104477611940299,0.01722086680479751,2.1114666666666664,0.02832509684204294,0,
faster_rcnn,2.144,5,0.7104477611940299,0.01722086680479751,2.1114666666666664,0.02832509684204294,0,
faster_rcnn,2.1453333333333333,5,0.7104477611940299,0.01722086680479751,2.1114666666666664,0.02832509684204294,0,
faster_rcnn,2.1466666666666665,5,0.7104477611940299,0.01722086680479751,2.1114666666666664,0.02832509684204294,0,
faster_rcnn,2.148,5,0.7104477611940299,0.01722086680479751,2.1114666666666664,0.02832509684204294,0,
faster_rcnn,2.1493333333333333,5,0.7104477611940299,0.01722086680479751,2.1114666666666664,0.02832509684204294,0,
faster_rcnn,2.1506666666666665,5,0.7104477611940299,0.01722086680479751,2.1114666666666664,0.02832509684204294,0,
faster_rcnn,2.152,5,0.7104477611940299,0.01722086680479751,2.1114666666666664,0.02832509684204294,0,
faster_rcnn,2.1533333333333333,5,0.7104477611940299,0.01722086680479751,2.1114666666666664,0.02832509684204294,0,
faster_rcnn,2.1546666666666665,5,0.7111940298507463,0.016603429448721632,2.1152,0.03318098518395398,0,
faster_rcnn,2.156,5,0.7111940298507463,0.016603429448721632,2.1152,0.03318098518395398,0,
faster_rcnn,2.1573333333333333,5,0.7119402985074628,0.01738181298336138,2.118933333333333,0.03727853120616324,0,
faster_rcnn,2.1586666666666665,5,0.7119402985074628,0.01738181298336138,2.118933333333333,0.03727853120616324,0,
faster_rcnn,2.16,5,0.7119402985074628,0.01738181298336138,2.118933333333333,0.03727853120616324,0,
faster_rcnn,2.1613333333333333,5,0.7119402985074628,0.01738181298336138,2.118933333333333,0.03727853120616324,0,
faster_rcnn,2.1626666666666665,5,0.7119402985074628,0.01738181298336138,2.118933333333333,0.03727853120616324,0,
faster_rcnn,2.164,5,0.7119402985074628,0.01738181298336138,2.118933333333333,0.03727853120616324,0,
faster_rcnn,2.1653333333333333,5,0.7119402985074628,0.01738181298336138,2.118933333333333,0.03727853120616324,0,
faster_rcnn,2.1666666666666665,5,0.7119402985074628,0.01738181298336138,2.118933333333333,0.03727853120616324,0,
faster_rcnn,2.168,5,0.7119402985074628,0.01738181298336138,2.118933333333333,0.03727853120616324,0,
faster_rcnn,2.1693333333333333,5,0.7119402985074628,0.01738181298336138,2.118933333333333,0.03727853120616324,0,
faster_rcnn,2.1706666666666665,5,0.7119402985074628,0.01738181298336138,2.118933333333333,0.03727853120616324,0,
faster_rcnn,2.172,5,0.7119402985074628,0.01738181298336138,2.118933333333333,0.03727853120616324,0,
faster_rcnn,2.1733333333333333,5,0.7119402985074628,0.01738181298336138,2.118933333333333,0.03727853120616324,0,
faster_rcnn,2.1746666666666665,5,0.7119402985074628,0.01738181298336138,2.118933333333333,0.03727853120616324,0,
faster_rcnn,2.176,5,0.7126865671641791,0.018088357676926625,2.135733333333333,0.04086182679333969,0,
faster_rcnn,2.1773333333333333,5,0.7126865671641791,0.018088357676926625,2.135733333333333,0.04086182679333969,0,
faster_rcnn,2.1786666666666665,5,0.7126865671641791,0.018088357676926625,2.135733333333333,0.04086182679333969,0,
faster_rcnn,2.18,5,0.7126865671641791,0.018088357676926625,2.135733333333333,0.04086182679333969,0,
faster_rcnn,2.1813333333333333,5,0.7126865671641791,0.018088357676926625,2.135733333333333,0.04086182679333969,0,
faster_rcnn,2.1826666666666665,5,0.7126865671641791,0.018088357676926625,2.135733333333333,0.04086182679333969,0,
faster_rcnn,2.184,5,0.7126865671641791,0.018088357676926625,2.135733333333333,0.04086182679333969,0,
faster_rcnn,2.1853333333333333,5,0.7126865671641791,0.018088357676926625,2.135733333333333,0.04086182679333969,0,
faster_rcnn,2.1866666666666665,5,0.7126865671641791,0.018088357676926625,2.135733333333333,0.04086182679333969,0,
faster_rcnn,2.188,5,0.7126865671641791,0.018088357676926625,2.135733333333333,0.04086182679333969,0,
faster_rcnn,2.1893333333333334,5,0.7126865671641791,0.018088357676926625,2.135733333333333,0.04086182679333969,0,
faster_rcnn,2.1906666666666665,5,0.7126865671641791,0.018088357676926625,2.135733333333333,0.04086182679333969,0,
faster_rcnn,2.192,5,0.7126865671641791,0.018088357676926625,2.135733333333333,0.04086182679333969,0,
faster_rcnn,2.1933333333333334,5,0.7126865671641791,0.018088357676926625,2.135733333333333,0.04086182679333969,0,
faster_rcnn,2.1946666666666665,5,0.7126865671641791,0.018088357676926625,2.135733333333333,0.04086182679333969,0,
faster_rcnn,2.196,5,0.7126865671641791,0.018088357676926625,2.135733333333333,0.04086182679333969,0,
faster_rcnn,2.1973333333333334,5,0.7134328358208956,0.01891610724721878,2.1437333333333335,0.04921065828546591,0,
faster_rcnn,2.1986666666666665,5,0.7134328358208956,0.01891610724721878,2.1437333333333335,0.04921065828546591,0,
faster_rcnn,2.2,5,0.7134328358208956,0.01891610724721878,2.1437333333333335,0.04921065828546591,0,
faster_rcnn,2.2013333333333334,5,0.7134328358208956,0.01891610724721878,2.1437333333333335,0.04921065828546591,0,
faster_rcnn,2.2026666666666666,5,0.7134328358208956,0.01891610724721878,2.1437333333333335,0.04921065828546591,0,
faster_rcnn,2.204,5,0.7134328358208956,0.01891610724721878,2.1437333333333335,0.04921065828546591,0,
faster_rcnn,2.2053333333333334,5,0.7134328358208956,0.01891610724721878,2.1437333333333335,0.04921065828546591,0,
faster_rcnn,2.2066666666666666,5,0.7134328358208956,0.01891610724721878,2.1437333333333335,0.04921065828546591,0,
faster_rcnn,2.208,5,0.7134328358208956,0.01891610724721878,2.1437333333333335,0.04921065828546591,0,
faster_rcnn,2.2093333333333334,5,0.7134328358208956,0.01891610724721878,2.1437333333333335,0.04921065828546591,0,
faster_rcnn,2.2106666666666666,5,0.7134328358208956,0.01891610724721878,2.1437333333333335,0.04921065828546591,0,
faster_rcnn,2.212,5,0.7134328358208956,0.01891610724721878,2.1437333333333335,0.04921065828546591,0,
faster_rcnn,2.2133333333333334,5,0.7134328358208956,0.01891610724721878,2.1437333333333335,0.04921065828546591,0,
faster_rcnn,2.2146666666666666,5,0.7134328358208956,0.01891610724721878,2.1437333333333335,0.04921065828546591,0,
faster_rcnn,2.216,5,0.7134328358208956,0.01891610724721878,2.1437333333333335,0.04921065828546591,0,
faster_rcnn,2.2173333333333334,5,0.7134328358208956,0.01891610724721878,2.1437333333333335,0.04921065828546591,0,
faster_rcnn,2.2186666666666666,5,0.7134328358208956,0.01891610724721878,2.1437333333333335,0.04921065828546591,0,
faster_rcnn,2.22,5,0.7134328358208956,0.01891610724721878,2.1437333333333335,0.04921065828546591,0,
faster_rcnn,2.2213333333333334,5,0.714179104477612,0.018393667975919778,2.1570666666666667,0.06062196155043344,0,
faster_rcnn,2.2226666666666666,5,0.714179104477612,0.018393667975919778,2.1570666666666667,0.06062196155043344,0,
faster_rcnn,2.224,5,0.714179104477612,0.018393667975919778,2.1570666666666667,0.06062196155043344,0,
faster_rcnn,2.2253333333333334,5,0.714179104477612,0.018393667975919778,2.1570666666666667,0.06062196155043344,0,
faster_rcnn,2.2266666666666666,5,0.7149253731343285,0.01801122147186146,2.1581333333333332,0.06206519869370348,0,
faster_rcnn,2.228,5,0.7149253731343285,0.01801122147186146,2.1581333333333332,0.06206519869370348,0,
faster_rcnn,2.2293333333333334,5,0.7149253731343285,0.01801122147186146,2.1581333333333332,0.06206519869370348,0,
faster_rcnn,2.2306666666666666,5,0.7149253731343285,0.01801122147186146,2.1581333333333332,0.06206519869370348,0,
faster_rcnn,2.232,5,0.7156716417910447,0.018731194623897218,2.1693333333333333,0.07056596598612935,0,
faster_rcnn,2.2333333333333334,5,0.7156716417910447,0.018731194623897218,2.1693333333333333,0.07056596598612935,0,
faster_rcnn,2.2346666666666666,5,0.7156716417910447,0.018731194623897218,2.1693333333333333,0.07056596598612935,0,
faster_rcnn,2.236,5,0.7164179104477612,0.019567329256905807,2.177066666666667,0.07628834190825703,0,
faster_rcnn,2.2373333333333334,5,0.7164179104477612,0.019567329256905807,2.177066666666667,0.07628834190825703,0,
faster_rcnn,2.2386666666666666,5,0.7164179104477612,0.019567329256905807,2.177066666666667,0.07628834190825703,0,
faster_rcnn,2.24,5,0.7164179104477612,0.019567329256905807,2.177066666666667,0.07628834190825703,0,
faster_rcnn,2.2413333333333334,5,0.7171641791044776,0.02033496506483388,2.178933333333333,0.07806208355462273,0,
faster_rcnn,2.2426666666666666,5,0.7171641791044776,0.02033496506483388,2.178933333333333,0.07806208355462273,0,
faster_rcnn,2.244,5,0.7171641791044776,0.02033496506483388,2.178933333333333,0.07806208355462273,0,
faster_rcnn,2.2453333333333334,5,0.7171641791044776,0.02033496506483388,2.178933333333333,0.07806208355462273,0,
faster_rcnn,2.2466666666666666,5,0.7171641791044776,0.02033496506483388,2.178933333333333,0.07806208355462273,0,
faster_rcnn,2.248,5,0.7171641791044776,0.02033496506483388,2.178933333333333,0.07806208355462273,0,
faster_rcnn,2.2493333333333334,5,0.7171641791044776,0.02033496506483388,2.178933333333333,0.07806208355462273,0,
faster_rcnn,2.2506666666666666,5,0.7171641791044776,0.02033496506483388,2.178933333333333,0.07806208355462273,0,
faster_rcnn,2.252,5,0.7171641791044776,0.02033496506483388,2.178933333333333,0.07806208355462273,0,
faster_rcnn,2.2533333333333334,5,0.7171641791044776,0.02033496506483388,2.178933333333333,0.07806208355462273,0,
faster_rcnn,2.2546666666666666,5,0.7171641791044776,0.02033496506483388,2.178933333333333,0.07806208355462273,0,
faster_rcnn,2.256,5,0.7171641791044776,0.02033496506483388,2.178933333333333,0.07806208355462273,0,
faster_rcnn,2.2573333333333334,5,0.7171641791044776,0.02033496506483388,2.178933333333333,0.07806208355462273,0,
faster_rcnn,2.2586666666666666,5,0.717910447761194,0.02120637647519824,2.1824,0.08182039952101056,0,
faster_rcnn,2.26,5,0.717910447761194,0.02120637647519824,2.1824,0.08182039952101056,0,
faster_rcnn,2.2613333333333334,5,0.717910447761194,0.02120637647519824,2.1824,0.08182039952101056,0,
faster_rcnn,2.2626666666666666,5,0.717910447761194,0.02120637647519824,2.1824,0.08182039952101056,0,
faster_rcnn,2.264,5,0.717910447761194,0.02120637647519824,2.1824,0.08182039952101056,0,
faster_rcnn,2.2653333333333334,5,0.717910447761194,0.02120637647519824,2.1824,0.08182039952101056,0,
faster_rcnn,2.2666666666666666,5,0.717910447761194,0.02120637647519824,2.1824,0.08182039952101056,0,
faster_rcnn,2.268,5,0.717910447761194,0.02120637647519824,2.1824,0.08182039952101056,0,
faster_rcnn,2.2693333333333334,5,0.717910447761194,0.02120637647519824,2.1824,0.08182039952101056,0,
faster_rcnn,2.2706666666666666,5,0.717910447761194,0.02120637647519824,2.1824,0.08182039952101056,0,
faster_rcnn,2.272,5,0.717910447761194,0.02120637647519824,2.1824,0.08182039952101056,0,
faster_rcnn,2.2733333333333334,5,0.717910447761194,0.02120637647519824,2.1824,0.08182039952101056,0,
faster_rcnn,2.2746666666666666,5,0.717910447761194,0.02120637647519824,2.1824,0.08182039952101056,0,
faster_rcnn,2.276,5,0.717910447761194,0.02120637647519824,2.1824,0.08182039952101056,0,
faster_rcnn,2.2773333333333334,5,0.717910447761194,0.02120637647519824,2.1824,0.08182039952101056,0,
faster_rcnn,2.2786666666666666,5,0.717910447761194,0.02120637647519824,2.1824,0.08182039952101056,0,
faster_rcnn,2.28,5,0.717910447761194,0.02120637647519824,2.1824,0.08182039952101056,0,
faster_rcnn,2.2813333333333334,5,0.717910447761194,0.02120637647519824,2.1824,0.08182039952101056,0,
faster_rcnn,2.2826666666666666,5,0.717910447761194,0.02120637647519824,2.1824,0.08182039952101056,0,
faster_rcnn,2.284,5,0.717910447761194,0.02120637647519824,2.1824,0.08182039952101056,0,
faster_rcnn,2.2853333333333334,5,0.717910447761194,0.02120637647519824,2.1824,0.08182039952101056,0,
faster_rcnn,2.2866666666666666,5,0.717910447761194,0.02120637647519824,2.1824,0.08182039952101056,0,
faster_rcnn,2.288,5,0.717910447761194,0.02120637647519824,2.1824,0.08182039952101056,0,
faster_rcnn,2.2893333333333334,5,0.717910447761194,0.02120637647519824,2.1824,0.08182039952101056,0,
faster_rcnn,2.2906666666666666,5,0.717910447761194,0.02120637647519824,2.1824,0.08182039952101056,0,
faster_rcnn,2.292,5,0.717910447761194,0.02120637647519824,2.1824,0.08182039952101056,0,
faster_rcnn,2.2933333333333334,5,0.7186567164179104,0.021369882183994552,2.2176,0.08463989077917765,0,
faster_rcnn,2.2946666666666666,5,0.7186567164179104,0.021369882183994552,2.2176,0.08463989077917765,0,
faster_rcnn,2.296,5,0.7186567164179104,0.021369882183994552,2.2176,0.08463989077917765,0,
faster_rcnn,2.2973333333333334,5,0.7186567164179104,0.021369882183994552,2.2176,0.08463989077917765,0,
faster_rcnn,2.2986666666666666,5,0.7186567164179104,0.021369882183994552,2.2176,0.08463989077917765,0,
faster_rcnn,2.3,5,0.7186567164179104,0.021369882183994552,2.2176,0.08463989077917765,0,
faster_rcnn,2.3013333333333335,5,0.7194029850746269,0.01998969438205799,2.2632000000000003,0.03338129882301038,0,
faster_rcnn,2.3026666666666666,5,0.7194029850746269,0.01998969438205799,2.2632000000000003,0.03338129882301038,0,
faster_rcnn,2.304,5,0.7194029850746269,0.01998969438205799,2.2632000000000003,0.03338129882301038,0,
faster_rcnn,2.3053333333333335,5,0.7194029850746269,0.01998969438205799,2.2632000000000003,0.03338129882301038,0,
faster_rcnn,2.3066666666666666,5,0.7194029850746269,0.01998969438205799,2.2632000000000003,0.03338129882301038,0,
faster_rcnn,2.308,5,0.7194029850746269,0.01998969438205799,2.2632000000000003,0.03338129882301038,0,
faster_rcnn,2.3093333333333335,5,0.7194029850746269,0.01998969438205799,2.2632000000000003,0.03338129882301038,0,
faster_rcnn,2.3106666666666666,5,0.7194029850746269,0.01998969438205799,2.2632000000000003,0.03338129882301038,0,
faster_rcnn,2.312,5,0.7194029850746269,0.01998969438205799,2.2632000000000003,0.03338129882301038,0,
faster_rcnn,2.3133333333333335,5,0.7194029850746269,0.01998969438205799,2.2632000000000003,0.03338129882301038,0,
faster_rcnn,2.3146666666666667,5,0.7194029850746269,0.01998969438205799,2.2632000000000003,0.03338129882301038,0,
faster_rcnn,2.316,5,0.7201492537313433,0.01956732925690579,2.281066666666667,0.03284170789983026,0,
faster_rcnn,2.3173333333333335,5,0.7201492537313433,0.01956732925690579,2.281066666666667,0.03284170789983026,0,
faster_rcnn,2.3186666666666667,5,0.7201492537313433,0.01956732925690579,2.281066666666667,0.03284170789983026,0,
faster_rcnn,2.32,5,0.7201492537313433,0.01956732925690579,2.281066666666667,0.03284170789983026,0,
faster_rcnn,2.3213333333333335,5,0.7208955223880598,0.019280612959348954,2.2821333333333333,0.03431358655434058,0,
faster_rcnn,2.3226666666666667,5,0.7216417910447761,0.020197565078693042,2.2949333333333337,0.03529431808221948,0,
faster_rcnn,2.324,5,0.7223880597014926,0.020024489350744353,2.295466666666667,0.03580937183351731,0,
faster_rcnn,2.3253333333333335,5,0.7223880597014926,0.020024489350744353,2.295466666666667,0.03580937183351731,0,
faster_rcnn,2.3266666666666667,5,0.723134328358209,0.019989694382057988,2.2960000000000003,0.03635626187849586,0,
faster_rcnn,2.328,5,0.7238805970149255,0.020093898534083943,2.296266666666667,0.03664120327961091,0,
faster_rcnn,2.3293333333333335,5,0.7238805970149255,0.020093898534083943,2.296266666666667,0.03664120327961091,0,
faster_rcnn,2.3306666666666667,5,0.7238805970149255,0.020093898534083943,2.296266666666667,0.03664120327961091,0,
faster_rcnn,2.332,5,0.7238805970149255,0.020093898534083943,2.296266666666667,0.03664120327961091,0,
faster_rcnn,2.3333333333333335,5,0.7238805970149255,0.020093898534083943,2.296266666666667,0.03664120327961091,0,
faster_rcnn,2.3346666666666667,5,0.7246268656716418,0.018544438268342046,2.3029333333333333,0.04061089071227612,0,
faster_rcnn,2.336,5,0.7246268656716418,0.018544438268342046,2.3029333333333333,0.04061089071227612,0,
faster_rcnn,2.3373333333333335,5,0.7253731343283581,0.01876832289546162,2.3048,0.04223321494326993,0,
faster_rcnn,2.3386666666666667,5,0.7253731343283581,0.01876832289546162,2.3048,0.04223321494326993,0,
faster_rcnn,2.34,5,0.7253731343283581,0.01876832289546162,2.3048,0.04223321494326993,0,
faster_rcnn,2.3413333333333335,5,0.7253731343283581,0.01876832289546162,2.3048,0.04223321494326993,0,
faster_rcnn,2.3426666666666667,5,0.7253731343283581,0.01876832289546162,2.3048,0.04223321494326993,0,
faster_rcnn,2.344,5,0.7253731343283581,0.01876832289546162,2.3048,0.04223321494326993,0,
faster_rcnn,2.3453333333333335,5,0.7253731343283581,0.01876832289546162,2.3048,0.04223321494326993,0,
faster_rcnn,2.3466666666666667,5,0.7253731343283581,0.01876832289546162,2.3048,0.04223321494326993,0,
faster_rcnn,2.348,5,0.7253731343283581,0.01876832289546162,2.3048,0.04223321494326993,0,
faster_rcnn,2.3493333333333335,5,0.7253731343283581,0.01876832289546162,2.3048,0.04223321494326993,0,
faster_rcnn,2.3506666666666667,5,0.7253731343283581,0.01876832289546162,2.3048,0.04223321494326993,0,
faster_rcnn,2.352,5,0.7253731343283581,0.01876832289546162,2.3048,0.04223321494326993,0,
faster_rcnn,2.3533333333333335,5,0.7253731343283581,0.01876832289546162,2.3048,0.04223321494326993,0,
faster_rcnn,2.3546666666666667,5,0.7253731343283581,0.01876832289546162,2.3048,0.04223321494326993,0,
faster_rcnn,2.356,5,0.7253731343283581,0.01876832289546162,2.3048,0.04223321494326993,0,
faster_rcnn,2.3573333333333335,5,0.7253731343283581,0.01876832289546162,2.3048,0.04223321494326993,0,
faster_rcnn,2.3586666666666667,5,0.7261194029850746,0.01876832289546162,2.3178666666666667,0.04756843024060757,0,
faster_rcnn,2.36,5,0.7261194029850746,0.01876832289546162,2.3178666666666667,0.04756843024060757,0,
faster_rcnn,2.3613333333333335,5,0.7261194029850746,0.01876832289546162,2.3178666666666667,0.04756843024060757,0,
faster_rcnn,2.3626666666666667,5,0.7261194029850746,0.01876832289546162,2.3178666666666667,0.04756843024060757,0,
faster_rcnn,2.364,5,0.7261194029850746,0.01876832289546162,2.3178666666666667,0.04756843024060757,0,
faster_rcnn,2.3653333333333335,5,0.7261194029850746,0.01876832289546162,2.3178666666666667,0.04756843024060757,0,
faster_rcnn,2.3666666666666667,5,0.7261194029850746,0.01876832289546162,2.3178666666666667,0.04756843024060757,0,
faster_rcnn,2.368,5,0.7261194029850746,0.01876832289546162,2.3178666666666667,0.04756843024060757,0,
faster_rcnn,2.3693333333333335,5,0.7261194029850746,0.01876832289546162,2.3178666666666667,0.04756843024060757,0,
faster_rcnn,2.3706666666666667,5,0.7261194029850746,0.01876832289546162,2.3178666666666667,0.04756843024060757,0,
faster_rcnn,2.372,5,0.7261194029850746,0.01876832289546162,2.3178666666666667,0.04756843024060757,0,
faster_rcnn,2.3733333333333335,5,0.7261194029850746,0.01876832289546162,2.3178666666666667,0.04756843024060757,0,
faster_rcnn,2.3746666666666667,5,0.7261194029850746,0.01876832289546162,2.3178666666666667,0.04756843024060757,0,
faster_rcnn,2.376,5,0.7261194029850746,0.01876832289546162,2.3178666666666667,0.04756843024060757,0,
faster_rcnn,2.3773333333333335,5,0.7261194029850746,0.01876832289546162,2.3178666666666667,0.04756843024060757,0,
faster_rcnn,2.3786666666666667,5,0.726865671641791,0.019638354279016074,2.329066666666667,0.05499414110208057,0,
faster_rcnn,2.38,5,0.726865671641791,0.019638354279016074,2.329066666666667,0.05499414110208057,0,
faster_rcnn,2.3813333333333335,5,0.726865671641791,0.019638354279016074,2.329066666666667,0.05499414110208057,0,
faster_rcnn,2.3826666666666667,5,0.726865671641791,0.019638354279016074,2.329066666666667,0.05499414110208057,0,
faster_rcnn,2.384,5,0.726865671641791,0.019638354279016074,2.329066666666667,0.05499414110208057,0,
faster_rcnn,2.3853333333333335,5,0.726865671641791,0.019638354279016074,2.329066666666667,0.05499414110208057,0,
faster_rcnn,2.3866666666666667,5,0.726865671641791,0.019638354279016074,2.329066666666667,0.05499414110208057,0,
faster_rcnn,2.388,5,0.726865671641791,0.019638354279016074,2.329066666666667,0.05499414110208057,0,
faster_rcnn,2.3893333333333335,5,0.726865671641791,0.019638354279016074,2.329066666666667,0.05499414110208057,0,
faster_rcnn,2.3906666666666667,5,0.726865671641791,0.019638354279016074,2.329066666666667,0.05499414110208057,0,
faster_rcnn,2.392,5,0.726865671641791,0.019638354279016074,2.329066666666667,0.05499414110208057,0,
faster_rcnn,2.3933333333333335,5,0.7276119402985074,0.020607016823110554,2.3320000000000003,0.05857568703063676,0,
faster_rcnn,2.3946666666666667,5,0.7276119402985074,0.020607016823110554,2.3320000000000003,0.05857568703063676,0,
faster_rcnn,2.396,5,0.7276119402985074,0.020607016823110554,2.3320000000000003,0.05857568703063676,0,
faster_rcnn,2.3973333333333335,5,0.7276119402985074,0.020607016823110554,2.3320000000000003,0.05857568703063676,0,
faster_rcnn,2.3986666666666667,5,0.7276119402985074,0.020607016823110554,2.3320000000000003,0.05857568703063676,0,
faster_rcnn,2.4,5,0.7276119402985074,0.020607016823110554,2.3320000000000003,0.05857568703063676,0,
faster_rcnn,2.4013333333333335,5,0.7276119402985074,0.020607016823110554,2.3320000000000003,0.05857568703063676,0,
faster_rcnn,2.4026666666666667,5,0.7276119402985074,0.020607016823110554,2.3320000000000003,0.05857568703063676,0,
faster_rcnn,2.404,5,0.7276119402985074,0.020607016823110554,2.3320000000000003,0.05857568703063676,0,
faster_rcnn,2.4053333333333335,5,0.7276119402985074,0.020607016823110554,2.3320000000000003,0.05857568703063676,0,
faster_rcnn,2.4066666666666667,5,0.7276119402985074,0.020607016823110554,2.3320000000000003,0.05857568703063676,0,
faster_rcnn,2.408,5,0.7276119402985074,0.020607016823110554,2.3320000000000003,0.05857568703063676,0,
faster_rcnn,2.4093333333333335,5,0.7276119402985074,0.020607016823110554,2.3320000000000003,0.05857568703063676,0,
faster_rcnn,2.4106666666666667,5,0.7276119402985074,0.020607016823110554,2.3320000000000003,0.05857568703063676,0,
faster_rcnn,2.412,5,0.7276119402985074,0.020607016823110554,2.3320000000000003,0.05857568703063676,0,
faster_rcnn,2.4133333333333336,5,0.7276119402985074,0.020607016823110554,2.3320000000000003,0.05857568703063676,0,
faster_rcnn,2.4146666666666667,5,0.7276119402985074,0.020607016823110554,2.3320000000000003,0.05857568703063676,0,
faster_rcnn,2.416,5,0.7276119402985074,0.020607016823110554,2.3320000000000003,0.05857568703063676,0,
faster_rcnn,2.417333333333333,5,0.7276119402985074,0.020607016823110554,2.3320000000000003,0.05857568703063676,0,
faster_rcnn,2.4186666666666667,5,0.7276119402985074,0.020607016823110554,2.3320000000000003,0.05857568703063676,0,
faster_rcnn,2.42,5,0.7276119402985074,0.020607016823110554,2.3320000000000003,0.05857568703063676,0,
faster_rcnn,2.421333333333333,5,0.7276119402985074,0.020607016823110554,2.3320000000000003,0.05857568703063676,0,
faster_rcnn,2.4226666666666667,5,0.7276119402985074,0.020607016823110554,2.3320000000000003,0.05857568703063676,0,
faster_rcnn,2.424,5,0.7276119402985074,0.020607016823110554,2.3320000000000003,0.05857568703063676,0,
faster_rcnn,2.425333333333333,5,0.7276119402985074,0.020607016823110554,2.3320000000000003,0.05857568703063676,0,
faster_rcnn,2.4266666666666667,5,0.7276119402985074,0.020607016823110554,2.3320000000000003,0.05857568703063676,0,
faster_rcnn,2.428,5,0.7276119402985074,0.020607016823110554,2.3320000000000003,0.05857568703063676,0,
faster_rcnn,2.429333333333333,5,0.7276119402985074,0.020607016823110554,2.3320000000000003,0.05857568703063676,0,
faster_rcnn,2.4306666666666668,5,0.7276119402985074,0.020607016823110554,2.3320000000000003,0.05857568703063676,0,
faster_rcnn,2.432,5,0.7276119402985074,0.020607016823110554,2.3320000000000003,0.05857568703063676,0,
faster_rcnn,2.433333333333333,5,0.7276119402985074,0.020607016823110554,2.3320000000000003,0.05857568703063676,0,
faster_rcnn,2.4346666666666668,5,0.7276119402985074,0.020607016823110554,2.3320000000000003,0.05857568703063676,0,
faster_rcnn,2.436,5,0.7276119402985074,0.020607016823110554,2.3320000000000003,0.05857568703063676,0,
faster_rcnn,2.437333333333333,5,0.7276119402985074,0.020607016823110554,2.3320000000000003,0.05857568703063676,0,
faster_rcnn,2.4386666666666668,5,0.7276119402985074,0.020607016823110554,2.3320000000000003,0.05857568703063676,0,
faster_rcnn,2.44,5,0.7283582089552239,0.02067447041372398,2.348266666666667,0.07641058681738917,0,
faster_rcnn,2.441333333333333,5,0.7283582089552239,0.02067447041372398,2.348266666666667,0.07641058681738917,0,
faster_rcnn,2.4426666666666668,5,0.7283582089552239,0.02067447041372398,2.348266666666667,0.07641058681738917,0,
faster_rcnn,2.444,5,0.7283582089552239,0.02067447041372398,2.348266666666667,0.07641058681738917,0,
faster_rcnn,2.445333333333333,5,0.7283582089552239,0.02067447041372398,2.348266666666667,0.07641058681738917,0,
faster_rcnn,2.4466666666666668,5,0.7283582089552239,0.02067447041372398,2.348266666666667,0.07641058681738917,0,
faster_rcnn,2.448,5,0.7283582089552239,0.02067447041372398,2.348266666666667,0.07641058681738917,0,
faster_rcnn,2.449333333333333,5,0.7283582089552239,0.02067447041372398,2.348266666666667,0.07641058681738917,0,
faster_rcnn,2.4506666666666668,5,0.7283582089552239,0.02067447041372398,2.348266666666667,0.07641058681738917,0,
faster_rcnn,2.452,5,0.7283582089552239,0.02067447041372398,2.348266666666667,0.07641058681738917,0,
faster_rcnn,2.453333333333333,5,0.7291044776119403,0.02087552347865576,2.3509333333333338,0.08053377483322678,0,
faster_rcnn,2.4546666666666668,5,0.7291044776119403,0.02087552347865576,2.3509333333333338,0.08053377483322678,0,
faster_rcnn,2.456,5,0.7291044776119403,0.02087552347865576,2.3509333333333338,0.08053377483322678,0,
faster_rcnn,2.457333333333333,5,0.7291044776119403,0.02087552347865576,2.3509333333333338,0.08053377483322678,0,
faster_rcnn,2.458666666666667,5,0.7291044776119403,0.02087552347865576,2.3509333333333338,0.08053377483322678,0,
faster_rcnn,2.46,5,0.7291044776119403,0.02087552347865576,2.3509333333333338,0.08053377483322678,0,
faster_rcnn,2.461333333333333,5,0.7291044776119403,0.02087552347865576,2.3509333333333338,0.08053377483322678,0,
faster_rcnn,2.462666666666667,5,0.7291044776119403,0.02087552347865576,2.3509333333333338,0.08053377483322678,0,
faster_rcnn,2.464,5,0.7291044776119403,0.02087552347865576,2.3509333333333338,0.08053377483322678,0,
faster_rcnn,2.465333333333333,5,0.7291044776119403,0.02087552347865576,2.3509333333333338,0.08053377483322678,0,
faster_rcnn,2.466666666666667,5,0.7291044776119403,0.02087552347865576,2.3509333333333338,0.08053377483322678,0,
faster_rcnn,2.468,5,0.7291044776119403,0.02087552347865576,2.3509333333333338,0.08053377483322678,0,
faster_rcnn,2.469333333333333,5,0.7291044776119403,0.02087552347865576,2.3509333333333338,0.08053377483322678,0,
faster_rcnn,2.470666666666667,5,0.7291044776119403,0.02087552347865576,2.3509333333333338,0.08053377483322678,0,
faster_rcnn,2.472,5,0.7291044776119403,0.02087552347865576,2.3509333333333338,0.08053377483322678,0,
faster_rcnn,2.473333333333333,5,0.7291044776119403,0.02087552347865576,2.3509333333333338,0.08053377483322678,0,
faster_rcnn,2.474666666666667,5,0.7291044776119403,0.02087552347865576,2.3509333333333338,0.08053377483322678,0,
faster_rcnn,2.476,5,0.7291044776119403,0.02087552347865576,2.3509333333333338,0.08053377483322678,0,
faster_rcnn,2.477333333333333,5,0.7298507462686568,0.02120637647519824,2.3992,0.06531019998608338,0,
faster_rcnn,2.478666666666667,5,0.7298507462686568,0.02120637647519824,2.3992,0.06531019998608338,0,
faster_rcnn,2.48,5,0.7298507462686568,0.02120637647519824,2.3992,0.06531019998608338,0,
faster_rcnn,2.481333333333333,5,0.7298507462686568,0.02120637647519824,2.3992,0.06531019998608338,0,
faster_rcnn,2.482666666666667,5,0.7298507462686568,0.02120637647519824,2.3992,0.06531019998608338,0,
faster_rcnn,2.484,5,0.7298507462686568,0.02120637647519824,2.3992,0.06531019998608338,0,
faster_rcnn,2.485333333333333,5,0.7298507462686568,0.02120637647519824,2.3992,0.06531019998608338,0,
faster_rcnn,2.486666666666667,5,0.7298507462686568,0.02120637647519824,2.3992,0.06531019998608338,0,
faster_rcnn,2.488,5,0.7298507462686568,0.02120637647519824,2.3992,0.06531019998608338,0,
faster_rcnn,2.489333333333333,5,0.7305970149253731,0.019638354279016085,2.430133333333333,0.06371185133081582,0,
faster_rcnn,2.490666666666667,5,0.7305970149253731,0.019638354279016085,2.430133333333333,0.06371185133081582,0,
faster_rcnn,2.492,5,0.7305970149253731,0.019638354279016085,2.430133333333333,0.06371185133081582,0,
faster_rcnn,2.493333333333333,5,0.7305970149253731,0.019638354279016085,2.430133333333333,0.06371185133081582,0,
faster_rcnn,2.494666666666667,5,0.7305970149253731,0.019638354279016085,2.430133333333333,0.06371185133081582,0,
faster_rcnn,2.496,5,0.7305970149253731,0.019638354279016085,2.430133333333333,0.06371185133081582,0,
faster_rcnn,2.497333333333333,5,0.7305970149253731,0.019638354279016085,2.430133333333333,0.06371185133081582,0,
faster_rcnn,2.498666666666667,5,0.7305970149253731,0.019638354279016085,2.430133333333333,0.06371185133081582,0,
faster_rcnn,2.5,5,0.7305970149253731,0.019638354279016085,2.430133333333333,0.06371185133081582,0,
faster_rcnn,2.501333333333333,5,0.7305970149253731,0.019638354279016085,2.430133333333333,0.06371185133081582,0,
faster_rcnn,2.502666666666667,5,0.7305970149253731,0.019638354279016085,2.430133333333333,0.06371185133081582,0,
faster_rcnn,2.504,5,0.7305970149253731,0.019638354279016085,2.430133333333333,0.06371185133081582,0,
faster_rcnn,2.505333333333333,5,0.7305970149253731,0.019638354279016085,2.430133333333333,0.06371185133081582,0,
faster_rcnn,2.506666666666667,5,0.7313432835820896,0.02009389853408398,2.436,0.07016805224285154,0,
faster_rcnn,2.508,5,0.7313432835820896,0.02009389853408398,2.436,0.07016805224285154,0,
faster_rcnn,2.509333333333333,5,0.7313432835820896,0.02009389853408398,2.436,0.07016805224285154,0,
faster_rcnn,2.510666666666667,5,0.7313432835820896,0.02009389853408398,2.436,0.07016805224285154,0,
faster_rcnn,2.512,5,0.7313432835820896,0.02009389853408398,2.436,0.07016805224285154,0,
faster_rcnn,2.513333333333333,5,0.732089552238806,0.01854443826834204,2.4408000000000003,0.07535751824174905,0,
faster_rcnn,2.514666666666667,5,0.732089552238806,0.01854443826834204,2.4408000000000003,0.07535751824174905,0,
faster_rcnn,2.516,5,0.732089552238806,0.01854443826834204,2.4408000000000003,0.07535751824174905,0,
faster_rcnn,2.517333333333333,5,0.732089552238806,0.01854443826834204,2.4408000000000003,0.07535751824174905,0,
faster_rcnn,2.518666666666667,5,0.732089552238806,0.01854443826834204,2.4408000000000003,0.07535751824174905,0,
faster_rcnn,2.52,5,0.732089552238806,0.01854443826834204,2.4408000000000003,0.07535751824174905,0,
faster_rcnn,2.521333333333333,5,0.732089552238806,0.01854443826834204,2.4408000000000003,0.07535751824174905,0,
faster_rcnn,2.522666666666667,5,0.732089552238806,0.01854443826834204,2.4408000000000003,0.07535751824174905,0,
faster_rcnn,2.524,5,0.732089552238806,0.01854443826834204,2.4408000000000003,0.07535751824174905,0,
faster_rcnn,2.525333333333333,5,0.732089552238806,0.01854443826834204,2.4408000000000003,0.07535751824174905,0,
faster_rcnn,2.526666666666667,5,0.732089552238806,0.01854443826834204,2.4408000000000003,0.07535751824174905,0,
faster_rcnn,2.528,5,0.732089552238806,0.01854443826834204,2.4408000000000003,0.07535751824174905,0,
faster_rcnn,2.529333333333333,5,0.732089552238806,0.01854443826834204,2.4408000000000003,0.07535751824174905,0,
faster_rcnn,2.530666666666667,5,0.7328358208955225,0.019135643887997135,2.4455999999999998,0.08114404202130644,0,
faster_rcnn,2.532,5,0.7328358208955225,0.019135643887997135,2.4455999999999998,0.08114404202130644,0,
faster_rcnn,2.533333333333333,5,0.7328358208955225,0.019135643887997135,2.4455999999999998,0.08114404202130644,0,
faster_rcnn,2.534666666666667,5,0.7335820895522389,0.0198499045944334,2.4464,0.08220516339554881,0,
faster_rcnn,2.536,5,0.7335820895522389,0.0198499045944334,2.4464,0.08220516339554881,0,
faster_rcnn,2.537333333333333,5,0.7335820895522389,0.0198499045944334,2.4464,0.08220516339554881,0,
faster_rcnn,2.538666666666667,5,0.7335820895522389,0.0198499045944334,2.4464,0.08220516339554881,0,
faster_rcnn,2.54,5,0.7335820895522389,0.0198499045944334,2.4464,0.08220516339554881,0,
faster_rcnn,2.541333333333333,5,0.7335820895522389,0.0198499045944334,2.4464,0.08220516339554881,0,
faster_rcnn,2.542666666666667,5,0.7335820895522389,0.0198499045944334,2.4464,0.08220516339554881,0,
faster_rcnn,2.544,5,0.7335820895522389,0.0198499045944334,2.4464,0.08220516339554881,0,
faster_rcnn,2.5453333333333332,5,0.7343283582089551,0.02067447041372396,2.4485333333333332,0.08515397818070496,0,
faster_rcnn,2.546666666666667,5,0.7343283582089551,0.02067447041372396,2.4485333333333332,0.08515397818070496,0,
faster_rcnn,2.548,5,0.7343283582089551,0.02067447041372396,2.4485333333333332,0.08515397818070496,0,
faster_rcnn,2.5493333333333332,5,0.7343283582089551,0.02067447041372396,2.4485333333333332,0.08515397818070496,0,
faster_rcnn,2.550666666666667,5,0.7343283582089551,0.02067447041372396,2.4485333333333332,0.08515397818070496,0,
faster_rcnn,2.552,5,0.7343283582089551,0.02067447041372396,2.4485333333333332,0.08515397818070496,0,
faster_rcnn,2.5533333333333332,5,0.7343283582089551,0.02067447041372396,2.4485333333333332,0.08515397818070496,0,
faster_rcnn,2.554666666666667,5,0.7350746268656716,0.021434935248276197,2.4808000000000003,0.08946557376381645,0,
faster_rcnn,2.556,5,0.7350746268656716,0.021434935248276197,2.4808000000000003,0.08946557376381645,0,
faster_rcnn,2.5573333333333332,5,0.7350746268656716,0.021434935248276197,2.4808000000000003,0.08946557376381645,0,
faster_rcnn,2.558666666666667,5,0.7350746268656716,0.021434935248276197,2.4808000000000003,0.08946557376381645,0,
faster_rcnn,2.56,5,0.7350746268656716,0.021434935248276197,2.4808000000000003,0.08946557376381645,0,
faster_rcnn,2.5613333333333332,5,0.7350746268656716,0.021434935248276197,2.4808000000000003,0.08946557376381645,0,
faster_rcnn,2.562666666666667,5,0.7350746268656716,0.021434935248276197,2.4808000000000003,0.08946557376381645,0,
faster_rcnn,2.564,5,0.7350746268656716,0.021434935248276197,2.4808000000000003,0.08946557376381645,0,
faster_rcnn,2.5653333333333332,5,0.7350746268656716,0.021434935248276197,2.4808000000000003,0.08946557376381645,0,
faster_rcnn,2.566666666666667,5,0.7358208955223879,0.022294580964611413,2.4850666666666665,0.09372015080369148,0,
faster_rcnn,2.568,5,0.7358208955223879,0.022294580964611413,2.4850666666666665,0.09372015080369148,0,
faster_rcnn,2.5693333333333332,5,0.7358208955223879,0.022294580964611413,2.4850666666666665,0.09372015080369148,0,
faster_rcnn,2.570666666666667,5,0.7358208955223879,0.022294580964611413,2.4850666666666665,0.09372015080369148,0,
faster_rcnn,2.5733333333333333,5,0.7365671641791044,0.023092161860844482,2.4888000000000003,0.09748207812493305,0,
faster_rcnn,2.574666666666667,5,0.7365671641791044,0.023092161860844482,2.4888000000000003,0.09748207812493305,0,
faster_rcnn,2.576,5,0.7365671641791044,0.023092161860844482,2.4888000000000003,0.09748207812493305,0,
faster_rcnn,2.5773333333333333,5,0.7365671641791044,0.023092161860844482,2.4888000000000003,0.09748207812493305,0,
faster_rcnn,2.578666666666667,5,0.7365671641791044,0.023092161860844482,2.4888000000000003,0.09748207812493305,0,
faster_rcnn,2.58,5,0.7365671641791044,0.023092161860844482,2.4888000000000003,0.09748207812493305,0,
faster_rcnn,2.5813333333333333,5,0.7365671641791044,0.023092161860844482,2.4888000000000003,0.09748207812493305,0,
faster_rcnn,2.582666666666667,5,0.7365671641791044,0.023092161860844482,2.4888000000000003,0.09748207812493305,0,
faster_rcnn,2.584,5,0.7365671641791044,0.023092161860844482,2.4888000000000003,0.09748207812493305,0,
faster_rcnn,2.5853333333333333,5,0.7365671641791044,0.023092161860844482,2.4888000000000003,0.09748207812493305,0,
faster_rcnn,2.5866666666666664,5,0.7365671641791044,0.023092161860844482,2.4888000000000003,0.09748207812493305,0,
faster_rcnn,2.588,5,0.7365671641791044,0.023092161860844482,2.4888000000000003,0.09748207812493305,0,
faster_rcnn,2.5893333333333333,5,0.7365671641791044,0.023092161860844482,2.4888000000000003,0.09748207812493305,0,
faster_rcnn,2.5906666666666665,5,0.7365671641791044,0.023092161860844482,2.4888000000000003,0.09748207812493305,0,
faster_rcnn,2.592,5,0.7365671641791044,0.023092161860844482,2.4888000000000003,0.09748207812493305,0,
faster_rcnn,2.5933333333333333,5,0.7365671641791044,0.023092161860844482,2.4888000000000003,0.09748207812493305,0,
faster_rcnn,2.5946666666666665,5,0.7373134328358208,0.023092161860844482,2.5170666666666666,0.10484019585381671,0,
faster_rcnn,2.596,5,0.7373134328358208,0.023092161860844482,2.5170666666666666,0.10484019585381671,0,
faster_rcnn,2.5973333333333333,5,0.7380597014925373,0.023212434350739983,2.5176,0.10533924034069898,0,
faster_rcnn,2.5986666666666665,5,0.7380597014925373,0.023212434350739983,2.5176,0.10533924034069898,0,
faster_rcnn,2.6,5,0.7380597014925373,0.023212434350739983,2.5176,0.10533924034069898,0,
faster_rcnn,2.6013333333333333,5,0.7380597014925373,0.023212434350739983,2.5176,0.10533924034069898,0,
faster_rcnn,2.6026666666666665,5,0.7402985074626866,0.0246946150862303,2.5765333333333333,0.03837360203751181,0,
faster_rcnn,2.604,5,0.7402985074626866,0.0246946150862303,2.5765333333333333,0.03837360203751181,0,
faster_rcnn,2.6053333333333333,5,0.7402985074626866,0.0246946150862303,2.5765333333333333,0.03837360203751181,0,
faster_rcnn,2.6066666666666665,5,0.7402985074626866,0.0246946150862303,2.5765333333333333,0.03837360203751181,0,
faster_rcnn,2.608,5,0.741044776119403,0.024835166107901107,2.578666666666667,0.04007770230717103,0,
faster_rcnn,2.6093333333333333,5,0.741044776119403,0.024835166107901107,2.578666666666667,0.04007770230717103,0,
faster_rcnn,2.6106666666666665,5,0.741044776119403,0.024835166107901107,2.578666666666667,0.04007770230717103,0,
faster_rcnn,2.612,5,0.741044776119403,0.024835166107901107,2.578666666666667,0.04007770230717103,0,
faster_rcnn,2.6133333333333333,5,0.741044776119403,0.024835166107901107,2.578666666666667,0.04007770230717103,0,
faster_rcnn,2.6146666666666665,5,0.741044776119403,0.024835166107901107,2.578666666666667,0.04007770230717103,0,
faster_rcnn,2.616,5,0.741044776119403,0.024835166107901107,2.578666666666667,0.04007770230717103,0,
faster_rcnn,2.6173333333333333,5,0.741044776119403,0.024835166107901107,2.578666666666667,0.04007770230717103,0,
faster_rcnn,2.6186666666666665,5,0.741044776119403,0.024835166107901107,2.578666666666667,0.04007770230717103,0,
faster_rcnn,2.62,5,0.741044776119403,0.024835166107901107,2.578666666666667,0.04007770230717103,0,
faster_rcnn,2.6213333333333333,5,0.741044776119403,0.024835166107901107,2.578666666666667,0.04007770230717103,0,
faster_rcnn,2.6226666666666665,5,0.741044776119403,0.024835166107901107,2.578666666666667,0.04007770230717103,0,
faster_rcnn,2.624,5,0.741044776119403,0.024835166107901107,2.578666666666667,0.04007770230717103,0,
faster_rcnn,2.6253333333333333,5,0.741044776119403,0.024835166107901107,2.578666666666667,0.04007770230717103,0,
faster_rcnn,2.6266666666666665,5,0.741044776119403,0.024835166107901107,2.578666666666667,0.04007770230717103,0,
faster_rcnn,2.628,5,0.741044776119403,0.024835166107901107,2.578666666666667,0.04007770230717103,0,
faster_rcnn,2.6293333333333333,5,0.741044776119403,0.024835166107901107,2.578666666666667,0.04007770230717103,0,
faster_rcnn,2.6306666666666665,5,0.741044776119403,0.024835166107901107,2.578666666666667,0.04007770230717103,0,
faster_rcnn,2.632,5,0.741044776119403,0.024835166107901107,2.578666666666667,0.04007770230717103,0,
faster_rcnn,2.6333333333333333,5,0.741044776119403,0.024835166107901107,2.578666666666667,0.04007770230717103,0,
faster_rcnn,2.6346666666666665,5,0.741044776119403,0.024835166107901107,2.578666666666667,0.04007770230717103,0,
faster_rcnn,2.636,5,0.741044776119403,0.024835166107901107,2.578666666666667,0.04007770230717103,0,
faster_rcnn,2.6373333333333333,5,0.741044776119403,0.024835166107901107,2.578666666666667,0.04007770230717103,0,
faster_rcnn,2.6386666666666665,5,0.7417910447761193,0.025770592014674635,2.585866666666667,0.04793143250751244,0,
faster_rcnn,2.64,5,0.7417910447761193,0.025770592014674635,2.585866666666667,0.04793143250751244,0,
faster_rcnn,2.6413333333333333,5,0.7417910447761193,0.025770592014674635,2.585866666666667,0.04793143250751244,0,
faster_rcnn,2.6426666666666665,5,0.7417910447761193,0.025770592014674635,2.585866666666667,0.04793143250751244,0,
faster_rcnn,2.644,5,0.7425373134328358,0.02432538210896512,2.612,0.031198290551460173,0,
faster_rcnn,2.6453333333333333,5,0.7425373134328358,0.02432538210896512,2.612,0.031198290551460173,0,
faster_rcnn,2.6466666666666665,5,0.7425373134328358,0.02432538210896512,2.612,0.031198290551460173,0,
faster_rcnn,2.648,5,0.7425373134328358,0.02432538210896512,2.612,0.031198290551460173,0,
faster_rcnn,2.6493333333333333,5,0.7425373134328358,0.02432538210896512,2.612,0.031198290551460173,0,
faster_rcnn,2.6506666666666665,5,0.7425373134328358,0.02432538210896512,2.612,0.031198290551460173,0,
faster_rcnn,2.652,5,0.7425373134328358,0.02432538210896512,2.612,0.031198290551460173,0,
faster_rcnn,2.6533333333333333,5,0.7425373134328358,0.02432538210896512,2.612,0.031198290551460173,0,
faster_rcnn,2.6546666666666665,5,0.7425373134328358,0.02432538210896512,2.612,0.031198290551460173,0,
faster_rcnn,2.656,5,0.7425373134328358,0.02432538210896512,2.612,0.031198290551460173,0,
faster_rcnn,2.6573333333333333,5,0.7425373134328358,0.02432538210896512,2.612,0.031198290551460173,0,
faster_rcnn,2.6586666666666665,5,0.7425373134328358,0.02432538210896512,2.612,0.031198290551460173,0,
faster_rcnn,2.66,5,0.7425373134328358,0.02432538210896512,2.612,0.031198290551460173,0,
faster_rcnn,2.6613333333333333,5,0.7425373134328358,0.02432538210896512,2.612,0.031198290551460173,0,
faster_rcnn,2.6626666666666665,5,0.7425373134328358,0.02432538210896512,2.612,0.031198290551460173,0,
faster_rcnn,2.664,5,0.7425373134328358,0.02432538210896512,2.612,0.031198290551460173,0,
faster_rcnn,2.6653333333333333,5,0.7425373134328358,0.02432538210896512,2.612,0.031198290551460173,0,
faster_rcnn,2.6666666666666665,5,0.7425373134328358,0.02432538210896512,2.612,0.031198290551460173,0,
faster_rcnn,2.668,5,0.7425373134328358,0.02432538210896512,2.612,0.031198290551460173,0,
faster_rcnn,2.6693333333333333,5,0.7425373134328358,0.02432538210896512,2.612,0.031198290551460173,0,
faster_rcnn,2.6706666666666665,5,0.7425373134328358,0.02432538210896512,2.612,0.031198290551460173,0,
faster_rcnn,2.672,5,0.7425373134328358,0.02432538210896512,2.612,0.031198290551460173,0,
faster_rcnn,2.6733333333333333,5,0.7432835820895523,0.0240953496880044,2.626133333333333,0.040525437827506616,0,
faster_rcnn,2.6746666666666665,5,0.7440298507462686,0.023979505989641246,2.6264,0.040916174470902365,0,
faster_rcnn,2.676,5,0.7440298507462686,0.023979505989641246,2.6264,0.040916174470902365,0,
faster_rcnn,2.6773333333333333,5,0.7440298507462686,0.023979505989641246,2.6264,0.040916174470902365,0,
faster_rcnn,2.6786666666666665,5,0.7440298507462686,0.023979505989641246,2.6264,0.040916174470902365,0,
faster_rcnn,2.68,5,0.7440298507462686,0.023979505989641246,2.6264,0.040916174470902365,0,
faster_rcnn,2.6813333333333333,5,0.7440298507462686,0.023979505989641246,2.6264,0.040916174470902365,0,
faster_rcnn,2.6826666666666665,5,0.7440298507462686,0.023979505989641246,2.6264,0.040916174470902365,0,
faster_rcnn,2.684,5,0.7440298507462686,0.023979505989641246,2.6264,0.040916174470902365,0,
faster_rcnn,2.6853333333333333,5,0.7440298507462686,0.023979505989641246,2.6264,0.040916174470902365,0,
faster_rcnn,2.6866666666666665,5,0.7440298507462686,0.023979505989641246,2.6264,0.040916174470902365,0,
faster_rcnn,2.688,5,0.7440298507462686,0.023979505989641246,2.6264,0.040916174470902365,0,
faster_rcnn,2.6906666666666665,5,0.7440298507462686,0.023979505989641246,2.6264,0.040916174470902365,0,
faster_rcnn,2.692,5,0.7440298507462686,0.023979505989641246,2.6264,0.040916174470902365,0,
faster_rcnn,2.6933333333333334,5,0.7440298507462686,0.023979505989641246,2.6264,0.040916174470902365,0,
faster_rcnn,2.6946666666666665,5,0.7440298507462686,0.023979505989641246,2.6264,0.040916174470902365,0,
faster_rcnn,2.696,5,0.7440298507462686,0.023979505989641246,2.6264,0.040916174470902365,0,
faster_rcnn,2.6973333333333334,5,0.7440298507462686,0.023979505989641246,2.6264,0.040916174470902365,0,
faster_rcnn,2.6986666666666665,5,0.7440298507462686,0.023979505989641246,2.6264,0.040916174470902365,0,
faster_rcnn,2.7,5,0.7440298507462686,0.023979505989641246,2.6264,0.040916174470902365,0,
faster_rcnn,2.7013333333333334,5,0.7440298507462686,0.023979505989641246,2.6264,0.040916174470902365,0,
faster_rcnn,2.7026666666666666,5,0.7440298507462686,0.023979505989641246,2.6264,0.040916174470902365,0,
faster_rcnn,2.704,5,0.7440298507462686,0.023979505989641246,2.6264,0.040916174470902365,0,
faster_rcnn,2.7053333333333334,5,0.7440298507462686,0.023979505989641246,2.6264,0.040916174470902365,0,
faster_rcnn,2.7066666666666666,5,0.744776119402985,0.024553259516958366,2.6544,0.03758723187466715,0,
faster_rcnn,2.708,5,0.744776119402985,0.024553259516958366,2.6544,0.03758723187466715,0,
faster_rcnn,2.7093333333333334,5,0.744776119402985,0.024553259516958366,2.6544,0.03758723187466715,0,
faster_rcnn,2.7106666666666666,5,0.744776119402985,0.024553259516958366,2.6544,0.03758723187466715,0,
faster_rcnn,2.712,5,0.744776119402985,0.024553259516958366,2.6544,0.03758723187466715,0,
faster_rcnn,2.7133333333333334,5,0.744776119402985,0.024553259516958366,2.6544,0.03758723187466715,0,
faster_rcnn,2.7146666666666666,5,0.744776119402985,0.024553259516958366,2.6544,0.03758723187466715,0,
faster_rcnn,2.716,5,0.744776119402985,0.024553259516958366,2.6544,0.03758723187466715,0,
faster_rcnn,2.7173333333333334,5,0.744776119402985,0.024553259516958366,2.6544,0.03758723187466715,0,
faster_rcnn,2.7186666666666666,5,0.7455223880597015,0.024666408777669274,2.6765333333333334,0.03598271189829295,0,
faster_rcnn,2.72,5,0.7455223880597015,0.024666408777669274,2.6765333333333334,0.03598271189829295,0,
faster_rcnn,2.7213333333333334,5,0.7455223880597015,0.024666408777669274,2.6765333333333334,0.03598271189829295,0,
faster_rcnn,2.7226666666666666,5,0.7455223880597015,0.024666408777669274,2.6765333333333334,0.03598271189829295,0,
faster_rcnn,2.724,5,0.7455223880597015,0.024666408777669274,2.6765333333333334,0.03598271189829295,0,
faster_rcnn,2.7253333333333334,5,0.7455223880597015,0.024666408777669274,2.6765333333333334,0.03598271189829295,0,
faster_rcnn,2.7266666666666666,5,0.7455223880597015,0.024666408777669274,2.6765333333333334,0.03598271189829295,0,
faster_rcnn,2.728,5,0.7455223880597015,0.024666408777669274,2.6765333333333334,0.03598271189829295,0,
faster_rcnn,2.7293333333333334,5,0.7455223880597015,0.024666408777669274,2.6765333333333334,0.03598271189829295,0,
faster_rcnn,2.7306666666666666,5,0.7455223880597015,0.024666408777669274,2.6765333333333334,0.03598271189829295,0,
faster_rcnn,2.732,5,0.7455223880597015,0.024666408777669274,2.6765333333333334,0.03598271189829295,0,
faster_rcnn,2.7333333333333334,5,0.7455223880597015,0.024666408777669274,2.6765333333333334,0.03598271189829295,0,
faster_rcnn,2.7346666666666666,5,0.7455223880597015,0.024666408777669274,2.6765333333333334,0.03598271189829295,0,
faster_rcnn,2.736,5,0.746268656716418,0.025307201429571914,2.6824000000000003,0.043689815746922135,0,
faster_rcnn,2.7373333333333334,5,0.746268656716418,0.025307201429571914,2.6824000000000003,0.043689815746922135,0,
faster_rcnn,2.7386666666666666,5,0.746268656716418,0.025307201429571914,2.6824000000000003,0.043689815746922135,0,
faster_rcnn,2.74,5,0.746268656716418,0.025307201429571914,2.6824000000000003,0.043689815746922135,0,
faster_rcnn,2.7413333333333334,5,0.746268656716418,0.025307201429571914,2.6824000000000003,0.043689815746922135,0,
faster_rcnn,2.7426666666666666,5,0.746268656716418,0.025307201429571914,2.6824000000000003,0.043689815746922135,0,
faster_rcnn,2.744,5,0.746268656716418,0.025307201429571914,2.6824000000000003,0.043689815746922135,0,
faster_rcnn,2.7453333333333334,5,0.746268656716418,0.025307201429571914,2.6824000000000003,0.043689815746922135,0,
faster_rcnn,2.7466666666666666,5,0.746268656716418,0.025307201429571914,2.6824000000000003,0.043689815746922135,0,
faster_rcnn,2.748,5,0.746268656716418,0.025307201429571914,2.6824000000000003,0.043689815746922135,0,
faster_rcnn,2.7493333333333334,5,0.746268656716418,0.025307201429571914,2.6824000000000003,0.043689815746922135,0,
faster_rcnn,2.7506666666666666,5,0.746268656716418,0.025307201429571914,2.6824000000000003,0.043689815746922135,0,
faster_rcnn,2.752,5,0.746268656716418,0.025307201429571914,2.6824000000000003,0.043689815746922135,0,
faster_rcnn,2.7533333333333334,5,0.746268656716418,0.025307201429571914,2.6824000000000003,0.043689815746922135,0,
faster_rcnn,2.7546666666666666,5,0.746268656716418,0.025307201429571914,2.6824000000000003,0.043689815746922135,0,
faster_rcnn,2.756,5,0.746268656716418,0.025307201429571914,2.6824000000000003,0.043689815746922135,0,
faster_rcnn,2.7573333333333334,5,0.746268656716418,0.025307201429571914,2.6824000000000003,0.043689815746922135,0,
faster_rcnn,2.7586666666666666,5,0.746268656716418,0.025307201429571914,2.6824000000000003,0.043689815746922135,0,
faster_rcnn,2.76,5,0.746268656716418,0.025307201429571914,2.6824000000000003,0.043689815746922135,0,
faster_rcnn,2.7613333333333334,5,0.746268656716418,0.025307201429571914,2.6824000000000003,0.043689815746922135,0,
faster_rcnn,2.7626666666666666,5,0.746268656716418,0.025307201429571914,2.6824000000000003,0.043689815746922135,0,
faster_rcnn,2.764,5,0.746268656716418,0.025307201429571914,2.6824000000000003,0.043689815746922135,0,
faster_rcnn,2.7653333333333334,5,0.746268656716418,0.025307201429571914,2.6824000000000003,0.043689815746922135,0,
faster_rcnn,2.7666666666666666,5,0.746268656716418,0.025307201429571914,2.6824000000000003,0.043689815746922135,0,
faster_rcnn,2.768,5,0.746268656716418,0.025307201429571914,2.6824000000000003,0.043689815746922135,0,
faster_rcnn,2.7693333333333334,5,0.746268656716418,0.025307201429571914,2.6824000000000003,0.043689815746922135,0,
faster_rcnn,2.7706666666666666,5,0.746268656716418,0.025307201429571914,2.6824000000000003,0.043689815746922135,0,
faster_rcnn,2.772,5,0.746268656716418,0.025307201429571914,2.6824000000000003,0.043689815746922135,0,
faster_rcnn,2.7733333333333334,5,0.746268656716418,0.025307201429571914,2.6824000000000003,0.043689815746922135,0,
faster_rcnn,2.7746666666666666,5,0.746268656716418,0.025307201429571914,2.6824000000000003,0.043689815746922135,0,
faster_rcnn,2.776,5,0.7470149253731344,0.023804683444382947,2.7088,0.05347148772944329,0,
faster_rcnn,2.7773333333333334,5,0.7470149253731344,0.023804683444382947,2.7088,0.05347148772944329,0,
faster_rcnn,2.7786666666666666,5,0.7470149253731344,0.023804683444382947,2.7088,0.05347148772944329,0,
faster_rcnn,2.78,5,0.7470149253731344,0.023804683444382947,2.7088,0.05347148772944329,0,
faster_rcnn,2.7813333333333334,5,0.7470149253731344,0.023804683444382947,2.7088,0.05347148772944329,0,
faster_rcnn,2.7826666666666666,5,0.7470149253731344,0.023804683444382947,2.7088,0.05347148772944329,0,
faster_rcnn,2.784,5,0.7470149253731344,0.023804683444382947,2.7088,0.05347148772944329,0,
faster_rcnn,2.7853333333333334,5,0.7470149253731344,0.023804683444382947,2.7088,0.05347148772944329,0,
faster_rcnn,2.7866666666666666,5,0.7470149253731344,0.023804683444382947,2.7088,0.05347148772944329,0,
faster_rcnn,2.788,5,0.7470149253731344,0.023804683444382947,2.7088,0.05347148772944329,0,
faster_rcnn,2.7893333333333334,5,0.7470149253731344,0.023804683444382947,2.7088,0.05347148772944329,0,
faster_rcnn,2.7906666666666666,5,0.7470149253731344,0.023804683444382947,2.7088,0.05347148772944329,0,
faster_rcnn,2.792,5,0.7470149253731344,0.023804683444382947,2.7088,0.05347148772944329,0,
faster_rcnn,2.7933333333333334,5,0.7470149253731344,0.023804683444382947,2.7088,0.05347148772944329,0,
faster_rcnn,2.7946666666666666,5,0.7470149253731344,0.023804683444382947,2.7088,0.05347148772944329,0,
faster_rcnn,2.796,5,0.7470149253731344,0.023804683444382947,2.7088,0.05347148772944329,0,
faster_rcnn,2.7973333333333334,5,0.7470149253731344,0.023804683444382947,2.7088,0.05347148772944329,0,
faster_rcnn,2.7986666666666666,5,0.7470149253731344,0.023804683444382947,2.7088,0.05347148772944329,0,
faster_rcnn,2.8,5,0.7470149253731344,0.023804683444382947,2.7088,0.05347148772944329,0,
faster_rcnn,2.8013333333333335,5,0.7470149253731344,0.023804683444382947,2.7088,0.05347148772944329,0,
faster_rcnn,2.8026666666666666,5,0.7470149253731344,0.023804683444382947,2.7088,0.05347148772944329,0,
faster_rcnn,2.804,5,0.7470149253731344,0.023804683444382947,2.7088,0.05347148772944329,0,
faster_rcnn,2.8053333333333335,5,0.7470149253731344,0.023804683444382947,2.7088,0.05347148772944329,0,
faster_rcnn,2.8066666666666666,5,0.7470149253731344,0.023804683444382947,2.7088,0.05347148772944329,0,
faster_rcnn,2.808,5,0.7470149253731344,0.023804683444382947,2.7088,0.05347148772944329,0,
faster_rcnn,2.8093333333333335,5,0.7470149253731344,0.023804683444382947,2.7088,0.05347148772944329,0,
faster_rcnn,2.8106666666666666,5,0.7470149253731344,0.023804683444382947,2.7088,0.05347148772944329,0,
faster_rcnn,2.812,5,0.7470149253731344,0.023804683444382947,2.7088,0.05347148772944329,0,
faster_rcnn,2.8133333333333335,5,0.7470149253731344,0.023804683444382947,2.7088,0.05347148772944329,0,
faster_rcnn,2.8146666666666667,5,0.7470149253731344,0.023804683444382947,2.7088,0.05347148772944329,0,
faster_rcnn,2.816,5,0.7470149253731344,0.023804683444382947,2.7088,0.05347148772944329,0,
faster_rcnn,2.8173333333333335,5,0.7470149253731344,0.023804683444382947,2.7088,0.05347148772944329,0,
faster_rcnn,2.8186666666666667,5,0.7470149253731344,0.023804683444382947,2.7088,0.05347148772944329,0,
faster_rcnn,2.82,5,0.7470149253731344,0.023804683444382947,2.7088,0.05347148772944329,0,
faster_rcnn,2.8213333333333335,5,0.7470149253731344,0.023804683444382947,2.7088,0.05347148772944329,0,
faster_rcnn,2.8226666666666667,5,0.7470149253731344,0.023804683444382947,2.7088,0.05347148772944329,0,
faster_rcnn,2.824,5,0.7470149253731344,0.023804683444382947,2.7088,0.05347148772944329,0,
faster_rcnn,2.8253333333333335,5,0.7477611940298508,0.023687418280752045,2.738933333333333,0.06948317142381401,0,
faster_rcnn,2.8266666666666667,5,0.7477611940298508,0.023687418280752045,2.738933333333333,0.06948317142381401,0,
faster_rcnn,2.828,5,0.7477611940298508,0.023687418280752045,2.738933333333333,0.06948317142381401,0,
faster_rcnn,2.8293333333333335,5,0.7477611940298508,0.023687418280752045,2.738933333333333,0.06948317142381401,0,
faster_rcnn,2.8306666666666667,5,0.7477611940298508,0.023687418280752045,2.738933333333333,0.06948317142381401,0,
faster_rcnn,2.832,5,0.7477611940298508,0.023687418280752045,2.738933333333333,0.06948317142381401,0,
faster_rcnn,2.8333333333333335,5,0.7477611940298508,0.023687418280752045,2.738933333333333,0.06948317142381401,0,
faster_rcnn,2.8346666666666667,5,0.7477611940298508,0.023687418280752045,2.738933333333333,0.06948317142381401,0,
faster_rcnn,2.836,5,0.7477611940298508,0.023687418280752045,2.738933333333333,0.06948317142381401,0,
faster_rcnn,2.8373333333333335,5,0.7477611940298508,0.023687418280752045,2.738933333333333,0.06948317142381401,0,
faster_rcnn,2.8386666666666667,5,0.7477611940298508,0.023687418280752045,2.738933333333333,0.06948317142381401,0,
faster_rcnn,2.84,5,0.7477611940298508,0.023687418280752045,2.738933333333333,0.06948317142381401,0,
faster_rcnn,2.8413333333333335,5,0.7477611940298508,0.023687418280752045,2.738933333333333,0.06948317142381401,0,
faster_rcnn,2.8426666666666667,5,0.7477611940298508,0.023687418280752045,2.738933333333333,0.06948317142381401,0,
faster_rcnn,2.844,5,0.7485074626865672,0.023687418280752045,2.742666666666667,0.0755248303539968,0,
faster_rcnn,2.8453333333333335,5,0.7485074626865672,0.023687418280752045,2.742666666666667,0.0755248303539968,0,
faster_rcnn,2.8466666666666667,5,0.7485074626865672,0.023687418280752045,2.742666666666667,0.0755248303539968,0,
faster_rcnn,2.848,5,0.7485074626865672,0.023687418280752045,2.742666666666667,0.0755248303539968,0,
faster_rcnn,2.8493333333333335,5,0.7485074626865672,0.023687418280752045,2.742666666666667,0.0755248303539968,0,
faster_rcnn,2.8506666666666667,5,0.7485074626865672,0.023687418280752045,2.742666666666667,0.0755248303539968,0,
faster_rcnn,2.852,5,0.7485074626865672,0.023687418280752045,2.742666666666667,0.0755248303539968,0,
faster_rcnn,2.8533333333333335,5,0.7485074626865672,0.023687418280752045,2.742666666666667,0.0755248303539968,0,
faster_rcnn,2.8546666666666667,5,0.7485074626865672,0.023687418280752045,2.742666666666667,0.0755248303539968,0,
faster_rcnn,2.856,5,0.7492537313432835,0.02213790593162885,2.758666666666667,0.09119941520280342,0,
faster_rcnn,2.8573333333333335,5,0.7492537313432835,0.02213790593162885,2.758666666666667,0.09119941520280342,0,
faster_rcnn,2.8586666666666667,5,0.7492537313432835,0.02213790593162885,2.758666666666667,0.09119941520280342,0,
faster_rcnn,2.86,5,0.7492537313432835,0.02213790593162885,2.758666666666667,0.09119941520280342,0,
faster_rcnn,2.8613333333333335,5,0.7492537313432835,0.02213790593162885,2.758666666666667,0.09119941520280342,0,
faster_rcnn,2.8626666666666667,5,0.7492537313432835,0.02213790593162885,2.758666666666667,0.09119941520280342,0,
faster_rcnn,2.864,5,0.7492537313432835,0.02213790593162885,2.758666666666667,0.09119941520280342,0,
faster_rcnn,2.8653333333333335,5,0.7492537313432835,0.02213790593162885,2.758666666666667,0.09119941520280342,0,
faster_rcnn,2.8666666666666667,5,0.7492537313432835,0.02213790593162885,2.758666666666667,0.09119941520280342,0,
faster_rcnn,2.868,5,0.7492537313432835,0.02213790593162885,2.758666666666667,0.09119941520280342,0,
faster_rcnn,2.8693333333333335,5,0.7492537313432835,0.02213790593162885,2.758666666666667,0.09119941520280342,0,
faster_rcnn,2.8706666666666667,5,0.7492537313432835,0.02213790593162885,2.758666666666667,0.09119941520280342,0,
faster_rcnn,2.872,5,0.7492537313432835,0.02213790593162885,2.758666666666667,0.09119941520280342,0,
faster_rcnn,2.8733333333333335,5,0.7492537313432835,0.02213790593162885,2.758666666666667,0.09119941520280342,0,
faster_rcnn,2.8746666666666667,5,0.7492537313432835,0.02213790593162885,2.758666666666667,0.09119941520280342,0,
faster_rcnn,2.876,5,0.7492537313432835,0.02213790593162885,2.758666666666667,0.09119941520280342,0,
faster_rcnn,2.8773333333333335,5,0.7492537313432835,0.02213790593162885,2.758666666666667,0.09119941520280342,0,
faster_rcnn,2.88,5,0.75,0.02223204344741229,2.7658666666666667,0.10056109254246064,0,
faster_rcnn,2.8813333333333335,5,0.75,0.02223204344741229,2.7658666666666667,0.10056109254246064,0,
faster_rcnn,2.8826666666666667,5,0.75,0.02223204344741229,2.7658666666666667,0.10056109254246064,0,
faster_rcnn,2.884,5,0.75,0.02223204344741229,2.7658666666666667,0.10056109254246064,0,
faster_rcnn,2.8853333333333335,5,0.75,0.02223204344741229,2.7658666666666667,0.10056109254246064,0,
faster_rcnn,2.8866666666666667,5,0.7507462686567163,0.020674470413724007,2.772,0.1080863852049215,0,
faster_rcnn,2.888,5,0.7507462686567163,0.020674470413724007,2.772,0.1080863852049215,0,
faster_rcnn,2.8893333333333335,5,0.7507462686567163,0.020674470413724007,2.772,0.1080863852049215,0,
faster_rcnn,2.8906666666666667,5,0.7507462686567163,0.020674470413724007,2.772,0.1080863852049215,0,
faster_rcnn,2.892,5,0.7514925373134328,0.020708114814196453,2.806666666666666,0.11432118497169863,0,
faster_rcnn,2.8933333333333335,5,0.7514925373134328,0.020708114814196453,2.806666666666666,0.11432118497169863,0,
faster_rcnn,2.8946666666666667,5,0.7514925373134328,0.020708114814196453,2.806666666666666,0.11432118497169863,0,
faster_rcnn,2.896,5,0.7514925373134328,0.020708114814196453,2.806666666666666,0.11432118497169863,0,
faster_rcnn,2.8973333333333335,5,0.7514925373134328,0.020708114814196453,2.806666666666666,0.11432118497169863,0,
faster_rcnn,2.8986666666666667,5,0.7514925373134328,0.020708114814196453,2.806666666666666,0.11432118497169863,0,
faster_rcnn,2.9,5,0.7514925373134328,0.020708114814196453,2.806666666666666,0.11432118497169863,0,
faster_rcnn,2.9026666666666667,5,0.7514925373134328,0.020708114814196453,2.806666666666666,0.11432118497169863,0,
faster_rcnn,2.904,5,0.7514925373134328,0.020708114814196453,2.806666666666666,0.11432118497169863,0,
faster_rcnn,2.9053333333333335,5,0.7514925373134328,0.020708114814196453,2.806666666666666,0.11432118497169863,0,
faster_rcnn,2.9066666666666667,5,0.7514925373134328,0.020708114814196453,2.806666666666666,0.11432118497169863,0,
faster_rcnn,2.908,5,0.7514925373134328,0.020708114814196453,2.806666666666666,0.11432118497169863,0,
faster_rcnn,2.9093333333333335,5,0.7514925373134328,0.020708114814196453,2.806666666666666,0.11432118497169863,0,
faster_rcnn,2.9106666666666667,5,0.7514925373134328,0.020708114814196453,2.806666666666666,0.11432118497169863,0,
faster_rcnn,2.912,5,0.7514925373134328,0.020708114814196453,2.806666666666666,0.11432118497169863,0,
faster_rcnn,2.9133333333333336,5,0.7514925373134328,0.020708114814196453,2.806666666666666,0.11432118497169863,0,
faster_rcnn,2.9146666666666667,5,0.7514925373134328,0.020708114814196453,2.806666666666666,0.11432118497169863,0,
faster_rcnn,2.916,5,0.7514925373134328,0.020708114814196453,2.806666666666666,0.11432118497169863,0,
faster_rcnn,2.917333333333333,5,0.7514925373134328,0.020708114814196453,2.806666666666666,0.11432118497169863,0,
faster_rcnn,2.9186666666666667,5,0.7514925373134328,0.020708114814196453,2.806666666666666,0.11432118497169863,0,
faster_rcnn,2.92,5,0.7514925373134328,0.020708114814196453,2.806666666666666,0.11432118497169863,0,
faster_rcnn,2.921333333333333,5,0.7514925373134328,0.020708114814196453,2.806666666666666,0.11432118497169863,0,
faster_rcnn,2.9226666666666667,5,0.7514925373134328,0.020708114814196453,2.806666666666666,0.11432118497169863,0,
faster_rcnn,2.924,5,0.7514925373134328,0.020708114814196453,2.806666666666666,0.11432118497169863,0,
faster_rcnn,2.925333333333333,5,0.7522388059701492,0.021532146337691817,2.864,0.07365384503804853,0,
faster_rcnn,2.9266666666666667,5,0.7522388059701492,0.021532146337691817,2.864,0.07365384503804853,0,
faster_rcnn,2.928,5,0.7529850746268656,0.021661082498059703,2.8711999999999995,0.07866440674719963,0,
faster_rcnn,2.929333333333333,5,0.7529850746268656,0.021661082498059703,2.8711999999999995,0.07866440674719963,0,
faster_rcnn,2.9306666666666668,5,0.7529850746268656,0.021661082498059703,2.8711999999999995,0.07866440674719963,0,
faster_rcnn,2.932,5,0.7529850746268656,0.021661082498059703,2.8711999999999995,0.07866440674719963,0,
faster_rcnn,2.933333333333333,5,0.7529850746268656,0.021661082498059703,2.8711999999999995,0.07866440674719963,0,
faster_rcnn,2.9346666666666668,5,0.753731343283582,0.022232043447412295,2.9109333333333334,0.025532550031501185,0,
faster_rcnn,2.936,5,0.753731343283582,0.022232043447412295,2.9109333333333334,0.025532550031501185,0,
faster_rcnn,2.937333333333333,5,0.753731343283582,0.022232043447412295,2.9109333333333334,0.025532550031501185,0,
faster_rcnn,2.9386666666666668,5,0.753731343283582,0.022232043447412295,2.9109333333333334,0.025532550031501185,0,
faster_rcnn,2.94,5,0.753731343283582,0.022232043447412295,2.9109333333333334,0.025532550031501185,0,
faster_rcnn,2.941333333333333,5,0.753731343283582,0.022232043447412295,2.9109333333333334,0.025532550031501185,0,
faster_rcnn,2.9426666666666668,5,0.753731343283582,0.022232043447412295,2.9109333333333334,0.025532550031501185,0,
faster_rcnn,2.944,5,0.753731343283582,0.022232043447412295,2.9109333333333334,0.025532550031501185,0,
faster_rcnn,2.945333333333333,5,0.753731343283582,0.022232043447412295,2.9109333333333334,0.025532550031501185,0,
faster_rcnn,2.9466666666666668,5,0.753731343283582,0.022232043447412295,2.9109333333333334,0.025532550031501185,0,
faster_rcnn,2.948,5,0.753731343283582,0.022232043447412295,2.9109333333333334,0.025532550031501185,0,
faster_rcnn,2.949333333333333,5,0.753731343283582,0.022232043447412295,2.9109333333333334,0.025532550031501185,0,
faster_rcnn,2.9506666666666668,5,0.753731343283582,0.022232043447412295,2.9109333333333334,0.025532550031501185,0,
faster_rcnn,2.952,5,0.753731343283582,0.022232043447412295,2.9109333333333334,0.025532550031501185,0,
faster_rcnn,2.953333333333333,5,0.753731343283582,0.022232043447412295,2.9109333333333334,0.025532550031501185,0,
faster_rcnn,2.9546666666666668,5,0.753731343283582,0.022232043447412295,2.9109333333333334,0.025532550031501185,0,
faster_rcnn,2.956,5,0.753731343283582,0.022232043447412295,2.9109333333333334,0.025532550031501185,0,
faster_rcnn,2.957333333333333,5,0.753731343283582,0.022232043447412295,2.9109333333333334,0.025532550031501185,0,
faster_rcnn,2.958666666666667,5,0.753731343283582,0.022232043447412295,2.9109333333333334,0.025532550031501185,0,
faster_rcnn,2.96,5,0.753731343283582,0.022232043447412295,2.9109333333333334,0.025532550031501185,0,
faster_rcnn,2.961333333333333,5,0.753731343283582,0.022232043447412295,2.9109333333333334,0.025532550031501185,0,
faster_rcnn,2.962666666666667,5,0.753731343283582,0.022232043447412295,2.9109333333333334,0.025532550031501185,0,
faster_rcnn,2.965333333333333,5,0.753731343283582,0.022232043447412295,2.9109333333333334,0.025532550031501185,0,
faster_rcnn,2.966666666666667,5,0.753731343283582,0.022232043447412295,2.9109333333333334,0.025532550031501185,0,
faster_rcnn,2.968,5,0.753731343283582,0.022232043447412295,2.9109333333333334,0.025532550031501185,0,
faster_rcnn,2.969333333333333,5,0.753731343283582,0.022232043447412295,2.9109333333333334,0.025532550031501185,0,
faster_rcnn,2.970666666666667,5,0.753731343283582,0.022232043447412295,2.9109333333333334,0.025532550031501185,0,
faster_rcnn,2.972,5,0.753731343283582,0.022232043447412295,2.9109333333333334,0.025532550031501185,0,
faster_rcnn,2.973333333333333,5,0.7544776119402985,0.02291056930299814,2.9186666666666667,0.03754700757420987,0,
faster_rcnn,2.974666666666667,5,0.7544776119402985,0.02291056930299814,2.9186666666666667,0.03754700757420987,0,
faster_rcnn,2.976,5,0.7544776119402985,0.02291056930299814,2.9186666666666667,0.03754700757420987,0,
faster_rcnn,2.977333333333333,5,0.7544776119402985,0.02291056930299814,2.9186666666666667,0.03754700757420987,0,
faster_rcnn,2.978666666666667,5,0.7544776119402985,0.02291056930299814,2.9186666666666667,0.03754700757420987,0,
faster_rcnn,2.98,5,0.7544776119402985,0.02291056930299814,2.9186666666666667,0.03754700757420987,0,
faster_rcnn,2.981333333333333,5,0.7544776119402985,0.02291056930299814,2.9186666666666667,0.03754700757420987,0,
faster_rcnn,2.982666666666667,5,0.7544776119402985,0.02291056930299814,2.9186666666666667,0.03754700757420987,0,
faster_rcnn,2.984,5,0.7544776119402985,0.02291056930299814,2.9186666666666667,0.03754700757420987,0,
faster_rcnn,2.985333333333333,5,0.7544776119402985,0.02291056930299814,2.9186666666666667,0.03754700757420987,0,
faster_rcnn,2.986666666666667,5,0.7544776119402985,0.02291056930299814,2.9186666666666667,0.03754700757420987,0,
faster_rcnn,2.988,5,0.7544776119402985,0.02291056930299814,2.9186666666666667,0.03754700757420987,0,
faster_rcnn,2.989333333333333,5,0.7544776119402985,0.02291056930299814,2.9186666666666667,0.03754700757420987,0,
faster_rcnn,2.990666666666667,5,0.7544776119402985,0.02291056930299814,2.9186666666666667,0.03754700757420987,0,
faster_rcnn,2.992,5,0.7544776119402985,0.02291056930299814,2.9186666666666667,0.03754700757420987,0,
faster_rcnn,2.993333333333333,5,0.7544776119402985,0.02291056930299814,2.9186666666666667,0.03754700757420987,0,
faster_rcnn,2.994666666666667,5,0.7544776119402985,0.02291056930299814,2.9186666666666667,0.03754700757420987,0,
faster_rcnn,2.996,5,0.7544776119402985,0.02291056930299814,2.9186666666666667,0.03754700757420987,0,
faster_rcnn,2.997333333333333,5,0.7544776119402985,0.02291056930299814,2.9186666666666667,0.03754700757420987,0,
faster_rcnn,2.998666666666667,5,0.7544776119402985,0.02291056930299814,2.9186666666666667,0.03754700757420987,0,
faster_rcnn,3.0,5,0.7544776119402985,0.02291056930299814,2.9186666666666667,0.03754700757420987,0,
faster_rcnn,3.001333333333333,5,0.7544776119402985,0.02291056930299814,2.9186666666666667,0.03754700757420987,0,
faster_rcnn,3.002666666666667,5,0.7544776119402985,0.02291056930299814,2.9186666666666667,0.03754700757420987,0,
faster_rcnn,3.004,5,0.755223880597015,0.02136988218399453,2.9421333333333335,0.047810737984961806,0,
faster_rcnn,3.005333333333333,5,0.755223880597015,0.02136988218399453,2.9421333333333335,0.047810737984961806,0,
faster_rcnn,3.006666666666667,5,0.755223880597015,0.02136988218399453,2.9421333333333335,0.047810737984961806,0,
faster_rcnn,3.008,5,0.755223880597015,0.02136988218399453,2.9421333333333335,0.047810737984961806,0,
faster_rcnn,3.009333333333333,5,0.755223880597015,0.02136988218399453,2.9421333333333335,0.047810737984961806,0,
faster_rcnn,3.010666666666667,5,0.755223880597015,0.02136988218399453,2.9421333333333335,0.047810737984961806,0,
faster_rcnn,3.012,5,0.755223880597015,0.02136988218399453,2.9421333333333335,0.047810737984961806,0,
faster_rcnn,3.013333333333333,5,0.755223880597015,0.02136988218399453,2.9421333333333335,0.047810737984961806,0,
faster_rcnn,3.014666666666667,5,0.755223880597015,0.02136988218399453,2.9421333333333335,0.047810737984961806,0,
faster_rcnn,3.016,5,0.755223880597015,0.02136988218399453,2.9421333333333335,0.047810737984961806,0,
faster_rcnn,3.017333333333333,5,0.755223880597015,0.02136988218399453,2.9421333333333335,0.047810737984961806,0,
faster_rcnn,3.018666666666667,5,0.755223880597015,0.02136988218399453,2.9421333333333335,0.047810737984961806,0,
faster_rcnn,3.02,5,0.755223880597015,0.02136988218399453,2.9421333333333335,0.047810737984961806,0,
faster_rcnn,3.021333333333333,5,0.755223880597015,0.02136988218399453,2.9421333333333335,0.047810737984961806,0,
faster_rcnn,3.022666666666667,5,0.755223880597015,0.02136988218399453,2.9421333333333335,0.047810737984961806,0,
faster_rcnn,3.024,5,0.755223880597015,0.02136988218399453,2.9421333333333335,0.047810737984961806,0,
faster_rcnn,3.025333333333333,5,0.755223880597015,0.02136988218399453,2.9421333333333335,0.047810737984961806,0,
faster_rcnn,3.026666666666667,5,0.755223880597015,0.02136988218399453,2.9421333333333335,0.047810737984961806,0,
faster_rcnn,3.028,5,0.755223880597015,0.02136988218399453,2.9421333333333335,0.047810737984961806,0,
faster_rcnn,3.029333333333333,5,0.755223880597015,0.02136988218399453,2.9421333333333335,0.047810737984961806,0,
faster_rcnn,3.030666666666667,5,0.755223880597015,0.02136988218399453,2.9421333333333335,0.047810737984961806,0,
faster_rcnn,3.032,5,0.755223880597015,0.02136988218399453,2.9421333333333335,0.047810737984961806,0,
faster_rcnn,3.033333333333333,5,0.755223880597015,0.02136988218399453,2.9421333333333335,0.047810737984961806,0,
faster_rcnn,3.034666666666667,5,0.755223880597015,0.02136988218399453,2.9421333333333335,0.047810737984961806,0,
faster_rcnn,3.036,5,0.755223880597015,0.02136988218399453,2.9421333333333335,0.047810737984961806,0,
faster_rcnn,3.037333333333333,5,0.755223880597015,0.02136988218399453,2.9421333333333335,0.047810737984961806,0,
faster_rcnn,3.038666666666667,5,0.755223880597015,0.02136988218399453,2.9421333333333335,0.047810737984961806,0,
faster_rcnn,3.04,5,0.755223880597015,0.02136988218399453,2.9421333333333335,0.047810737984961806,0,
faster_rcnn,3.041333333333333,5,0.755223880597015,0.02136988218399453,2.9421333333333335,0.047810737984961806,0,
faster_rcnn,3.042666666666667,5,0.755223880597015,0.02136988218399453,2.9421333333333335,0.047810737984961806,0,
faster_rcnn,3.044,5,0.755223880597015,0.02136988218399453,2.9421333333333335,0.047810737984961806,0,
faster_rcnn,3.0453333333333332,5,0.755223880597015,0.02136988218399453,2.9421333333333335,0.047810737984961806,0,
faster_rcnn,3.046666666666667,5,0.7559701492537314,0.021532146337691776,2.9658666666666664,0.06529658830631552,0,
faster_rcnn,3.048,5,0.7559701492537314,0.021532146337691776,2.9658666666666664,0.06529658830631552,0,
faster_rcnn,3.0493333333333332,5,0.7567164179104477,0.021821181368975272,2.9663999999999997,0.06612715024859309,0,
faster_rcnn,3.050666666666667,5,0.7567164179104477,0.021821181368975272,2.9663999999999997,0.06612715024859309,0,
faster_rcnn,3.052,5,0.7567164179104477,0.021821181368975272,2.9663999999999997,0.06612715024859309,0,
faster_rcnn,3.0533333333333332,5,0.7574626865671641,0.02223204344741226,2.9671999999999996,0.06739337257228392,0,
faster_rcnn,3.054666666666667,5,0.7574626865671641,0.02223204344741226,2.9671999999999996,0.06739337257228392,0,
faster_rcnn,3.056,5,0.7574626865671641,0.02223204344741226,2.9671999999999996,0.06739337257228392,0,
faster_rcnn,3.0573333333333332,5,0.7574626865671641,0.02223204344741226,2.9671999999999996,0.06739337257228392,0,
faster_rcnn,3.058666666666667,5,0.7574626865671641,0.02223204344741226,2.9671999999999996,0.06739337257228392,0,
faster_rcnn,3.06,5,0.7574626865671641,0.02223204344741226,2.9671999999999996,0.06739337257228392,0,
faster_rcnn,3.0613333333333332,5,0.7574626865671641,0.02223204344741226,2.9671999999999996,0.06739337257228392,0,
faster_rcnn,3.062666666666667,5,0.7574626865671641,0.02223204344741226,2.9671999999999996,0.06739337257228392,0,
faster_rcnn,3.064,5,0.7574626865671641,0.02223204344741226,2.9671999999999996,0.06739337257228392,0,
faster_rcnn,3.0653333333333332,5,0.758955223880597,0.023687418280752038,2.9951999999999996,0.07437203775613521,0,
faster_rcnn,3.066666666666667,5,0.758955223880597,0.023687418280752038,2.9951999999999996,0.07437203775613521,0,
faster_rcnn,3.068,5,0.758955223880597,0.023687418280752038,2.9951999999999996,0.07437203775613521,0,
faster_rcnn,3.0693333333333332,5,0.758955223880597,0.023687418280752038,2.9951999999999996,0.07437203775613521,0,
faster_rcnn,3.070666666666667,5,0.758955223880597,0.023687418280752038,2.9951999999999996,0.07437203775613521,0,
faster_rcnn,3.072,5,0.758955223880597,0.023687418280752038,2.9951999999999996,0.07437203775613521,0,
faster_rcnn,3.0733333333333333,5,0.7597014925373134,0.02216932951867604,3.0090666666666666,0.08244809815204285,0,
faster_rcnn,3.074666666666667,5,0.7597014925373134,0.02216932951867604,3.0090666666666666,0.08244809815204285,0,
faster_rcnn,3.076,5,0.7597014925373134,0.02216932951867604,3.0090666666666666,0.08244809815204285,0,
faster_rcnn,3.0773333333333333,5,0.7604477611940299,0.021980114141825578,3.048533333333333,0.04302557379047958,0,
faster_rcnn,3.078666666666667,5,0.7604477611940299,0.021980114141825578,3.048533333333333,0.04302557379047958,0,
faster_rcnn,3.08,5,0.7604477611940299,0.021980114141825578,3.048533333333333,0.04302557379047958,0,
faster_rcnn,3.0813333333333333,5,0.7604477611940299,0.021980114141825578,3.048533333333333,0.04302557379047958,0,
faster_rcnn,3.082666666666667,5,0.7604477611940299,0.021980114141825578,3.048533333333333,0.04302557379047958,0,
faster_rcnn,3.084,5,0.7604477611940299,0.021980114141825578,3.048533333333333,0.04302557379047958,0,
faster_rcnn,3.0853333333333333,5,0.7604477611940299,0.021980114141825578,3.048533333333333,0.04302557379047958,0,
faster_rcnn,3.0866666666666664,5,0.7604477611940299,0.021980114141825578,3.048533333333333,0.04302557379047958,0,
faster_rcnn,3.088,5,0.7604477611940299,0.021980114141825578,3.048533333333333,0.04302557379047958,0,
faster_rcnn,3.0893333333333333,5,0.7604477611940299,0.021980114141825578,3.048533333333333,0.04302557379047958,0,
faster_rcnn,3.0906666666666665,5,0.7604477611940299,0.021980114141825578,3.048533333333333,0.04302557379047958,0,
faster_rcnn,3.092,5,0.7604477611940299,0.021980114141825578,3.048533333333333,0.04302557379047958,0,
faster_rcnn,3.0933333333333333,5,0.7604477611940299,0.021980114141825578,3.048533333333333,0.04302557379047958,0,
faster_rcnn,3.0946666666666665,5,0.7604477611940299,0.021980114141825578,3.048533333333333,0.04302557379047958,0,
faster_rcnn,3.096,5,0.7604477611940299,0.021980114141825578,3.048533333333333,0.04302557379047958,0,
faster_rcnn,3.0973333333333333,5,0.7604477611940299,0.021980114141825578,3.048533333333333,0.04302557379047958,0,
faster_rcnn,3.0986666666666665,5,0.7604477611940299,0.021980114141825578,3.048533333333333,0.04302557379047958,0,
faster_rcnn,3.1,5,0.7604477611940299,0.021980114141825578,3.048533333333333,0.04302557379047958,0,
faster_rcnn,3.1013333333333333,5,0.7604477611940299,0.021980114141825578,3.048533333333333,0.04302557379047958,0,
faster_rcnn,3.1026666666666665,5,0.7604477611940299,0.021980114141825578,3.048533333333333,0.04302557379047958,0,
faster_rcnn,3.104,5,0.7604477611940299,0.021980114141825578,3.048533333333333,0.04302557379047958,0,
faster_rcnn,3.1053333333333333,5,0.7604477611940299,0.021980114141825578,3.048533333333333,0.04302557379047958,0,
faster_rcnn,3.1066666666666665,5,0.7604477611940299,0.021980114141825578,3.048533333333333,0.04302557379047958,0,
faster_rcnn,3.108,5,0.7604477611940299,0.021980114141825578,3.048533333333333,0.04302557379047958,0,
faster_rcnn,3.1093333333333333,5,0.7604477611940299,0.021980114141825578,3.048533333333333,0.04302557379047958,0,
faster_rcnn,3.1106666666666665,5,0.7604477611940299,0.021980114141825578,3.048533333333333,0.04302557379047958,0,
faster_rcnn,3.112,5,0.7604477611940299,0.021980114141825578,3.048533333333333,0.04302557379047958,0,
faster_rcnn,3.1133333333333333,5,0.7604477611940299,0.021980114141825578,3.048533333333333,0.04302557379047958,0,
faster_rcnn,3.1146666666666665,5,0.7604477611940299,0.021980114141825578,3.048533333333333,0.04302557379047958,0,
faster_rcnn,3.116,5,0.7604477611940299,0.021980114141825578,3.048533333333333,0.04302557379047958,0,
faster_rcnn,3.1173333333333333,5,0.7604477611940299,0.021980114141825578,3.048533333333333,0.04302557379047958,0,
faster_rcnn,3.1186666666666665,5,0.7604477611940299,0.021980114141825578,3.048533333333333,0.04302557379047958,0,
faster_rcnn,3.12,5,0.7604477611940299,0.021980114141825578,3.048533333333333,0.04302557379047958,0,
faster_rcnn,3.1213333333333333,5,0.7604477611940299,0.021980114141825578,3.048533333333333,0.04302557379047958,0,
faster_rcnn,3.1226666666666665,5,0.7604477611940299,0.021980114141825578,3.048533333333333,0.04302557379047958,0,
faster_rcnn,3.124,5,0.7604477611940299,0.021980114141825578,3.048533333333333,0.04302557379047958,0,
faster_rcnn,3.1253333333333333,5,0.7604477611940299,0.021980114141825578,3.048533333333333,0.04302557379047958,0,
faster_rcnn,3.1266666666666665,5,0.7604477611940299,0.021980114141825578,3.048533333333333,0.04302557379047958,0,
faster_rcnn,3.128,5,0.7604477611940299,0.021980114141825578,3.048533333333333,0.04302557379047958,0,
faster_rcnn,3.1293333333333333,5,0.7604477611940299,0.021980114141825578,3.048533333333333,0.04302557379047958,0,
faster_rcnn,3.1306666666666665,5,0.7611940298507462,0.022542996219392864,3.0799999999999996,0.02976948474902144,0,
faster_rcnn,3.132,5,0.7611940298507462,0.022542996219392864,3.0799999999999996,0.02976948474902144,0,
faster_rcnn,3.1346666666666665,5,0.7611940298507462,0.022542996219392864,3.0799999999999996,0.02976948474902144,0,
faster_rcnn,3.136,5,0.7611940298507462,0.022542996219392864,3.0799999999999996,0.02976948474902144,0,
faster_rcnn,3.1373333333333333,5,0.7611940298507462,0.022542996219392864,3.0799999999999996,0.02976948474902144,0,
faster_rcnn,3.1386666666666665,5,0.7611940298507462,0.022542996219392864,3.0799999999999996,0.02976948474902144,0,
faster_rcnn,3.14,5,0.7611940298507462,0.022542996219392864,3.0799999999999996,0.02976948474902144,0,
faster_rcnn,3.1413333333333333,5,0.7611940298507462,0.022542996219392864,3.0799999999999996,0.02976948474902144,0,
faster_rcnn,3.1426666666666665,5,0.7611940298507462,0.022542996219392864,3.0799999999999996,0.02976948474902144,0,
faster_rcnn,3.144,5,0.7611940298507462,0.022542996219392864,3.0799999999999996,0.02976948474902144,0,
faster_rcnn,3.1453333333333333,5,0.7611940298507462,0.022542996219392864,3.0799999999999996,0.02976948474902144,0,
faster_rcnn,3.1466666666666665,5,0.7611940298507462,0.022542996219392864,3.0799999999999996,0.02976948474902144,0,
faster_rcnn,3.148,5,0.7611940298507462,0.022542996219392864,3.0799999999999996,0.02976948474902144,0,
faster_rcnn,3.1493333333333333,5,0.7611940298507462,0.022542996219392864,3.0799999999999996,0.02976948474902144,0,
faster_rcnn,3.1506666666666665,5,0.7611940298507462,0.022542996219392864,3.0799999999999996,0.02976948474902144,0,
faster_rcnn,3.152,5,0.7619402985074627,0.02291056930299814,3.099733333333334,0.0389575267296179,0,
faster_rcnn,3.1533333333333333,5,0.7619402985074627,0.02291056930299814,3.099733333333334,0.0389575267296179,0,
faster_rcnn,3.1546666666666665,5,0.7619402985074627,0.02291056930299814,3.099733333333334,0.0389575267296179,0,
faster_rcnn,3.156,5,0.762686567164179,0.022788703708361897,3.1154666666666673,0.04329331485473386,0,
faster_rcnn,3.1573333333333333,5,0.762686567164179,0.022788703708361897,3.1154666666666673,0.04329331485473386,0,
faster_rcnn,3.1586666666666665,5,0.762686567164179,0.022788703708361897,3.1154666666666673,0.04329331485473386,0,
faster_rcnn,3.16,5,0.762686567164179,0.022788703708361897,3.1154666666666673,0.04329331485473386,0,
faster_rcnn,3.1613333333333333,5,0.762686567164179,0.022788703708361897,3.1154666666666673,0.04329331485473386,0,
faster_rcnn,3.1626666666666665,5,0.762686567164179,0.022788703708361897,3.1154666666666673,0.04329331485473386,0,
faster_rcnn,3.164,5,0.762686567164179,0.022788703708361897,3.1154666666666673,0.04329331485473386,0,
faster_rcnn,3.1653333333333333,5,0.762686567164179,0.022788703708361897,3.1154666666666673,0.04329331485473386,0,
faster_rcnn,3.1666666666666665,5,0.762686567164179,0.022788703708361897,3.1154666666666673,0.04329331485473386,0,
faster_rcnn,3.168,5,0.762686567164179,0.022788703708361897,3.1154666666666673,0.04329331485473386,0,
faster_rcnn,3.1693333333333333,5,0.762686567164179,0.022788703708361897,3.1154666666666673,0.04329331485473386,0,
faster_rcnn,3.1706666666666665,5,0.762686567164179,0.022788703708361897,3.1154666666666673,0.04329331485473386,0,
faster_rcnn,3.172,5,0.762686567164179,0.022788703708361897,3.1154666666666673,0.04329331485473386,0,
faster_rcnn,3.1733333333333333,5,0.762686567164179,0.022788703708361897,3.1154666666666673,0.04329331485473386,0,
faster_rcnn,3.1746666666666665,5,0.762686567164179,0.022788703708361897,3.1154666666666673,0.04329331485473386,0,
faster_rcnn,3.176,5,0.762686567164179,0.022788703708361897,3.1154666666666673,0.04329331485473386,0,
faster_rcnn,3.1773333333333333,5,0.762686567164179,0.022788703708361897,3.1154666666666673,0.04329331485473386,0,
faster_rcnn,3.1786666666666665,5,0.762686567164179,0.022788703708361897,3.1154666666666673,0.04329331485473386,0,
faster_rcnn,3.18,5,0.762686567164179,0.022788703708361897,3.1154666666666673,0.04329331485473386,0,
faster_rcnn,3.1813333333333333,5,0.762686567164179,0.022788703708361897,3.1154666666666673,0.04329331485473386,0,
faster_rcnn,3.1826666666666665,5,0.762686567164179,0.022788703708361897,3.1154666666666673,0.04329331485473386,0,
faster_rcnn,3.184,5,0.762686567164179,0.022788703708361897,3.1154666666666673,0.04329331485473386,0,
faster_rcnn,3.1853333333333333,5,0.762686567164179,0.022788703708361897,3.1154666666666673,0.04329331485473386,0,
faster_rcnn,3.1866666666666665,5,0.762686567164179,0.022788703708361897,3.1154666666666673,0.04329331485473386,0,
faster_rcnn,3.188,5,0.762686567164179,0.022788703708361897,3.1154666666666673,0.04329331485473386,0,
faster_rcnn,3.1893333333333334,5,0.762686567164179,0.022788703708361897,3.1154666666666673,0.04329331485473386,0,
faster_rcnn,3.1906666666666665,5,0.762686567164179,0.022788703708361897,3.1154666666666673,0.04329331485473386,0,
faster_rcnn,3.192,5,0.762686567164179,0.022788703708361897,3.1154666666666673,0.04329331485473386,0,
faster_rcnn,3.1933333333333334,5,0.762686567164179,0.022788703708361897,3.1154666666666673,0.04329331485473386,0,
faster_rcnn,3.1946666666666665,5,0.762686567164179,0.022788703708361897,3.1154666666666673,0.04329331485473386,0,
faster_rcnn,3.196,5,0.762686567164179,0.022788703708361897,3.1154666666666673,0.04329331485473386,0,
faster_rcnn,3.1973333333333334,5,0.762686567164179,0.022788703708361897,3.1154666666666673,0.04329331485473386,0,
faster_rcnn,3.1986666666666665,5,0.762686567164179,0.022788703708361897,3.1154666666666673,0.04329331485473386,0,
faster_rcnn,3.2,5,0.762686567164179,0.022788703708361897,3.1154666666666673,0.04329331485473386,0,
faster_rcnn,3.2013333333333334,5,0.762686567164179,0.022788703708361897,3.1154666666666673,0.04329331485473386,0,
faster_rcnn,3.2026666666666666,5,0.762686567164179,0.022788703708361897,3.1154666666666673,0.04329331485473386,0,
faster_rcnn,3.204,5,0.762686567164179,0.022788703708361897,3.1154666666666673,0.04329331485473386,0,
faster_rcnn,3.2053333333333334,5,0.762686567164179,0.022788703708361897,3.1154666666666673,0.04329331485473386,0,
faster_rcnn,3.2066666666666666,5,0.7634328358208955,0.023242405227458872,3.1264000000000003,0.0589116098725691,0,
faster_rcnn,3.208,5,0.7634328358208955,0.023242405227458872,3.1264000000000003,0.0589116098725691,0,
faster_rcnn,3.2093333333333334,5,0.7634328358208955,0.023242405227458872,3.1264000000000003,0.0589116098725691,0,
faster_rcnn,3.2106666666666666,5,0.7634328358208955,0.023242405227458872,3.1264000000000003,0.0589116098725691,0,
faster_rcnn,3.212,5,0.7634328358208955,0.023242405227458872,3.1264000000000003,0.0589116098725691,0,
faster_rcnn,3.2133333333333334,5,0.7634328358208955,0.023242405227458872,3.1264000000000003,0.0589116098725691,0,
faster_rcnn,3.2146666666666666,5,0.7634328358208955,0.023242405227458872,3.1264000000000003,0.0589116098725691,0,
faster_rcnn,3.216,5,0.764179104477612,0.02166108249805967,3.1549333333333336,0.06128548858507306,0,
faster_rcnn,3.2173333333333334,5,0.764179104477612,0.02166108249805967,3.1549333333333336,0.06128548858507306,0,
faster_rcnn,3.2186666666666666,5,0.764179104477612,0.02166108249805967,3.1549333333333336,0.06128548858507306,0,
faster_rcnn,3.22,5,0.764179104477612,0.02166108249805967,3.1549333333333336,0.06128548858507306,0,
faster_rcnn,3.2213333333333334,5,0.764179104477612,0.02166108249805967,3.1549333333333336,0.06128548858507306,0,
faster_rcnn,3.2226666666666666,5,0.764179104477612,0.02166108249805967,3.1549333333333336,0.06128548858507306,0,
faster_rcnn,3.224,5,0.764179104477612,0.02166108249805967,3.1549333333333336,0.06128548858507306,0,
faster_rcnn,3.2253333333333334,5,0.764179104477612,0.02166108249805967,3.1549333333333336,0.06128548858507306,0,
faster_rcnn,3.2266666666666666,5,0.764179104477612,0.02166108249805967,3.1549333333333336,0.06128548858507306,0,
faster_rcnn,3.228,5,0.7649253731343284,0.02223204344741226,3.1744,0.06685573190751037,0,
faster_rcnn,3.2293333333333334,5,0.7649253731343284,0.02223204344741226,3.1744,0.06685573190751037,0,
faster_rcnn,3.2306666666666666,5,0.7649253731343284,0.02223204344741226,3.1744,0.06685573190751037,0,
faster_rcnn,3.232,5,0.7649253731343284,0.02223204344741226,3.1744,0.06685573190751037,0,
faster_rcnn,3.2346666666666666,5,0.7649253731343284,0.02223204344741226,3.1744,0.06685573190751037,0,
faster_rcnn,3.236,5,0.7649253731343284,0.02223204344741226,3.1744,0.06685573190751037,0,
faster_rcnn,3.2373333333333334,5,0.7649253731343284,0.02223204344741226,3.1744,0.06685573190751037,0,
faster_rcnn,3.2386666666666666,5,0.7649253731343284,0.02223204344741226,3.1744,0.06685573190751037,0,
faster_rcnn,3.24,5,0.7649253731343284,0.02223204344741226,3.1744,0.06685573190751037,0,
faster_rcnn,3.2413333333333334,5,0.7649253731343284,0.02223204344741226,3.1744,0.06685573190751037,0,
faster_rcnn,3.2426666666666666,5,0.7649253731343284,0.02223204344741226,3.1744,0.06685573190751037,0,
faster_rcnn,3.244,5,0.7649253731343284,0.02223204344741226,3.1744,0.06685573190751037,0,
faster_rcnn,3.2453333333333334,5,0.7649253731343284,0.02223204344741226,3.1744,0.06685573190751037,0,
faster_rcnn,3.248,5,0.7649253731343284,0.02223204344741226,3.1744,0.06685573190751037,0,
faster_rcnn,3.2493333333333334,5,0.7649253731343284,0.02223204344741226,3.1744,0.06685573190751037,0,
faster_rcnn,3.2506666666666666,5,0.7649253731343284,0.02223204344741226,3.1744,0.06685573190751037,0,
faster_rcnn,3.252,5,0.7649253731343284,0.02223204344741226,3.1744,0.06685573190751037,0,
faster_rcnn,3.2533333333333334,5,0.7649253731343284,0.02223204344741226,3.1744,0.06685573190751037,0,
faster_rcnn,3.2546666666666666,5,0.7649253731343284,0.02223204344741226,3.1744,0.06685573190751037,0,
faster_rcnn,3.256,5,0.7649253731343284,0.02223204344741226,3.1744,0.06685573190751037,0,
faster_rcnn,3.2573333333333334,5,0.7649253731343284,0.02223204344741226,3.1744,0.06685573190751037,0,
faster_rcnn,3.2586666666666666,5,0.7649253731343284,0.02223204344741226,3.1744,0.06685573190751037,0,
faster_rcnn,3.26,5,0.7656716417910447,0.02213790593162882,3.1952,0.07533982272934342,0,
faster_rcnn,3.2613333333333334,5,0.7656716417910447,0.02213790593162882,3.1952,0.07533982272934342,0,
faster_rcnn,3.2626666666666666,5,0.7656716417910447,0.02213790593162882,3.1952,0.07533982272934342,0,
faster_rcnn,3.264,5,0.7656716417910447,0.02213790593162882,3.1952,0.07533982272934342,0,
faster_rcnn,3.2653333333333334,5,0.7656716417910447,0.02213790593162882,3.1952,0.07533982272934342,0,
faster_rcnn,3.2666666666666666,5,0.7656716417910447,0.02213790593162882,3.1952,0.07533982272934342,0,
faster_rcnn,3.268,5,0.7656716417910447,0.02213790593162882,3.1952,0.07533982272934342,0,
faster_rcnn,3.2706666666666666,5,0.7656716417910447,0.02213790593162882,3.1952,0.07533982272934342,0,
faster_rcnn,3.272,5,0.7656716417910447,0.02213790593162882,3.1952,0.07533982272934342,0,
faster_rcnn,3.2733333333333334,5,0.7656716417910447,0.02213790593162882,3.1952,0.07533982272934342,0,
faster_rcnn,3.2746666666666666,5,0.7656716417910447,0.02213790593162882,3.1952,0.07533982272934342,0,
faster_rcnn,3.276,5,0.7656716417910447,0.02213790593162882,3.1952,0.07533982272934342,0,
faster_rcnn,3.2773333333333334,5,0.7656716417910447,0.02213790593162882,3.1952,0.07533982272934342,0,
faster_rcnn,3.2786666666666666,5,0.7656716417910447,0.02213790593162882,3.1952,0.07533982272934342,0,
faster_rcnn,3.28,5,0.7656716417910447,0.02213790593162882,3.1952,0.07533982272934342,0,
faster_rcnn,3.2813333333333334,5,0.7656716417910447,0.02213790593162882,3.1952,0.07533982272934342,0,
faster_rcnn,3.2826666666666666,5,0.7656716417910447,0.02213790593162882,3.1952,0.07533982272934342,0,
faster_rcnn,3.284,5,0.7656716417910447,0.02213790593162882,3.1952,0.07533982272934342,0,
faster_rcnn,3.2853333333333334,5,0.7656716417910447,0.02213790593162882,3.1952,0.07533982272934342,0,
faster_rcnn,3.2866666666666666,5,0.7656716417910447,0.02213790593162882,3.1952,0.07533982272934342,0,
faster_rcnn,3.288,5,0.7664179104477612,0.020539341708243106,3.2095999999999996,0.08638106788462901,0,
faster_rcnn,3.2906666666666666,5,0.7664179104477612,0.020539341708243106,3.2095999999999996,0.08638106788462901,0,
faster_rcnn,3.292,5,0.7664179104477612,0.020539341708243106,3.2095999999999996,0.08638106788462901,0,
faster_rcnn,3.2933333333333334,5,0.7664179104477612,0.020539341708243106,3.2095999999999996,0.08638106788462901,0,
faster_rcnn,3.2946666666666666,5,0.7664179104477612,0.020539341708243106,3.2095999999999996,0.08638106788462901,0,
faster_rcnn,3.296,5,0.7664179104477612,0.020539341708243106,3.2095999999999996,0.08638106788462901,0,
faster_rcnn,3.2986666666666666,5,0.7664179104477612,0.020539341708243106,3.2095999999999996,0.08638106788462901,0,
faster_rcnn,3.3,5,0.7664179104477612,0.020539341708243106,3.2095999999999996,0.08638106788462901,0,
faster_rcnn,3.3013333333333335,5,0.7664179104477612,0.020539341708243106,3.2095999999999996,0.08638106788462901,0,
faster_rcnn,3.3026666666666666,5,0.7664179104477612,0.020539341708243106,3.2095999999999996,0.08638106788462901,0,
faster_rcnn,3.304,5,0.7664179104477612,0.020539341708243106,3.2095999999999996,0.08638106788462901,0,
faster_rcnn,3.3053333333333335,5,0.7664179104477612,0.020539341708243106,3.2095999999999996,0.08638106788462901,0,
faster_rcnn,3.3066666666666666,5,0.7664179104477612,0.020539341708243106,3.2095999999999996,0.08638106788462901,0,
faster_rcnn,3.308,5,0.7664179104477612,0.020539341708243106,3.2095999999999996,0.08638106788462901,0,
faster_rcnn,3.3093333333333335,5,0.7664179104477612,0.020539341708243106,3.2095999999999996,0.08638106788462901,0,
faster_rcnn,3.3106666666666666,5,0.7671641791044777,0.021206376475198248,3.2261333333333333,0.09792332601468241,0,
faster_rcnn,3.312,5,0.7671641791044777,0.021206376475198248,3.2261333333333333,0.09792332601468241,0,
faster_rcnn,3.3133333333333335,5,0.7671641791044777,0.021206376475198248,3.2261333333333333,0.09792332601468241,0,
faster_rcnn,3.3146666666666667,5,0.7671641791044777,0.021206376475198248,3.2261333333333333,0.09792332601468241,0,
faster_rcnn,3.316,5,0.7671641791044777,0.021206376475198248,3.2261333333333333,0.09792332601468241,0,
faster_rcnn,3.3173333333333335,5,0.7671641791044777,0.021206376475198248,3.2261333333333333,0.09792332601468241,0,
faster_rcnn,3.3186666666666667,5,0.7671641791044777,0.021206376475198248,3.2261333333333333,0.09792332601468241,0,
faster_rcnn,3.32,5,0.7671641791044777,0.021206376475198248,3.2261333333333333,0.09792332601468241,0,
faster_rcnn,3.3213333333333335,5,0.7671641791044777,0.021206376475198248,3.2261333333333333,0.09792332601468241,0,
faster_rcnn,3.3226666666666667,5,0.7671641791044777,0.021206376475198248,3.2261333333333333,0.09792332601468241,0,
faster_rcnn,3.324,5,0.7671641791044777,0.021206376475198248,3.2261333333333333,0.09792332601468241,0,
faster_rcnn,3.3253333333333335,5,0.7671641791044777,0.021206376475198248,3.2261333333333333,0.09792332601468241,0,
faster_rcnn,3.3266666666666667,5,0.7671641791044777,0.021206376475198248,3.2261333333333333,0.09792332601468241,0,
faster_rcnn,3.328,5,0.7671641791044777,0.021206376475198248,3.2261333333333333,0.09792332601468241,0,
faster_rcnn,3.3293333333333335,5,0.7671641791044777,0.021206376475198248,3.2261333333333333,0.09792332601468241,0,
faster_rcnn,3.3306666666666667,5,0.7671641791044777,0.021206376475198248,3.2261333333333333,0.09792332601468241,0,
faster_rcnn,3.332,5,0.7671641791044777,0.021206376475198248,3.2261333333333333,0.09792332601468241,0,
faster_rcnn,3.3333333333333335,5,0.7671641791044777,0.021206376475198248,3.2261333333333333,0.09792332601468241,0,
faster_rcnn,3.3346666666666667,5,0.7671641791044777,0.021206376475198248,3.2261333333333333,0.09792332601468241,0,
faster_rcnn,3.336,5,0.7671641791044777,0.021206376475198248,3.2261333333333333,0.09792332601468241,0,
faster_rcnn,3.3373333333333335,5,0.7671641791044777,0.021206376475198248,3.2261333333333333,0.09792332601468241,0,
faster_rcnn,3.34,5,0.7671641791044777,0.021206376475198248,3.2261333333333333,0.09792332601468241,0,
faster_rcnn,3.3413333333333335,5,0.7671641791044777,0.021206376475198248,3.2261333333333333,0.09792332601468241,0,
faster_rcnn,3.344,5,0.7671641791044777,0.021206376475198248,3.2261333333333333,0.09792332601468241,0,
faster_rcnn,3.3453333333333335,5,0.7671641791044777,0.021206376475198248,3.2261333333333333,0.09792332601468241,0,
faster_rcnn,3.3466666666666667,5,0.7671641791044777,0.021206376475198248,3.2261333333333333,0.09792332601468241,0,
faster_rcnn,3.348,5,0.7671641791044777,0.021206376475198248,3.2261333333333333,0.09792332601468241,0,
faster_rcnn,3.3493333333333335,5,0.7671641791044777,0.021206376475198248,3.2261333333333333,0.09792332601468241,0,
faster_rcnn,3.3506666666666667,5,0.7671641791044777,0.021206376475198248,3.2261333333333333,0.09792332601468241,0,
faster_rcnn,3.352,5,0.7671641791044777,0.021206376475198248,3.2261333333333333,0.09792332601468241,0,
faster_rcnn,3.3533333333333335,5,0.7671641791044777,0.021206376475198248,3.2261333333333333,0.09792332601468241,0,
faster_rcnn,3.3546666666666667,5,0.7671641791044777,0.021206376475198248,3.2261333333333333,0.09792332601468241,0,
faster_rcnn,3.356,5,0.7671641791044777,0.021206376475198248,3.2261333333333333,0.09792332601468241,0,
faster_rcnn,3.3573333333333335,5,0.7679104477611941,0.021173523819568822,3.2456000000000005,0.11459455096605216,0,
faster_rcnn,3.3586666666666667,5,0.7679104477611941,0.021173523819568822,3.2456000000000005,0.11459455096605216,0,
faster_rcnn,3.36,5,0.7679104477611941,0.021173523819568822,3.2456000000000005,0.11459455096605216,0,
faster_rcnn,3.3613333333333335,5,0.7679104477611941,0.021173523819568822,3.2456000000000005,0.11459455096605216,0,
faster_rcnn,3.3626666666666667,5,0.7679104477611941,0.021173523819568822,3.2456000000000005,0.11459455096605216,0,
faster_rcnn,3.364,5,0.7679104477611941,0.021173523819568822,3.2456000000000005,0.11459455096605216,0,
faster_rcnn,3.3653333333333335,5,0.7679104477611941,0.021173523819568822,3.2456000000000005,0.11459455096605216,0,
faster_rcnn,3.3666666666666667,5,0.7679104477611941,0.021173523819568822,3.2456000000000005,0.11459455096605216,0,
faster_rcnn,3.368,5,0.7679104477611941,0.021173523819568822,3.2456000000000005,0.11459455096605216,0,
faster_rcnn,3.3693333333333335,5,0.7679104477611941,0.021173523819568822,3.2456000000000005,0.11459455096605216,0,
faster_rcnn,3.3706666666666667,5,0.7679104477611941,0.021173523819568822,3.2456000000000005,0.11459455096605216,0,
faster_rcnn,3.372,5,0.7679104477611941,0.021173523819568822,3.2456000000000005,0.11459455096605216,0,
faster_rcnn,3.3733333333333335,5,0.7686567164179104,0.019567329256905838,3.262666666666667,0.12805207274126165,0,
faster_rcnn,3.376,5,0.7686567164179104,0.019567329256905838,3.262666666666667,0.12805207274126165,0,
faster_rcnn,3.3773333333333335,5,0.7686567164179104,0.019567329256905838,3.262666666666667,0.12805207274126165,0,
faster_rcnn,3.3786666666666667,5,0.7686567164179104,0.019567329256905838,3.262666666666667,0.12805207274126165,0,
faster_rcnn,3.38,5,0.7686567164179104,0.019567329256905838,3.262666666666667,0.12805207274126165,0,
faster_rcnn,3.3813333333333335,5,0.7694029850746269,0.01963835427901609,3.2674666666666665,0.1328477825683717,0,
faster_rcnn,3.3826666666666667,5,0.7694029850746269,0.01963835427901609,3.2674666666666665,0.1328477825683717,0,
faster_rcnn,3.384,5,0.7701492537313432,0.020024489350744405,3.3029333333333333,0.13618745251388706,0,
faster_rcnn,3.3853333333333335,5,0.7701492537313432,0.020024489350744405,3.3029333333333333,0.13618745251388706,0,
faster_rcnn,3.3866666666666667,5,0.7701492537313432,0.020024489350744405,3.3029333333333333,0.13618745251388706,0,
faster_rcnn,3.388,5,0.7701492537313432,0.020024489350744405,3.3029333333333333,0.13618745251388706,0,
faster_rcnn,3.3893333333333335,5,0.7701492537313432,0.020024489350744405,3.3029333333333333,0.13618745251388706,0,
faster_rcnn,3.3906666666666667,5,0.7701492537313432,0.020024489350744405,3.3029333333333333,0.13618745251388706,0,
faster_rcnn,3.392,5,0.7701492537313432,0.020024489350744405,3.3029333333333333,0.13618745251388706,0,
faster_rcnn,3.3933333333333335,5,0.7701492537313432,0.020024489350744405,3.3029333333333333,0.13618745251388706,0,
faster_rcnn,3.396,5,0.7701492537313432,0.020024489350744405,3.3029333333333333,0.13618745251388706,0,
faster_rcnn,3.3973333333333335,5,0.7701492537313432,0.020024489350744405,3.3029333333333333,0.13618745251388706,0,
faster_rcnn,3.3986666666666667,5,0.7701492537313432,0.020024489350744405,3.3029333333333333,0.13618745251388706,0,
faster_rcnn,3.4,5,0.7701492537313432,0.020024489350744405,3.3029333333333333,0.13618745251388706,0,
faster_rcnn,3.4013333333333335,5,0.7701492537313432,0.020024489350744405,3.3029333333333333,0.13618745251388706,0,
faster_rcnn,3.4026666666666667,5,0.7701492537313432,0.020024489350744405,3.3029333333333333,0.13618745251388706,0,
faster_rcnn,3.404,5,0.7701492537313432,0.020024489350744405,3.3029333333333333,0.13618745251388706,0,
faster_rcnn,3.4053333333333335,5,0.7701492537313432,0.020024489350744405,3.3029333333333333,0.13618745251388706,0,
faster_rcnn,3.4066666666666667,5,0.7701492537313432,0.020024489350744405,3.3029333333333333,0.13618745251388706,0,
faster_rcnn,3.408,5,0.7708955223880597,0.02053934170824314,3.3077333333333336,0.14012502354048773,0,
faster_rcnn,3.4093333333333335,5,0.7708955223880597,0.02053934170824314,3.3077333333333336,0.14012502354048773,0,
faster_rcnn,3.4106666666666667,5,0.7708955223880597,0.02053934170824314,3.3077333333333336,0.14012502354048773,0,
faster_rcnn,3.412,5,0.7708955223880597,0.02053934170824314,3.3077333333333336,0.14012502354048773,0,
faster_rcnn,3.4133333333333336,5,0.7708955223880597,0.02053934170824314,3.3077333333333336,0.14012502354048773,0,
faster_rcnn,3.4146666666666667,5,0.7716417910447761,0.02117352381956884,3.3090666666666673,0.14134402475284677,0,
faster_rcnn,3.416,5,0.7716417910447761,0.02117352381956884,3.3090666666666673,0.14134402475284677,0,
faster_rcnn,3.417333333333333,5,0.7716417910447761,0.02117352381956884,3.3090666666666673,0.14134402475284677,0,
faster_rcnn,3.4186666666666667,5,0.7716417910447761,0.02117352381956884,3.3090666666666673,0.14134402475284677,0,
faster_rcnn,3.42,5,0.7716417910447761,0.02117352381956884,3.3090666666666673,0.14134402475284677,0,
faster_rcnn,3.421333333333333,5,0.7723880597014926,0.021271929572745134,3.317066666666667,0.14745666029944757,0,
faster_rcnn,3.4226666666666667,5,0.7723880597014926,0.021271929572745134,3.317066666666667,0.14745666029944757,0,
faster_rcnn,3.424,5,0.7723880597014926,0.021271929572745134,3.317066666666667,0.14745666029944757,0,
faster_rcnn,3.425333333333333,5,0.7723880597014926,0.021271929572745134,3.317066666666667,0.14745666029944757,0,
faster_rcnn,3.4266666666666667,5,0.7723880597014926,0.021271929572745134,3.317066666666667,0.14745666029944757,0,
faster_rcnn,3.428,5,0.7723880597014926,0.021271929572745134,3.317066666666667,0.14745666029944757,0,
faster_rcnn,3.429333333333333,5,0.7723880597014926,0.021271929572745134,3.317066666666667,0.14745666029944757,0,
faster_rcnn,3.4306666666666668,5,0.7723880597014926,0.021271929572745134,3.317066666666667,0.14745666029944757,0,
faster_rcnn,3.432,5,0.7723880597014926,0.021271929572745134,3.317066666666667,0.14745666029944757,0,
faster_rcnn,3.433333333333333,5,0.7723880597014926,0.021271929572745134,3.317066666666667,0.14745666029944757,0,
faster_rcnn,3.4346666666666668,5,0.7723880597014926,0.021271929572745134,3.317066666666667,0.14745666029944757,0,
faster_rcnn,3.436,5,0.7723880597014926,0.021271929572745134,3.317066666666667,0.14745666029944757,0,
faster_rcnn,3.437333333333333,5,0.7723880597014926,0.021271929572745134,3.317066666666667,0.14745666029944757,0,
faster_rcnn,3.4386666666666668,5,0.7723880597014926,0.021271929572745134,3.317066666666667,0.14745666029944757,0,
faster_rcnn,3.44,5,0.7723880597014926,0.021271929572745134,3.317066666666667,0.14745666029944757,0,
faster_rcnn,3.441333333333333,5,0.7723880597014926,0.021271929572745134,3.317066666666667,0.14745666029944757,0,
faster_rcnn,3.4426666666666668,5,0.7723880597014926,0.021271929572745134,3.317066666666667,0.14745666029944757,0,
faster_rcnn,3.444,5,0.7723880597014926,0.021271929572745134,3.317066666666667,0.14745666029944757,0,
faster_rcnn,3.445333333333333,5,0.7723880597014926,0.021271929572745134,3.317066666666667,0.14745666029944757,0,
faster_rcnn,3.4466666666666668,5,0.7723880597014926,0.021271929572745134,3.317066666666667,0.14745666029944757,0,
faster_rcnn,3.448,5,0.7723880597014926,0.021271929572745134,3.317066666666667,0.14745666029944757,0,
faster_rcnn,3.449333333333333,5,0.7723880597014926,0.021271929572745134,3.317066666666667,0.14745666029944757,0,
faster_rcnn,3.4506666666666668,5,0.7723880597014926,0.021271929572745134,3.317066666666667,0.14745666029944757,0,
faster_rcnn,3.452,5,0.7723880597014926,0.021271929572745134,3.317066666666667,0.14745666029944757,0,
faster_rcnn,3.453333333333333,5,0.7723880597014926,0.021271929572745134,3.317066666666667,0.14745666029944757,0,
faster_rcnn,3.4546666666666668,5,0.7723880597014926,0.021271929572745134,3.317066666666667,0.14745666029944757,0,
faster_rcnn,3.456,5,0.7723880597014926,0.021271929572745134,3.317066666666667,0.14745666029944757,0,
faster_rcnn,3.457333333333333,5,0.7723880597014926,0.021271929572745134,3.317066666666667,0.14745666029944757,0,
faster_rcnn,3.458666666666667,5,0.7723880597014926,0.021271929572745134,3.317066666666667,0.14745666029944757,0,
faster_rcnn,3.46,5,0.7723880597014926,0.021271929572745134,3.317066666666667,0.14745666029944757,0,
faster_rcnn,3.461333333333333,5,0.7723880597014926,0.021271929572745134,3.317066666666667,0.14745666029944757,0,
faster_rcnn,3.462666666666667,5,0.7723880597014926,0.021271929572745134,3.317066666666667,0.14745666029944757,0,
faster_rcnn,3.464,5,0.7723880597014926,0.021271929572745134,3.317066666666667,0.14745666029944757,0,
faster_rcnn,3.465333333333333,5,0.7723880597014926,0.021271929572745134,3.317066666666667,0.14745666029944757,0,
faster_rcnn,3.466666666666667,5,0.7723880597014926,0.021271929572745134,3.317066666666667,0.14745666029944757,0,
faster_rcnn,3.468,5,0.7723880597014926,0.021271929572745134,3.317066666666667,0.14745666029944757,0,
faster_rcnn,3.469333333333333,5,0.7723880597014926,0.021271929572745134,3.317066666666667,0.14745666029944757,0,
faster_rcnn,3.470666666666667,5,0.7723880597014926,0.021271929572745134,3.317066666666667,0.14745666029944757,0,
faster_rcnn,3.472,5,0.7723880597014926,0.021271929572745134,3.317066666666667,0.14745666029944757,0,
faster_rcnn,3.473333333333333,5,0.7723880597014926,0.021271929572745134,3.317066666666667,0.14745666029944757,0,
faster_rcnn,3.474666666666667,5,0.773134328358209,0.02166108249805972,3.3989333333333334,0.061096644752392106,0,
faster_rcnn,3.476,5,0.773134328358209,0.02166108249805972,3.3989333333333334,0.061096644752392106,0,
faster_rcnn,3.477333333333333,5,0.773134328358209,0.02166108249805972,3.3989333333333334,0.061096644752392106,0,
faster_rcnn,3.478666666666667,5,0.773134328358209,0.02166108249805972,3.3989333333333334,0.061096644752392106,0,
faster_rcnn,3.48,5,0.773134328358209,0.02166108249805972,3.3989333333333334,0.061096644752392106,0,
faster_rcnn,3.481333333333333,5,0.773134328358209,0.02166108249805972,3.3989333333333334,0.061096644752392106,0,
faster_rcnn,3.482666666666667,5,0.773134328358209,0.02166108249805972,3.3989333333333334,0.061096644752392106,0,
faster_rcnn,3.484,5,0.773134328358209,0.02166108249805972,3.3989333333333334,0.061096644752392106,0,
faster_rcnn,3.485333333333333,5,0.773134328358209,0.02166108249805972,3.3989333333333334,0.061096644752392106,0,
faster_rcnn,3.486666666666667,5,0.773134328358209,0.02166108249805972,3.3989333333333334,0.061096644752392106,0,
faster_rcnn,3.488,5,0.7738805970149253,0.021853060394546774,3.4122666666666666,0.0732690627451693,0,
faster_rcnn,3.489333333333333,5,0.7738805970149253,0.021853060394546774,3.4122666666666666,0.0732690627451693,0,
faster_rcnn,3.490666666666667,5,0.7738805970149253,0.021853060394546774,3.4122666666666666,0.0732690627451693,0,
faster_rcnn,3.492,5,0.7738805970149253,0.021853060394546774,3.4122666666666666,0.0732690627451693,0,
faster_rcnn,3.493333333333333,5,0.7738805970149253,0.021853060394546774,3.4122666666666666,0.0732690627451693,0,
faster_rcnn,3.494666666666667,5,0.7738805970149253,0.021853060394546774,3.4122666666666666,0.0732690627451693,0,
faster_rcnn,3.496,5,0.7738805970149253,0.021853060394546774,3.4122666666666666,0.0732690627451693,0,
faster_rcnn,3.497333333333333,5,0.7738805970149253,0.021853060394546774,3.4122666666666666,0.0732690627451693,0,
faster_rcnn,3.498666666666667,5,0.7738805970149253,0.021853060394546774,3.4122666666666666,0.0732690627451693,0,
faster_rcnn,3.5,5,0.7738805970149253,0.021853060394546774,3.4122666666666666,0.0732690627451693,0,
faster_rcnn,3.501333333333333,5,0.7746268656716417,0.022169329518676072,3.414933333333333,0.07686871925562436,0,
faster_rcnn,3.502666666666667,5,0.7746268656716417,0.022169329518676072,3.414933333333333,0.07686871925562436,0,
faster_rcnn,3.504,5,0.7746268656716417,0.022169329518676072,3.414933333333333,0.07686871925562436,0,
faster_rcnn,3.505333333333333,5,0.7746268656716417,0.022169329518676072,3.414933333333333,0.07686871925562436,0,
faster_rcnn,3.506666666666667,5,0.7746268656716417,0.022169329518676072,3.414933333333333,0.07686871925562436,0,
faster_rcnn,3.508,5,0.7746268656716417,0.022169329518676072,3.414933333333333,0.07686871925562436,0,
faster_rcnn,3.509333333333333,5,0.7746268656716417,0.022169329518676072,3.414933333333333,0.07686871925562436,0,
faster_rcnn,3.510666666666667,5,0.7746268656716417,0.022169329518676072,3.414933333333333,0.07686871925562436,0,
faster_rcnn,3.512,5,0.7746268656716417,0.022169329518676072,3.414933333333333,0.07686871925562436,0,
faster_rcnn,3.513333333333333,5,0.7746268656716417,0.022169329518676072,3.414933333333333,0.07686871925562436,0,
faster_rcnn,3.514666666666667,5,0.7746268656716417,0.022169329518676072,3.414933333333333,0.07686871925562436,0,
faster_rcnn,3.516,5,0.7746268656716417,0.022169329518676072,3.414933333333333,0.07686871925562436,0,
faster_rcnn,3.517333333333333,5,0.7746268656716417,0.022169329518676072,3.414933333333333,0.07686871925562436,0,
faster_rcnn,3.518666666666667,5,0.7746268656716417,0.022169329518676072,3.414933333333333,0.07686871925562436,0,
faster_rcnn,3.52,5,0.7746268656716417,0.022169329518676072,3.414933333333333,0.07686871925562436,0,
faster_rcnn,3.521333333333333,5,0.7746268656716417,0.022169329518676072,3.414933333333333,0.07686871925562436,0,
faster_rcnn,3.522666666666667,5,0.7753731343283581,0.02260467347889698,3.4245333333333337,0.08833572323811018,0,
faster_rcnn,3.524,5,0.7753731343283581,0.02260467347889698,3.4245333333333337,0.08833572323811018,0,
faster_rcnn,3.525333333333333,5,0.7753731343283581,0.02260467347889698,3.4245333333333337,0.08833572323811018,0,
faster_rcnn,3.526666666666667,5,0.7753731343283581,0.02260467347889698,3.4245333333333337,0.08833572323811018,0,
faster_rcnn,3.528,5,0.7753731343283581,0.02260467347889698,3.4245333333333337,0.08833572323811018,0,
faster_rcnn,3.529333333333333,5,0.7753731343283581,0.02260467347889698,3.4245333333333337,0.08833572323811018,0,
faster_rcnn,3.532,5,0.7753731343283581,0.02260467347889698,3.4245333333333337,0.08833572323811018,0,
faster_rcnn,3.533333333333333,5,0.7753731343283581,0.02260467347889698,3.4245333333333337,0.08833572323811018,0,
faster_rcnn,3.534666666666667,5,0.7753731343283581,0.02260467347889698,3.4245333333333337,0.08833572323811018,0,
faster_rcnn,3.536,5,0.7753731343283581,0.02260467347889698,3.4245333333333337,0.08833572323811018,0,
faster_rcnn,3.537333333333333,5,0.7753731343283581,0.02260467347889698,3.4245333333333337,0.08833572323811018,0,
faster_rcnn,3.538666666666667,5,0.7761194029850745,0.023001544787197695,3.470133333333334,0.07224403089529265,0,
faster_rcnn,3.54,5,0.7761194029850745,0.023001544787197695,3.470133333333334,0.07224403089529265,0,
faster_rcnn,3.541333333333333,5,0.776865671641791,0.023510423883616977,3.4954666666666667,0.0701084873606612,0,
faster_rcnn,3.542666666666667,5,0.776865671641791,0.023510423883616977,3.4954666666666667,0.0701084873606612,0,
faster_rcnn,3.544,5,0.776865671641791,0.023510423883616977,3.4954666666666667,0.0701084873606612,0,
faster_rcnn,3.5453333333333332,5,0.776865671641791,0.023510423883616977,3.4954666666666667,0.0701084873606612,0,
faster_rcnn,3.546666666666667,5,0.776865671641791,0.023510423883616977,3.4954666666666667,0.0701084873606612,0,
faster_rcnn,3.548,5,0.776865671641791,0.023510423883616977,3.4954666666666667,0.0701084873606612,0,
faster_rcnn,3.5493333333333332,5,0.776865671641791,0.023510423883616977,3.4954666666666667,0.0701084873606612,0,
faster_rcnn,3.550666666666667,5,0.776865671641791,0.023510423883616977,3.4954666666666667,0.0701084873606612,0,
faster_rcnn,3.552,5,0.776865671641791,0.023510423883616977,3.4954666666666667,0.0701084873606612,0,
faster_rcnn,3.5533333333333332,5,0.776865671641791,0.023510423883616977,3.4954666666666667,0.0701084873606612,0,
faster_rcnn,3.554666666666667,5,0.776865671641791,0.023510423883616977,3.4954666666666667,0.0701084873606612,0,
faster_rcnn,3.556,5,0.7776119402985074,0.02412422369439497,3.4984,0.07276384938812523,0,
faster_rcnn,3.5573333333333332,5,0.7783582089552239,0.024553259516958376,3.5053333333333336,0.07717224601860144,0,
faster_rcnn,3.558666666666667,5,0.7791044776119402,0.02508617360294273,3.5056000000000003,0.07739882284491009,0,
faster_rcnn,3.56,5,0.7791044776119402,0.02508617360294273,3.5056000000000003,0.07739882284491009,0,
faster_rcnn,3.5613333333333332,5,0.7791044776119402,0.02508617360294273,3.5056000000000003,0.07739882284491009,0,
faster_rcnn,3.562666666666667,5,0.7791044776119402,0.02508617360294273,3.5056000000000003,0.07739882284491009,0,
faster_rcnn,3.564,5,0.7791044776119402,0.02508617360294273,3.5056000000000003,0.07739882284491009,0,
faster_rcnn,3.5653333333333332,5,0.7791044776119402,0.02508617360294273,3.5056000000000003,0.07739882284491009,0,
faster_rcnn,3.566666666666667,5,0.7791044776119402,0.02508617360294273,3.5056000000000003,0.07739882284491009,0,
faster_rcnn,3.568,5,0.7791044776119402,0.02508617360294273,3.5056000000000003,0.07739882284491009,0,
faster_rcnn,3.5693333333333332,5,0.7791044776119402,0.02508617360294273,3.5056000000000003,0.07739882284491009,0,
faster_rcnn,3.570666666666667,5,0.7791044776119402,0.02508617360294273,3.5056000000000003,0.07739882284491009,0,
faster_rcnn,3.572,5,0.7791044776119402,0.02508617360294273,3.5056000000000003,0.07739882284491009,0,
faster_rcnn,3.5733333333333333,5,0.7791044776119402,0.02508617360294273,3.5056000000000003,0.07739882284491009,0,
faster_rcnn,3.576,5,0.7791044776119402,0.02508617360294273,3.5056000000000003,0.07739882284491009,0,
faster_rcnn,3.5773333333333333,5,0.7791044776119402,0.02508617360294273,3.5056000000000003,0.07739882284491009,0,
faster_rcnn,3.578666666666667,5,0.7791044776119402,0.02508617360294273,3.5056000000000003,0.07739882284491009,0,
faster_rcnn,3.58,5,0.7791044776119402,0.02508617360294273,3.5056000000000003,0.07739882284491009,0,
faster_rcnn,3.5813333333333333,5,0.7791044776119402,0.02508617360294273,3.5056000000000003,0.07739882284491009,0,
faster_rcnn,3.582666666666667,5,0.7791044776119402,0.02508617360294273,3.5056000000000003,0.07739882284491009,0,
faster_rcnn,3.584,5,0.7791044776119402,0.02508617360294273,3.5056000000000003,0.07739882284491009,0,
faster_rcnn,3.5853333333333333,5,0.7791044776119402,0.02508617360294273,3.5056000000000003,0.07739882284491009,0,
faster_rcnn,3.5866666666666664,5,0.7791044776119402,0.02508617360294273,3.5056000000000003,0.07739882284491009,0,
faster_rcnn,3.588,5,0.7791044776119402,0.02508617360294273,3.5056000000000003,0.07739882284491009,0,
faster_rcnn,3.5893333333333333,5,0.7791044776119402,0.02508617360294273,3.5056000000000003,0.07739882284491009,0,
faster_rcnn,3.5906666666666665,5,0.7791044776119402,0.02508617360294273,3.5056000000000003,0.07739882284491009,0,
faster_rcnn,3.592,5,0.7791044776119402,0.02508617360294273,3.5056000000000003,0.07739882284491009,0,
faster_rcnn,3.5933333333333333,5,0.7791044776119402,0.02508617360294273,3.5056000000000003,0.07739882284491009,0,
faster_rcnn,3.5946666666666665,5,0.7798507462686567,0.025716508865839986,3.5128,0.08488214051128636,0,
faster_rcnn,3.596,5,0.7798507462686567,0.025716508865839986,3.5128,0.08488214051128636,0,
faster_rcnn,3.5973333333333333,5,0.7798507462686567,0.025716508865839986,3.5128,0.08488214051128636,0,
faster_rcnn,3.5986666666666665,5,0.7798507462686567,0.025716508865839986,3.5128,0.08488214051128636,0,
faster_rcnn,3.6,5,0.7798507462686567,0.025716508865839986,3.5128,0.08488214051128636,0,
faster_rcnn,3.6013333333333333,5,0.7798507462686567,0.025716508865839986,3.5128,0.08488214051128636,0,
faster_rcnn,3.6026666666666665,5,0.7798507462686567,0.025716508865839986,3.5128,0.08488214051128636,0,
faster_rcnn,3.604,5,0.7798507462686567,0.025716508865839986,3.5128,0.08488214051128636,0,
faster_rcnn,3.6053333333333333,5,0.7798507462686567,0.025716508865839986,3.5128,0.08488214051128636,0,
faster_rcnn,3.6066666666666665,5,0.7805970149253731,0.026437297886445332,3.5152,0.08789185273833838,0,
faster_rcnn,3.608,5,0.7805970149253731,0.026437297886445332,3.5152,0.08789185273833838,0,
faster_rcnn,3.6093333333333333,5,0.7805970149253731,0.026437297886445332,3.5152,0.08789185273833838,0,
faster_rcnn,3.6106666666666665,5,0.7805970149253731,0.026437297886445332,3.5152,0.08789185273833838,0,
faster_rcnn,3.612,5,0.7805970149253731,0.026437297886445332,3.5152,0.08789185273833838,0,
faster_rcnn,3.6133333333333333,5,0.7805970149253731,0.026437297886445332,3.5152,0.08789185273833838,0,
faster_rcnn,3.6146666666666665,5,0.7805970149253731,0.026437297886445332,3.5152,0.08789185273833838,0,
faster_rcnn,3.616,5,0.7805970149253731,0.026437297886445332,3.5152,0.08789185273833838,0,
faster_rcnn,3.6173333333333333,5,0.7805970149253731,0.026437297886445332,3.5152,0.08789185273833838,0,
faster_rcnn,3.6186666666666665,5,0.7805970149253731,0.026437297886445332,3.5152,0.08789185273833838,0,
faster_rcnn,3.62,5,0.7805970149253731,0.026437297886445332,3.5152,0.08789185273833838,0,
faster_rcnn,3.6213333333333333,5,0.7805970149253731,0.026437297886445332,3.5152,0.08789185273833838,0,
faster_rcnn,3.6226666666666665,5,0.7805970149253731,0.026437297886445332,3.5152,0.08789185273833838,0,
faster_rcnn,3.624,5,0.7805970149253731,0.026437297886445332,3.5152,0.08789185273833838,0,
faster_rcnn,3.6253333333333333,5,0.7805970149253731,0.026437297886445332,3.5152,0.08789185273833838,0,
faster_rcnn,3.6266666666666665,5,0.7813432835820896,0.02659482041970967,3.5402666666666667,0.09998844377671282,0,
faster_rcnn,3.628,5,0.7813432835820896,0.02659482041970967,3.5402666666666667,0.09998844377671282,0,
faster_rcnn,3.6293333333333333,5,0.782089552238806,0.027113286753111886,3.554933333333333,0.10793578337758661,0,
faster_rcnn,3.6306666666666665,5,0.782089552238806,0.027113286753111886,3.554933333333333,0.10793578337758661,0,
faster_rcnn,3.632,5,0.782089552238806,0.027113286753111886,3.554933333333333,0.10793578337758661,0,
faster_rcnn,3.6333333333333333,5,0.7828358208955224,0.025499029198910273,3.606933333333333,0.03952383247274136,0,
faster_rcnn,3.6346666666666665,5,0.7835820895522388,0.025716508865839958,3.626133333333333,0.011337254223723411,0,
faster_rcnn,3.636,5,0.7835820895522388,0.025716508865839958,3.626133333333333,0.011337254223723411,0,
faster_rcnn,3.6373333333333333,5,0.7835820895522388,0.025716508865839958,3.626133333333333,0.011337254223723411,0,
faster_rcnn,3.6386666666666665,5,0.7835820895522388,0.025716508865839958,3.626133333333333,0.011337254223723411,0,
faster_rcnn,3.64,5,0.7835820895522388,0.025716508865839958,3.626133333333333,0.011337254223723411,0,
faster_rcnn,3.6413333333333333,5,0.7835820895522388,0.025716508865839958,3.626133333333333,0.011337254223723411,0,
faster_rcnn,3.6426666666666665,5,0.7835820895522388,0.025716508865839958,3.626133333333333,0.011337254223723411,0,
faster_rcnn,3.644,5,0.7835820895522388,0.025716508865839958,3.626133333333333,0.011337254223723411,0,
faster_rcnn,3.6453333333333333,5,0.7835820895522388,0.025716508865839958,3.626133333333333,0.011337254223723411,0,
faster_rcnn,3.6466666666666665,5,0.7835820895522388,0.025716508865839958,3.626133333333333,0.011337254223723411,0,
faster_rcnn,3.648,5,0.7843283582089552,0.0240953496880044,3.6290666666666667,0.0149785031146493,0,
faster_rcnn,3.6493333333333333,5,0.7843283582089552,0.0240953496880044,3.6290666666666667,0.0149785031146493,0,
faster_rcnn,3.6506666666666665,5,0.7843283582089552,0.0240953496880044,3.6290666666666667,0.0149785031146493,0,
faster_rcnn,3.652,5,0.7843283582089552,0.0240953496880044,3.6290666666666667,0.0149785031146493,0,
faster_rcnn,3.6533333333333333,5,0.7843283582089552,0.0240953496880044,3.6290666666666667,0.0149785031146493,0,
faster_rcnn,3.6546666666666665,5,0.7843283582089552,0.0240953496880044,3.6290666666666667,0.0149785031146493,0,
faster_rcnn,3.656,5,0.7843283582089552,0.0240953496880044,3.6290666666666667,0.0149785031146493,0,
faster_rcnn,3.6573333333333333,5,0.7850746268656716,0.02248114974834635,3.6309333333333327,0.018169571633182103,0,
faster_rcnn,3.6586666666666665,5,0.7850746268656716,0.02248114974834635,3.6309333333333327,0.018169571633182103,0,
faster_rcnn,3.66,5,0.7850746268656716,0.02248114974834635,3.6309333333333327,0.018169571633182103,0,
faster_rcnn,3.6613333333333333,5,0.7850746268656716,0.02248114974834635,3.6309333333333327,0.018169571633182103,0,
faster_rcnn,3.6626666666666665,5,0.7858208955223881,0.023242405227458837,3.642133333333333,0.016669333120034147,0,
faster_rcnn,3.664,5,0.7858208955223881,0.023242405227458837,3.642133333333333,0.016669333120034147,0,
faster_rcnn,3.6653333333333333,5,0.7858208955223881,0.023242405227458837,3.642133333333333,0.016669333120034147,0,
faster_rcnn,3.6666666666666665,5,0.7858208955223881,0.023242405227458837,3.642133333333333,0.016669333120034147,0,
faster_rcnn,3.668,5,0.7858208955223881,0.023242405227458837,3.642133333333333,0.016669333120034147,0,
faster_rcnn,3.6693333333333333,5,0.7858208955223881,0.023242405227458837,3.642133333333333,0.016669333120034147,0,
faster_rcnn,3.6706666666666665,5,0.7858208955223881,0.023242405227458837,3.642133333333333,0.016669333120034147,0,
faster_rcnn,3.672,5,0.7858208955223881,0.023242405227458837,3.642133333333333,0.016669333120034147,0,
faster_rcnn,3.6733333333333333,5,0.7858208955223881,0.023242405227458837,3.642133333333333,0.016669333120034147,0,
faster_rcnn,3.6746666666666665,5,0.7858208955223881,0.023242405227458837,3.642133333333333,0.016669333120034147,0,
faster_rcnn,3.676,5,0.7858208955223881,0.023242405227458837,3.642133333333333,0.016669333120034147,0,
faster_rcnn,3.6773333333333333,5,0.7865671641791045,0.02351042388361694,3.650666666666667,0.021969676071045482,0,
faster_rcnn,3.68,5,0.7865671641791045,0.02351042388361694,3.650666666666667,0.021969676071045482,0,
faster_rcnn,3.6813333333333333,5,0.7865671641791045,0.02351042388361694,3.650666666666667,0.021969676071045482,0,
faster_rcnn,3.6826666666666665,5,0.7865671641791045,0.02351042388361694,3.650666666666667,0.021969676071045482,0,
faster_rcnn,3.684,5,0.7865671641791045,0.02351042388361694,3.650666666666667,0.021969676071045482,0,
faster_rcnn,3.6853333333333333,5,0.7865671641791045,0.02351042388361694,3.650666666666667,0.021969676071045482,0,
faster_rcnn,3.6866666666666665,5,0.7865671641791045,0.02351042388361694,3.650666666666667,0.021969676071045482,0,
faster_rcnn,3.688,5,0.7865671641791045,0.02351042388361694,3.650666666666667,0.021969676071045482,0,
faster_rcnn,3.6893333333333334,5,0.7865671641791045,0.02351042388361694,3.650666666666667,0.021969676071045482,0,
faster_rcnn,3.6906666666666665,5,0.7865671641791045,0.02351042388361694,3.650666666666667,0.021969676071045482,0,
faster_rcnn,3.692,5,0.7865671641791045,0.02351042388361694,3.650666666666667,0.021969676071045482,0,
faster_rcnn,3.6933333333333334,5,0.7865671641791045,0.02351042388361694,3.650666666666667,0.021969676071045482,0,
faster_rcnn,3.6946666666666665,5,0.7865671641791045,0.02351042388361694,3.650666666666667,0.021969676071045482,0,
faster_rcnn,3.696,5,0.7865671641791045,0.02351042388361694,3.650666666666667,0.021969676071045482,0,
faster_rcnn,3.6973333333333334,5,0.7865671641791045,0.02351042388361694,3.650666666666667,0.021969676071045482,0,
faster_rcnn,3.6986666666666665,5,0.7873134328358209,0.024325382108965076,3.657866666666666,0.03094942110390221,0,
faster_rcnn,3.7,5,0.7873134328358209,0.024325382108965076,3.657866666666666,0.03094942110390221,0,
faster_rcnn,3.7013333333333334,5,0.7873134328358209,0.024325382108965076,3.657866666666666,0.03094942110390221,0,
faster_rcnn,3.7026666666666666,5,0.7873134328358209,0.024325382108965076,3.657866666666666,0.03094942110390221,0,
faster_rcnn,3.704,5,0.7873134328358209,0.024325382108965076,3.657866666666666,0.03094942110390221,0,
faster_rcnn,3.7053333333333334,5,0.7873134328358209,0.024325382108965076,3.657866666666666,0.03094942110390221,0,
faster_rcnn,3.7066666666666666,5,0.7873134328358209,0.024325382108965076,3.657866666666666,0.03094942110390221,0,
faster_rcnn,3.708,5,0.7873134328358209,0.024325382108965076,3.657866666666666,0.03094942110390221,0,
faster_rcnn,3.7093333333333334,5,0.7873134328358209,0.024325382108965076,3.657866666666666,0.03094942110390221,0,
faster_rcnn,3.7106666666666666,5,0.7873134328358209,0.024325382108965076,3.657866666666666,0.03094942110390221,0,
faster_rcnn,3.712,5,0.7873134328358209,0.024325382108965076,3.657866666666666,0.03094942110390221,0,
faster_rcnn,3.7133333333333334,5,0.7873134328358209,0.024325382108965076,3.657866666666666,0.03094942110390221,0,
faster_rcnn,3.7146666666666666,5,0.7873134328358209,0.024325382108965076,3.657866666666666,0.03094942110390221,0,
faster_rcnn,3.716,5,0.7873134328358209,0.024325382108965076,3.657866666666666,0.03094942110390221,0,
faster_rcnn,3.7173333333333334,5,0.7873134328358209,0.024325382108965076,3.657866666666666,0.03094942110390221,0,
faster_rcnn,3.7186666666666666,5,0.7873134328358209,0.024325382108965076,3.657866666666666,0.03094942110390221,0,
faster_rcnn,3.72,5,0.7873134328358209,0.024325382108965076,3.657866666666666,0.03094942110390221,0,
faster_rcnn,3.7213333333333334,5,0.7873134328358209,0.024325382108965076,3.657866666666666,0.03094942110390221,0,
faster_rcnn,3.7226666666666666,5,0.7873134328358209,0.024325382108965076,3.657866666666666,0.03094942110390221,0,
faster_rcnn,3.724,5,0.7880597014925372,0.022758135346234176,3.6712000000000002,0.04276654975302294,0,
faster_rcnn,3.7253333333333334,5,0.7888059701492537,0.02278870370836188,3.6909333333333336,0.039736912590464635,0,
faster_rcnn,3.728,5,0.7888059701492537,0.02278870370836188,3.6909333333333336,0.039736912590464635,0,
faster_rcnn,3.7293333333333334,5,0.7888059701492537,0.02278870370836188,3.6909333333333336,0.039736912590464635,0,
faster_rcnn,3.7306666666666666,5,0.7888059701492537,0.02278870370836188,3.6909333333333336,0.039736912590464635,0,
faster_rcnn,3.732,5,0.7888059701492537,0.02278870370836188,3.6909333333333336,0.039736912590464635,0,
faster_rcnn,3.7333333333333334,5,0.7888059701492537,0.02278870370836188,3.6909333333333336,0.039736912590464635,0,
faster_rcnn,3.7346666666666666,5,0.7888059701492537,0.02278870370836188,3.6909333333333336,0.039736912590464635,0,
faster_rcnn,3.7373333333333334,5,0.7888059701492537,0.02278870370836188,3.6909333333333336,0.039736912590464635,0,
faster_rcnn,3.7386666666666666,5,0.7888059701492537,0.02278870370836188,3.6909333333333336,0.039736912590464635,0,
faster_rcnn,3.74,5,0.7888059701492537,0.02278870370836188,3.6909333333333336,0.039736912590464635,0,
faster_rcnn,3.7413333333333334,5,0.7888059701492537,0.02278870370836188,3.6909333333333336,0.039736912590464635,0,
faster_rcnn,3.744,5,0.7888059701492537,0.02278870370836188,3.6909333333333336,0.039736912590464635,0,
faster_rcnn,3.7453333333333334,5,0.7888059701492537,0.02278870370836188,3.6909333333333336,0.039736912590464635,0,
faster_rcnn,3.7466666666666666,5,0.7888059701492537,0.02278870370836188,3.6909333333333336,0.039736912590464635,0,
faster_rcnn,3.748,5,0.7888059701492537,0.02278870370836188,3.6909333333333336,0.039736912590464635,0,
faster_rcnn,3.7493333333333334,5,0.7888059701492537,0.02278870370836188,3.6909333333333336,0.039736912590464635,0,
faster_rcnn,3.7506666666666666,5,0.7888059701492537,0.02278870370836188,3.6909333333333336,0.039736912590464635,0,
faster_rcnn,3.752,5,0.7888059701492537,0.02278870370836188,3.6909333333333336,0.039736912590464635,0,
faster_rcnn,3.7533333333333334,5,0.7888059701492537,0.02278870370836188,3.6909333333333336,0.039736912590464635,0,
faster_rcnn,3.7546666666666666,5,0.7888059701492537,0.02278870370836188,3.6909333333333336,0.039736912590464635,0,
faster_rcnn,3.756,5,0.7888059701492537,0.02278870370836188,3.6909333333333336,0.039736912590464635,0,
faster_rcnn,3.7573333333333334,5,0.7888059701492537,0.02278870370836188,3.6909333333333336,0.039736912590464635,0,
faster_rcnn,3.7586666666666666,5,0.7888059701492537,0.02278870370836188,3.6909333333333336,0.039736912590464635,0,
faster_rcnn,3.76,5,0.7888059701492537,0.02278870370836188,3.6909333333333336,0.039736912590464635,0,
faster_rcnn,3.7613333333333334,5,0.7888059701492537,0.02278870370836188,3.6909333333333336,0.039736912590464635,0,
faster_rcnn,3.7626666666666666,5,0.7888059701492537,0.02278870370836188,3.6909333333333336,0.039736912590464635,0,
faster_rcnn,3.764,5,0.7888059701492537,0.02278870370836188,3.6909333333333336,0.039736912590464635,0,
faster_rcnn,3.7653333333333334,5,0.7888059701492537,0.02278870370836188,3.6909333333333336,0.039736912590464635,0,
faster_rcnn,3.768,5,0.7888059701492537,0.02278870370836188,3.6909333333333336,0.039736912590464635,0,
faster_rcnn,3.7693333333333334,5,0.7888059701492537,0.02278870370836188,3.6909333333333336,0.039736912590464635,0,
faster_rcnn,3.7706666666666666,5,0.7888059701492537,0.02278870370836188,3.6909333333333336,0.039736912590464635,0,
faster_rcnn,3.772,5,0.7888059701492537,0.02278870370836188,3.6909333333333336,0.039736912590464635,0,
faster_rcnn,3.7733333333333334,5,0.7888059701492537,0.02278870370836188,3.6909333333333336,0.039736912590464635,0,
faster_rcnn,3.7746666666666666,5,0.7888059701492537,0.02278870370836188,3.6909333333333336,0.039736912590464635,0,
faster_rcnn,3.776,5,0.7888059701492537,0.02278870370836188,3.6909333333333336,0.039736912590464635,0,
faster_rcnn,3.7786666666666666,5,0.7888059701492537,0.02278870370836188,3.6909333333333336,0.039736912590464635,0,
faster_rcnn,3.78,5,0.7888059701492537,0.02278870370836188,3.6909333333333336,0.039736912590464635,0,
faster_rcnn,3.7813333333333334,5,0.7895522388059701,0.023242405227458858,3.721333333333333,0.03896437118987328,0,
faster_rcnn,3.7826666666666666,5,0.7902985074626866,0.021661082498059703,3.7330666666666668,0.04779958158812693,0,
faster_rcnn,3.784,5,0.7902985074626866,0.021661082498059703,3.7330666666666668,0.04779958158812693,0,
faster_rcnn,3.7853333333333334,5,0.7902985074626866,0.021661082498059703,3.7330666666666668,0.04779958158812693,0,
faster_rcnn,3.7866666666666666,5,0.7902985074626866,0.021661082498059703,3.7330666666666668,0.04779958158812693,0,
faster_rcnn,3.788,5,0.7902985074626866,0.021661082498059703,3.7330666666666668,0.04779958158812693,0,
faster_rcnn,3.7893333333333334,5,0.7902985074626866,0.021661082498059703,3.7330666666666668,0.04779958158812693,0,
faster_rcnn,3.7906666666666666,5,0.7902985074626866,0.021661082498059703,3.7330666666666668,0.04779958158812693,0,
faster_rcnn,3.792,5,0.7902985074626866,0.021661082498059703,3.7330666666666668,0.04779958158812693,0,
faster_rcnn,3.7933333333333334,5,0.7902985074626866,0.021661082498059703,3.7330666666666668,0.04779958158812693,0,
faster_rcnn,3.7946666666666666,5,0.7902985074626866,0.021661082498059703,3.7330666666666668,0.04779958158812693,0,
faster_rcnn,3.796,5,0.7902985074626866,0.021661082498059703,3.7330666666666668,0.04779958158812693,0,
faster_rcnn,3.7973333333333334,5,0.7902985074626866,0.021661082498059703,3.7330666666666668,0.04779958158812693,0,
faster_rcnn,3.7986666666666666,5,0.791044776119403,0.02254299621939289,3.7530666666666668,0.05064385451365248,0,
faster_rcnn,3.8,5,0.7917910447761194,0.022604673478896983,3.768,0.051424162068471675,0,
faster_rcnn,3.8013333333333335,5,0.7917910447761194,0.022604673478896983,3.768,0.051424162068471675,0,
faster_rcnn,3.8026666666666666,5,0.7917910447761194,0.022604673478896983,3.768,0.051424162068471675,0,
faster_rcnn,3.804,5,0.7917910447761194,0.022604673478896983,3.768,0.051424162068471675,0,
faster_rcnn,3.8053333333333335,5,0.7917910447761194,0.022604673478896983,3.768,0.051424162068471675,0,
faster_rcnn,3.8066666666666666,5,0.7925373134328358,0.021041600268465202,3.7727999999999993,0.05418158768847994,0,
faster_rcnn,3.808,5,0.7925373134328358,0.021041600268465202,3.7727999999999993,0.05418158768847994,0,
faster_rcnn,3.8093333333333335,5,0.7925373134328358,0.021041600268465202,3.7727999999999993,0.05418158768847994,0,
faster_rcnn,3.8106666666666666,5,0.7925373134328358,0.021041600268465202,3.7727999999999993,0.05418158768847994,0,
faster_rcnn,3.812,5,0.7925373134328358,0.021041600268465202,3.7727999999999993,0.05418158768847994,0,
faster_rcnn,3.8133333333333335,5,0.7925373134328358,0.021041600268465202,3.7727999999999993,0.05418158768847994,0,
faster_rcnn,3.8146666666666667,5,0.7925373134328358,0.021041600268465202,3.7727999999999993,0.05418158768847994,0,
faster_rcnn,3.816,5,0.7925373134328358,0.021041600268465202,3.7727999999999993,0.05418158768847994,0,
faster_rcnn,3.8173333333333335,5,0.7925373134328358,0.021041600268465202,3.7727999999999993,0.05418158768847994,0,
faster_rcnn,3.8186666666666667,5,0.7925373134328358,0.021041600268465202,3.7727999999999993,0.05418158768847994,0,
faster_rcnn,3.82,5,0.7925373134328358,0.021041600268465202,3.7727999999999993,0.05418158768847994,0,
faster_rcnn,3.8213333333333335,5,0.7925373134328358,0.021041600268465202,3.7727999999999993,0.05418158768847994,0,
faster_rcnn,3.8226666666666667,5,0.7925373134328358,0.021041600268465202,3.7727999999999993,0.05418158768847994,0,
faster_rcnn,3.824,5,0.7925373134328358,0.021041600268465202,3.7727999999999993,0.05418158768847994,0,
faster_rcnn,3.8253333333333335,5,0.7925373134328358,0.021041600268465202,3.7727999999999993,0.05418158768847994,0,
faster_rcnn,3.8266666666666667,5,0.7925373134328358,0.021041600268465202,3.7727999999999993,0.05418158768847994,0,
faster_rcnn,3.828,5,0.7925373134328358,0.021041600268465202,3.7727999999999993,0.05418158768847994,0,
faster_rcnn,3.8293333333333335,5,0.7925373134328358,0.021041600268465202,3.7727999999999993,0.05418158768847994,0,
faster_rcnn,3.8306666666666667,5,0.7925373134328358,0.021041600268465202,3.7727999999999993,0.05418158768847994,0,
faster_rcnn,3.832,5,0.7925373134328358,0.021041600268465202,3.7727999999999993,0.05418158768847994,0,
faster_rcnn,3.8333333333333335,5,0.7925373134328358,0.021041600268465202,3.7727999999999993,0.05418158768847994,0,
faster_rcnn,3.8346666666666667,5,0.7925373134328358,0.021041600268465202,3.7727999999999993,0.05418158768847994,0,
faster_rcnn,3.836,5,0.7925373134328358,0.021041600268465202,3.7727999999999993,0.05418158768847994,0,
faster_rcnn,3.8373333333333335,5,0.7925373134328358,0.021041600268465202,3.7727999999999993,0.05418158768847994,0,
faster_rcnn,3.8386666666666667,5,0.7925373134328358,0.021041600268465202,3.7727999999999993,0.05418158768847994,0,
faster_rcnn,3.84,5,0.7925373134328358,0.021041600268465202,3.7727999999999993,0.05418158768847994,0,
faster_rcnn,3.8413333333333335,5,0.7925373134328358,0.021041600268465202,3.7727999999999993,0.05418158768847994,0,
faster_rcnn,3.8426666666666667,5,0.7925373134328358,0.021041600268465202,3.7727999999999993,0.05418158768847994,0,
faster_rcnn,3.844,5,0.7932835820895523,0.02120637647519824,3.806133333333334,0.023143993701270342,0,
faster_rcnn,3.8453333333333335,5,0.7932835820895523,0.02120637647519824,3.806133333333334,0.023143993701270342,0,
faster_rcnn,3.8466666666666667,5,0.7932835820895523,0.02120637647519824,3.806133333333334,0.023143993701270342,0,
faster_rcnn,3.848,5,0.7932835820895523,0.02120637647519824,3.806133333333334,0.023143993701270342,0,
faster_rcnn,3.8493333333333335,5,0.7932835820895523,0.02120637647519824,3.806133333333334,0.023143993701270342,0,
faster_rcnn,3.8506666666666667,5,0.7932835820895523,0.02120637647519824,3.806133333333334,0.023143993701270342,0,
faster_rcnn,3.852,5,0.7932835820895523,0.02120637647519824,3.806133333333334,0.023143993701270342,0,
faster_rcnn,3.8533333333333335,5,0.7932835820895523,0.02120637647519824,3.806133333333334,0.023143993701270342,0,
faster_rcnn,3.8546666666666667,5,0.7932835820895523,0.02120637647519824,3.806133333333334,0.023143993701270342,0,
faster_rcnn,3.856,5,0.7932835820895523,0.02120637647519824,3.806133333333334,0.023143993701270342,0,
faster_rcnn,3.8573333333333335,5,0.7932835820895523,0.02120637647519824,3.806133333333334,0.023143993701270342,0,
faster_rcnn,3.8586666666666667,5,0.7932835820895523,0.02120637647519824,3.806133333333334,0.023143993701270342,0,
faster_rcnn,3.86,5,0.7932835820895523,0.02120637647519824,3.806133333333334,0.023143993701270342,0,
faster_rcnn,3.8613333333333335,5,0.7932835820895523,0.02120637647519824,3.806133333333334,0.023143993701270342,0,
faster_rcnn,3.8626666666666667,5,0.7932835820895523,0.02120637647519824,3.806133333333334,0.023143993701270342,0,
faster_rcnn,3.864,5,0.7932835820895523,0.02120637647519824,3.806133333333334,0.023143993701270342,0,
faster_rcnn,3.8653333333333335,5,0.7932835820895523,0.02120637647519824,3.806133333333334,0.023143993701270342,0,
faster_rcnn,3.8666666666666667,5,0.7932835820895523,0.02120637647519824,3.806133333333334,0.023143993701270342,0,
faster_rcnn,3.868,5,0.7932835820895523,0.02120637647519824,3.806133333333334,0.023143993701270342,0,
faster_rcnn,3.8706666666666667,5,0.7932835820895523,0.02120637647519824,3.806133333333334,0.023143993701270342,0,
faster_rcnn,3.872,5,0.7932835820895523,0.02120637647519824,3.806133333333334,0.023143993701270342,0,
faster_rcnn,3.8733333333333335,5,0.7940298507462688,0.021337281276859396,3.8207999999999998,0.037233199044819025,0,
faster_rcnn,3.8746666666666667,5,0.7940298507462688,0.021337281276859396,3.8207999999999998,0.037233199044819025,0,
faster_rcnn,3.876,5,0.7940298507462688,0.021337281276859396,3.8207999999999998,0.037233199044819025,0,
faster_rcnn,3.8773333333333335,5,0.7940298507462688,0.021337281276859396,3.8207999999999998,0.037233199044819025,0,
faster_rcnn,3.8786666666666667,5,0.7940298507462688,0.021337281276859396,3.8207999999999998,0.037233199044819025,0,
faster_rcnn,3.88,5,0.7940298507462688,0.021337281276859396,3.8207999999999998,0.037233199044819025,0,
faster_rcnn,3.8813333333333335,5,0.7940298507462688,0.021337281276859396,3.8207999999999998,0.037233199044819025,0,
faster_rcnn,3.8826666666666667,5,0.7940298507462688,0.021337281276859396,3.8207999999999998,0.037233199044819025,0,
faster_rcnn,3.884,5,0.7940298507462688,0.021337281276859396,3.8207999999999998,0.037233199044819025,0,
faster_rcnn,3.8866666666666667,5,0.7940298507462688,0.021337281276859396,3.8207999999999998,0.037233199044819025,0,
faster_rcnn,3.888,5,0.7940298507462688,0.021337281276859396,3.8207999999999998,0.037233199044819025,0,
faster_rcnn,3.8893333333333335,5,0.7947761194029852,0.021757283189721262,3.8424,0.039848602373372136,0,
faster_rcnn,3.8906666666666667,5,0.7947761194029852,0.021757283189721262,3.8424,0.039848602373372136,0,
faster_rcnn,3.892,5,0.7947761194029852,0.021757283189721262,3.8424,0.039848602373372136,0,
faster_rcnn,3.8933333333333335,5,0.7947761194029852,0.021757283189721262,3.8424,0.039848602373372136,0,
faster_rcnn,3.8946666666666667,5,0.7947761194029852,0.021757283189721262,3.8424,0.039848602373372136,0,
faster_rcnn,3.896,5,0.7947761194029852,0.021757283189721262,3.8424,0.039848602373372136,0,
faster_rcnn,3.8973333333333335,5,0.7947761194029852,0.021757283189721262,3.8424,0.039848602373372136,0,
faster_rcnn,3.8986666666666667,5,0.7947761194029852,0.021757283189721262,3.8424,0.039848602373372136,0,
faster_rcnn,3.9,5,0.7947761194029852,0.021757283189721262,3.8424,0.039848602373372136,0,
faster_rcnn,3.9013333333333335,5,0.7947761194029852,0.021757283189721262,3.8424,0.039848602373372136,0,
faster_rcnn,3.9026666666666667,5,0.7947761194029852,0.021757283189721262,3.8424,0.039848602373372136,0,
faster_rcnn,3.904,5,0.7947761194029852,0.021757283189721262,3.8424,0.039848602373372136,0,
faster_rcnn,3.9053333333333335,5,0.7947761194029852,0.021757283189721262,3.8424,0.039848602373372136,0,
faster_rcnn,3.9066666666666667,5,0.7947761194029852,0.021757283189721262,3.8424,0.039848602373372136,0,
faster_rcnn,3.908,5,0.7947761194029852,0.021757283189721262,3.8424,0.039848602373372136,0,
faster_rcnn,3.9093333333333335,5,0.7947761194029852,0.021757283189721262,3.8424,0.039848602373372136,0,
faster_rcnn,3.9106666666666667,5,0.7947761194029852,0.021757283189721262,3.8424,0.039848602373372136,0,
faster_rcnn,3.912,5,0.7947761194029852,0.021757283189721262,3.8424,0.039848602373372136,0,
faster_rcnn,3.9133333333333336,5,0.7947761194029852,0.021757283189721262,3.8424,0.039848602373372136,0,
faster_rcnn,3.9146666666666667,5,0.7947761194029852,0.021757283189721262,3.8424,0.039848602373372136,0,
faster_rcnn,3.916,5,0.7947761194029852,0.021757283189721262,3.8424,0.039848602373372136,0,
faster_rcnn,3.917333333333333,5,0.7947761194029852,0.021757283189721262,3.8424,0.039848602373372136,0,
faster_rcnn,3.9186666666666667,5,0.7947761194029852,0.021757283189721262,3.8424,0.039848602373372136,0,
faster_rcnn,3.92,5,0.7947761194029852,0.021757283189721262,3.8424,0.039848602373372136,0,
faster_rcnn,3.921333333333333,5,0.7947761194029852,0.021757283189721262,3.8424,0.039848602373372136,0,
faster_rcnn,3.9226666666666667,5,0.7947761194029852,0.021757283189721262,3.8424,0.039848602373372136,0,
faster_rcnn,3.924,5,0.7955223880597015,0.022604673478896938,3.8674666666666666,0.04459795710318782,0,
faster_rcnn,3.925333333333333,5,0.7955223880597015,0.022604673478896938,3.8674666666666666,0.04459795710318782,0,
faster_rcnn,3.9266666666666667,5,0.7955223880597015,0.022604673478896938,3.8674666666666666,0.04459795710318782,0,
faster_rcnn,3.928,5,0.7955223880597015,0.022604673478896938,3.8674666666666666,0.04459795710318782,0,
faster_rcnn,3.929333333333333,5,0.7955223880597015,0.022604673478896938,3.8674666666666666,0.04459795710318782,0,
faster_rcnn,3.9306666666666668,5,0.7955223880597015,0.022604673478896938,3.8674666666666666,0.04459795710318782,0,
faster_rcnn,3.932,5,0.7955223880597015,0.022604673478896938,3.8674666666666666,0.04459795710318782,0,
faster_rcnn,3.933333333333333,5,0.7955223880597015,0.022604673478896938,3.8674666666666666,0.04459795710318782,0,
faster_rcnn,3.9346666666666668,5,0.7955223880597015,0.022604673478896938,3.8674666666666666,0.04459795710318782,0,
faster_rcnn,3.936,5,0.7955223880597015,0.022604673478896938,3.8674666666666666,0.04459795710318782,0,
faster_rcnn,3.937333333333333,5,0.7955223880597015,0.022604673478896938,3.8674666666666666,0.04459795710318782,0,
faster_rcnn,3.9386666666666668,5,0.7962686567164179,0.023092161860844455,3.8773333333333335,0.05491002741859737,0,
faster_rcnn,3.94,5,0.7962686567164179,0.023092161860844455,3.8773333333333335,0.05491002741859737,0,
faster_rcnn,3.941333333333333,5,0.7962686567164179,0.023092161860844455,3.8773333333333335,0.05491002741859737,0,
faster_rcnn,3.9426666666666668,5,0.7962686567164179,0.023092161860844455,3.8773333333333335,0.05491002741859737,0,
faster_rcnn,3.944,5,0.7962686567164179,0.023092161860844455,3.8773333333333335,0.05491002741859737,0,
faster_rcnn,3.945333333333333,5,0.7962686567164179,0.023092161860844455,3.8773333333333335,0.05491002741859737,0,
faster_rcnn,3.9466666666666668,5,0.7962686567164179,0.023092161860844455,3.8773333333333335,0.05491002741859737,0,
faster_rcnn,3.948,5,0.7962686567164179,0.023092161860844455,3.8773333333333335,0.05491002741859737,0,
faster_rcnn,3.949333333333333,5,0.7962686567164179,0.023092161860844455,3.8773333333333335,0.05491002741859737,0,
faster_rcnn,3.9506666666666668,5,0.7962686567164179,0.023092161860844455,3.8773333333333335,0.05491002741859737,0,
faster_rcnn,3.952,5,0.7962686567164179,0.023092161860844455,3.8773333333333335,0.05491002741859737,0,
faster_rcnn,3.953333333333333,5,0.7962686567164179,0.023092161860844455,3.8773333333333335,0.05491002741859737,0,
faster_rcnn,3.9546666666666668,5,0.7962686567164179,0.023092161860844455,3.8773333333333335,0.05491002741859737,0,
faster_rcnn,3.956,5,0.7970149253731342,0.0215321463376918,3.9072000000000005,0.04689088989937765,0,
faster_rcnn,3.957333333333333,5,0.7970149253731342,0.0215321463376918,3.9072000000000005,0.04689088989937765,0,
faster_rcnn,3.958666666666667,5,0.7970149253731342,0.0215321463376918,3.9072000000000005,0.04689088989937765,0,
faster_rcnn,3.96,5,0.7970149253731342,0.0215321463376918,3.9072000000000005,0.04689088989937765,0,
faster_rcnn,3.961333333333333,5,0.7970149253731342,0.0215321463376918,3.9072000000000005,0.04689088989937765,0,
faster_rcnn,3.962666666666667,5,0.7970149253731342,0.0215321463376918,3.9072000000000005,0.04689088989937765,0,
faster_rcnn,3.964,5,0.7970149253731342,0.0215321463376918,3.9072000000000005,0.04689088989937765,0,
faster_rcnn,3.965333333333333,5,0.7970149253731342,0.0215321463376918,3.9072000000000005,0.04689088989937765,0,
faster_rcnn,3.966666666666667,5,0.7970149253731342,0.0215321463376918,3.9072000000000005,0.04689088989937765,0,
faster_rcnn,3.968,5,0.7970149253731342,0.0215321463376918,3.9072000000000005,0.04689088989937765,0,
faster_rcnn,3.970666666666667,5,0.7970149253731342,0.0215321463376918,3.9072000000000005,0.04689088989937765,0,
faster_rcnn,3.972,5,0.7970149253731342,0.0215321463376918,3.9072000000000005,0.04689088989937765,0,
faster_rcnn,3.973333333333333,5,0.7970149253731342,0.0215321463376918,3.9072000000000005,0.04689088989937765,0,
faster_rcnn,3.974666666666667,5,0.7970149253731342,0.0215321463376918,3.9072000000000005,0.04689088989937765,0,
faster_rcnn,3.976,5,0.7970149253731342,0.0215321463376918,3.9072000000000005,0.04689088989937765,0,
faster_rcnn,3.977333333333333,5,0.7970149253731342,0.0215321463376918,3.9072000000000005,0.04689088989937765,0,
faster_rcnn,3.978666666666667,5,0.7970149253731342,0.0215321463376918,3.9072000000000005,0.04689088989937765,0,
faster_rcnn,3.98,5,0.7970149253731342,0.0215321463376918,3.9072000000000005,0.04689088989937765,0,
faster_rcnn,3.981333333333333,5,0.7970149253731342,0.0215321463376918,3.9072000000000005,0.04689088989937765,0,
faster_rcnn,3.982666666666667,5,0.7970149253731342,0.0215321463376918,3.9072000000000005,0.04689088989937765,0,
faster_rcnn,3.984,5,0.7970149253731342,0.0215321463376918,3.9072000000000005,0.04689088989937765,0,
faster_rcnn,3.985333333333333,5,0.7970149253731342,0.0215321463376918,3.9072000000000005,0.04689088989937765,0,
faster_rcnn,3.986666666666667,5,0.7970149253731342,0.0215321463376918,3.9072000000000005,0.04689088989937765,0,
faster_rcnn,3.988,5,0.7977611940298507,0.022450162621628852,3.9200000000000004,0.059628479399994404,0,
faster_rcnn,3.989333333333333,5,0.7977611940298507,0.022450162621628852,3.9200000000000004,0.059628479399994404,0,
faster_rcnn,3.990666666666667,5,0.7977611940298507,0.022450162621628852,3.9200000000000004,0.059628479399994404,0,
faster_rcnn,3.992,5,0.7977611940298507,0.022450162621628852,3.9200000000000004,0.059628479399994404,0,
faster_rcnn,3.993333333333333,5,0.7977611940298507,0.022450162621628852,3.9200000000000004,0.059628479399994404,0,
faster_rcnn,3.994666666666667,5,0.7977611940298507,0.022450162621628852,3.9200000000000004,0.059628479399994404,0,
faster_rcnn,3.996,5,0.7977611940298507,0.022450162621628852,3.9200000000000004,0.059628479399994404,0,
faster_rcnn,3.997333333333333,5,0.7977611940298507,0.022450162621628852,3.9200000000000004,0.059628479399994404,0,
faster_rcnn,3.998666666666667,5,0.7977611940298507,0.022450162621628852,3.9200000000000004,0.059628479399994404,0,
faster_rcnn,4.0,5,0.7977611940298507,0.022450162621628852,3.9200000000000004,0.059628479399994404,0,
faster_rcnn,4.001333333333333,5,0.7977611940298507,0.022450162621628852,3.9200000000000004,0.059628479399994404,0,
faster_rcnn,4.002666666666666,5,0.7977611940298507,0.022450162621628852,3.9200000000000004,0.059628479399994404,0,
faster_rcnn,4.004,5,0.7977611940298507,0.022450162621628852,3.9200000000000004,0.059628479399994404,0,
faster_rcnn,4.005333333333334,5,0.7977611940298507,0.022450162621628852,3.9200000000000004,0.059628479399994404,0,
faster_rcnn,4.006666666666667,5,0.7977611940298507,0.022450162621628852,3.9200000000000004,0.059628479399994404,0,
faster_rcnn,4.008,5,0.7977611940298507,0.022450162621628852,3.9200000000000004,0.059628479399994404,0,
faster_rcnn,4.009333333333333,5,0.7977611940298507,0.022450162621628852,3.9200000000000004,0.059628479399994404,0,
faster_rcnn,4.010666666666666,5,0.7977611940298507,0.022450162621628852,3.9200000000000004,0.059628479399994404,0,
faster_rcnn,4.012,5,0.7977611940298507,0.022450162621628852,3.9200000000000004,0.059628479399994404,0,
faster_rcnn,4.013333333333334,5,0.7977611940298507,0.022450162621628852,3.9200000000000004,0.059628479399994404,0,
faster_rcnn,4.014666666666667,5,0.7977611940298507,0.022450162621628852,3.9200000000000004,0.059628479399994404,0,
faster_rcnn,4.016,5,0.7977611940298507,0.022450162621628852,3.9200000000000004,0.059628479399994404,0,
faster_rcnn,4.018666666666666,5,0.7977611940298507,0.022450162621628852,3.9200000000000004,0.059628479399994404,0,
faster_rcnn,4.02,5,0.7977611940298507,0.022450162621628852,3.9200000000000004,0.059628479399994404,0,
faster_rcnn,4.021333333333334,5,0.7977611940298507,0.022450162621628852,3.9200000000000004,0.059628479399994404,0,
faster_rcnn,4.022666666666667,5,0.7977611940298507,0.022450162621628852,3.9200000000000004,0.059628479399994404,0,
faster_rcnn,4.024,5,0.7977611940298507,0.022450162621628852,3.9200000000000004,0.059628479399994404,0,
faster_rcnn,4.025333333333333,5,0.7977611940298507,0.022450162621628852,3.9200000000000004,0.059628479399994404,0,
faster_rcnn,4.028,5,0.7977611940298507,0.022450162621628852,3.9200000000000004,0.059628479399994404,0,
faster_rcnn,4.029333333333334,5,0.7977611940298507,0.022450162621628852,3.9200000000000004,0.059628479399994404,0,
faster_rcnn,4.030666666666667,5,0.7977611940298507,0.022450162621628852,3.9200000000000004,0.059628479399994404,0,
faster_rcnn,4.032,5,0.7977611940298507,0.022450162621628852,3.9200000000000004,0.059628479399994404,0,
faster_rcnn,4.033333333333333,5,0.7977611940298507,0.022450162621628852,3.9200000000000004,0.059628479399994404,0,
faster_rcnn,4.036,5,0.7977611940298507,0.022450162621628852,3.9200000000000004,0.059628479399994404,0,
faster_rcnn,4.037333333333334,5,0.7977611940298507,0.022450162621628852,3.9200000000000004,0.059628479399994404,0,
faster_rcnn,4.038666666666667,5,0.7977611940298507,0.022450162621628852,3.9200000000000004,0.059628479399994404,0,
faster_rcnn,4.04,5,0.7977611940298507,0.022450162621628852,3.9200000000000004,0.059628479399994404,0,
faster_rcnn,4.041333333333333,5,0.7977611940298507,0.022450162621628852,3.9200000000000004,0.059628479399994404,0,
faster_rcnn,4.042666666666666,5,0.7977611940298507,0.022450162621628852,3.9200000000000004,0.059628479399994404,0,
faster_rcnn,4.044,5,0.7977611940298507,0.022450162621628852,3.9200000000000004,0.059628479399994404,0,
faster_rcnn,4.045333333333334,5,0.7977611940298507,0.022450162621628852,3.9200000000000004,0.059628479399994404,0,
faster_rcnn,4.046666666666667,5,0.7977611940298507,0.022450162621628852,3.9200000000000004,0.059628479399994404,0,
faster_rcnn,4.048,5,0.7977611940298507,0.022450162621628852,3.9200000000000004,0.059628479399994404,0,
faster_rcnn,4.049333333333333,5,0.7977611940298507,0.022450162621628852,3.9200000000000004,0.059628479399994404,0,
faster_rcnn,4.050666666666666,5,0.7977611940298507,0.022450162621628852,3.9200000000000004,0.059628479399994404,0,
faster_rcnn,4.052,5,0.7985074626865671,0.02254299621939287,3.9616,0.06560758763706777,0,
faster_rcnn,4.053333333333334,5,0.7985074626865671,0.02254299621939287,3.9616,0.06560758763706777,0,
faster_rcnn,4.054666666666667,5,0.7985074626865671,0.02254299621939287,3.9616,0.06560758763706777,0,
faster_rcnn,4.056,5,0.7992537313432836,0.023061995731884267,3.985066666666666,0.07558012672360065,0,
faster_rcnn,4.057333333333333,5,0.7992537313432836,0.023061995731884267,3.985066666666666,0.07558012672360065,0,
faster_rcnn,4.058666666666666,5,0.7992537313432836,0.023061995731884267,3.985066666666666,0.07558012672360065,0,
faster_rcnn,4.06,5,0.7992537313432836,0.023061995731884267,3.985066666666666,0.07558012672360065,0,
faster_rcnn,4.061333333333334,5,0.7992537313432836,0.023061995731884267,3.985066666666666,0.07558012672360065,0,
faster_rcnn,4.062666666666667,5,0.7992537313432836,0.023061995731884267,3.985066666666666,0.07558012672360065,0,
faster_rcnn,4.064,5,0.7992537313432836,0.023061995731884267,3.985066666666666,0.07558012672360065,0,
faster_rcnn,4.065333333333333,5,0.8,0.023092161860844503,4.023466666666666,0.0485670212753011,0,
faster_rcnn,4.066666666666666,5,0.8,0.023092161860844503,4.023466666666666,0.0485670212753011,0,
faster_rcnn,4.068,5,0.8,0.023092161860844503,4.023466666666666,0.0485670212753011,0,
faster_rcnn,4.069333333333334,5,0.8,0.023092161860844503,4.023466666666666,0.0485670212753011,0,
faster_rcnn,4.070666666666667,5,0.8007462686567164,0.0215321463376918,4.0464,0.03347171276698515,0,
faster_rcnn,4.072,5,0.8007462686567164,0.0215321463376918,4.0464,0.03347171276698515,0,
faster_rcnn,4.073333333333333,5,0.8014925373134328,0.022450162621628824,4.063466666666667,0.009218339209303384,0,
faster_rcnn,4.074666666666666,5,0.8014925373134328,0.022450162621628824,4.063466666666667,0.009218339209303384,0,
faster_rcnn,4.076,5,0.8014925373134328,0.022450162621628824,4.063466666666667,0.009218339209303384,0,
faster_rcnn,4.077333333333334,5,0.8014925373134328,0.022450162621628824,4.063466666666667,0.009218339209303384,0,
faster_rcnn,4.078666666666667,5,0.8014925373134328,0.022450162621628824,4.063466666666667,0.009218339209303384,0,
faster_rcnn,4.08,5,0.8014925373134328,0.022450162621628824,4.063466666666667,0.009218339209303384,0,
faster_rcnn,4.081333333333333,5,0.8014925373134328,0.022450162621628824,4.063466666666667,0.009218339209303384,0,
faster_rcnn,4.082666666666666,5,0.8014925373134328,0.022450162621628824,4.063466666666667,0.009218339209303384,0,
faster_rcnn,4.084,5,0.8014925373134328,0.022450162621628824,4.063466666666667,0.009218339209303384,0,
faster_rcnn,4.085333333333334,5,0.8014925373134328,0.022450162621628824,4.063466666666667,0.009218339209303384,0,
faster_rcnn,4.086666666666667,5,0.8014925373134328,0.022450162621628824,4.063466666666667,0.009218339209303384,0,
faster_rcnn,4.088,5,0.8014925373134328,0.022450162621628824,4.063466666666667,0.009218339209303384,0,
faster_rcnn,4.089333333333333,5,0.8014925373134328,0.022450162621628824,4.063466666666667,0.009218339209303384,0,
faster_rcnn,4.0906666666666665,5,0.8014925373134328,0.022450162621628824,4.063466666666667,0.009218339209303384,0,
faster_rcnn,4.092,5,0.8014925373134328,0.022450162621628824,4.063466666666667,0.009218339209303384,0,
faster_rcnn,4.093333333333334,5,0.8014925373134328,0.022450162621628824,4.063466666666667,0.009218339209303384,0,
faster_rcnn,4.094666666666667,5,0.8014925373134328,0.022450162621628824,4.063466666666667,0.009218339209303384,0,
faster_rcnn,4.096,5,0.8014925373134328,0.022450162621628824,4.063466666666667,0.009218339209303384,0,
faster_rcnn,4.097333333333333,5,0.8014925373134328,0.022450162621628824,4.063466666666667,0.009218339209303384,0,
faster_rcnn,4.1,5,0.8014925373134328,0.022450162621628824,4.063466666666667,0.009218339209303384,0,
faster_rcnn,4.101333333333334,5,0.8014925373134328,0.022450162621628824,4.063466666666667,0.009218339209303384,0,
faster_rcnn,4.102666666666667,5,0.8014925373134328,0.022450162621628824,4.063466666666667,0.009218339209303384,0,
faster_rcnn,4.104,5,0.8014925373134328,0.022450162621628824,4.063466666666667,0.009218339209303384,0,
faster_rcnn,4.105333333333333,5,0.8014925373134328,0.022450162621628824,4.063466666666667,0.009218339209303384,0,
faster_rcnn,4.1066666666666665,5,0.8014925373134328,0.022450162621628824,4.063466666666667,0.009218339209303384,0,
faster_rcnn,4.108,5,0.8014925373134328,0.022450162621628824,4.063466666666667,0.009218339209303384,0,
faster_rcnn,4.109333333333334,5,0.8014925373134328,0.022450162621628824,4.063466666666667,0.009218339209303384,0,
faster_rcnn,4.110666666666667,5,0.8014925373134328,0.022450162621628824,4.063466666666667,0.009218339209303384,0,
faster_rcnn,4.112,5,0.8022388059701493,0.02254299621939284,4.0728,0.023750555549058094,0,
faster_rcnn,4.113333333333333,5,0.8022388059701493,0.02254299621939284,4.0728,0.023750555549058094,0,
faster_rcnn,4.1146666666666665,5,0.8022388059701493,0.02254299621939284,4.0728,0.023750555549058094,0,
faster_rcnn,4.116,5,0.8022388059701493,0.02254299621939284,4.0728,0.023750555549058094,0,
faster_rcnn,4.117333333333334,5,0.8022388059701493,0.02254299621939284,4.0728,0.023750555549058094,0,
faster_rcnn,4.118666666666667,5,0.8022388059701493,0.02254299621939284,4.0728,0.023750555549058094,0,
faster_rcnn,4.12,5,0.8022388059701493,0.02254299621939284,4.0728,0.023750555549058094,0,
faster_rcnn,4.121333333333333,5,0.8022388059701493,0.02254299621939284,4.0728,0.023750555549058094,0,
faster_rcnn,4.1226666666666665,5,0.8022388059701493,0.02254299621939284,4.0728,0.023750555549058094,0,
faster_rcnn,4.124,5,0.8022388059701493,0.02254299621939284,4.0728,0.023750555549058094,0,
faster_rcnn,4.125333333333334,5,0.8022388059701493,0.02254299621939284,4.0728,0.023750555549058094,0,
faster_rcnn,4.126666666666667,5,0.8022388059701493,0.02254299621939284,4.0728,0.023750555549058094,0,
faster_rcnn,4.128,5,0.8022388059701493,0.02254299621939284,4.0728,0.023750555549058094,0,
faster_rcnn,4.129333333333333,5,0.8022388059701493,0.02254299621939284,4.0728,0.023750555549058094,0,
faster_rcnn,4.1306666666666665,5,0.8022388059701493,0.02254299621939284,4.0728,0.023750555549058094,0,
faster_rcnn,4.132,5,0.8022388059701493,0.02254299621939284,4.0728,0.023750555549058094,0,
faster_rcnn,4.133333333333334,5,0.8022388059701493,0.02254299621939284,4.0728,0.023750555549058094,0,
faster_rcnn,4.134666666666667,5,0.8022388059701493,0.02254299621939284,4.0728,0.023750555549058094,0,
faster_rcnn,4.136,5,0.8022388059701493,0.02254299621939284,4.0728,0.023750555549058094,0,
faster_rcnn,4.137333333333333,5,0.8022388059701493,0.02254299621939284,4.0728,0.023750555549058094,0,
faster_rcnn,4.1386666666666665,5,0.8022388059701493,0.02254299621939284,4.0728,0.023750555549058094,0,
faster_rcnn,4.14,5,0.8022388059701493,0.02254299621939284,4.0728,0.023750555549058094,0,
faster_rcnn,4.141333333333334,5,0.8022388059701493,0.02254299621939284,4.0728,0.023750555549058094,0,
faster_rcnn,4.142666666666667,5,0.8022388059701493,0.02254299621939284,4.0728,0.023750555549058094,0,
faster_rcnn,4.144,5,0.8029850746268657,0.022758135346234165,4.0792,0.03736427289388752,0,
faster_rcnn,4.145333333333333,5,0.8029850746268657,0.022758135346234165,4.0792,0.03736427289388752,0,
faster_rcnn,4.1466666666666665,5,0.8029850746268657,0.022758135346234165,4.0792,0.03736427289388752,0,
faster_rcnn,4.148,5,0.8029850746268657,0.022758135346234165,4.0792,0.03736427289388752,0,
faster_rcnn,4.149333333333334,5,0.8029850746268657,0.022758135346234165,4.0792,0.03736427289388752,0,
faster_rcnn,4.150666666666667,5,0.8029850746268657,0.022758135346234165,4.0792,0.03736427289388752,0,
faster_rcnn,4.152,5,0.8029850746268657,0.022758135346234165,4.0792,0.03736427289388752,0,
faster_rcnn,4.153333333333333,5,0.8029850746268657,0.022758135346234165,4.0792,0.03736427289388752,0,
faster_rcnn,4.1546666666666665,5,0.8029850746268657,0.022758135346234165,4.0792,0.03736427289388752,0,
faster_rcnn,4.156,5,0.8029850746268657,0.022758135346234165,4.0792,0.03736427289388752,0,
faster_rcnn,4.157333333333334,5,0.8037313432835822,0.021206376475198237,4.096533333333333,0.05028452379543191,0,
faster_rcnn,4.158666666666667,5,0.8037313432835822,0.021206376475198237,4.096533333333333,0.05028452379543191,0,
faster_rcnn,4.16,5,0.8037313432835822,0.021206376475198237,4.096533333333333,0.05028452379543191,0,
faster_rcnn,4.161333333333333,5,0.8037313432835822,0.021206376475198237,4.096533333333333,0.05028452379543191,0,
faster_rcnn,4.1626666666666665,5,0.8037313432835822,0.021206376475198237,4.096533333333333,0.05028452379543191,0,
faster_rcnn,4.164,5,0.8037313432835822,0.021206376475198237,4.096533333333333,0.05028452379543191,0,
faster_rcnn,4.165333333333334,5,0.8037313432835822,0.021206376475198237,4.096533333333333,0.05028452379543191,0,
faster_rcnn,4.166666666666667,5,0.8037313432835822,0.021206376475198237,4.096533333333333,0.05028452379543191,0,
faster_rcnn,4.168,5,0.8037313432835822,0.021206376475198237,4.096533333333333,0.05028452379543191,0,
faster_rcnn,4.169333333333333,5,0.8037313432835822,0.021206376475198237,4.096533333333333,0.05028452379543191,0,
faster_rcnn,4.1706666666666665,5,0.8037313432835822,0.021206376475198237,4.096533333333333,0.05028452379543191,0,
faster_rcnn,4.172,5,0.8037313432835822,0.021206376475198237,4.096533333333333,0.05028452379543191,0,
faster_rcnn,4.173333333333333,5,0.8037313432835822,0.021206376475198237,4.096533333333333,0.05028452379543191,0,
faster_rcnn,4.174666666666667,5,0.8037313432835822,0.021206376475198237,4.096533333333333,0.05028452379543191,0,
faster_rcnn,4.176,5,0.8037313432835822,0.021206376475198237,4.096533333333333,0.05028452379543191,0,
faster_rcnn,4.177333333333333,5,0.8037313432835822,0.021206376475198237,4.096533333333333,0.05028452379543191,0,
faster_rcnn,4.1786666666666665,5,0.8037313432835822,0.021206376475198237,4.096533333333333,0.05028452379543191,0,
faster_rcnn,4.18,5,0.8037313432835822,0.021206376475198237,4.096533333333333,0.05028452379543191,0,
faster_rcnn,4.181333333333333,5,0.8037313432835822,0.021206376475198237,4.096533333333333,0.05028452379543191,0,
faster_rcnn,4.182666666666667,5,0.8037313432835822,0.021206376475198237,4.096533333333333,0.05028452379543191,0,
faster_rcnn,4.184,5,0.8037313432835822,0.021206376475198237,4.096533333333333,0.05028452379543191,0,
faster_rcnn,4.185333333333333,5,0.8037313432835822,0.021206376475198237,4.096533333333333,0.05028452379543191,0,
faster_rcnn,4.1866666666666665,5,0.8037313432835822,0.021206376475198237,4.096533333333333,0.05028452379543191,0,
faster_rcnn,4.188,5,0.8037313432835822,0.021206376475198237,4.096533333333333,0.05028452379543191,0,
faster_rcnn,4.189333333333333,5,0.8037313432835822,0.021206376475198237,4.096533333333333,0.05028452379543191,0,
faster_rcnn,4.190666666666667,5,0.8037313432835822,0.021206376475198237,4.096533333333333,0.05028452379543191,0,
faster_rcnn,4.192,5,0.8037313432835822,0.021206376475198237,4.096533333333333,0.05028452379543191,0,
faster_rcnn,4.1946666666666665,5,0.8037313432835822,0.021206376475198237,4.096533333333333,0.05028452379543191,0,
faster_rcnn,4.196,5,0.8037313432835822,0.021206376475198237,4.096533333333333,0.05028452379543191,0,
faster_rcnn,4.197333333333333,5,0.8037313432835822,0.021206376475198237,4.096533333333333,0.05028452379543191,0,
faster_rcnn,4.198666666666667,5,0.8037313432835822,0.021206376475198237,4.096533333333333,0.05028452379543191,0,
faster_rcnn,4.2,5,0.8037313432835822,0.021206376475198237,4.096533333333333,0.05028452379543191,0,
faster_rcnn,4.201333333333333,5,0.8037313432835822,0.021206376475198237,4.096533333333333,0.05028452379543191,0,
faster_rcnn,4.2026666666666666,5,0.8037313432835822,0.021206376475198237,4.096533333333333,0.05028452379543191,0,
faster_rcnn,4.204,5,0.8037313432835822,0.021206376475198237,4.096533333333333,0.05028452379543191,0,
faster_rcnn,4.205333333333333,5,0.8037313432835822,0.021206376475198237,4.096533333333333,0.05028452379543191,0,
faster_rcnn,4.206666666666667,5,0.8037313432835822,0.021206376475198237,4.096533333333333,0.05028452379543191,0,
faster_rcnn,4.209333333333333,5,0.8037313432835822,0.021206376475198237,4.096533333333333,0.05028452379543191,0,
faster_rcnn,4.210666666666667,5,0.8037313432835822,0.021206376475198237,4.096533333333333,0.05028452379543191,0,
faster_rcnn,4.212,5,0.8037313432835822,0.021206376475198237,4.096533333333333,0.05028452379543191,0,
faster_rcnn,4.213333333333333,5,0.8037313432835822,0.021206376475198237,4.096533333333333,0.05028452379543191,0,
faster_rcnn,4.214666666666667,5,0.8037313432835822,0.021206376475198237,4.096533333333333,0.05028452379543191,0,
faster_rcnn,4.216,5,0.8037313432835822,0.021206376475198237,4.096533333333333,0.05028452379543191,0,
faster_rcnn,4.217333333333333,5,0.8037313432835822,0.021206376475198237,4.096533333333333,0.05028452379543191,0,
faster_rcnn,4.22,5,0.8037313432835822,0.021206376475198237,4.096533333333333,0.05028452379543191,0,
faster_rcnn,4.221333333333333,5,0.8037313432835822,0.021206376475198237,4.096533333333333,0.05028452379543191,0,
faster_rcnn,4.222666666666667,5,0.8037313432835822,0.021206376475198237,4.096533333333333,0.05028452379543191,0,
faster_rcnn,4.224,5,0.8037313432835822,0.021206376475198237,4.096533333333333,0.05028452379543191,0,
faster_rcnn,4.225333333333333,5,0.8037313432835822,0.021206376475198237,4.096533333333333,0.05028452379543191,0,
faster_rcnn,4.226666666666667,5,0.8037313432835822,0.021206376475198237,4.096533333333333,0.05028452379543191,0,
faster_rcnn,4.228,5,0.8037313432835822,0.021206376475198237,4.096533333333333,0.05028452379543191,0,
faster_rcnn,4.229333333333333,5,0.8037313432835822,0.021206376475198237,4.096533333333333,0.05028452379543191,0,
faster_rcnn,4.230666666666667,5,0.8037313432835822,0.021206376475198237,4.096533333333333,0.05028452379543191,0,
faster_rcnn,4.232,5,0.8037313432835822,0.021206376475198237,4.096533333333333,0.05028452379543191,0,
faster_rcnn,4.233333333333333,5,0.8037313432835822,0.021206376475198237,4.096533333333333,0.05028452379543191,0,
faster_rcnn,4.234666666666667,5,0.8037313432835822,0.021206376475198237,4.096533333333333,0.05028452379543191,0,
faster_rcnn,4.236,5,0.8037313432835822,0.021206376475198237,4.096533333333333,0.05028452379543191,0,
faster_rcnn,4.237333333333333,5,0.8037313432835822,0.021206376475198237,4.096533333333333,0.05028452379543191,0,
faster_rcnn,4.238666666666667,5,0.8037313432835822,0.021206376475198237,4.096533333333333,0.05028452379543191,0,
faster_rcnn,4.24,5,0.8037313432835822,0.021206376475198237,4.096533333333333,0.05028452379543191,0,
faster_rcnn,4.241333333333333,5,0.8037313432835822,0.021206376475198237,4.096533333333333,0.05028452379543191,0,
faster_rcnn,4.242666666666667,5,0.8037313432835822,0.021206376475198237,4.096533333333333,0.05028452379543191,0,
faster_rcnn,4.244,5,0.8037313432835822,0.021206376475198237,4.096533333333333,0.05028452379543191,0,
faster_rcnn,4.245333333333333,5,0.8037313432835822,0.021206376475198237,4.096533333333333,0.05028452379543191,0,
faster_rcnn,4.248,5,0.8037313432835822,0.021206376475198237,4.096533333333333,0.05028452379543191,0,
faster_rcnn,4.249333333333333,5,0.8044776119402985,0.02120637647519824,4.136000000000001,0.07695886347047153,0,
faster_rcnn,4.250666666666667,5,0.8044776119402985,0.02120637647519824,4.136000000000001,0.07695886347047153,0,
faster_rcnn,4.252,5,0.8044776119402985,0.02120637647519824,4.136000000000001,0.07695886347047153,0,
faster_rcnn,4.253333333333333,5,0.8044776119402985,0.02120637647519824,4.136000000000001,0.07695886347047153,0,
faster_rcnn,4.254666666666667,5,0.8044776119402985,0.02120637647519824,4.136000000000001,0.07695886347047153,0,
faster_rcnn,4.256,5,0.8044776119402985,0.02120637647519824,4.136000000000001,0.07695886347047153,0,
faster_rcnn,4.257333333333333,5,0.8044776119402985,0.02120637647519824,4.136000000000001,0.07695886347047153,0,
faster_rcnn,4.258666666666667,5,0.8044776119402985,0.02120637647519824,4.136000000000001,0.07695886347047153,0,
faster_rcnn,4.26,5,0.8044776119402985,0.02120637647519824,4.136000000000001,0.07695886347047153,0,
faster_rcnn,4.261333333333333,5,0.8044776119402985,0.02120637647519824,4.136000000000001,0.07695886347047153,0,
faster_rcnn,4.262666666666667,5,0.8044776119402985,0.02120637647519824,4.136000000000001,0.07695886347047153,0,
faster_rcnn,4.264,5,0.8044776119402985,0.02120637647519824,4.136000000000001,0.07695886347047153,0,
faster_rcnn,4.265333333333333,5,0.8044776119402985,0.02120637647519824,4.136000000000001,0.07695886347047153,0,
faster_rcnn,4.266666666666667,5,0.805223880597015,0.021499791478937217,4.160533333333333,0.09707087902947802,0,
faster_rcnn,4.269333333333333,5,0.805223880597015,0.021499791478937217,4.160533333333333,0.09707087902947802,0,
faster_rcnn,4.270666666666667,5,0.805223880597015,0.021499791478937217,4.160533333333333,0.09707087902947802,0,
faster_rcnn,4.272,5,0.805223880597015,0.021499791478937217,4.160533333333333,0.09707087902947802,0,
faster_rcnn,4.273333333333333,5,0.805223880597015,0.021499791478937217,4.160533333333333,0.09707087902947802,0,
faster_rcnn,4.274666666666667,5,0.805223880597015,0.021499791478937217,4.160533333333333,0.09707087902947802,0,
faster_rcnn,4.276,5,0.805223880597015,0.021499791478937217,4.160533333333333,0.09707087902947802,0,
faster_rcnn,4.277333333333333,5,0.805223880597015,0.021499791478937217,4.160533333333333,0.09707087902947802,0,
faster_rcnn,4.278666666666667,5,0.805223880597015,0.021499791478937217,4.160533333333333,0.09707087902947802,0,
faster_rcnn,4.28,5,0.805223880597015,0.021499791478937217,4.160533333333333,0.09707087902947802,0,
faster_rcnn,4.281333333333333,5,0.805223880597015,0.021499791478937217,4.160533333333333,0.09707087902947802,0,
faster_rcnn,4.284,5,0.805223880597015,0.021499791478937217,4.160533333333333,0.09707087902947802,0,
faster_rcnn,4.285333333333333,5,0.8059701492537314,0.021596710639534004,4.1677333333333335,0.10620901824023952,0,
faster_rcnn,4.286666666666667,5,0.8059701492537314,0.021596710639534004,4.1677333333333335,0.10620901824023952,0,
faster_rcnn,4.288,5,0.8059701492537314,0.021596710639534004,4.1677333333333335,0.10620901824023952,0,
faster_rcnn,4.289333333333333,5,0.8059701492537314,0.021596710639534004,4.1677333333333335,0.10620901824023952,0,
faster_rcnn,4.290666666666667,5,0.8059701492537314,0.021596710639534004,4.1677333333333335,0.10620901824023952,0,
faster_rcnn,4.292,5,0.8059701492537314,0.021596710639534004,4.1677333333333335,0.10620901824023952,0,
faster_rcnn,4.293333333333333,5,0.8059701492537314,0.021596710639534004,4.1677333333333335,0.10620901824023952,0,
faster_rcnn,4.294666666666667,5,0.8059701492537314,0.021596710639534004,4.1677333333333335,0.10620901824023952,0,
faster_rcnn,4.296,5,0.8059701492537314,0.021596710639534004,4.1677333333333335,0.10620901824023952,0,
faster_rcnn,4.2973333333333334,5,0.8059701492537314,0.021596710639534004,4.1677333333333335,0.10620901824023952,0,
faster_rcnn,4.298666666666667,5,0.8059701492537314,0.021596710639534004,4.1677333333333335,0.10620901824023952,0,
faster_rcnn,4.3,5,0.8059701492537314,0.021596710639534004,4.1677333333333335,0.10620901824023952,0,
faster_rcnn,4.301333333333333,5,0.8059701492537314,0.021596710639534004,4.1677333333333335,0.10620901824023952,0,
faster_rcnn,4.302666666666667,5,0.8059701492537314,0.021596710639534004,4.1677333333333335,0.10620901824023952,0,
faster_rcnn,4.304,5,0.8059701492537314,0.021596710639534004,4.1677333333333335,0.10620901824023952,0,
faster_rcnn,4.3053333333333335,5,0.8059701492537314,0.021596710639534004,4.1677333333333335,0.10620901824023952,0,
faster_rcnn,4.306666666666667,5,0.8059701492537314,0.021596710639534004,4.1677333333333335,0.10620901824023952,0,
faster_rcnn,4.308,5,0.8059701492537314,0.021596710639534004,4.1677333333333335,0.10620901824023952,0,
faster_rcnn,4.309333333333333,5,0.8059701492537314,0.021596710639534004,4.1677333333333335,0.10620901824023952,0,
faster_rcnn,4.310666666666667,5,0.8059701492537314,0.021596710639534004,4.1677333333333335,0.10620901824023952,0,
faster_rcnn,4.312,5,0.8059701492537314,0.021596710639534004,4.1677333333333335,0.10620901824023952,0,
faster_rcnn,4.3133333333333335,5,0.8059701492537314,0.021596710639534004,4.1677333333333335,0.10620901824023952,0,
faster_rcnn,4.314666666666667,5,0.8059701492537314,0.021596710639534004,4.1677333333333335,0.10620901824023952,0,
faster_rcnn,4.316,5,0.8067164179104479,0.021980114141825578,4.1776,0.11919507819816486,0,
faster_rcnn,4.317333333333333,5,0.8067164179104479,0.021980114141825578,4.1776,0.11919507819816486,0,
faster_rcnn,4.318666666666667,5,0.8067164179104479,0.021980114141825578,4.1776,0.11919507819816486,0,
faster_rcnn,4.32,5,0.8067164179104479,0.021980114141825578,4.1776,0.11919507819816486,0,
faster_rcnn,4.3213333333333335,5,0.8067164179104479,0.021980114141825578,4.1776,0.11919507819816486,0,
faster_rcnn,4.322666666666667,5,0.8067164179104479,0.021980114141825578,4.1776,0.11919507819816486,0,
faster_rcnn,4.324,5,0.8067164179104479,0.021980114141825578,4.1776,0.11919507819816486,0,
faster_rcnn,4.325333333333333,5,0.8067164179104479,0.021980114141825578,4.1776,0.11919507819816486,0,
faster_rcnn,4.326666666666667,5,0.8067164179104479,0.021980114141825578,4.1776,0.11919507819816486,0,
faster_rcnn,4.3293333333333335,5,0.8067164179104479,0.021980114141825578,4.1776,0.11919507819816486,0,
faster_rcnn,4.330666666666667,5,0.8074626865671644,0.020369170244710733,4.212266666666666,0.13586725547795206,0,
faster_rcnn,4.332,5,0.8074626865671644,0.020369170244710733,4.212266666666666,0.13586725547795206,0,
faster_rcnn,4.333333333333333,5,0.8074626865671644,0.020369170244710733,4.212266666666666,0.13586725547795206,0,
faster_rcnn,4.334666666666666,5,0.8074626865671644,0.020369170244710733,4.212266666666666,0.13586725547795206,0,
faster_rcnn,4.336,5,0.8074626865671644,0.020369170244710733,4.212266666666666,0.13586725547795206,0,
faster_rcnn,4.3373333333333335,5,0.8074626865671644,0.020369170244710733,4.212266666666666,0.13586725547795206,0,
faster_rcnn,4.338666666666667,5,0.8074626865671644,0.020369170244710733,4.212266666666666,0.13586725547795206,0,
faster_rcnn,4.34,5,0.8074626865671644,0.020369170244710733,4.212266666666666,0.13586725547795206,0,
faster_rcnn,4.341333333333333,5,0.8074626865671644,0.020369170244710733,4.212266666666666,0.13586725547795206,0,
faster_rcnn,4.342666666666666,5,0.8074626865671644,0.020369170244710733,4.212266666666666,0.13586725547795206,0,
faster_rcnn,4.344,5,0.8074626865671644,0.020369170244710733,4.212266666666666,0.13586725547795206,0,
faster_rcnn,4.3453333333333335,5,0.8074626865671644,0.020369170244710733,4.212266666666666,0.13586725547795206,0,
faster_rcnn,4.346666666666667,5,0.8074626865671644,0.020369170244710733,4.212266666666666,0.13586725547795206,0,
faster_rcnn,4.348,5,0.8074626865671644,0.020369170244710733,4.212266666666666,0.13586725547795206,0,
faster_rcnn,4.350666666666666,5,0.8074626865671644,0.020369170244710733,4.212266666666666,0.13586725547795206,0,
faster_rcnn,4.352,5,0.8074626865671644,0.020369170244710733,4.212266666666666,0.13586725547795206,0,
faster_rcnn,4.3533333333333335,5,0.8074626865671644,0.020369170244710733,4.212266666666666,0.13586725547795206,0,
faster_rcnn,4.354666666666667,5,0.8074626865671644,0.020369170244710733,4.212266666666666,0.13586725547795206,0,
faster_rcnn,4.356,5,0.8074626865671644,0.020369170244710733,4.212266666666666,0.13586725547795206,0,
faster_rcnn,4.357333333333333,5,0.8074626865671644,0.020369170244710733,4.212266666666666,0.13586725547795206,0,
faster_rcnn,4.358666666666666,5,0.8074626865671644,0.020369170244710733,4.212266666666666,0.13586725547795206,0,
faster_rcnn,4.36,5,0.8074626865671644,0.020369170244710733,4.212266666666666,0.13586725547795206,0,
faster_rcnn,4.3613333333333335,5,0.8074626865671644,0.020369170244710733,4.212266666666666,0.13586725547795206,0,
faster_rcnn,4.362666666666667,5,0.8074626865671644,0.020369170244710733,4.212266666666666,0.13586725547795206,0,
faster_rcnn,4.364,5,0.8074626865671644,0.020369170244710733,4.212266666666666,0.13586725547795206,0,
faster_rcnn,4.365333333333333,5,0.8074626865671644,0.020369170244710733,4.212266666666666,0.13586725547795206,0,
faster_rcnn,4.366666666666666,5,0.8074626865671644,0.020369170244710733,4.212266666666666,0.13586725547795206,0,
faster_rcnn,4.368,5,0.8074626865671644,0.020369170244710733,4.212266666666666,0.13586725547795206,0,
faster_rcnn,4.3693333333333335,5,0.8074626865671644,0.020369170244710733,4.212266666666666,0.13586725547795206,0,
faster_rcnn,4.370666666666667,5,0.8074626865671644,0.020369170244710733,4.212266666666666,0.13586725547795206,0,
faster_rcnn,4.372,5,0.8074626865671644,0.020369170244710733,4.212266666666666,0.13586725547795206,0,
faster_rcnn,4.373333333333333,5,0.8074626865671644,0.020369170244710733,4.212266666666666,0.13586725547795206,0,
faster_rcnn,4.374666666666666,5,0.8074626865671644,0.020369170244710733,4.212266666666666,0.13586725547795206,0,
faster_rcnn,4.376,5,0.8074626865671644,0.020369170244710733,4.212266666666666,0.13586725547795206,0,
faster_rcnn,4.3773333333333335,5,0.8074626865671644,0.020369170244710733,4.212266666666666,0.13586725547795206,0,
faster_rcnn,4.378666666666667,5,0.8074626865671644,0.020369170244710733,4.212266666666666,0.13586725547795206,0,
faster_rcnn,4.38,5,0.8074626865671644,0.020369170244710733,4.212266666666666,0.13586725547795206,0,
faster_rcnn,4.382666666666666,5,0.8074626865671644,0.020369170244710733,4.212266666666666,0.13586725547795206,0,
faster_rcnn,4.384,5,0.8074626865671644,0.020369170244710733,4.212266666666666,0.13586725547795206,0,
faster_rcnn,4.3853333333333335,5,0.8074626865671644,0.020369170244710733,4.212266666666666,0.13586725547795206,0,
faster_rcnn,4.386666666666667,5,0.8074626865671644,0.020369170244710733,4.212266666666666,0.13586725547795206,0,
faster_rcnn,4.388,5,0.8074626865671644,0.020369170244710733,4.212266666666666,0.13586725547795206,0,
faster_rcnn,4.390666666666666,5,0.8074626865671644,0.020369170244710733,4.212266666666666,0.13586725547795206,0,
faster_rcnn,4.392,5,0.8074626865671644,0.020369170244710733,4.212266666666666,0.13586725547795206,0,
faster_rcnn,4.3933333333333335,5,0.8074626865671644,0.020369170244710733,4.212266666666666,0.13586725547795206,0,
faster_rcnn,4.394666666666667,5,0.8074626865671644,0.020369170244710733,4.212266666666666,0.13586725547795206,0,
faster_rcnn,4.396,5,0.8082089552238806,0.020708114814196443,4.280266666666667,0.1225339862151631,0,
faster_rcnn,4.397333333333333,5,0.808955223880597,0.02117352381956884,4.280533333333333,0.12284986320256477,0,
faster_rcnn,4.398666666666666,5,0.808955223880597,0.02117352381956884,4.280533333333333,0.12284986320256477,0,
faster_rcnn,4.4,5,0.808955223880597,0.02117352381956884,4.280533333333333,0.12284986320256477,0,
faster_rcnn,4.4013333333333335,5,0.808955223880597,0.02117352381956884,4.280533333333333,0.12284986320256477,0,
faster_rcnn,4.402666666666667,5,0.808955223880597,0.02117352381956884,4.280533333333333,0.12284986320256477,0,
faster_rcnn,4.404,5,0.808955223880597,0.02117352381956884,4.280533333333333,0.12284986320256477,0,
faster_rcnn,4.405333333333333,5,0.808955223880597,0.02117352381956884,4.280533333333333,0.12284986320256477,0,
faster_rcnn,4.406666666666666,5,0.808955223880597,0.02117352381956884,4.280533333333333,0.12284986320256477,0,
faster_rcnn,4.408,5,0.808955223880597,0.02117352381956884,4.280533333333333,0.12284986320256477,0,
faster_rcnn,4.4093333333333335,5,0.808955223880597,0.02117352381956884,4.280533333333333,0.12284986320256477,0,
faster_rcnn,4.410666666666667,5,0.808955223880597,0.02117352381956884,4.280533333333333,0.12284986320256477,0,
faster_rcnn,4.412,5,0.808955223880597,0.02117352381956884,4.280533333333333,0.12284986320256477,0,
faster_rcnn,4.413333333333333,5,0.808955223880597,0.02117352381956884,4.280533333333333,0.12284986320256477,0,
faster_rcnn,4.414666666666666,5,0.808955223880597,0.02117352381956884,4.280533333333333,0.12284986320256477,0,
faster_rcnn,4.416,5,0.808955223880597,0.02117352381956884,4.280533333333333,0.12284986320256477,0,
faster_rcnn,4.417333333333334,5,0.808955223880597,0.02117352381956884,4.280533333333333,0.12284986320256477,0,
faster_rcnn,4.418666666666667,5,0.808955223880597,0.02117352381956884,4.280533333333333,0.12284986320256477,0,
faster_rcnn,4.42,5,0.808955223880597,0.02117352381956884,4.280533333333333,0.12284986320256477,0,
faster_rcnn,4.421333333333333,5,0.808955223880597,0.02117352381956884,4.280533333333333,0.12284986320256477,0,
faster_rcnn,4.422666666666666,5,0.808955223880597,0.02117352381956884,4.280533333333333,0.12284986320256477,0,
faster_rcnn,4.424,5,0.808955223880597,0.02117352381956884,4.280533333333333,0.12284986320256477,0,
faster_rcnn,4.428,5,0.808955223880597,0.02117352381956884,4.280533333333333,0.12284986320256477,0,
faster_rcnn,4.429333333333333,5,0.808955223880597,0.02117352381956884,4.280533333333333,0.12284986320256477,0,
faster_rcnn,4.430666666666666,5,0.808955223880597,0.02117352381956884,4.280533333333333,0.12284986320256477,0,
faster_rcnn,4.432,5,0.808955223880597,0.02117352381956884,4.280533333333333,0.12284986320256477,0,
faster_rcnn,4.433333333333334,5,0.808955223880597,0.02117352381956884,4.280533333333333,0.12284986320256477,0,
faster_rcnn,4.434666666666667,5,0.808955223880597,0.02117352381956884,4.280533333333333,0.12284986320256477,0,
faster_rcnn,4.436,5,0.808955223880597,0.02117352381956884,4.280533333333333,0.12284986320256477,0,
faster_rcnn,4.437333333333333,5,0.8097014925373134,0.02159671063953403,4.304799999999999,0.14208479471389215,0,
faster_rcnn,4.438666666666666,5,0.8097014925373134,0.02159671063953403,4.304799999999999,0.14208479471389215,0,
faster_rcnn,4.44,5,0.8097014925373134,0.02159671063953403,4.304799999999999,0.14208479471389215,0,
faster_rcnn,4.441333333333334,5,0.8097014925373134,0.02159671063953403,4.304799999999999,0.14208479471389215,0,
faster_rcnn,4.442666666666667,5,0.8097014925373134,0.02159671063953403,4.304799999999999,0.14208479471389215,0,
faster_rcnn,4.444,5,0.8097014925373134,0.02159671063953403,4.304799999999999,0.14208479471389215,0,
faster_rcnn,4.445333333333333,5,0.8097014925373134,0.02159671063953403,4.304799999999999,0.14208479471389215,0,
faster_rcnn,4.448,5,0.8097014925373134,0.02159671063953403,4.304799999999999,0.14208479471389215,0,
faster_rcnn,4.450666666666667,5,0.8097014925373134,0.02159671063953403,4.304799999999999,0.14208479471389215,0,
faster_rcnn,4.452,5,0.8097014925373134,0.02159671063953403,4.304799999999999,0.14208479471389215,0,
faster_rcnn,4.453333333333333,5,0.8097014925373134,0.02159671063953403,4.304799999999999,0.14208479471389215,0,
faster_rcnn,4.454666666666666,5,0.8097014925373134,0.02159671063953403,4.304799999999999,0.14208479471389215,0,
faster_rcnn,4.456,5,0.8097014925373134,0.02159671063953403,4.304799999999999,0.14208479471389215,0,
faster_rcnn,4.457333333333334,5,0.8097014925373134,0.02159671063953403,4.304799999999999,0.14208479471389215,0,
faster_rcnn,4.458666666666667,5,0.8097014925373134,0.02159671063953403,4.304799999999999,0.14208479471389215,0,
faster_rcnn,4.46,5,0.8097014925373134,0.02159671063953403,4.304799999999999,0.14208479471389215,0,
faster_rcnn,4.461333333333333,5,0.8097014925373134,0.02159671063953403,4.304799999999999,0.14208479471389215,0,
faster_rcnn,4.462666666666666,5,0.8097014925373134,0.02159671063953403,4.304799999999999,0.14208479471389215,0,
faster_rcnn,4.464,5,0.8097014925373134,0.02159671063953403,4.304799999999999,0.14208479471389215,0,
faster_rcnn,4.465333333333334,5,0.8097014925373134,0.02159671063953403,4.304799999999999,0.14208479471389215,0,
faster_rcnn,4.466666666666667,5,0.8097014925373134,0.02159671063953403,4.304799999999999,0.14208479471389215,0,
faster_rcnn,4.469333333333333,5,0.8097014925373134,0.02159671063953403,4.304799999999999,0.14208479471389215,0,
faster_rcnn,4.470666666666666,5,0.8097014925373134,0.02159671063953403,4.304799999999999,0.14208479471389215,0,
faster_rcnn,4.472,5,0.8097014925373134,0.02159671063953403,4.304799999999999,0.14208479471389215,0,
faster_rcnn,4.473333333333334,5,0.8097014925373134,0.02159671063953403,4.304799999999999,0.14208479471389215,0,
faster_rcnn,4.474666666666667,5,0.8097014925373134,0.02159671063953403,4.304799999999999,0.14208479471389215,0,
faster_rcnn,4.476,5,0.8097014925373134,0.02159671063953403,4.304799999999999,0.14208479471389215,0,
faster_rcnn,4.477333333333333,5,0.8097014925373134,0.02159671063953403,4.304799999999999,0.14208479471389215,0,
faster_rcnn,4.478666666666666,5,0.8097014925373134,0.02159671063953403,4.304799999999999,0.14208479471389215,0,
faster_rcnn,4.48,5,0.8097014925373134,0.02159671063953403,4.304799999999999,0.14208479471389215,0,
faster_rcnn,4.481333333333334,5,0.8097014925373134,0.02159671063953403,4.304799999999999,0.14208479471389215,0,
faster_rcnn,4.482666666666667,5,0.8097014925373134,0.02159671063953403,4.304799999999999,0.14208479471389215,0,
faster_rcnn,4.484,5,0.8097014925373134,0.02159671063953403,4.304799999999999,0.14208479471389215,0,
faster_rcnn,4.485333333333333,5,0.8097014925373134,0.02159671063953403,4.304799999999999,0.14208479471389215,0,
faster_rcnn,4.486666666666666,5,0.8097014925373134,0.02159671063953403,4.304799999999999,0.14208479471389215,0,
faster_rcnn,4.488,5,0.8097014925373134,0.02159671063953403,4.304799999999999,0.14208479471389215,0,
faster_rcnn,4.489333333333334,5,0.8097014925373134,0.02159671063953403,4.304799999999999,0.14208479471389215,0,
faster_rcnn,4.490666666666667,5,0.8097014925373134,0.02159671063953403,4.304799999999999,0.14208479471389215,0,
faster_rcnn,4.492,5,0.8097014925373134,0.02159671063953403,4.304799999999999,0.14208479471389215,0,
faster_rcnn,4.493333333333333,5,0.8097014925373134,0.02159671063953403,4.304799999999999,0.14208479471389215,0,
faster_rcnn,4.494666666666666,5,0.8097014925373134,0.02159671063953403,4.304799999999999,0.14208479471389215,0,
faster_rcnn,4.497333333333334,5,0.8097014925373134,0.02159671063953403,4.304799999999999,0.14208479471389215,0,
faster_rcnn,4.498666666666667,5,0.8097014925373134,0.02159671063953403,4.304799999999999,0.14208479471389215,0,
faster_rcnn,4.5,5,0.8097014925373134,0.02159671063953403,4.304799999999999,0.14208479471389215,0,
faster_rcnn,4.501333333333333,5,0.8097014925373134,0.02159671063953403,4.304799999999999,0.14208479471389215,0,
faster_rcnn,4.502666666666666,5,0.8097014925373134,0.02159671063953403,4.304799999999999,0.14208479471389215,0,
faster_rcnn,4.504,5,0.8097014925373134,0.02159671063953403,4.304799999999999,0.14208479471389215,0,
faster_rcnn,4.506666666666667,5,0.8097014925373134,0.02159671063953403,4.304799999999999,0.14208479471389215,0,
faster_rcnn,4.508,5,0.8097014925373134,0.02159671063953403,4.304799999999999,0.14208479471389215,0,
faster_rcnn,4.509333333333333,5,0.8097014925373134,0.02159671063953403,4.304799999999999,0.14208479471389215,0,
faster_rcnn,4.510666666666666,5,0.8097014925373134,0.02159671063953403,4.304799999999999,0.14208479471389215,0,
faster_rcnn,4.512,5,0.8097014925373134,0.02159671063953403,4.304799999999999,0.14208479471389215,0,
faster_rcnn,4.513333333333334,5,0.8097014925373134,0.02159671063953403,4.304799999999999,0.14208479471389215,0,
faster_rcnn,4.516,5,0.8097014925373134,0.02159671063953403,4.304799999999999,0.14208479471389215,0,
faster_rcnn,4.517333333333333,5,0.8097014925373134,0.02159671063953403,4.304799999999999,0.14208479471389215,0,
faster_rcnn,4.52,5,0.8097014925373134,0.02159671063953403,4.304799999999999,0.14208479471389215,0,
faster_rcnn,4.521333333333334,5,0.8097014925373134,0.02159671063953403,4.304799999999999,0.14208479471389215,0,
faster_rcnn,4.522666666666667,5,0.8104477611940298,0.022137905931628867,4.329866666666666,0.170670833282472,0,
faster_rcnn,4.524,5,0.8104477611940298,0.022137905931628867,4.329866666666666,0.170670833282472,0,
faster_rcnn,4.525333333333333,5,0.8104477611940298,0.022137905931628867,4.329866666666666,0.170670833282472,0,
faster_rcnn,4.526666666666666,5,0.8104477611940298,0.022137905931628867,4.329866666666666,0.170670833282472,0,
faster_rcnn,4.528,5,0.8104477611940298,0.022137905931628867,4.329866666666666,0.170670833282472,0,
faster_rcnn,4.530666666666667,5,0.8104477611940298,0.022137905931628867,4.329866666666666,0.170670833282472,0,
faster_rcnn,4.532,5,0.8104477611940298,0.022137905931628867,4.329866666666666,0.170670833282472,0,
faster_rcnn,4.534666666666666,5,0.8104477611940298,0.022137905931628867,4.329866666666666,0.170670833282472,0,
faster_rcnn,4.536,5,0.8104477611940298,0.022137905931628867,4.329866666666666,0.170670833282472,0,
faster_rcnn,4.537333333333334,5,0.8104477611940298,0.022137905931628867,4.329866666666666,0.170670833282472,0,
faster_rcnn,4.538666666666667,5,0.8104477611940298,0.022137905931628867,4.329866666666666,0.170670833282472,0,
faster_rcnn,4.54,5,0.8104477611940298,0.022137905931628867,4.329866666666666,0.170670833282472,0,
faster_rcnn,4.541333333333333,5,0.8104477611940298,0.022137905931628867,4.329866666666666,0.170670833282472,0,
faster_rcnn,4.542666666666666,5,0.8104477611940298,0.022137905931628867,4.329866666666666,0.170670833282472,0,
faster_rcnn,4.544,5,0.8104477611940298,0.022137905931628867,4.329866666666666,0.170670833282472,0,
faster_rcnn,4.545333333333334,5,0.8104477611940298,0.022137905931628867,4.329866666666666,0.170670833282472,0,
faster_rcnn,4.546666666666667,5,0.8104477611940298,0.022137905931628867,4.329866666666666,0.170670833282472,0,
faster_rcnn,4.548,5,0.8104477611940298,0.022137905931628867,4.329866666666666,0.170670833282472,0,
faster_rcnn,4.549333333333333,5,0.8104477611940298,0.022137905931628867,4.329866666666666,0.170670833282472,0,
faster_rcnn,4.550666666666666,5,0.8104477611940298,0.022137905931628867,4.329866666666666,0.170670833282472,0,
faster_rcnn,4.552,5,0.8104477611940298,0.022137905931628867,4.329866666666666,0.170670833282472,0,
faster_rcnn,4.553333333333334,5,0.8104477611940298,0.022137905931628867,4.329866666666666,0.170670833282472,0,
faster_rcnn,4.554666666666667,5,0.8104477611940298,0.022137905931628867,4.329866666666666,0.170670833282472,0,
faster_rcnn,4.556,5,0.8104477611940298,0.022137905931628867,4.329866666666666,0.170670833282472,0,
faster_rcnn,4.558666666666666,5,0.8104477611940298,0.022137905931628867,4.329866666666666,0.170670833282472,0,
faster_rcnn,4.561333333333334,5,0.8104477611940298,0.022137905931628867,4.329866666666666,0.170670833282472,0,
faster_rcnn,4.562666666666667,5,0.8111940298507463,0.020539341708243106,4.376266666666666,0.19996533032836813,0,
faster_rcnn,4.564,5,0.8111940298507463,0.020539341708243106,4.376266666666666,0.19996533032836813,0,
faster_rcnn,4.566666666666666,5,0.8111940298507463,0.020539341708243106,4.376266666666666,0.19996533032836813,0,
faster_rcnn,4.569333333333334,5,0.8111940298507463,0.020539341708243106,4.376266666666666,0.19996533032836813,0,
faster_rcnn,4.570666666666667,5,0.8111940298507463,0.020539341708243106,4.376266666666666,0.19996533032836813,0,
faster_rcnn,4.572,5,0.8111940298507463,0.020539341708243106,4.376266666666666,0.19996533032836813,0,
faster_rcnn,4.573333333333333,5,0.8111940298507463,0.020539341708243106,4.376266666666666,0.19996533032836813,0,
faster_rcnn,4.574666666666666,5,0.8111940298507463,0.020539341708243106,4.376266666666666,0.19996533032836813,0,
faster_rcnn,4.576,5,0.8111940298507463,0.020539341708243106,4.376266666666666,0.19996533032836813,0,
faster_rcnn,4.577333333333334,5,0.8111940298507463,0.020539341708243106,4.376266666666666,0.19996533032836813,0,
faster_rcnn,4.578666666666667,5,0.8111940298507463,0.020539341708243106,4.376266666666666,0.19996533032836813,0,
faster_rcnn,4.58,5,0.8111940298507463,0.020539341708243106,4.376266666666666,0.19996533032836813,0,
faster_rcnn,4.581333333333333,5,0.8111940298507463,0.020539341708243106,4.376266666666666,0.19996533032836813,0,
faster_rcnn,4.582666666666666,5,0.8111940298507463,0.020539341708243106,4.376266666666666,0.19996533032836813,0,
faster_rcnn,4.584,5,0.8111940298507463,0.020539341708243106,4.376266666666666,0.19996533032836813,0,
faster_rcnn,4.585333333333334,5,0.8111940298507463,0.020539341708243106,4.376266666666666,0.19996533032836813,0,
faster_rcnn,4.586666666666667,5,0.8111940298507463,0.020539341708243106,4.376266666666666,0.19996533032836813,0,
faster_rcnn,4.588,5,0.8111940298507463,0.020539341708243106,4.376266666666666,0.19996533032836813,0,
faster_rcnn,4.589333333333333,5,0.8111940298507463,0.020539341708243106,4.376266666666666,0.19996533032836813,0,
faster_rcnn,4.5906666666666665,5,0.8111940298507463,0.020539341708243106,4.376266666666666,0.19996533032836813,0,
faster_rcnn,4.592,5,0.8111940298507463,0.020539341708243106,4.376266666666666,0.19996533032836813,0,
faster_rcnn,4.593333333333334,5,0.8111940298507463,0.020539341708243106,4.376266666666666,0.19996533032836813,0,
faster_rcnn,4.594666666666667,5,0.8111940298507463,0.020539341708243106,4.376266666666666,0.19996533032836813,0,
faster_rcnn,4.596,5,0.8111940298507463,0.020539341708243106,4.376266666666666,0.19996533032836813,0,
faster_rcnn,4.597333333333333,5,0.8111940298507463,0.020539341708243106,4.376266666666666,0.19996533032836813,0,
faster_rcnn,4.5986666666666665,5,0.8111940298507463,0.020539341708243106,4.376266666666666,0.19996533032836813,0,
faster_rcnn,4.6,5,0.8111940298507463,0.020539341708243106,4.376266666666666,0.19996533032836813,0,
faster_rcnn,4.601333333333334,5,0.8119402985074627,0.02104160026846519,4.409066666666666,0.2244388558160108,0,
faster_rcnn,4.604,5,0.8119402985074627,0.02104160026846519,4.409066666666666,0.2244388558160108,0,
faster_rcnn,4.605333333333333,5,0.8119402985074627,0.02104160026846519,4.409066666666666,0.2244388558160108,0,
faster_rcnn,4.6066666666666665,5,0.8119402985074627,0.02104160026846519,4.409066666666666,0.2244388558160108,0,
faster_rcnn,4.608,5,0.8119402985074627,0.02104160026846519,4.409066666666666,0.2244388558160108,1,314
faster_rcnn,4.610666666666667,5,0.8119402985074627,0.02104160026846519,4.409066666666666,0.2244388558160108,1,314
faster_rcnn,4.612,5,0.8119402985074627,0.02104160026846519,4.409066666666666,0.2244388558160108,1,314
faster_rcnn,4.613333333333333,5,0.8119402985074627,0.02104160026846519,4.409066666666666,0.2244388558160108,1,314
faster_rcnn,4.6146666666666665,5,0.8119402985074627,0.02104160026846519,4.409066666666666,0.2244388558160108,1,314
faster_rcnn,4.616,5,0.8126865671641792,0.021008489940685434,4.475199999999999,0.22756019960538898,1,314
faster_rcnn,4.617333333333334,5,0.8126865671641792,0.021008489940685434,4.475199999999999,0.22756019960538898,1,314
faster_rcnn,4.62,5,0.8126865671641792,0.021008489940685434,4.475199999999999,0.22756019960538898,1,314
faster_rcnn,4.621333333333333,5,0.8126865671641792,0.021008489940685434,4.475199999999999,0.22756019960538898,1,314
faster_rcnn,4.624,5,0.8134328358208954,0.021596710639533983,4.585333333333333,0.04222690032563478,1,314
faster_rcnn,4.625333333333334,5,0.8134328358208954,0.021596710639533983,4.585333333333333,0.04222690032563478,1,314
faster_rcnn,4.628,5,0.8134328358208954,0.021596710639533983,4.585333333333333,0.04222690032563478,1,314
faster_rcnn,4.629333333333333,5,0.8134328358208954,0.021596710639533983,4.585333333333333,0.04222690032563478,1,314
faster_rcnn,4.6306666666666665,5,0.8134328358208954,0.021596710639533983,4.585333333333333,0.04222690032563478,1,314
faster_rcnn,4.632,5,0.8134328358208954,0.021596710639533983,4.585333333333333,0.04222690032563478,1,314
faster_rcnn,4.633333333333334,5,0.8134328358208954,0.021596710639533983,4.585333333333333,0.04222690032563478,1,314
faster_rcnn,4.634666666666667,5,0.8134328358208954,0.021596710639533983,4.585333333333333,0.04222690032563478,1,314
faster_rcnn,4.637333333333333,5,0.814179104477612,0.02166108249805967,4.5896,0.04691742154514069,1,314
faster_rcnn,4.6386666666666665,5,0.814179104477612,0.02166108249805967,4.5896,0.04691742154514069,1,314
faster_rcnn,4.641333333333334,5,0.814179104477612,0.02166108249805967,4.5896,0.04691742154514069,1,314
faster_rcnn,4.642666666666667,5,0.814179104477612,0.02166108249805967,4.5896,0.04691742154514069,1,314
faster_rcnn,4.644,5,0.814179104477612,0.02166108249805967,4.5896,0.04691742154514069,1,314
faster_rcnn,4.645333333333333,5,0.814179104477612,0.02166108249805967,4.5896,0.04691742154514069,1,314
faster_rcnn,4.6466666666666665,5,0.814179104477612,0.02166108249805967,4.5896,0.04691742154514069,1,314
faster_rcnn,4.649333333333334,5,0.814179104477612,0.02166108249805967,4.5896,0.04691742154514069,1,314
faster_rcnn,4.650666666666667,5,0.814179104477612,0.02166108249805967,4.5896,0.04691742154514069,1,314
faster_rcnn,4.652,5,0.814179104477612,0.02166108249805967,4.5896,0.04691742154514069,1,314
faster_rcnn,4.653333333333333,5,0.814179104477612,0.02166108249805967,4.5896,0.04691742154514069,1,314
faster_rcnn,4.6546666666666665,5,0.814179104477612,0.02166108249805967,4.5896,0.04691742154514069,1,314
faster_rcnn,4.656,5,0.814179104477612,0.02166108249805967,4.5896,0.04691742154514069,1,314
faster_rcnn,4.657333333333334,5,0.814179104477612,0.02166108249805967,4.5896,0.04691742154514069,1,314
faster_rcnn,4.658666666666667,5,0.814179104477612,0.02166108249805967,4.5896,0.04691742154514069,1,314
faster_rcnn,4.66,5,0.814179104477612,0.02166108249805967,4.5896,0.04691742154514069,1,314
faster_rcnn,4.661333333333333,5,0.814179104477612,0.02166108249805967,4.5896,0.04691742154514069,1,314
faster_rcnn,4.6626666666666665,5,0.8149253731343282,0.0223257840323158,4.597333333333333,0.05626129516224559,1,314
faster_rcnn,4.664,5,0.8149253731343282,0.0223257840323158,4.597333333333333,0.05626129516224559,1,314
faster_rcnn,4.665333333333334,5,0.8149253731343282,0.0223257840323158,4.597333333333333,0.05626129516224559,1,314
faster_rcnn,4.666666666666667,5,0.8149253731343282,0.0223257840323158,4.597333333333333,0.05626129516224559,1,314
faster_rcnn,4.668,5,0.8149253731343282,0.0223257840323158,4.597333333333333,0.05626129516224559,1,314
faster_rcnn,4.672,5,0.8149253731343282,0.0223257840323158,4.597333333333333,0.05626129516224559,1,314
faster_rcnn,4.674666666666667,5,0.8156716417910449,0.022788703708361883,4.612,0.06623862585799578,1,314
faster_rcnn,4.677333333333333,5,0.8156716417910449,0.022788703708361883,4.612,0.06623862585799578,1,314
faster_rcnn,4.6786666666666665,5,0.8156716417910449,0.022788703708361883,4.612,0.06623862585799578,1,314
faster_rcnn,4.68,5,0.8156716417910449,0.022788703708361883,4.612,0.06623862585799578,1,314
faster_rcnn,4.681333333333333,5,0.8156716417910449,0.022788703708361883,4.612,0.06623862585799578,1,314
faster_rcnn,4.682666666666667,5,0.8156716417910449,0.022788703708361883,4.612,0.06623862585799578,1,314
faster_rcnn,4.684,5,0.8156716417910449,0.022788703708361883,4.612,0.06623862585799578,1,314
faster_rcnn,4.6866666666666665,5,0.8156716417910449,0.022788703708361883,4.612,0.06623862585799578,1,314
faster_rcnn,4.689333333333333,5,0.8156716417910449,0.022788703708361883,4.612,0.06623862585799578,1,314
faster_rcnn,4.690666666666667,5,0.8156716417910449,0.022788703708361883,4.612,0.06623862585799578,1,314
faster_rcnn,4.692,5,0.8156716417910449,0.022788703708361883,4.612,0.06623862585799578,1,314
faster_rcnn,4.693333333333333,5,0.8156716417910449,0.022788703708361883,4.612,0.06623862585799578,1,314
faster_rcnn,4.6946666666666665,5,0.8156716417910449,0.022788703708361883,4.612,0.06623862585799578,1,314
faster_rcnn,4.696,5,0.8156716417910449,0.022788703708361883,4.612,0.06623862585799578,1,314
faster_rcnn,4.698666666666667,5,0.8156716417910449,0.022788703708361883,4.612,0.06623862585799578,1,314
faster_rcnn,4.7,5,0.8156716417910449,0.022788703708361883,4.612,0.06623862585799578,1,314
faster_rcnn,4.701333333333333,5,0.8156716417910449,0.022788703708361883,4.612,0.06623862585799578,1,314
faster_rcnn,4.7026666666666666,5,0.8156716417910449,0.022788703708361883,4.612,0.06623862585799578,1,314
faster_rcnn,4.704,5,0.8156716417910449,0.022788703708361883,4.612,0.06623862585799578,1,314
faster_rcnn,4.705333333333333,5,0.8156716417910449,0.022788703708361883,4.612,0.06623862585799578,1,314
faster_rcnn,4.706666666666667,5,0.8156716417910449,0.022788703708361883,4.612,0.06623862585799578,1,314
faster_rcnn,4.708,5,0.8156716417910449,0.022788703708361883,4.612,0.06623862585799578,1,314
faster_rcnn,4.709333333333333,5,0.8156716417910449,0.022788703708361883,4.612,0.06623862585799578,1,314
faster_rcnn,4.710666666666667,5,0.8156716417910449,0.022788703708361883,4.612,0.06623862585799578,1,314
faster_rcnn,4.712,5,0.8156716417910449,0.022788703708361883,4.612,0.06623862585799578,1,314
faster_rcnn,4.713333333333333,5,0.8156716417910449,0.022788703708361883,4.612,0.06623862585799578,1,314
faster_rcnn,4.714666666666667,5,0.8156716417910449,0.022788703708361883,4.612,0.06623862585799578,1,314
faster_rcnn,4.716,5,0.8156716417910449,0.022788703708361883,4.612,0.06623862585799578,1,314
faster_rcnn,4.718666666666667,5,0.8156716417910449,0.022788703708361883,4.612,0.06623862585799578,1,314
faster_rcnn,4.72,5,0.8156716417910449,0.022788703708361883,4.612,0.06623862585799578,1,314
faster_rcnn,4.721333333333333,5,0.8156716417910449,0.022788703708361883,4.612,0.06623862585799578,1,314
faster_rcnn,4.722666666666667,5,0.8156716417910449,0.022788703708361883,4.612,0.06623862585799578,1,314
faster_rcnn,4.724,5,0.8156716417910449,0.022788703708361883,4.612,0.06623862585799578,1,314
faster_rcnn,4.726666666666667,5,0.8156716417910449,0.022788703708361883,4.612,0.06623862585799578,1,314
faster_rcnn,4.728,5,0.8156716417910449,0.022788703708361883,4.612,0.06623862585799578,1,314
faster_rcnn,4.729333333333333,5,0.8156716417910449,0.022788703708361883,4.612,0.06623862585799578,1,314
faster_rcnn,4.730666666666667,5,0.8156716417910449,0.022788703708361883,4.612,0.06623862585799578,1,314
faster_rcnn,4.732,5,0.8156716417910449,0.022788703708361883,4.612,0.06623862585799578,1,314
faster_rcnn,4.733333333333333,5,0.8156716417910449,0.022788703708361883,4.612,0.06623862585799578,1,314
faster_rcnn,4.734666666666667,5,0.8156716417910449,0.022788703708361883,4.612,0.06623862585799578,1,314
faster_rcnn,4.736,5,0.8156716417910449,0.022788703708361883,4.612,0.06623862585799578,1,314
faster_rcnn,4.737333333333333,5,0.8156716417910449,0.022788703708361883,4.612,0.06623862585799578,1,314
faster_rcnn,4.741333333333333,5,0.8156716417910449,0.022788703708361883,4.612,0.06623862585799578,1,314
faster_rcnn,4.742666666666667,5,0.8156716417910449,0.022788703708361883,4.612,0.06623862585799578,1,314
faster_rcnn,4.745333333333333,5,0.8156716417910449,0.022788703708361883,4.612,0.06623862585799578,1,314
faster_rcnn,4.746666666666667,5,0.8156716417910449,0.022788703708361883,4.612,0.06623862585799578,1,314
faster_rcnn,4.749333333333333,5,0.8156716417910449,0.022788703708361883,4.612,0.06623862585799578,1,314
faster_rcnn,4.750666666666667,5,0.8156716417910449,0.022788703708361883,4.612,0.06623862585799578,1,314
faster_rcnn,4.752,5,0.8156716417910449,0.022788703708361883,4.612,0.06623862585799578,1,314
faster_rcnn,4.753333333333333,5,0.8156716417910449,0.022788703708361883,4.612,0.06623862585799578,1,314
faster_rcnn,4.754666666666667,5,0.8156716417910449,0.022788703708361883,4.612,0.06623862585799578,1,314
faster_rcnn,4.756,5,0.8156716417910449,0.022788703708361883,4.612,0.06623862585799578,1,314
faster_rcnn,4.757333333333333,5,0.8156716417910449,0.022788703708361883,4.612,0.06623862585799578,1,314
faster_rcnn,4.758666666666667,5,0.8156716417910449,0.022788703708361883,4.612,0.06623862585799578,1,314
faster_rcnn,4.76,5,0.8156716417910449,0.022788703708361883,4.612,0.06623862585799578,1,314
faster_rcnn,4.761333333333333,5,0.8156716417910449,0.022788703708361883,4.612,0.06623862585799578,1,314
faster_rcnn,4.764,5,0.8156716417910449,0.022788703708361883,4.612,0.06623862585799578,1,314
faster_rcnn,4.765333333333333,5,0.8156716417910449,0.022788703708361883,4.612,0.06623862585799578,1,314
faster_rcnn,4.766666666666667,5,0.8156716417910449,0.022788703708361883,4.612,0.06623862585799578,1,314
faster_rcnn,4.768,5,0.8156716417910449,0.022788703708361883,4.612,0.06623862585799578,1,314
faster_rcnn,4.769333333333333,5,0.8156716417910449,0.022788703708361883,4.612,0.06623862585799578,1,314
faster_rcnn,4.772,5,0.8156716417910449,0.022788703708361883,4.612,0.06623862585799578,1,314
faster_rcnn,4.773333333333333,5,0.8156716417910449,0.022788703708361883,4.612,0.06623862585799578,1,314
faster_rcnn,4.776,5,0.8156716417910449,0.022788703708361883,4.612,0.06623862585799578,1,314
faster_rcnn,4.777333333333333,5,0.8164179104477611,0.023361904242535113,4.632533333333333,0.0985521858374196,1,314
faster_rcnn,4.778666666666667,5,0.8164179104477611,0.023361904242535113,4.632533333333333,0.0985521858374196,1,314
faster_rcnn,4.78,5,0.8164179104477611,0.023361904242535113,4.632533333333333,0.0985521858374196,1,314
faster_rcnn,4.781333333333333,5,0.8164179104477611,0.023361904242535113,4.632533333333333,0.0985521858374196,1,314
faster_rcnn,4.784,5,0.8164179104477611,0.023361904242535113,4.632533333333333,0.0985521858374196,1,314
faster_rcnn,4.785333333333333,5,0.8164179104477611,0.023361904242535113,4.632533333333333,0.0985521858374196,1,314
faster_rcnn,4.786666666666667,5,0.8164179104477611,0.023361904242535113,4.632533333333333,0.0985521858374196,1,314
faster_rcnn,4.788,5,0.8164179104477611,0.023361904242535113,4.632533333333333,0.0985521858374196,1,314
faster_rcnn,4.790666666666667,5,0.8164179104477611,0.023361904242535113,4.632533333333333,0.0985521858374196,1,314
faster_rcnn,4.792,5,0.8164179104477611,0.023361904242535113,4.632533333333333,0.0985521858374196,1,314
faster_rcnn,4.793333333333333,5,0.8164179104477611,0.023361904242535113,4.632533333333333,0.0985521858374196,1,314
faster_rcnn,4.794666666666667,5,0.8164179104477611,0.023361904242535113,4.632533333333333,0.0985521858374196,1,314
faster_rcnn,4.7973333333333334,5,0.8164179104477611,0.023361904242535113,4.632533333333333,0.0985521858374196,1,314
faster_rcnn,4.798666666666667,5,0.8164179104477611,0.023361904242535113,4.632533333333333,0.0985521858374196,1,314
faster_rcnn,4.8,5,0.8164179104477611,0.023361904242535113,4.632533333333333,0.0985521858374196,1,314
faster_rcnn,4.801333333333333,5,0.8164179104477611,0.023361904242535113,4.632533333333333,0.0985521858374196,1,314
faster_rcnn,4.802666666666667,5,0.8164179104477611,0.023361904242535113,4.632533333333333,0.0985521858374196,1,314
faster_rcnn,4.8053333333333335,5,0.8164179104477611,0.023361904242535113,4.632533333333333,0.0985521858374196,1,314
faster_rcnn,4.806666666666667,5,0.8164179104477611,0.023361904242535113,4.632533333333333,0.0985521858374196,1,314
faster_rcnn,4.808,5,0.8164179104477611,0.023361904242535113,4.632533333333333,0.0985521858374196,1,314
faster_rcnn,4.809333333333333,5,0.8164179104477611,0.023361904242535113,4.632533333333333,0.0985521858374196,1,314
faster_rcnn,4.810666666666667,5,0.8164179104477611,0.023361904242535113,4.632533333333333,0.0985521858374196,1,314
faster_rcnn,4.812,5,0.8171641791044777,0.02374612324880196,4.6903999999999995,0.10276791544273163,1,314
faster_rcnn,4.8133333333333335,5,0.8171641791044777,0.02374612324880196,4.6903999999999995,0.10276791544273163,1,314
faster_rcnn,4.814666666666667,5,0.8171641791044777,0.02374612324880196,4.6903999999999995,0.10276791544273163,1,314
faster_rcnn,4.816,5,0.8171641791044777,0.02374612324880196,4.6903999999999995,0.10276791544273163,1,314
faster_rcnn,4.817333333333333,5,0.8171641791044777,0.02374612324880196,4.6903999999999995,0.10276791544273163,1,314
faster_rcnn,4.818666666666667,5,0.8171641791044777,0.02374612324880196,4.6903999999999995,0.10276791544273163,1,314
faster_rcnn,4.82,5,0.8171641791044777,0.02374612324880196,4.6903999999999995,0.10276791544273163,1,314
faster_rcnn,4.8213333333333335,5,0.8171641791044777,0.02374612324880196,4.6903999999999995,0.10276791544273163,1,314
faster_rcnn,4.824,5,0.8171641791044777,0.02374612324880196,4.6903999999999995,0.10276791544273163,1,314
faster_rcnn,4.825333333333333,5,0.8171641791044777,0.02374612324880196,4.6903999999999995,0.10276791544273163,1,314
faster_rcnn,4.826666666666667,5,0.8171641791044777,0.02374612324880196,4.6903999999999995,0.10276791544273163,1,314
faster_rcnn,4.828,5,0.8171641791044777,0.02374612324880196,4.6903999999999995,0.10276791544273163,1,314
faster_rcnn,4.8293333333333335,5,0.8171641791044777,0.02374612324880196,4.6903999999999995,0.10276791544273163,1,314
faster_rcnn,4.832,5,0.8171641791044777,0.02374612324880196,4.6903999999999995,0.10276791544273163,1,314
faster_rcnn,4.833333333333333,5,0.8171641791044777,0.02374612324880196,4.6903999999999995,0.10276791544273163,1,314
faster_rcnn,4.834666666666666,5,0.8171641791044777,0.02374612324880196,4.6903999999999995,0.10276791544273163,1,314
faster_rcnn,4.8373333333333335,5,0.8171641791044777,0.02374612324880196,4.6903999999999995,0.10276791544273163,1,314
faster_rcnn,4.838666666666667,5,0.8171641791044777,0.02374612324880196,4.6903999999999995,0.10276791544273163,1,314
faster_rcnn,4.84,5,0.8171641791044777,0.02374612324880196,4.6903999999999995,0.10276791544273163,1,314
faster_rcnn,4.841333333333333,5,0.8171641791044777,0.02374612324880196,4.6903999999999995,0.10276791544273163,1,314
faster_rcnn,4.842666666666666,5,0.8171641791044777,0.02374612324880196,4.6903999999999995,0.10276791544273163,1,314
faster_rcnn,4.8453333333333335,5,0.8171641791044777,0.02374612324880196,4.6903999999999995,0.10276791544273163,1,314
faster_rcnn,4.846666666666667,5,0.8171641791044777,0.02374612324880196,4.6903999999999995,0.10276791544273163,1,314
faster_rcnn,4.848,5,0.8171641791044777,0.02374612324880196,4.6903999999999995,0.10276791544273163,1,314
faster_rcnn,4.849333333333333,5,0.8171641791044777,0.02374612324880196,4.6903999999999995,0.10276791544273163,1,314
faster_rcnn,4.850666666666666,5,0.8171641791044777,0.02374612324880196,4.6903999999999995,0.10276791544273163,1,314
faster_rcnn,4.852,5,0.8171641791044777,0.02374612324880196,4.6903999999999995,0.10276791544273163,1,314
faster_rcnn,4.8533333333333335,5,0.8171641791044777,0.02374612324880196,4.6903999999999995,0.10276791544273163,1,314
faster_rcnn,4.854666666666667,5,0.8171641791044777,0.02374612324880196,4.6903999999999995,0.10276791544273163,1,314
faster_rcnn,4.856,5,0.817910447761194,0.024382551123439594,4.729066666666666,0.12391896994048607,1,314
faster_rcnn,4.857333333333333,5,0.817910447761194,0.024382551123439594,4.729066666666666,0.12391896994048607,1,314
faster_rcnn,4.858666666666666,5,0.817910447761194,0.024382551123439594,4.729066666666666,0.12391896994048607,1,314
faster_rcnn,4.86,5,0.817910447761194,0.024382551123439594,4.729066666666666,0.12391896994048607,1,314
faster_rcnn,4.8613333333333335,5,0.817910447761194,0.024382551123439594,4.729066666666666,0.12391896994048607,1,314
faster_rcnn,4.862666666666667,5,0.817910447761194,0.024382551123439594,4.729066666666666,0.12391896994048607,1,314
faster_rcnn,4.864,5,0.817910447761194,0.024382551123439594,4.729066666666666,0.12391896994048607,1,314
faster_rcnn,4.865333333333333,5,0.817910447761194,0.024382551123439594,4.729066666666666,0.12391896994048607,1,314
faster_rcnn,4.866666666666666,5,0.817910447761194,0.024382551123439594,4.729066666666666,0.12391896994048607,1,314
faster_rcnn,4.868,5,0.817910447761194,0.024382551123439594,4.729066666666666,0.12391896994048607,1,314
faster_rcnn,4.8693333333333335,5,0.817910447761194,0.024382551123439594,4.729066666666666,0.12391896994048607,1,314
faster_rcnn,4.870666666666667,5,0.817910447761194,0.024382551123439594,4.729066666666666,0.12391896994048607,1,314
faster_rcnn,4.872,5,0.817910447761194,0.024382551123439594,4.729066666666666,0.12391896994048607,1,314
faster_rcnn,4.873333333333333,5,0.817910447761194,0.024382551123439594,4.729066666666666,0.12391896994048607,1,314
faster_rcnn,4.874666666666666,5,0.817910447761194,0.024382551123439594,4.729066666666666,0.12391896994048607,1,314
faster_rcnn,4.876,5,0.817910447761194,0.024382551123439594,4.729066666666666,0.12391896994048607,1,314
faster_rcnn,4.8773333333333335,5,0.817910447761194,0.024382551123439594,4.729066666666666,0.12391896994048607,1,314
faster_rcnn,4.881333333333333,5,0.817910447761194,0.024382551123439594,4.729066666666666,0.12391896994048607,1,314
faster_rcnn,4.884,5,0.817910447761194,0.024382551123439594,4.729066666666666,0.12391896994048607,1,314
faster_rcnn,4.8853333333333335,5,0.817910447761194,0.024382551123439594,4.729066666666666,0.12391896994048607,1,314
faster_rcnn,4.886666666666667,5,0.817910447761194,0.024382551123439594,4.729066666666666,0.12391896994048607,1,314
faster_rcnn,4.888,5,0.817910447761194,0.024382551123439594,4.729066666666666,0.12391896994048607,1,314
faster_rcnn,4.889333333333333,5,0.817910447761194,0.024382551123439594,4.729066666666666,0.12391896994048607,1,314
faster_rcnn,4.894666666666667,5,0.817910447761194,0.024382551123439594,4.729066666666666,0.12391896994048607,1,314
faster_rcnn,4.896,5,0.817910447761194,0.024382551123439594,4.729066666666666,0.12391896994048607,1,314
faster_rcnn,4.898666666666666,5,0.817910447761194,0.024382551123439594,4.729066666666666,0.12391896994048607,1,314
faster_rcnn,4.9,5,0.817910447761194,0.024382551123439594,4.729066666666666,0.12391896994048607,1,314
faster_rcnn,4.9013333333333335,5,0.817910447761194,0.024382551123439594,4.729066666666666,0.12391896994048607,1,314
faster_rcnn,4.902666666666667,5,0.8186567164179104,0.02441108542357629,4.7821333333333325,0.13140133603244333,1,314
faster_rcnn,4.904,5,0.8186567164179104,0.02441108542357629,4.7821333333333325,0.13140133603244333,1,314
faster_rcnn,4.906666666666666,5,0.8186567164179104,0.02441108542357629,4.7821333333333325,0.13140133603244333,1,314
faster_rcnn,4.908,5,0.8186567164179104,0.02441108542357629,4.7821333333333325,0.13140133603244333,1,314
faster_rcnn,4.9093333333333335,5,0.8186567164179104,0.02441108542357629,4.7821333333333325,0.13140133603244333,1,314
faster_rcnn,4.910666666666667,5,0.8186567164179104,0.02441108542357629,4.7821333333333325,0.13140133603244333,1,314
faster_rcnn,4.913333333333333,5,0.8186567164179104,0.02441108542357629,4.7821333333333325,0.13140133603244333,1,314
faster_rcnn,4.914666666666666,5,0.8186567164179104,0.02441108542357629,4.7821333333333325,0.13140133603244333,1,314
faster_rcnn,4.917333333333334,5,0.8186567164179104,0.02441108542357629,4.7821333333333325,0.13140133603244333,1,314
faster_rcnn,4.918666666666667,5,0.8186567164179104,0.02441108542357629,4.7821333333333325,0.13140133603244333,1,314
faster_rcnn,4.92,5,0.8186567164179104,0.02441108542357629,4.7821333333333325,0.13140133603244333,1,314
faster_rcnn,4.922666666666666,5,0.8186567164179104,0.02441108542357629,4.7821333333333325,0.13140133603244333,1,314
faster_rcnn,4.925333333333334,5,0.8186567164179104,0.02441108542357629,4.7821333333333325,0.13140133603244333,1,314
faster_rcnn,4.926666666666667,5,0.8186567164179104,0.02441108542357629,4.7821333333333325,0.13140133603244333,1,314
faster_rcnn,4.928,5,0.8186567164179104,0.02441108542357629,4.7821333333333325,0.13140133603244333,1,314
faster_rcnn,4.929333333333333,5,0.8186567164179104,0.02441108542357629,4.7821333333333325,0.13140133603244333,1,314
faster_rcnn,4.930666666666666,5,0.8186567164179104,0.02441108542357629,4.7821333333333325,0.13140133603244333,1,314
faster_rcnn,4.932,5,0.8186567164179104,0.02441108542357629,4.7821333333333325,0.13140133603244333,1,314
faster_rcnn,4.933333333333334,5,0.8186567164179104,0.02441108542357629,4.7821333333333325,0.13140133603244333,1,314
faster_rcnn,4.934666666666667,5,0.8186567164179104,0.02441108542357629,4.7821333333333325,0.13140133603244333,1,314
faster_rcnn,4.936,5,0.8186567164179104,0.02441108542357629,4.7821333333333325,0.13140133603244333,1,314
faster_rcnn,4.938666666666666,5,0.8186567164179104,0.02441108542357629,4.7821333333333325,0.13140133603244333,1,314
faster_rcnn,4.94,5,0.8186567164179104,0.02441108542357629,4.7821333333333325,0.13140133603244333,1,314
faster_rcnn,4.942666666666667,5,0.8186567164179104,0.02441108542357629,4.7821333333333325,0.13140133603244333,1,314
faster_rcnn,4.944,5,0.8186567164179104,0.02441108542357629,4.7821333333333325,0.13140133603244333,1,314
faster_rcnn,4.945333333333333,5,0.8186567164179104,0.02441108542357629,4.7821333333333325,0.13140133603244333,1,314
faster_rcnn,4.946666666666666,5,0.8186567164179104,0.02441108542357629,4.7821333333333325,0.13140133603244333,1,314
faster_rcnn,4.948,5,0.8186567164179104,0.02441108542357629,4.7821333333333325,0.13140133603244333,1,314
faster_rcnn,4.950666666666667,5,0.8186567164179104,0.02441108542357629,4.7821333333333325,0.13140133603244333,1,314
faster_rcnn,4.952,5,0.8186567164179104,0.02441108542357629,4.7821333333333325,0.13140133603244333,1,314
faster_rcnn,4.953333333333333,5,0.8186567164179104,0.02441108542357629,4.7821333333333325,0.13140133603244333,1,314
faster_rcnn,4.954666666666666,5,0.8186567164179104,0.02441108542357629,4.7821333333333325,0.13140133603244333,1,314
faster_rcnn,4.956,5,0.8186567164179104,0.02441108542357629,4.7821333333333325,0.13140133603244333,1,314
faster_rcnn,4.957333333333334,5,0.8186567164179104,0.02441108542357629,4.7821333333333325,0.13140133603244333,1,314
faster_rcnn,4.958666666666667,5,0.8186567164179104,0.02441108542357629,4.7821333333333325,0.13140133603244333,1,314
faster_rcnn,4.96,5,0.8186567164179104,0.02441108542357629,4.7821333333333325,0.13140133603244333,1,314
faster_rcnn,4.961333333333333,5,0.8186567164179104,0.02441108542357629,4.7821333333333325,0.13140133603244333,1,314
faster_rcnn,4.962666666666666,5,0.8186567164179104,0.02441108542357629,4.7821333333333325,0.13140133603244333,1,314
faster_rcnn,4.965333333333334,5,0.8186567164179104,0.02441108542357629,4.7821333333333325,0.13140133603244333,1,314
faster_rcnn,4.966666666666667,5,0.8186567164179104,0.02441108542357629,4.7821333333333325,0.13140133603244333,1,314
faster_rcnn,4.968,5,0.8186567164179104,0.02441108542357629,4.7821333333333325,0.13140133603244333,1,314
faster_rcnn,4.969333333333333,5,0.8194029850746268,0.02455325951695834,4.795466666666667,0.14890593600584814,1,314
faster_rcnn,4.970666666666666,5,0.8194029850746268,0.02455325951695834,4.795466666666667,0.14890593600584814,1,314
faster_rcnn,4.972,5,0.8201492537313433,0.02480711960984276,4.795999999999999,0.14968708101309958,1,314
faster_rcnn,4.973333333333334,5,0.8201492537313433,0.02480711960984276,4.795999999999999,0.14968708101309958,1,314
faster_rcnn,4.974666666666667,5,0.8201492537313433,0.02480711960984276,4.795999999999999,0.14968708101309958,1,314
faster_rcnn,4.976,5,0.8201492537313433,0.02480711960984276,4.795999999999999,0.14968708101309958,1,314
faster_rcnn,4.977333333333333,5,0.8201492537313433,0.02480711960984276,4.795999999999999,0.14968708101309958,1,314
faster_rcnn,4.978666666666666,5,0.8201492537313433,0.02480711960984276,4.795999999999999,0.14968708101309958,1,314
faster_rcnn,4.98,5,0.8201492537313433,0.02480711960984276,4.795999999999999,0.14968708101309958,1,314
faster_rcnn,4.981333333333334,5,0.8201492537313433,0.02480711960984276,4.795999999999999,0.14968708101309958,1,314
faster_rcnn,4.982666666666667,5,0.8208955223880597,0.025307201429571873,4.837066666666667,0.1700650855800018,1,314
faster_rcnn,4.984,5,0.8208955223880597,0.025307201429571873,4.837066666666667,0.1700650855800018,1,314
faster_rcnn,4.986666666666666,5,0.8208955223880597,0.025307201429571873,4.837066666666667,0.1700650855800018,1,314
faster_rcnn,4.988,5,0.8208955223880597,0.025307201429571873,4.837066666666667,0.1700650855800018,1,314
faster_rcnn,4.990666666666667,5,0.8208955223880597,0.025307201429571873,4.837066666666667,0.1700650855800018,1,314
faster_rcnn,4.992,5,0.8208955223880597,0.025307201429571873,4.837066666666667,0.1700650855800018,1,314
faster_rcnn,4.993333333333333,5,0.8208955223880597,0.025307201429571873,4.837066666666667,0.1700650855800018,1,314
faster_rcnn,4.994666666666666,5,0.8208955223880597,0.025307201429571873,4.837066666666667,0.1700650855800018,1,314
faster_rcnn,4.996,5,0.8208955223880597,0.025307201429571873,4.837066666666667,0.1700650855800018,1,314
faster_rcnn,4.997333333333334,5,0.8208955223880597,0.025307201429571873,4.837066666666667,0.1700650855800018,1,314
faster_rcnn,4.998666666666667,5,0.8208955223880597,0.025307201429571873,4.837066666666667,0.1700650855800018,1,314
faster_rcnn,5.001333333333333,5,0.8208955223880597,0.025307201429571873,4.837066666666667,0.1700650855800018,1,314
faster_rcnn,5.002666666666666,5,0.8208955223880597,0.025307201429571873,4.837066666666667,0.1700650855800018,1,314
faster_rcnn,5.004,5,0.8208955223880597,0.025307201429571873,4.837066666666667,0.1700650855800018,1,314
faster_rcnn,5.005333333333334,5,0.8208955223880597,0.025307201429571873,4.837066666666667,0.1700650855800018,1,314
faster_rcnn,5.008,5,0.8208955223880597,0.025307201429571873,4.837066666666667,0.1700650855800018,1,314
faster_rcnn,5.010666666666666,5,0.8208955223880597,0.025307201429571873,4.837066666666667,0.1700650855800018,1,314
faster_rcnn,5.012,5,0.8208955223880597,0.025307201429571873,4.837066666666667,0.1700650855800018,1,314
faster_rcnn,5.013333333333334,5,0.8208955223880597,0.025307201429571873,4.837066666666667,0.1700650855800018,1,314
faster_rcnn,5.014666666666667,5,0.8216417910447762,0.02590530590702951,4.843466666666667,0.17735989775970593,1,314
faster_rcnn,5.016,5,0.8216417910447762,0.02590530590702951,4.843466666666667,0.17735989775970593,1,314
faster_rcnn,5.017333333333333,5,0.8216417910447762,0.02590530590702951,4.843466666666667,0.17735989775970593,1,314
faster_rcnn,5.018666666666666,5,0.8216417910447762,0.02590530590702951,4.843466666666667,0.17735989775970593,1,314
faster_rcnn,5.02,5,0.8216417910447762,0.02590530590702951,4.843466666666667,0.17735989775970593,1,314
faster_rcnn,5.021333333333334,5,0.8216417910447762,0.02590530590702951,4.843466666666667,0.17735989775970593,1,314
faster_rcnn,5.022666666666667,5,0.8216417910447762,0.02590530590702951,4.843466666666667,0.17735989775970593,1,314
faster_rcnn,5.024,5,0.8223880597014925,0.02619923833065963,4.853866666666667,0.18798723360909372,1,314
faster_rcnn,5.025333333333333,5,0.8223880597014925,0.02619923833065963,4.853866666666667,0.18798723360909372,1,314
faster_rcnn,5.026666666666666,5,0.8223880597014925,0.02619923833065963,4.853866666666667,0.18798723360909372,1,314
faster_rcnn,5.028,5,0.8223880597014925,0.02619923833065963,4.853866666666667,0.18798723360909372,1,314
faster_rcnn,5.029333333333334,5,0.8223880597014925,0.02619923833065963,4.853866666666667,0.18798723360909372,1,314
faster_rcnn,5.030666666666667,5,0.8223880597014925,0.02619923833065963,4.853866666666667,0.18798723360909372,1,314
faster_rcnn,5.032,5,0.8223880597014925,0.02619923833065963,4.853866666666667,0.18798723360909372,1,314
faster_rcnn,5.033333333333333,5,0.8223880597014925,0.02619923833065963,4.853866666666667,0.18798723360909372,1,314
faster_rcnn,5.034666666666666,5,0.8223880597014925,0.02619923833065963,4.853866666666667,0.18798723360909372,1,314
faster_rcnn,5.036,5,0.8223880597014925,0.02619923833065963,4.853866666666667,0.18798723360909372,1,314
faster_rcnn,5.037333333333334,5,0.8223880597014925,0.02619923833065963,4.853866666666667,0.18798723360909372,1,314
faster_rcnn,5.04,5,0.8223880597014925,0.02619923833065963,4.853866666666667,0.18798723360909372,1,314
faster_rcnn,5.041333333333333,5,0.8223880597014925,0.02619923833065963,4.853866666666667,0.18798723360909372,1,314
faster_rcnn,5.042666666666666,5,0.8223880597014925,0.02619923833065963,4.853866666666667,0.18798723360909372,1,314
faster_rcnn,5.044,5,0.823134328358209,0.026463616755965882,4.900266666666667,0.20309472338459858,1,314
faster_rcnn,5.046666666666667,5,0.823134328358209,0.026463616755965882,4.900266666666667,0.20309472338459858,1,314
faster_rcnn,5.048,5,0.823134328358209,0.026463616755965882,4.900266666666667,0.20309472338459858,1,314
faster_rcnn,5.049333333333333,5,0.823134328358209,0.026463616755965882,4.900266666666667,0.20309472338459858,1,314
faster_rcnn,5.050666666666666,5,0.823134328358209,0.026463616755965882,4.900266666666667,0.20309472338459858,1,314
faster_rcnn,5.052,5,0.823134328358209,0.026463616755965882,4.900266666666667,0.20309472338459858,1,314
faster_rcnn,5.053333333333334,5,0.823134328358209,0.026463616755965882,4.900266666666667,0.20309472338459858,1,314
faster_rcnn,5.054666666666667,5,0.823134328358209,0.026463616755965882,4.900266666666667,0.20309472338459858,1,314
faster_rcnn,5.056,5,0.823134328358209,0.026463616755965882,4.900266666666667,0.20309472338459858,1,314
faster_rcnn,5.057333333333333,5,0.8238805970149254,0.027087599123703773,4.908799999999999,0.20988589492600218,1,314
faster_rcnn,5.058666666666666,5,0.8238805970149254,0.027087599123703773,4.908799999999999,0.20988589492600218,1,314
faster_rcnn,5.06,5,0.8238805970149254,0.027087599123703773,4.908799999999999,0.20988589492600218,1,314
faster_rcnn,5.062666666666667,5,0.8238805970149254,0.027087599123703773,4.908799999999999,0.20988589492600218,1,314
faster_rcnn,5.064,5,0.8238805970149254,0.027087599123703773,4.908799999999999,0.20988589492600218,1,314
faster_rcnn,5.065333333333333,5,0.8238805970149254,0.027087599123703773,4.908799999999999,0.20988589492600218,1,314
faster_rcnn,5.066666666666666,5,0.8238805970149254,0.027087599123703773,4.908799999999999,0.20988589492600218,1,314
faster_rcnn,5.068,5,0.8238805970149254,0.027087599123703773,4.908799999999999,0.20988589492600218,1,314
faster_rcnn,5.069333333333334,5,0.8238805970149254,0.027087599123703773,4.908799999999999,0.20988589492600218,1,314
faster_rcnn,5.070666666666667,5,0.8238805970149254,0.027087599123703773,4.908799999999999,0.20988589492600218,1,314
faster_rcnn,5.072,5,0.8238805970149254,0.027087599123703773,4.908799999999999,0.20988589492600218,1,314
faster_rcnn,5.073333333333333,5,0.8238805970149254,0.027087599123703773,4.908799999999999,0.20988589492600218,1,314
faster_rcnn,5.074666666666666,5,0.8246268656716419,0.02741966129981168,4.918933333333333,0.21790803360847213,1,314
faster_rcnn,5.076,5,0.8246268656716419,0.02741966129981168,4.918933333333333,0.21790803360847213,1,314
faster_rcnn,5.078666666666667,5,0.8246268656716419,0.02741966129981168,4.918933333333333,0.21790803360847213,1,314
faster_rcnn,5.08,5,0.8246268656716419,0.02741966129981168,4.918933333333333,0.21790803360847213,1,314
faster_rcnn,5.081333333333333,5,0.8246268656716419,0.02741966129981168,4.918933333333333,0.21790803360847213,1,314
faster_rcnn,5.084,5,0.8246268656716419,0.02741966129981168,4.918933333333333,0.21790803360847213,1,314
faster_rcnn,5.085333333333334,5,0.8246268656716419,0.02741966129981168,4.918933333333333,0.21790803360847213,1,314
faster_rcnn,5.086666666666667,5,0.8246268656716419,0.02741966129981168,4.918933333333333,0.21790803360847213,1,314
faster_rcnn,5.088,5,0.8246268656716419,0.02741966129981168,4.918933333333333,0.21790803360847213,1,314
faster_rcnn,5.089333333333333,5,0.8246268656716419,0.02741966129981168,4.918933333333333,0.21790803360847213,1,314
faster_rcnn,5.0906666666666665,5,0.8246268656716419,0.02741966129981168,4.918933333333333,0.21790803360847213,1,314
faster_rcnn,5.092,5,0.8246268656716419,0.02741966129981168,4.918933333333333,0.21790803360847213,1,314
faster_rcnn,5.093333333333334,5,0.8246268656716419,0.02741966129981168,4.918933333333333,0.21790803360847213,1,314
faster_rcnn,5.094666666666667,5,0.8246268656716419,0.02741966129981168,4.918933333333333,0.21790803360847213,1,314
faster_rcnn,5.096,5,0.8246268656716419,0.02741966129981168,4.918933333333333,0.21790803360847213,1,314
faster_rcnn,5.097333333333333,5,0.8246268656716419,0.02741966129981168,4.918933333333333,0.21790803360847213,1,314
faster_rcnn,5.0986666666666665,5,0.8246268656716419,0.02741966129981168,4.918933333333333,0.21790803360847213,1,314
faster_rcnn,5.1,5,0.8246268656716419,0.02741966129981168,4.918933333333333,0.21790803360847213,1,314
faster_rcnn,5.101333333333334,5,0.8246268656716419,0.02741966129981168,4.918933333333333,0.21790803360847213,1,314
faster_rcnn,5.102666666666667,5,0.8253731343283583,0.02784792262245565,4.924533333333334,0.22320613293047695,1,314
faster_rcnn,5.104,5,0.8253731343283583,0.02784792262245565,4.924533333333334,0.22320613293047695,1,314
faster_rcnn,5.105333333333333,5,0.8253731343283583,0.02784792262245565,4.924533333333334,0.22320613293047695,1,314
faster_rcnn,5.1066666666666665,5,0.8253731343283583,0.02784792262245565,4.924533333333334,0.22320613293047695,1,314
faster_rcnn,5.109333333333334,5,0.8253731343283583,0.02784792262245565,4.924533333333334,0.22320613293047695,1,314
faster_rcnn,5.110666666666667,5,0.8253731343283583,0.02784792262245565,4.924533333333334,0.22320613293047695,1,314
faster_rcnn,5.112,5,0.8253731343283583,0.02784792262245565,4.924533333333334,0.22320613293047695,1,314
faster_rcnn,5.113333333333333,5,0.8253731343283583,0.02784792262245565,4.924533333333334,0.22320613293047695,1,314
faster_rcnn,5.116,5,0.8253731343283583,0.02784792262245565,4.924533333333334,0.22320613293047695,1,314
faster_rcnn,5.117333333333334,5,0.8253731343283583,0.02784792262245565,4.924533333333334,0.22320613293047695,1,314
faster_rcnn,5.118666666666667,5,0.8253731343283583,0.02784792262245565,4.924533333333334,0.22320613293047695,1,314
faster_rcnn,5.121333333333333,5,0.8253731343283583,0.02784792262245565,4.924533333333334,0.22320613293047695,1,314
faster_rcnn,5.1226666666666665,5,0.8253731343283583,0.02784792262245565,4.924533333333334,0.22320613293047695,1,314
faster_rcnn,5.124,5,0.8253731343283583,0.02784792262245565,4.924533333333334,0.22320613293047695,1,314
faster_rcnn,5.128,5,0.8253731343283583,0.02784792262245565,4.924533333333334,0.22320613293047695,1,314
faster_rcnn,5.129333333333333,5,0.8253731343283583,0.02784792262245565,4.924533333333334,0.22320613293047695,1,314
faster_rcnn,5.1306666666666665,5,0.8253731343283583,0.02784792262245565,4.924533333333334,0.22320613293047695,1,314
faster_rcnn,5.133333333333334,5,0.8253731343283583,0.02784792262245565,4.924533333333334,0.22320613293047695,1,314
faster_rcnn,5.136,5,0.8253731343283583,0.02784792262245565,4.924533333333334,0.22320613293047695,1,314
faster_rcnn,5.137333333333333,5,0.8253731343283583,0.02784792262245565,4.924533333333334,0.22320613293047695,1,314
faster_rcnn,5.1386666666666665,5,0.8253731343283583,0.02784792262245565,4.924533333333334,0.22320613293047695,1,314
faster_rcnn,5.141333333333334,5,0.8253731343283583,0.02784792262245565,4.924533333333334,0.22320613293047695,1,314
faster_rcnn,5.142666666666667,5,0.8253731343283583,0.02784792262245565,4.924533333333334,0.22320613293047695,1,314
faster_rcnn,5.144,5,0.8253731343283583,0.02784792262245565,4.924533333333334,0.22320613293047695,1,314
faster_rcnn,5.1466666666666665,5,0.8253731343283583,0.02784792262245565,4.924533333333334,0.22320613293047695,1,314
faster_rcnn,5.148,5,0.8253731343283583,0.02784792262245565,4.924533333333334,0.22320613293047695,1,314
faster_rcnn,5.149333333333334,5,0.8253731343283583,0.02784792262245565,4.924533333333334,0.22320613293047695,1,314
faster_rcnn,5.150666666666667,5,0.8253731343283583,0.02784792262245565,4.924533333333334,0.22320613293047695,1,314
faster_rcnn,5.152,5,0.8253731343283583,0.02784792262245565,4.924533333333334,0.22320613293047695,1,314
faster_rcnn,5.1546666666666665,5,0.8261194029850746,0.02812155773345786,4.946666666666667,0.2426538458151629,1,314
faster_rcnn,5.156,5,0.8261194029850746,0.02812155773345786,4.946666666666667,0.2426538458151629,1,314
faster_rcnn,5.157333333333334,5,0.8261194029850746,0.02812155773345786,4.946666666666667,0.2426538458151629,1,314
faster_rcnn,5.158666666666667,5,0.8261194029850746,0.02812155773345786,4.946666666666667,0.2426538458151629,1,314
faster_rcnn,5.16,5,0.8261194029850746,0.02812155773345786,4.946666666666667,0.2426538458151629,1,314
faster_rcnn,5.161333333333333,5,0.8261194029850746,0.02812155773345786,4.946666666666667,0.2426538458151629,1,314
faster_rcnn,5.1626666666666665,5,0.8261194029850746,0.02812155773345786,4.946666666666667,0.2426538458151629,1,314
faster_rcnn,5.165333333333334,5,0.8261194029850746,0.02812155773345786,4.946666666666667,0.2426538458151629,1,314
faster_rcnn,5.166666666666667,5,0.8261194029850746,0.02812155773345786,4.946666666666667,0.2426538458151629,1,314
faster_rcnn,5.168,5,0.8261194029850746,0.02812155773345786,4.946666666666667,0.2426538458151629,1,314
faster_rcnn,5.169333333333333,5,0.8261194029850746,0.02812155773345786,4.946666666666667,0.2426538458151629,1,314
faster_rcnn,5.1706666666666665,5,0.8261194029850746,0.02812155773345786,4.946666666666667,0.2426538458151629,1,314
faster_rcnn,5.172,5,0.8261194029850746,0.02812155773345786,4.946666666666667,0.2426538458151629,1,314
faster_rcnn,5.173333333333333,5,0.8261194029850746,0.02812155773345786,4.946666666666667,0.2426538458151629,1,314
faster_rcnn,5.174666666666667,5,0.8261194029850746,0.02812155773345786,4.946666666666667,0.2426538458151629,1,314
faster_rcnn,5.176,5,0.8261194029850746,0.02812155773345786,4.946666666666667,0.2426538458151629,1,314
faster_rcnn,5.177333333333333,5,0.8261194029850746,0.02812155773345786,4.946666666666667,0.2426538458151629,1,314
faster_rcnn,5.1786666666666665,5,0.8261194029850746,0.02812155773345786,4.946666666666667,0.2426538458151629,1,314
faster_rcnn,5.18,5,0.8261194029850746,0.02812155773345786,4.946666666666667,0.2426538458151629,1,314
faster_rcnn,5.181333333333333,5,0.8261194029850746,0.02812155773345786,4.946666666666667,0.2426538458151629,1,314
faster_rcnn,5.182666666666667,5,0.8261194029850746,0.02812155773345786,4.946666666666667,0.2426538458151629,1,314
faster_rcnn,5.185333333333333,5,0.8261194029850746,0.02812155773345786,4.946666666666667,0.2426538458151629,1,314
faster_rcnn,5.1866666666666665,5,0.8261194029850746,0.02812155773345786,4.946666666666667,0.2426538458151629,1,314
faster_rcnn,5.188,5,0.8261194029850746,0.02812155773345786,4.946666666666667,0.2426538458151629,1,314
faster_rcnn,5.190666666666667,5,0.8261194029850746,0.02812155773345786,4.946666666666667,0.2426538458151629,1,314
faster_rcnn,5.192,5,0.8261194029850746,0.02812155773345786,4.946666666666667,0.2426538458151629,1,314
faster_rcnn,5.1946666666666665,5,0.8261194029850746,0.02812155773345786,4.946666666666667,0.2426538458151629,1,314
faster_rcnn,5.196,5,0.8261194029850746,0.02812155773345786,4.946666666666667,0.2426538458151629,1,314
faster_rcnn,5.198666666666667,5,0.8261194029850746,0.02812155773345786,4.946666666666667,0.2426538458151629,1,314
faster_rcnn,5.2,5,0.8261194029850746,0.02812155773345786,4.946666666666667,0.2426538458151629,1,314
faster_rcnn,5.201333333333333,5,0.8261194029850746,0.02812155773345786,4.946666666666667,0.2426538458151629,1,314
faster_rcnn,5.204,5,0.8261194029850746,0.02812155773345786,4.946666666666667,0.2426538458151629,1,314
faster_rcnn,5.205333333333333,5,0.8261194029850746,0.02812155773345786,4.946666666666667,0.2426538458151629,1,314
faster_rcnn,5.206666666666667,5,0.8261194029850746,0.02812155773345786,4.946666666666667,0.2426538458151629,1,314
faster_rcnn,5.208,5,0.8261194029850746,0.02812155773345786,4.946666666666667,0.2426538458151629,1,314
faster_rcnn,5.209333333333333,5,0.8261194029850746,0.02812155773345786,4.946666666666667,0.2426538458151629,1,314
faster_rcnn,5.210666666666667,5,0.8261194029850746,0.02812155773345786,4.946666666666667,0.2426538458151629,1,314
faster_rcnn,5.212,5,0.8261194029850746,0.02812155773345786,4.946666666666667,0.2426538458151629,1,314
faster_rcnn,5.213333333333333,5,0.8261194029850746,0.02812155773345786,4.946666666666667,0.2426538458151629,1,314
faster_rcnn,5.214666666666667,5,0.8261194029850746,0.02812155773345786,4.946666666666667,0.2426538458151629,1,314
faster_rcnn,5.217333333333333,5,0.8261194029850746,0.02812155773345786,4.946666666666667,0.2426538458151629,1,314
faster_rcnn,5.218666666666667,5,0.8261194029850746,0.02812155773345786,4.946666666666667,0.2426538458151629,1,314
faster_rcnn,5.221333333333333,5,0.8261194029850746,0.02812155773345786,4.946666666666667,0.2426538458151629,1,314
faster_rcnn,5.222666666666667,5,0.8261194029850746,0.02812155773345786,4.946666666666667,0.2426538458151629,1,314
faster_rcnn,5.224,5,0.8261194029850746,0.02812155773345786,4.946666666666667,0.2426538458151629,1,314
faster_rcnn,5.225333333333333,5,0.8261194029850746,0.02812155773345786,4.946666666666667,0.2426538458151629,1,314
faster_rcnn,5.228,5,0.8261194029850746,0.02812155773345786,4.946666666666667,0.2426538458151629,1,314
faster_rcnn,5.232,5,0.8261194029850746,0.02812155773345786,4.946666666666667,0.2426538458151629,1,314
faster_rcnn,5.233333333333333,5,0.8261194029850746,0.02812155773345786,4.946666666666667,0.2426538458151629,1,314
faster_rcnn,5.234666666666667,5,0.8261194029850746,0.02812155773345786,4.946666666666667,0.2426538458151629,1,314
faster_rcnn,5.236,5,0.8261194029850746,0.02812155773345786,4.946666666666667,0.2426538458151629,1,314
faster_rcnn,5.237333333333333,5,0.8261194029850746,0.02812155773345786,4.946666666666667,0.2426538458151629,1,314
faster_rcnn,5.24,5,0.8268656716417911,0.028490461446001602,4.963733333333333,0.26308156741039673,1,314
faster_rcnn,5.241333333333333,5,0.8268656716417911,0.028490461446001602,4.963733333333333,0.26308156741039673,1,314
faster_rcnn,5.242666666666667,5,0.8268656716417911,0.028490461446001602,4.963733333333333,0.26308156741039673,1,314
faster_rcnn,5.244,5,0.8268656716417911,0.028490461446001602,4.963733333333333,0.26308156741039673,1,314
faster_rcnn,5.245333333333333,5,0.8268656716417911,0.028490461446001602,4.963733333333333,0.26308156741039673,1,314
faster_rcnn,5.246666666666667,5,0.8268656716417911,0.028490461446001602,4.963733333333333,0.26308156741039673,1,314
faster_rcnn,5.249333333333333,5,0.8268656716417911,0.028490461446001602,4.963733333333333,0.26308156741039673,1,314
faster_rcnn,5.250666666666667,5,0.8268656716417911,0.028490461446001602,4.963733333333333,0.26308156741039673,1,314
faster_rcnn,5.253333333333333,5,0.8268656716417911,0.028490461446001602,4.963733333333333,0.26308156741039673,1,314
faster_rcnn,5.254666666666667,5,0.8268656716417911,0.028490461446001602,4.963733333333333,0.26308156741039673,1,314
faster_rcnn,5.256,5,0.8268656716417911,0.028490461446001602,4.963733333333333,0.26308156741039673,1,314
faster_rcnn,5.257333333333333,5,0.8268656716417911,0.028490461446001602,4.963733333333333,0.26308156741039673,1,314
faster_rcnn,5.258666666666667,5,0.8268656716417911,0.028490461446001602,4.963733333333333,0.26308156741039673,1,314
faster_rcnn,5.26,5,0.8268656716417911,0.028490461446001602,4.963733333333333,0.26308156741039673,1,314
faster_rcnn,5.261333333333333,5,0.8268656716417911,0.028490461446001602,4.963733333333333,0.26308156741039673,1,314
faster_rcnn,5.262666666666667,5,0.8268656716417911,0.028490461446001602,4.963733333333333,0.26308156741039673,1,314
faster_rcnn,5.264,5,0.8268656716417911,0.028490461446001602,4.963733333333333,0.26308156741039673,1,314
faster_rcnn,5.265333333333333,5,0.8268656716417911,0.028490461446001602,4.963733333333333,0.26308156741039673,1,314
faster_rcnn,5.266666666666667,5,0.8268656716417911,0.028490461446001602,4.963733333333333,0.26308156741039673,1,314
faster_rcnn,5.268,5,0.8268656716417911,0.028490461446001602,4.963733333333333,0.26308156741039673,1,314
faster_rcnn,5.269333333333333,5,0.8268656716417911,0.028490461446001602,4.963733333333333,0.26308156741039673,1,314
faster_rcnn,5.270666666666667,5,0.8268656716417911,0.028490461446001602,4.963733333333333,0.26308156741039673,1,314
faster_rcnn,5.272,5,0.8268656716417911,0.028490461446001602,4.963733333333333,0.26308156741039673,1,314
faster_rcnn,5.273333333333333,5,0.8268656716417911,0.028490461446001602,4.963733333333333,0.26308156741039673,1,314
faster_rcnn,5.274666666666667,5,0.8268656716417911,0.028490461446001602,4.963733333333333,0.26308156741039673,1,314
faster_rcnn,5.276,5,0.8268656716417911,0.028490461446001602,4.963733333333333,0.26308156741039673,1,314
faster_rcnn,5.277333333333333,5,0.8268656716417911,0.028490461446001602,4.963733333333333,0.26308156741039673,1,314
faster_rcnn,5.28,5,0.8268656716417911,0.028490461446001602,4.963733333333333,0.26308156741039673,1,314
faster_rcnn,5.281333333333333,5,0.8268656716417911,0.028490461446001602,4.963733333333333,0.26308156741039673,1,314
faster_rcnn,5.282666666666667,5,0.8268656716417911,0.028490461446001602,4.963733333333333,0.26308156741039673,1,314
faster_rcnn,5.285333333333333,5,0.8268656716417911,0.028490461446001602,4.963733333333333,0.26308156741039673,1,314
faster_rcnn,5.286666666666667,5,0.8276119402985074,0.028950992151150472,4.973066666666666,0.27585084536555066,1,314
faster_rcnn,5.289333333333333,5,0.8276119402985074,0.028950992151150472,4.973066666666666,0.27585084536555066,1,314
faster_rcnn,5.290666666666667,5,0.8276119402985074,0.028950992151150472,4.973066666666666,0.27585084536555066,1,314
faster_rcnn,5.292,5,0.8276119402985074,0.028950992151150472,4.973066666666666,0.27585084536555066,1,314
faster_rcnn,5.293333333333333,5,0.8276119402985074,0.028950992151150472,4.973066666666666,0.27585084536555066,1,314
faster_rcnn,5.294666666666667,5,0.8276119402985074,0.028950992151150472,4.973066666666666,0.27585084536555066,1,314
faster_rcnn,5.296,5,0.8276119402985074,0.028950992151150472,4.973066666666666,0.27585084536555066,1,314
faster_rcnn,5.2973333333333334,5,0.8276119402985074,0.028950992151150472,4.973066666666666,0.27585084536555066,1,314
faster_rcnn,5.298666666666667,5,0.8276119402985074,0.028950992151150472,4.973066666666666,0.27585084536555066,1,314
faster_rcnn,5.3,5,0.8276119402985074,0.028950992151150472,4.973066666666666,0.27585084536555066,1,314
faster_rcnn,5.301333333333333,5,0.8276119402985074,0.028950992151150472,4.973066666666666,0.27585084536555066,1,314
faster_rcnn,5.302666666666667,5,0.8276119402985074,0.028950992151150472,4.973066666666666,0.27585084536555066,1,314
faster_rcnn,5.304,5,0.8276119402985074,0.028950992151150472,4.973066666666666,0.27585084536555066,1,314
faster_rcnn,5.3053333333333335,5,0.8276119402985074,0.028950992151150472,4.973066666666666,0.27585084536555066,1,314
faster_rcnn,5.306666666666667,5,0.8276119402985074,0.028950992151150472,4.973066666666666,0.27585084536555066,1,314
faster_rcnn,5.308,5,0.8276119402985074,0.028950992151150472,4.973066666666666,0.27585084536555066,1,314
faster_rcnn,5.309333333333333,5,0.8276119402985074,0.028950992151150472,4.973066666666666,0.27585084536555066,1,314
faster_rcnn,5.310666666666667,5,0.8276119402985074,0.028950992151150472,4.973066666666666,0.27585084536555066,1,314
faster_rcnn,5.312,5,0.8276119402985074,0.028950992151150472,4.973066666666666,0.27585084536555066,1,314
faster_rcnn,5.3133333333333335,5,0.8276119402985074,0.028950992151150472,4.973066666666666,0.27585084536555066,1,314
faster_rcnn,5.314666666666667,5,0.8276119402985074,0.028950992151150472,4.973066666666666,0.27585084536555066,1,314
faster_rcnn,5.316,5,0.8276119402985074,0.028950992151150472,4.973066666666666,0.27585084536555066,1,314
faster_rcnn,5.317333333333333,5,0.8276119402985074,0.028950992151150472,4.973066666666666,0.27585084536555066,1,314
faster_rcnn,5.318666666666667,5,0.8276119402985074,0.028950992151150472,4.973066666666666,0.27585084536555066,1,314
faster_rcnn,5.3213333333333335,5,0.8276119402985074,0.028950992151150472,4.973066666666666,0.27585084536555066,1,314
faster_rcnn,5.322666666666667,5,0.8276119402985074,0.028950992151150472,4.973066666666666,0.27585084536555066,1,314
faster_rcnn,5.325333333333333,5,0.8276119402985074,0.028950992151150472,4.973066666666666,0.27585084536555066,1,314
faster_rcnn,5.326666666666667,5,0.8276119402985074,0.028950992151150472,4.973066666666666,0.27585084536555066,1,314
faster_rcnn,5.3293333333333335,5,0.8276119402985074,0.028950992151150472,4.973066666666666,0.27585084536555066,1,314
faster_rcnn,5.330666666666667,5,0.8276119402985074,0.028950992151150472,4.973066666666666,0.27585084536555066,1,314
faster_rcnn,5.333333333333333,5,0.8276119402985074,0.028950992151150472,4.973066666666666,0.27585084536555066,1,314
faster_rcnn,5.334666666666666,5,0.8276119402985074,0.028950992151150472,4.973066666666666,0.27585084536555066,1,314
faster_rcnn,5.336,5,0.8276119402985074,0.028950992151150472,4.973066666666666,0.27585084536555066,1,314
faster_rcnn,5.338666666666667,5,0.8276119402985074,0.028950992151150472,4.973066666666666,0.27585084536555066,1,314
faster_rcnn,5.342666666666666,5,0.8276119402985074,0.028950992151150472,4.973066666666666,0.27585084536555066,1,314
faster_rcnn,5.344,5,0.8276119402985074,0.028950992151150472,4.973066666666666,0.27585084536555066,1,314
faster_rcnn,5.346666666666667,5,0.8276119402985074,0.028950992151150472,4.973066666666666,0.27585084536555066,1,314
faster_rcnn,5.348,5,0.8276119402985074,0.028950992151150472,4.973066666666666,0.27585084536555066,1,314
faster_rcnn,5.349333333333333,5,0.8276119402985074,0.028950992151150472,4.973066666666666,0.27585084536555066,1,314
faster_rcnn,5.350666666666666,5,0.8276119402985074,0.028950992151150472,4.973066666666666,0.27585084536555066,1,314
faster_rcnn,5.352,5,0.8276119402985074,0.028950992151150472,4.973066666666666,0.27585084536555066,1,314
faster_rcnn,5.3533333333333335,5,0.8276119402985074,0.028950992151150472,4.973066666666666,0.27585084536555066,1,314
faster_rcnn,5.354666666666667,5,0.8276119402985074,0.028950992151150472,4.973066666666666,0.27585084536555066,1,314
faster_rcnn,5.356,5,0.8276119402985074,0.028950992151150472,4.973066666666666,0.27585084536555066,1,314
faster_rcnn,5.357333333333333,5,0.8276119402985074,0.028950992151150472,4.973066666666666,0.27585084536555066,1,314
faster_rcnn,5.36,5,0.8276119402985074,0.028950992151150472,4.973066666666666,0.27585084536555066,1,314
faster_rcnn,5.362666666666667,5,0.8276119402985074,0.028950992151150472,4.973066666666666,0.27585084536555066,1,314
faster_rcnn,5.364,5,0.8276119402985074,0.028950992151150472,4.973066666666666,0.27585084536555066,1,314
faster_rcnn,5.365333333333333,5,0.8276119402985074,0.028950992151150472,4.973066666666666,0.27585084536555066,1,314
faster_rcnn,5.366666666666666,5,0.8276119402985074,0.028950992151150472,4.973066666666666,0.27585084536555066,1,314
faster_rcnn,5.368,5,0.8276119402985074,0.028950992151150472,4.973066666666666,0.27585084536555066,1,314
faster_rcnn,5.3693333333333335,5,0.8276119402985074,0.028950992151150472,4.973066666666666,0.27585084536555066,1,314
faster_rcnn,5.370666666666667,5,0.8276119402985074,0.028950992151150472,4.973066666666666,0.27585084536555066,1,314
faster_rcnn,5.372,5,0.8276119402985074,0.028950992151150472,4.973066666666666,0.27585084536555066,1,314
faster_rcnn,5.373333333333333,5,0.8276119402985074,0.028950992151150472,4.973066666666666,0.27585084536555066,1,314
faster_rcnn,5.374666666666666,5,0.8276119402985074,0.028950992151150472,4.973066666666666,0.27585084536555066,1,314
faster_rcnn,5.376,5,0.8276119402985074,0.028950992151150472,4.973066666666666,0.27585084536555066,1,314
faster_rcnn,5.3773333333333335,5,0.8276119402985074,0.028950992151150472,4.973066666666666,0.27585084536555066,1,314
faster_rcnn,5.38,5,0.8276119402985074,0.028950992151150472,4.973066666666666,0.27585084536555066,1,314
faster_rcnn,5.382666666666666,5,0.8276119402985074,0.028950992151150472,4.973066666666666,0.27585084536555066,1,314
faster_rcnn,5.384,5,0.8276119402985074,0.028950992151150472,4.973066666666666,0.27585084536555066,1,314
faster_rcnn,5.386666666666667,5,0.8276119402985074,0.028950992151150472,4.973066666666666,0.27585084536555066,1,314
faster_rcnn,5.388,5,0.8276119402985074,0.028950992151150472,4.973066666666666,0.27585084536555066,1,314
faster_rcnn,5.389333333333333,5,0.8276119402985074,0.028950992151150472,4.973066666666666,0.27585084536555066,1,314
faster_rcnn,5.392,5,0.8276119402985074,0.028950992151150472,4.973066666666666,0.27585084536555066,1,314
faster_rcnn,5.3933333333333335,5,0.8276119402985074,0.028950992151150472,4.973066666666666,0.27585084536555066,1,314
faster_rcnn,5.394666666666667,5,0.8276119402985074,0.028950992151150472,4.973066666666666,0.27585084536555066,1,314
faster_rcnn,5.396,5,0.8276119402985074,0.028950992151150472,4.973066666666666,0.27585084536555066,1,314
faster_rcnn,5.397333333333333,5,0.8276119402985074,0.028950992151150472,4.973066666666666,0.27585084536555066,1,314
faster_rcnn,5.398666666666666,5,0.8276119402985074,0.028950992151150472,4.973066666666666,0.27585084536555066,1,314
faster_rcnn,5.4,5,0.8283582089552238,0.029380626395566444,5.032533333333333,0.33621765437155615,1,314
faster_rcnn,5.4013333333333335,5,0.8283582089552238,0.029380626395566444,5.032533333333333,0.33621765437155615,1,314
faster_rcnn,5.402666666666667,5,0.8283582089552238,0.029380626395566444,5.032533333333333,0.33621765437155615,1,314
faster_rcnn,5.405333333333333,5,0.8283582089552238,0.029380626395566444,5.032533333333333,0.33621765437155615,1,314
faster_rcnn,5.406666666666666,5,0.8283582089552238,0.029380626395566444,5.032533333333333,0.33621765437155615,1,314
faster_rcnn,5.408,5,0.8283582089552238,0.029380626395566444,5.032533333333333,0.33621765437155615,1,314
faster_rcnn,5.4093333333333335,5,0.8283582089552238,0.029380626395566444,5.032533333333333,0.33621765437155615,1,314
faster_rcnn,5.410666666666667,5,0.8283582089552238,0.029380626395566444,5.032533333333333,0.33621765437155615,1,314
faster_rcnn,5.413333333333333,5,0.8283582089552238,0.029380626395566444,5.032533333333333,0.33621765437155615,1,314
faster_rcnn,5.414666666666666,5,0.8283582089552238,0.029380626395566444,5.032533333333333,0.33621765437155615,1,314
faster_rcnn,5.417333333333334,5,0.8283582089552238,0.029380626395566444,5.032533333333333,0.33621765437155615,1,314
faster_rcnn,5.418666666666667,5,0.8283582089552238,0.029380626395566444,5.032533333333333,0.33621765437155615,1,314
faster_rcnn,5.421333333333333,5,0.8283582089552238,0.029380626395566444,5.032533333333333,0.33621765437155615,1,314
faster_rcnn,5.422666666666666,5,0.8283582089552238,0.029380626395566444,5.032533333333333,0.33621765437155615,1,314
faster_rcnn,5.424,5,0.8291044776119403,0.029897351677627037,5.1058666666666666,0.3801024423318887,1,314
faster_rcnn,5.426666666666667,5,0.8291044776119403,0.029897351677627037,5.1058666666666666,0.3801024423318887,1,314
faster_rcnn,5.428,5,0.8298507462686565,0.030382392516152632,5.111466666666667,0.38568449973175406,1,314
faster_rcnn,5.429333333333333,5,0.8298507462686565,0.030382392516152632,5.111466666666667,0.38568449973175406,1,314
faster_rcnn,5.430666666666666,5,0.8298507462686565,0.030382392516152632,5.111466666666667,0.38568449973175406,1,314
faster_rcnn,5.432,5,0.8298507462686565,0.030382392516152632,5.111466666666667,0.38568449973175406,1,314
faster_rcnn,5.433333333333334,5,0.8305970149253732,0.0309499124676533,5.112533333333333,0.38678457972250035,1,314
faster_rcnn,5.436,5,0.8305970149253732,0.0309499124676533,5.112533333333333,0.38678457972250035,1,314
faster_rcnn,5.437333333333333,5,0.8305970149253732,0.0309499124676533,5.112533333333333,0.38678457972250035,1,314
faster_rcnn,5.44,5,0.8305970149253732,0.0309499124676533,5.112533333333333,0.38678457972250035,1,314
faster_rcnn,5.441333333333334,5,0.8313432835820894,0.03137436270086253,5.143466666666667,0.40969864263599637,1,314
faster_rcnn,5.442666666666667,5,0.8313432835820894,0.03137436270086253,5.143466666666667,0.40969864263599637,1,314
faster_rcnn,5.444,5,0.8313432835820894,0.03137436270086253,5.143466666666667,0.40969864263599637,1,314
faster_rcnn,5.445333333333333,5,0.8313432835820894,0.03137436270086253,5.143466666666667,0.40969864263599637,1,314
faster_rcnn,5.446666666666666,5,0.8313432835820894,0.03137436270086253,5.143466666666667,0.40969864263599637,1,314
faster_rcnn,5.449333333333334,5,0.8313432835820894,0.03137436270086253,5.143466666666667,0.40969864263599637,1,314
faster_rcnn,5.450666666666667,5,0.8313432835820894,0.03137436270086253,5.143466666666667,0.40969864263599637,1,314
faster_rcnn,5.452,5,0.8313432835820894,0.03137436270086253,5.143466666666667,0.40969864263599637,1,314
faster_rcnn,5.453333333333333,5,0.8313432835820894,0.03137436270086253,5.143466666666667,0.40969864263599637,1,314
faster_rcnn,5.454666666666666,5,0.8313432835820894,0.03137436270086253,5.143466666666667,0.40969864263599637,1,314
faster_rcnn,5.456,5,0.832089552238806,0.031989604849780286,5.148000000000001,0.4138126253377113,1,314
faster_rcnn,5.457333333333334,5,0.832089552238806,0.031989604849780286,5.148000000000001,0.4138126253377113,1,314
faster_rcnn,5.458666666666667,5,0.832089552238806,0.031989604849780286,5.148000000000001,0.4138126253377113,1,314
faster_rcnn,5.46,5,0.832089552238806,0.031989604849780286,5.148000000000001,0.4138126253377113,1,314
faster_rcnn,5.464,5,0.832089552238806,0.031989604849780286,5.148000000000001,0.4138126253377113,1,314
faster_rcnn,5.469333333333333,5,0.832089552238806,0.031989604849780286,5.148000000000001,0.4138126253377113,1,314
faster_rcnn,5.470666666666666,5,0.832089552238806,0.031989604849780286,5.148000000000001,0.4138126253377113,1,314
faster_rcnn,5.472,5,0.832089552238806,0.031989604849780286,5.148000000000001,0.4138126253377113,1,314
faster_rcnn,5.473333333333334,5,0.832089552238806,0.031989604849780286,5.148000000000001,0.4138126253377113,1,314
faster_rcnn,5.474666666666667,5,0.832089552238806,0.031989604849780286,5.148000000000001,0.4138126253377113,1,314
faster_rcnn,5.477333333333333,5,0.832089552238806,0.031989604849780286,5.148000000000001,0.4138126253377113,1,314
faster_rcnn,5.478666666666666,5,0.832089552238806,0.031989604849780286,5.148000000000001,0.4138126253377113,1,314
faster_rcnn,5.481333333333334,5,0.832089552238806,0.031989604849780286,5.148000000000001,0.4138126253377113,1,314
faster_rcnn,5.484,5,0.832089552238806,0.031989604849780286,5.148000000000001,0.4138126253377113,1,314
faster_rcnn,5.486666666666666,5,0.832089552238806,0.031989604849780286,5.148000000000001,0.4138126253377113,1,314
faster_rcnn,5.488,5,0.832089552238806,0.031989604849780286,5.148000000000001,0.4138126253377113,1,314
faster_rcnn,5.490666666666667,5,0.832089552238806,0.031989604849780286,5.148000000000001,0.4138126253377113,1,314
faster_rcnn,5.492,5,0.832089552238806,0.031989604849780286,5.148000000000001,0.4138126253377113,1,314
faster_rcnn,5.493333333333333,5,0.8328358208955222,0.032141575324414945,5.2754666666666665,0.3992855842348654,1,314
faster_rcnn,5.494666666666666,5,0.8328358208955222,0.032141575324414945,5.2754666666666665,0.3992855842348654,1,314
faster_rcnn,5.496,5,0.8328358208955222,0.032141575324414945,5.2754666666666665,0.3992855842348654,1,314
faster_rcnn,5.497333333333334,5,0.8328358208955222,0.032141575324414945,5.2754666666666665,0.3992855842348654,1,314
faster_rcnn,5.498666666666667,5,0.8328358208955222,0.032141575324414945,5.2754666666666665,0.3992855842348654,1,314
faster_rcnn,5.5,5,0.8328358208955222,0.032141575324414945,5.2754666666666665,0.3992855842348654,1,314
faster_rcnn,5.501333333333333,5,0.8328358208955222,0.032141575324414945,5.2754666666666665,0.3992855842348654,1,314
faster_rcnn,5.504,5,0.8328358208955222,0.032141575324414945,5.2754666666666665,0.3992855842348654,1,314
faster_rcnn,5.505333333333334,5,0.8328358208955222,0.032141575324414945,5.2754666666666665,0.3992855842348654,1,314
faster_rcnn,5.508,5,0.8328358208955222,0.032141575324414945,5.2754666666666665,0.3992855842348654,1,314
faster_rcnn,5.509333333333333,5,0.8328358208955222,0.032141575324414945,5.2754666666666665,0.3992855842348654,1,314
faster_rcnn,5.510666666666666,5,0.8328358208955222,0.032141575324414945,5.2754666666666665,0.3992855842348654,1,314
faster_rcnn,5.512,5,0.8328358208955222,0.032141575324414945,5.2754666666666665,0.3992855842348654,1,314
faster_rcnn,5.516,5,0.8328358208955222,0.032141575324414945,5.2754666666666665,0.3992855842348654,1,314
faster_rcnn,5.517333333333333,5,0.8328358208955222,0.032141575324414945,5.2754666666666665,0.3992855842348654,1,314
faster_rcnn,5.52,5,0.8328358208955222,0.032141575324414945,5.2754666666666665,0.3992855842348654,1,314
faster_rcnn,5.522666666666667,5,0.8328358208955222,0.032141575324414945,5.2754666666666665,0.3992855842348654,1,314
faster_rcnn,5.524,5,0.8328358208955222,0.032141575324414945,5.2754666666666665,0.3992855842348654,1,314
faster_rcnn,5.525333333333333,5,0.8328358208955222,0.032141575324414945,5.2754666666666665,0.3992855842348654,1,314
faster_rcnn,5.526666666666666,5,0.8328358208955222,0.032141575324414945,5.2754666666666665,0.3992855842348654,1,314
faster_rcnn,5.528,5,0.8328358208955222,0.032141575324414945,5.2754666666666665,0.3992855842348654,1,314
faster_rcnn,5.529333333333334,5,0.8328358208955222,0.032141575324414945,5.2754666666666665,0.3992855842348654,1,314
faster_rcnn,5.530666666666667,5,0.8328358208955222,0.032141575324414945,5.2754666666666665,0.3992855842348654,1,314
faster_rcnn,5.532,5,0.8328358208955222,0.032141575324414945,5.2754666666666665,0.3992855842348654,1,314
faster_rcnn,5.533333333333333,5,0.8328358208955222,0.032141575324414945,5.2754666666666665,0.3992855842348654,1,314
faster_rcnn,5.536,5,0.8328358208955222,0.032141575324414945,5.2754666666666665,0.3992855842348654,1,314
faster_rcnn,5.537333333333334,5,0.8328358208955222,0.032141575324414945,5.2754666666666665,0.3992855842348654,1,314
faster_rcnn,5.538666666666667,5,0.8328358208955222,0.032141575324414945,5.2754666666666665,0.3992855842348654,1,314
faster_rcnn,5.54,5,0.8328358208955222,0.032141575324414945,5.2754666666666665,0.3992855842348654,1,314
faster_rcnn,5.541333333333333,5,0.8328358208955222,0.032141575324414945,5.2754666666666665,0.3992855842348654,1,314
faster_rcnn,5.542666666666666,5,0.8328358208955222,0.032141575324414945,5.2754666666666665,0.3992855842348654,1,314
faster_rcnn,5.544,5,0.8328358208955222,0.032141575324414945,5.2754666666666665,0.3992855842348654,1,314
faster_rcnn,5.545333333333334,5,0.8328358208955222,0.032141575324414945,5.2754666666666665,0.3992855842348654,1,314
faster_rcnn,5.546666666666667,5,0.8328358208955222,0.032141575324414945,5.2754666666666665,0.3992855842348654,1,314
faster_rcnn,5.549333333333333,5,0.8328358208955222,0.032141575324414945,5.2754666666666665,0.3992855842348654,1,314
faster_rcnn,5.550666666666666,5,0.8328358208955222,0.032141575324414945,5.2754666666666665,0.3992855842348654,1,314
faster_rcnn,5.552,5,0.8328358208955222,0.032141575324414945,5.2754666666666665,0.3992855842348654,1,314
faster_rcnn,5.553333333333334,5,0.8328358208955222,0.032141575324414945,5.2754666666666665,0.3992855842348654,1,314
faster_rcnn,5.554666666666667,5,0.8328358208955222,0.032141575324414945,5.2754666666666665,0.3992855842348654,1,314
faster_rcnn,5.556,5,0.8328358208955222,0.032141575324414945,5.2754666666666665,0.3992855842348654,1,314
faster_rcnn,5.557333333333333,5,0.8328358208955222,0.032141575324414945,5.2754666666666665,0.3992855842348654,1,314
faster_rcnn,5.558666666666666,5,0.8328358208955222,0.032141575324414945,5.2754666666666665,0.3992855842348654,1,314
faster_rcnn,5.561333333333334,5,0.8328358208955222,0.032141575324414945,5.2754666666666665,0.3992855842348654,1,314
faster_rcnn,5.562666666666667,5,0.8328358208955222,0.032141575324414945,5.2754666666666665,0.3992855842348654,1,314
faster_rcnn,5.564,5,0.8328358208955222,0.032141575324414945,5.2754666666666665,0.3992855842348654,1,314
faster_rcnn,5.565333333333333,5,0.8328358208955222,0.032141575324414945,5.2754666666666665,0.3992855842348654,1,314
faster_rcnn,5.566666666666666,5,0.8328358208955222,0.032141575324414945,5.2754666666666665,0.3992855842348654,1,314
faster_rcnn,5.569333333333334,5,0.8328358208955222,0.032141575324414945,5.2754666666666665,0.3992855842348654,1,314
faster_rcnn,5.570666666666667,5,0.8328358208955222,0.032141575324414945,5.2754666666666665,0.3992855842348654,1,314
faster_rcnn,5.572,5,0.8328358208955222,0.032141575324414945,5.2754666666666665,0.3992855842348654,1,314
faster_rcnn,5.574666666666666,5,0.8328358208955222,0.032141575324414945,5.2754666666666665,0.3992855842348654,1,314
faster_rcnn,5.577333333333334,5,0.8328358208955222,0.032141575324414945,5.2754666666666665,0.3992855842348654,1,314
faster_rcnn,5.578666666666667,5,0.8335820895522389,0.032593235525257384,5.302933333333334,0.4178403735612175,1,314
faster_rcnn,5.58,5,0.8335820895522389,0.032593235525257384,5.302933333333334,0.4178403735612175,1,314
faster_rcnn,5.581333333333333,5,0.8335820895522389,0.032593235525257384,5.302933333333334,0.4178403735612175,1,314
faster_rcnn,5.582666666666666,5,0.8335820895522389,0.032593235525257384,5.302933333333334,0.4178403735612175,1,314
faster_rcnn,5.584,5,0.8335820895522389,0.032593235525257384,5.302933333333334,0.4178403735612175,1,314
faster_rcnn,5.585333333333334,5,0.8335820895522389,0.032593235525257384,5.302933333333334,0.4178403735612175,1,314
faster_rcnn,5.586666666666667,5,0.8335820895522389,0.032593235525257384,5.302933333333334,0.4178403735612175,1,314
faster_rcnn,5.588,5,0.8335820895522389,0.032593235525257384,5.302933333333334,0.4178403735612175,1,314
faster_rcnn,5.5906666666666665,5,0.8335820895522389,0.032593235525257384,5.302933333333334,0.4178403735612175,1,314
faster_rcnn,5.592,5,0.8335820895522389,0.032593235525257384,5.302933333333334,0.4178403735612175,1,314
faster_rcnn,5.593333333333334,5,0.8335820895522389,0.032593235525257384,5.302933333333334,0.4178403735612175,1,314
faster_rcnn,5.594666666666667,5,0.8335820895522389,0.032593235525257384,5.302933333333334,0.4178403735612175,1,314
faster_rcnn,5.6,5,0.8335820895522389,0.032593235525257384,5.302933333333334,0.4178403735612175,1,314
faster_rcnn,5.601333333333334,5,0.8335820895522389,0.032593235525257384,5.302933333333334,0.4178403735612175,1,314
faster_rcnn,5.602666666666667,5,0.8343283582089551,0.033227816210288336,5.3322666666666665,0.43602487186958594,1,314
faster_rcnn,5.604,5,0.8343283582089551,0.033227816210288336,5.3322666666666665,0.43602487186958594,1,314
faster_rcnn,5.605333333333333,5,0.8343283582089551,0.033227816210288336,5.3322666666666665,0.43602487186958594,1,314
faster_rcnn,5.6066666666666665,5,0.8343283582089551,0.033227816210288336,5.3322666666666665,0.43602487186958594,1,314
faster_rcnn,5.608,5,0.8343283582089551,0.033227816210288336,5.3322666666666665,0.43602487186958594,1,314
faster_rcnn,5.609333333333334,5,0.8343283582089551,0.033227816210288336,5.3322666666666665,0.43602487186958594,1,314
faster_rcnn,5.612,5,0.8343283582089551,0.033227816210288336,5.3322666666666665,0.43602487186958594,1,314
faster_rcnn,5.6146666666666665,5,0.8343283582089551,0.033227816210288336,5.3322666666666665,0.43602487186958594,1,314
faster_rcnn,5.617333333333334,5,0.8343283582089551,0.033227816210288336,5.3322666666666665,0.43602487186958594,1,314
faster_rcnn,5.62,5,0.8343283582089551,0.033227816210288336,5.3322666666666665,0.43602487186958594,1,314
faster_rcnn,5.621333333333333,5,0.8343283582089551,0.033227816210288336,5.3322666666666665,0.43602487186958594,1,314
faster_rcnn,5.624,5,0.8343283582089551,0.033227816210288336,5.3322666666666665,0.43602487186958594,1,314
faster_rcnn,5.625333333333334,5,0.8343283582089551,0.033227816210288336,5.3322666666666665,0.43602487186958594,1,314
faster_rcnn,5.629333333333333,5,0.8343283582089551,0.033227816210288336,5.3322666666666665,0.43602487186958594,1,314
faster_rcnn,5.6306666666666665,5,0.8343283582089551,0.033227816210288336,5.3322666666666665,0.43602487186958594,1,314
faster_rcnn,5.633333333333334,5,0.8343283582089551,0.033227816210288336,5.3322666666666665,0.43602487186958594,1,314
faster_rcnn,5.634666666666667,5,0.8343283582089551,0.033227816210288336,5.3322666666666665,0.43602487186958594,1,314
faster_rcnn,5.636,5,0.8343283582089551,0.033227816210288336,5.3322666666666665,0.43602487186958594,1,314
faster_rcnn,5.637333333333333,5,0.8343283582089551,0.033227816210288336,5.3322666666666665,0.43602487186958594,1,314
faster_rcnn,5.64,5,0.8343283582089551,0.033227816210288336,5.3322666666666665,0.43602487186958594,1,314
faster_rcnn,5.645333333333333,5,0.8343283582089551,0.033227816210288336,5.3322666666666665,0.43602487186958594,1,314
faster_rcnn,5.6466666666666665,5,0.8343283582089551,0.033227816210288336,5.3322666666666665,0.43602487186958594,1,314
faster_rcnn,5.648,5,0.8343283582089551,0.033227816210288336,5.3322666666666665,0.43602487186958594,1,314
faster_rcnn,5.649333333333334,5,0.8343283582089551,0.033227816210288336,5.3322666666666665,0.43602487186958594,1,314
faster_rcnn,5.650666666666667,5,0.8343283582089551,0.033227816210288336,5.3322666666666665,0.43602487186958594,1,314
faster_rcnn,5.652,5,0.8350746268656717,0.033623523361399434,5.377866666666667,0.45931698084099704,1,314
faster_rcnn,5.653333333333333,5,0.8350746268656717,0.033623523361399434,5.377866666666667,0.45931698084099704,1,314
faster_rcnn,5.6546666666666665,5,0.8350746268656717,0.033623523361399434,5.377866666666667,0.45931698084099704,1,314
faster_rcnn,5.657333333333334,5,0.8350746268656717,0.033623523361399434,5.377866666666667,0.45931698084099704,1,314
faster_rcnn,5.658666666666667,5,0.8350746268656717,0.033623523361399434,5.377866666666667,0.45931698084099704,1,314
faster_rcnn,5.66,5,0.8350746268656717,0.033623523361399434,5.377866666666667,0.45931698084099704,1,314
faster_rcnn,5.6626666666666665,5,0.8350746268656717,0.033623523361399434,5.377866666666667,0.45931698084099704,1,314
faster_rcnn,5.664,5,0.8350746268656717,0.033623523361399434,5.377866666666667,0.45931698084099704,1,314
faster_rcnn,5.665333333333334,5,0.8350746268656717,0.033623523361399434,5.377866666666667,0.45931698084099704,1,314
faster_rcnn,5.666666666666667,5,0.8350746268656717,0.033623523361399434,5.377866666666667,0.45931698084099704,1,314
faster_rcnn,5.668,5,0.8350746268656717,0.033623523361399434,5.377866666666667,0.45931698084099704,1,314
faster_rcnn,5.669333333333333,5,0.8350746268656717,0.033623523361399434,5.377866666666667,0.45931698084099704,1,314
faster_rcnn,5.6706666666666665,5,0.835820895522388,0.03409639343749452,5.381600000000001,0.4621691849913357,1,314
faster_rcnn,5.672,5,0.835820895522388,0.03409639343749452,5.381600000000001,0.4621691849913357,1,314
faster_rcnn,5.673333333333333,5,0.835820895522388,0.03409639343749452,5.381600000000001,0.4621691849913357,1,314
faster_rcnn,5.674666666666667,5,0.835820895522388,0.03409639343749452,5.381600000000001,0.4621691849913357,1,314
faster_rcnn,5.6786666666666665,5,0.835820895522388,0.03409639343749452,5.381600000000001,0.4621691849913357,1,314
faster_rcnn,5.68,5,0.835820895522388,0.03409639343749452,5.381600000000001,0.4621691849913357,1,314
faster_rcnn,5.681333333333333,5,0.835820895522388,0.03409639343749452,5.381600000000001,0.4621691849913357,1,314
faster_rcnn,5.682666666666667,5,0.835820895522388,0.03409639343749452,5.381600000000001,0.4621691849913357,1,314
faster_rcnn,5.684,5,0.835820895522388,0.03409639343749452,5.381600000000001,0.4621691849913357,1,314
faster_rcnn,5.685333333333333,5,0.835820895522388,0.03409639343749452,5.381600000000001,0.4621691849913357,1,314
faster_rcnn,5.6866666666666665,5,0.835820895522388,0.03409639343749452,5.381600000000001,0.4621691849913357,1,314
faster_rcnn,5.688,5,0.835820895522388,0.03409639343749452,5.381600000000001,0.4621691849913357,1,314
faster_rcnn,5.689333333333333,5,0.835820895522388,0.03409639343749452,5.381600000000001,0.4621691849913357,1,314
faster_rcnn,5.690666666666667,5,0.835820895522388,0.03409639343749452,5.381600000000001,0.4621691849913357,1,314
faster_rcnn,5.693333333333333,5,0.835820895522388,0.03409639343749452,5.381600000000001,0.4621691849913357,1,314
faster_rcnn,5.6946666666666665,5,0.835820895522388,0.03409639343749452,5.381600000000001,0.4621691849913357,1,314
faster_rcnn,5.696,5,0.835820895522388,0.03409639343749452,5.381600000000001,0.4621691849913357,1,314
faster_rcnn,5.697333333333333,5,0.835820895522388,0.03409639343749452,5.381600000000001,0.4621691849913357,1,314
faster_rcnn,5.698666666666667,5,0.835820895522388,0.03409639343749452,5.381600000000001,0.4621691849913357,1,314
faster_rcnn,5.7,5,0.835820895522388,0.03409639343749452,5.381600000000001,0.4621691849913357,1,314
faster_rcnn,5.7026666666666666,5,0.835820895522388,0.03409639343749452,5.381600000000001,0.4621691849913357,1,314
faster_rcnn,5.704,5,0.835820895522388,0.03409639343749452,5.381600000000001,0.4621691849913357,1,314
faster_rcnn,5.706666666666667,5,0.835820895522388,0.03409639343749452,5.381600000000001,0.4621691849913357,1,314
faster_rcnn,5.708,5,0.835820895522388,0.03409639343749452,5.381600000000001,0.4621691849913357,1,314
faster_rcnn,5.710666666666667,5,0.835820895522388,0.03409639343749452,5.381600000000001,0.4621691849913357,1,314
faster_rcnn,5.712,5,0.835820895522388,0.03409639343749452,5.381600000000001,0.4621691849913357,1,314
faster_rcnn,5.713333333333333,5,0.835820895522388,0.03409639343749452,5.381600000000001,0.4621691849913357,1,314
faster_rcnn,5.714666666666667,5,0.835820895522388,0.03409639343749452,5.381600000000001,0.4621691849913357,1,314
faster_rcnn,5.716,5,0.835820895522388,0.03409639343749452,5.381600000000001,0.4621691849913357,1,314
faster_rcnn,5.717333333333333,5,0.835820895522388,0.03409639343749452,5.381600000000001,0.4621691849913357,1,314
faster_rcnn,5.718666666666667,5,0.835820895522388,0.03409639343749452,5.381600000000001,0.4621691849913357,1,314
faster_rcnn,5.72,5,0.835820895522388,0.03409639343749452,5.381600000000001,0.4621691849913357,1,314
faster_rcnn,5.721333333333333,5,0.835820895522388,0.03409639343749452,5.381600000000001,0.4621691849913357,1,314
faster_rcnn,5.722666666666667,5,0.835820895522388,0.03409639343749452,5.381600000000001,0.4621691849913357,1,314
faster_rcnn,5.725333333333333,5,0.835820895522388,0.03409639343749452,5.381600000000001,0.4621691849913357,1,314
faster_rcnn,5.726666666666667,5,0.835820895522388,0.03409639343749452,5.381600000000001,0.4621691849913357,1,314
faster_rcnn,5.728,5,0.835820895522388,0.03409639343749452,5.381600000000001,0.4621691849913357,1,314
faster_rcnn,5.729333333333333,5,0.835820895522388,0.03409639343749452,5.381600000000001,0.4621691849913357,1,314
faster_rcnn,5.730666666666667,5,0.835820895522388,0.03409639343749452,5.381600000000001,0.4621691849913357,1,314
faster_rcnn,5.732,5,0.835820895522388,0.03409639343749452,5.381600000000001,0.4621691849913357,1,314
faster_rcnn,5.733333333333333,5,0.835820895522388,0.03409639343749452,5.381600000000001,0.4621691849913357,1,314
faster_rcnn,5.734666666666667,5,0.835820895522388,0.03409639343749452,5.381600000000001,0.4621691849913357,1,314
faster_rcnn,5.737333333333333,5,0.835820895522388,0.03409639343749452,5.381600000000001,0.4621691849913357,1,314
faster_rcnn,5.738666666666667,5,0.835820895522388,0.03409639343749452,5.381600000000001,0.4621691849913357,1,314
faster_rcnn,5.741333333333333,5,0.835820895522388,0.03409639343749452,5.381600000000001,0.4621691849913357,1,314
faster_rcnn,5.742666666666667,5,0.835820895522388,0.03409639343749452,5.381600000000001,0.4621691849913357,1,314
faster_rcnn,5.745333333333333,5,0.835820895522388,0.03409639343749452,5.381600000000001,0.4621691849913357,1,314
faster_rcnn,5.746666666666667,5,0.835820895522388,0.03409639343749452,5.381600000000001,0.4621691849913357,1,314
faster_rcnn,5.748,5,0.835820895522388,0.03409639343749452,5.381600000000001,0.4621691849913357,1,314
faster_rcnn,5.750666666666667,5,0.835820895522388,0.03409639343749452,5.381600000000001,0.4621691849913357,1,314
faster_rcnn,5.752,5,0.835820895522388,0.03409639343749452,5.381600000000001,0.4621691849913357,1,314
faster_rcnn,5.753333333333333,5,0.835820895522388,0.03409639343749452,5.381600000000001,0.4621691849913357,1,314
faster_rcnn,5.754666666666667,5,0.835820895522388,0.03409639343749452,5.381600000000001,0.4621691849913357,1,314
faster_rcnn,5.757333333333333,5,0.835820895522388,0.03409639343749452,5.381600000000001,0.4621691849913357,1,314
faster_rcnn,5.76,5,0.835820895522388,0.03409639343749452,5.381600000000001,0.4621691849913357,1,314
faster_rcnn,5.761333333333333,5,0.835820895522388,0.03409639343749452,5.381600000000001,0.4621691849913357,1,314
faster_rcnn,5.762666666666667,5,0.835820895522388,0.03409639343749452,5.381600000000001,0.4621691849913357,1,314
faster_rcnn,5.764,5,0.835820895522388,0.03409639343749452,5.381600000000001,0.4621691849913357,1,314
faster_rcnn,5.765333333333333,5,0.835820895522388,0.03409639343749452,5.381600000000001,0.4621691849913357,1,314
faster_rcnn,5.766666666666667,5,0.835820895522388,0.03409639343749452,5.381600000000001,0.4621691849913357,1,314
faster_rcnn,5.768,5,0.835820895522388,0.03409639343749452,5.381600000000001,0.4621691849913357,1,314
faster_rcnn,5.769333333333333,5,0.835820895522388,0.03409639343749452,5.381600000000001,0.4621691849913357,1,314
faster_rcnn,5.770666666666667,5,0.835820895522388,0.03409639343749452,5.381600000000001,0.4621691849913357,1,314
faster_rcnn,5.772,5,0.835820895522388,0.03409639343749452,5.381600000000001,0.4621691849913357,1,314
faster_rcnn,5.773333333333333,5,0.835820895522388,0.03409639343749452,5.381600000000001,0.4621691849913357,1,314
faster_rcnn,5.774666666666667,5,0.835820895522388,0.03409639343749452,5.381600000000001,0.4621691849913357,1,314
faster_rcnn,5.776,5,0.835820895522388,0.03409639343749452,5.381600000000001,0.4621691849913357,1,314
faster_rcnn,5.777333333333333,5,0.835820895522388,0.03409639343749452,5.381600000000001,0.4621691849913357,1,314
faster_rcnn,5.778666666666667,5,0.835820895522388,0.03409639343749452,5.381600000000001,0.4621691849913357,1,314
faster_rcnn,5.78,5,0.835820895522388,0.03409639343749452,5.381600000000001,0.4621691849913357,1,314
faster_rcnn,5.781333333333333,5,0.835820895522388,0.03409639343749452,5.381600000000001,0.4621691849913357,1,314
faster_rcnn,5.784,5,0.835820895522388,0.03409639343749452,5.381600000000001,0.4621691849913357,1,314
faster_rcnn,5.785333333333333,5,0.835820895522388,0.03409639343749452,5.381600000000001,0.4621691849913357,1,314
faster_rcnn,5.786666666666667,5,0.835820895522388,0.03409639343749452,5.381600000000001,0.4621691849913357,1,314
faster_rcnn,5.789333333333333,5,0.835820895522388,0.03409639343749452,5.381600000000001,0.4621691849913357,1,314
faster_rcnn,5.792,5,0.835820895522388,0.03409639343749452,5.381600000000001,0.4621691849913357,1,314
faster_rcnn,5.794666666666667,5,0.835820895522388,0.03409639343749452,5.381600000000001,0.4621691849913357,1,314
faster_rcnn,5.796,5,0.835820895522388,0.03409639343749452,5.381600000000001,0.4621691849913357,1,314
faster_rcnn,5.7973333333333334,5,0.835820895522388,0.03409639343749452,5.381600000000001,0.4621691849913357,1,314
faster_rcnn,5.8,5,0.835820895522388,0.03409639343749452,5.381600000000001,0.4621691849913357,1,314
faster_rcnn,5.801333333333333,5,0.835820895522388,0.03409639343749452,5.381600000000001,0.4621691849913357,1,314
faster_rcnn,5.802666666666667,5,0.835820895522388,0.03409639343749452,5.381600000000001,0.4621691849913357,1,314
faster_rcnn,5.804,5,0.835820895522388,0.03409639343749452,5.381600000000001,0.4621691849913357,1,314
faster_rcnn,5.806666666666667,5,0.835820895522388,0.03409639343749452,5.381600000000001,0.4621691849913357,1,314
faster_rcnn,5.808,5,0.835820895522388,0.03409639343749452,5.381600000000001,0.4621691849913357,1,314
faster_rcnn,5.809333333333333,5,0.835820895522388,0.03409639343749452,5.381600000000001,0.4621691849913357,1,314
faster_rcnn,5.810666666666667,5,0.835820895522388,0.03409639343749452,5.381600000000001,0.4621691849913357,1,314
faster_rcnn,5.812,5,0.835820895522388,0.03409639343749452,5.381600000000001,0.4621691849913357,1,314
faster_rcnn,5.8133333333333335,5,0.835820895522388,0.03409639343749452,5.381600000000001,0.4621691849913357,1,314
faster_rcnn,5.814666666666667,5,0.835820895522388,0.03409639343749452,5.381600000000001,0.4621691849913357,1,314
faster_rcnn,5.816,5,0.835820895522388,0.03409639343749452,5.381600000000001,0.4621691849913357,1,314
faster_rcnn,5.817333333333333,5,0.835820895522388,0.03409639343749452,5.381600000000001,0.4621691849913357,1,314
faster_rcnn,5.818666666666667,5,0.835820895522388,0.03409639343749452,5.381600000000001,0.4621691849913357,1,314
faster_rcnn,5.82,5,0.835820895522388,0.03409639343749452,5.381600000000001,0.4621691849913357,1,314
faster_rcnn,5.8213333333333335,5,0.835820895522388,0.03409639343749452,5.381600000000001,0.4621691849913357,1,314
faster_rcnn,5.822666666666667,5,0.835820895522388,0.03409639343749452,5.381600000000001,0.4621691849913357,1,314
faster_rcnn,5.824,5,0.835820895522388,0.03409639343749452,5.381600000000001,0.4621691849913357,1,314
faster_rcnn,5.825333333333333,5,0.835820895522388,0.03409639343749452,5.381600000000001,0.4621691849913357,1,314
faster_rcnn,5.828,5,0.835820895522388,0.03409639343749452,5.381600000000001,0.4621691849913357,1,314
faster_rcnn,5.8293333333333335,5,0.835820895522388,0.03409639343749452,5.381600000000001,0.4621691849913357,1,314
faster_rcnn,5.832,5,0.835820895522388,0.03409639343749452,5.381600000000001,0.4621691849913357,1,314
faster_rcnn,5.833333333333333,5,0.835820895522388,0.03409639343749452,5.381600000000001,0.4621691849913357,1,314
faster_rcnn,5.836,5,0.835820895522388,0.03409639343749452,5.381600000000001,0.4621691849913357,1,314
faster_rcnn,5.838666666666667,5,0.835820895522388,0.03409639343749452,5.381600000000001,0.4621691849913357,1,314
faster_rcnn,5.84,5,0.835820895522388,0.03409639343749452,5.381600000000001,0.4621691849913357,1,314
faster_rcnn,5.841333333333333,5,0.835820895522388,0.03409639343749452,5.381600000000001,0.4621691849913357,1,314
faster_rcnn,5.844,5,0.835820895522388,0.03409639343749452,5.381600000000001,0.4621691849913357,1,314
faster_rcnn,5.846666666666667,5,0.835820895522388,0.03409639343749452,5.381600000000001,0.4621691849913357,1,314
faster_rcnn,5.848,5,0.835820895522388,0.03409639343749452,5.381600000000001,0.4621691849913357,1,314
faster_rcnn,5.849333333333333,5,0.835820895522388,0.03409639343749452,5.381600000000001,0.4621691849913357,1,314
faster_rcnn,5.850666666666666,5,0.835820895522388,0.03409639343749452,5.381600000000001,0.4621691849913357,1,314
faster_rcnn,5.852,5,0.835820895522388,0.03409639343749452,5.381600000000001,0.4621691849913357,1,314
faster_rcnn,5.8533333333333335,5,0.835820895522388,0.03409639343749452,5.381600000000001,0.4621691849913357,1,314
faster_rcnn,5.854666666666667,5,0.835820895522388,0.03409639343749452,5.381600000000001,0.4621691849913357,1,314
faster_rcnn,5.856,5,0.835820895522388,0.03409639343749452,5.381600000000001,0.4621691849913357,1,314
faster_rcnn,5.857333333333333,5,0.835820895522388,0.03409639343749452,5.381600000000001,0.4621691849913357,1,314
faster_rcnn,5.858666666666666,5,0.835820895522388,0.03409639343749452,5.381600000000001,0.4621691849913357,1,314
faster_rcnn,5.86,5,0.835820895522388,0.03409639343749452,5.381600000000001,0.4621691849913357,1,314
faster_rcnn,5.8613333333333335,5,0.835820895522388,0.03409639343749452,5.381600000000001,0.4621691849913357,1,314
faster_rcnn,5.862666666666667,5,0.835820895522388,0.03409639343749452,5.381600000000001,0.4621691849913357,1,314
faster_rcnn,5.864,5,0.835820895522388,0.03409639343749452,5.381600000000001,0.4621691849913357,1,314
faster_rcnn,5.865333333333333,5,0.835820895522388,0.03409639343749452,5.381600000000001,0.4621691849913357,1,314
faster_rcnn,5.866666666666666,5,0.835820895522388,0.03409639343749452,5.381600000000001,0.4621691849913357,1,314
faster_rcnn,5.868,5,0.835820895522388,0.03409639343749452,5.381600000000001,0.4621691849913357,1,314
faster_rcnn,5.8693333333333335,5,0.835820895522388,0.03409639343749452,5.381600000000001,0.4621691849913357,1,314
faster_rcnn,5.870666666666667,5,0.835820895522388,0.03409639343749452,5.381600000000001,0.4621691849913357,1,314
faster_rcnn,5.872,5,0.835820895522388,0.03409639343749452,5.381600000000001,0.4621691849913357,1,314
faster_rcnn,5.873333333333333,5,0.835820895522388,0.03409639343749452,5.381600000000001,0.4621691849913357,1,314
faster_rcnn,5.874666666666666,5,0.835820895522388,0.03409639343749452,5.381600000000001,0.4621691849913357,1,314
faster_rcnn,5.876,5,0.835820895522388,0.03409639343749452,5.381600000000001,0.4621691849913357,1,314
faster_rcnn,5.8773333333333335,5,0.835820895522388,0.03409639343749452,5.381600000000001,0.4621691849913357,1,314
faster_rcnn,5.878666666666667,5,0.835820895522388,0.03409639343749452,5.381600000000001,0.4621691849913357,1,314
faster_rcnn,5.88,5,0.835820895522388,0.03409639343749452,5.381600000000001,0.4621691849913357,1,314
faster_rcnn,5.881333333333333,5,0.835820895522388,0.03409639343749452,5.381600000000001,0.4621691849913357,1,314
faster_rcnn,5.882666666666666,5,0.835820895522388,0.03409639343749452,5.381600000000001,0.4621691849913357,1,314
faster_rcnn,5.884,5,0.835820895522388,0.03409639343749452,5.381600000000001,0.4621691849913357,1,314
faster_rcnn,5.8853333333333335,5,0.835820895522388,0.03409639343749452,5.381600000000001,0.4621691849913357,1,314
faster_rcnn,5.888,5,0.835820895522388,0.03409639343749452,5.381600000000001,0.4621691849913357,1,314
faster_rcnn,5.889333333333333,5,0.835820895522388,0.03409639343749452,5.381600000000001,0.4621691849913357,1,314
faster_rcnn,5.890666666666666,5,0.835820895522388,0.03409639343749452,5.381600000000001,0.4621691849913357,1,314
faster_rcnn,5.892,5,0.835820895522388,0.03409639343749452,5.381600000000001,0.4621691849913357,1,314
faster_rcnn,5.8933333333333335,5,0.835820895522388,0.03409639343749452,5.381600000000001,0.4621691849913357,1,314
faster_rcnn,5.894666666666667,5,0.835820895522388,0.03409639343749452,5.381600000000001,0.4621691849913357,1,314
faster_rcnn,5.897333333333333,5,0.835820895522388,0.03409639343749452,5.381600000000001,0.4621691849913357,1,314
faster_rcnn,5.898666666666666,5,0.835820895522388,0.03409639343749452,5.381600000000001,0.4621691849913357,1,314
faster_rcnn,5.9,5,0.835820895522388,0.03409639343749452,5.381600000000001,0.4621691849913357,1,314
faster_rcnn,5.9013333333333335,5,0.835820895522388,0.03409639343749452,5.381600000000001,0.4621691849913357,1,314
faster_rcnn,5.902666666666667,5,0.835820895522388,0.03409639343749452,5.381600000000001,0.4621691849913357,1,314
faster_rcnn,5.905333333333333,5,0.835820895522388,0.03409639343749452,5.381600000000001,0.4621691849913357,1,314
faster_rcnn,5.908,5,0.835820895522388,0.03409639343749452,5.381600000000001,0.4621691849913357,1,314
faster_rcnn,5.9093333333333335,5,0.835820895522388,0.03409639343749452,5.381600000000001,0.4621691849913357,1,314
faster_rcnn,5.912,5,0.835820895522388,0.03409639343749452,5.381600000000001,0.4621691849913357,1,314
faster_rcnn,5.913333333333333,5,0.835820895522388,0.03409639343749452,5.381600000000001,0.4621691849913357,1,314
faster_rcnn,5.914666666666666,5,0.835820895522388,0.03409639343749452,5.381600000000001,0.4621691849913357,1,314
faster_rcnn,5.917333333333334,5,0.835820895522388,0.03409639343749452,5.381600000000001,0.4621691849913357,1,314
faster_rcnn,5.92,5,0.835820895522388,0.03409639343749452,5.381600000000001,0.4621691849913357,1,314
faster_rcnn,5.921333333333333,5,0.835820895522388,0.03409639343749452,5.381600000000001,0.4621691849913357,1,314
faster_rcnn,5.922666666666666,5,0.835820895522388,0.03409639343749452,5.381600000000001,0.4621691849913357,1,314
faster_rcnn,5.924,5,0.835820895522388,0.03409639343749452,5.381600000000001,0.4621691849913357,1,314
faster_rcnn,5.925333333333334,5,0.835820895522388,0.03409639343749452,5.381600000000001,0.4621691849913357,1,314
faster_rcnn,5.928,5,0.835820895522388,0.03409639343749452,5.381600000000001,0.4621691849913357,1,314
faster_rcnn,5.929333333333333,5,0.835820895522388,0.03409639343749452,5.381600000000001,0.4621691849913357,1,314
faster_rcnn,5.930666666666666,5,0.835820895522388,0.03409639343749452,5.381600000000001,0.4621691849913357,1,314
faster_rcnn,5.932,5,0.835820895522388,0.03409639343749452,5.381600000000001,0.4621691849913357,1,314
faster_rcnn,5.933333333333334,5,0.835820895522388,0.03409639343749452,5.381600000000001,0.4621691849913357,1,314
faster_rcnn,5.936,5,0.835820895522388,0.03409639343749452,5.381600000000001,0.4621691849913357,1,314
faster_rcnn,5.937333333333333,5,0.835820895522388,0.03409639343749452,5.381600000000001,0.4621691849913357,1,314
faster_rcnn,5.938666666666666,5,0.835820895522388,0.03409639343749452,5.381600000000001,0.4621691849913357,1,314
faster_rcnn,5.94,5,0.835820895522388,0.03409639343749452,5.381600000000001,0.4621691849913357,1,314
faster_rcnn,5.941333333333334,5,0.835820895522388,0.03409639343749452,5.381600000000001,0.4621691849913357,1,314
faster_rcnn,5.942666666666667,5,0.835820895522388,0.03409639343749452,5.381600000000001,0.4621691849913357,1,314
faster_rcnn,5.944,5,0.835820895522388,0.03409639343749452,5.381600000000001,0.4621691849913357,1,314
faster_rcnn,5.945333333333333,5,0.835820895522388,0.03409639343749452,5.381600000000001,0.4621691849913357,1,314
faster_rcnn,5.946666666666666,5,0.835820895522388,0.03409639343749452,5.381600000000001,0.4621691849913357,1,314
faster_rcnn,5.950666666666667,5,0.835820895522388,0.03409639343749452,5.381600000000001,0.4621691849913357,1,314
faster_rcnn,5.952,5,0.835820895522388,0.03409639343749452,5.381600000000001,0.4621691849913357,1,314
faster_rcnn,5.953333333333333,5,0.835820895522388,0.03409639343749452,5.381600000000001,0.4621691849913357,1,314
faster_rcnn,5.954666666666666,5,0.835820895522388,0.03409639343749452,5.381600000000001,0.4621691849913357,1,314
faster_rcnn,5.957333333333334,5,0.835820895522388,0.03409639343749452,5.381600000000001,0.4621691849913357,1,314
faster_rcnn,5.958666666666667,5,0.835820895522388,0.03409639343749452,5.381600000000001,0.4621691849913357,1,314
faster_rcnn,5.961333333333333,5,0.835820895522388,0.03409639343749452,5.381600000000001,0.4621691849913357,1,314
faster_rcnn,5.962666666666666,5,0.835820895522388,0.03409639343749452,5.381600000000001,0.4621691849913357,1,314
faster_rcnn,5.964,5,0.835820895522388,0.03409639343749452,5.381600000000001,0.4621691849913357,1,314
faster_rcnn,5.965333333333334,5,0.835820895522388,0.03409639343749452,5.381600000000001,0.4621691849913357,1,314
faster_rcnn,5.966666666666667,5,0.835820895522388,0.03409639343749452,5.381600000000001,0.4621691849913357,1,314
faster_rcnn,5.969333333333333,5,0.835820895522388,0.03409639343749452,5.381600000000001,0.4621691849913357,1,314
faster_rcnn,5.970666666666666,5,0.835820895522388,0.03409639343749452,5.381600000000001,0.4621691849913357,1,314
faster_rcnn,5.972,5,0.835820895522388,0.03409639343749452,5.381600000000001,0.4621691849913357,1,314
faster_rcnn,5.974666666666667,5,0.835820895522388,0.03409639343749452,5.381600000000001,0.4621691849913357,1,314
faster_rcnn,5.977333333333333,5,0.835820895522388,0.03409639343749452,5.381600000000001,0.4621691849913357,1,314
faster_rcnn,5.978666666666666,5,0.835820895522388,0.03409639343749452,5.381600000000001,0.4621691849913357,1,314
faster_rcnn,5.98,5,0.835820895522388,0.03409639343749452,5.381600000000001,0.4621691849913357,1,314
faster_rcnn,5.981333333333334,5,0.835820895522388,0.03409639343749452,5.381600000000001,0.4621691849913357,1,314
faster_rcnn,5.984,5,0.835820895522388,0.03409639343749452,5.381600000000001,0.4621691849913357,1,314
faster_rcnn,5.985333333333333,5,0.835820895522388,0.03409639343749452,5.381600000000001,0.4621691849913357,1,314
faster_rcnn,5.986666666666666,5,0.835820895522388,0.03409639343749452,5.381600000000001,0.4621691849913357,1,314
faster_rcnn,5.988,5,0.835820895522388,0.03409639343749452,5.381600000000001,0.4621691849913357,1,314
faster_rcnn,5.989333333333334,5,0.835820895522388,0.03409639343749452,5.381600000000001,0.4621691849913357,1,314
faster_rcnn,5.992,5,0.835820895522388,0.03409639343749452,5.381600000000001,0.4621691849913357,1,314
faster_rcnn,5.993333333333333,5,0.835820895522388,0.03409639343749452,5.381600000000001,0.4621691849913357,1,314
faster_rcnn,5.994666666666666,5,0.8365671641791046,0.034239014170013314,5.481866666666667,0.5402547547222513,1,314
faster_rcnn,5.996,5,0.8365671641791046,0.034239014170013314,5.481866666666667,0.5402547547222513,1,314
faster_rcnn,5.997333333333334,5,0.8365671641791046,0.034239014170013314,5.481866666666667,0.5402547547222513,1,314
faster_rcnn,6.0,5,0.8365671641791046,0.034239014170013314,5.481866666666667,0.5402547547222513,1,314
faster_rcnn,6.001333333333333,5,0.8365671641791046,0.034239014170013314,5.481866666666667,0.5402547547222513,1,314
faster_rcnn,6.002666666666666,5,0.8365671641791046,0.034239014170013314,5.481866666666667,0.5402547547222513,1,314
faster_rcnn,6.005333333333334,5,0.8365671641791046,0.034239014170013314,5.481866666666667,0.5402547547222513,1,314
faster_rcnn,6.006666666666667,5,0.8365671641791046,0.034239014170013314,5.481866666666667,0.5402547547222513,1,314
faster_rcnn,6.008,5,0.8365671641791046,0.034239014170013314,5.481866666666667,0.5402547547222513,1,314
faster_rcnn,6.010666666666666,5,0.8365671641791046,0.034239014170013314,5.481866666666667,0.5402547547222513,1,314
faster_rcnn,6.012,5,0.8365671641791046,0.034239014170013314,5.481866666666667,0.5402547547222513,1,314
faster_rcnn,6.013333333333334,5,0.8365671641791046,0.034239014170013314,5.481866666666667,0.5402547547222513,1,314
faster_rcnn,6.014666666666667,5,0.8365671641791046,0.034239014170013314,5.481866666666667,0.5402547547222513,1,314
faster_rcnn,6.016,5,0.8365671641791046,0.034239014170013314,5.481866666666667,0.5402547547222513,1,314
faster_rcnn,6.018666666666666,5,0.8365671641791046,0.034239014170013314,5.481866666666667,0.5402547547222513,1,314
faster_rcnn,6.02,5,0.8365671641791046,0.034239014170013314,5.481866666666667,0.5402547547222513,1,314
faster_rcnn,6.021333333333334,5,0.8365671641791046,0.034239014170013314,5.481866666666667,0.5402547547222513,1,314
faster_rcnn,6.022666666666667,5,0.8365671641791046,0.034239014170013314,5.481866666666667,0.5402547547222513,1,314
faster_rcnn,6.024,5,0.8365671641791046,0.034239014170013314,5.481866666666667,0.5402547547222513,1,314
faster_rcnn,6.025333333333333,5,0.8365671641791046,0.034239014170013314,5.481866666666667,0.5402547547222513,1,314
faster_rcnn,6.028,5,0.8365671641791046,0.034239014170013314,5.481866666666667,0.5402547547222513,1,314
faster_rcnn,6.029333333333334,5,0.8365671641791046,0.034239014170013314,5.481866666666667,0.5402547547222513,1,314
faster_rcnn,6.032,5,0.8365671641791046,0.034239014170013314,5.481866666666667,0.5402547547222513,1,314
faster_rcnn,6.034666666666666,5,0.8365671641791046,0.034239014170013314,5.481866666666667,0.5402547547222513,1,314
faster_rcnn,6.036,5,0.8365671641791046,0.034239014170013314,5.481866666666667,0.5402547547222513,1,314
faster_rcnn,6.038666666666667,5,0.8365671641791046,0.034239014170013314,5.481866666666667,0.5402547547222513,1,314
faster_rcnn,6.042666666666666,5,0.8365671641791046,0.034239014170013314,5.481866666666667,0.5402547547222513,1,314
faster_rcnn,6.044,5,0.8365671641791046,0.034239014170013314,5.481866666666667,0.5402547547222513,1,314
faster_rcnn,6.045333333333334,5,0.8365671641791046,0.034239014170013314,5.481866666666667,0.5402547547222513,1,314
faster_rcnn,6.046666666666667,5,0.8365671641791046,0.034239014170013314,5.481866666666667,0.5402547547222513,1,314
faster_rcnn,6.048,5,0.8365671641791046,0.034239014170013314,5.481866666666667,0.5402547547222513,1,314
faster_rcnn,6.049333333333333,5,0.8365671641791046,0.034239014170013314,5.481866666666667,0.5402547547222513,1,314
faster_rcnn,6.050666666666666,5,0.8365671641791046,0.034239014170013314,5.481866666666667,0.5402547547222513,1,314
faster_rcnn,6.052,5,0.8365671641791046,0.034239014170013314,5.481866666666667,0.5402547547222513,1,314
faster_rcnn,6.054666666666667,5,0.8365671641791046,0.034239014170013314,5.481866666666667,0.5402547547222513,1,314
faster_rcnn,6.056,5,0.8365671641791046,0.034239014170013314,5.481866666666667,0.5402547547222513,1,314
faster_rcnn,6.057333333333333,5,0.8365671641791046,0.034239014170013314,5.481866666666667,0.5402547547222513,1,314
faster_rcnn,6.06,5,0.8365671641791046,0.034239014170013314,5.481866666666667,0.5402547547222513,1,314
faster_rcnn,6.061333333333334,5,0.8365671641791046,0.034239014170013314,5.481866666666667,0.5402547547222513,1,314
faster_rcnn,6.062666666666667,5,0.8365671641791046,0.034239014170013314,5.481866666666667,0.5402547547222513,1,314
faster_rcnn,6.064,5,0.8365671641791046,0.034239014170013314,5.481866666666667,0.5402547547222513,1,314
faster_rcnn,6.065333333333333,5,0.8365671641791046,0.034239014170013314,5.481866666666667,0.5402547547222513,1,314
faster_rcnn,6.066666666666666,5,0.8365671641791046,0.034239014170013314,5.481866666666667,0.5402547547222513,1,314
faster_rcnn,6.068,5,0.8365671641791046,0.034239014170013314,5.481866666666667,0.5402547547222513,1,314
faster_rcnn,6.070666666666667,5,0.8365671641791046,0.034239014170013314,5.481866666666667,0.5402547547222513,1,314
faster_rcnn,6.072,5,0.8365671641791046,0.034239014170013314,5.481866666666667,0.5402547547222513,1,314
faster_rcnn,6.073333333333333,5,0.8365671641791046,0.034239014170013314,5.481866666666667,0.5402547547222513,1,314
faster_rcnn,6.074666666666666,5,0.8365671641791046,0.034239014170013314,5.481866666666667,0.5402547547222513,1,314
faster_rcnn,6.076,5,0.8365671641791046,0.034239014170013314,5.481866666666667,0.5402547547222513,1,314
faster_rcnn,6.078666666666667,5,0.8365671641791046,0.034239014170013314,5.481866666666667,0.5402547547222513,1,314
faster_rcnn,6.08,5,0.8365671641791046,0.034239014170013314,5.481866666666667,0.5402547547222513,1,314
faster_rcnn,6.081333333333333,5,0.8365671641791046,0.034239014170013314,5.481866666666667,0.5402547547222513,1,314
faster_rcnn,6.085333333333334,5,0.8365671641791046,0.034239014170013314,5.481866666666667,0.5402547547222513,1,314
faster_rcnn,6.086666666666667,5,0.8365671641791046,0.034239014170013314,5.481866666666667,0.5402547547222513,1,314
faster_rcnn,6.089333333333333,5,0.8365671641791046,0.034239014170013314,5.481866666666667,0.5402547547222513,1,314
faster_rcnn,6.0906666666666665,5,0.8365671641791046,0.034239014170013314,5.481866666666667,0.5402547547222513,1,314
faster_rcnn,6.092,5,0.8365671641791046,0.034239014170013314,5.481866666666667,0.5402547547222513,1,314
faster_rcnn,6.093333333333334,5,0.8365671641791046,0.034239014170013314,5.481866666666667,0.5402547547222513,1,314
faster_rcnn,6.094666666666667,5,0.8365671641791046,0.034239014170013314,5.481866666666667,0.5402547547222513,1,314
faster_rcnn,6.096,5,0.8365671641791046,0.034239014170013314,5.481866666666667,0.5402547547222513,1,314
faster_rcnn,6.097333333333333,5,0.8365671641791046,0.034239014170013314,5.481866666666667,0.5402547547222513,1,314
faster_rcnn,6.0986666666666665,5,0.8365671641791046,0.034239014170013314,5.481866666666667,0.5402547547222513,1,314
faster_rcnn,6.1,5,0.8365671641791046,0.034239014170013314,5.481866666666667,0.5402547547222513,1,314
faster_rcnn,6.104,5,0.8365671641791046,0.034239014170013314,5.481866666666667,0.5402547547222513,1,314
faster_rcnn,6.105333333333333,5,0.8365671641791046,0.034239014170013314,5.481866666666667,0.5402547547222513,1,314
faster_rcnn,6.1066666666666665,5,0.8365671641791046,0.034239014170013314,5.481866666666667,0.5402547547222513,1,314
faster_rcnn,6.108,5,0.8365671641791046,0.034239014170013314,5.481866666666667,0.5402547547222513,1,314
faster_rcnn,6.109333333333334,5,0.8365671641791046,0.034239014170013314,5.481866666666667,0.5402547547222513,1,314
faster_rcnn,6.110666666666667,5,0.8365671641791046,0.034239014170013314,5.481866666666667,0.5402547547222513,1,314
faster_rcnn,6.113333333333333,5,0.8365671641791046,0.034239014170013314,5.481866666666667,0.5402547547222513,1,314
faster_rcnn,6.1146666666666665,5,0.8365671641791046,0.034239014170013314,5.481866666666667,0.5402547547222513,1,314
faster_rcnn,6.116,5,0.8365671641791046,0.034239014170013314,5.481866666666667,0.5402547547222513,1,314
faster_rcnn,6.117333333333334,5,0.8365671641791046,0.034239014170013314,5.481866666666667,0.5402547547222513,1,314
faster_rcnn,6.12,5,0.8365671641791046,0.034239014170013314,5.481866666666667,0.5402547547222513,1,314
faster_rcnn,6.121333333333333,5,0.8365671641791046,0.034239014170013314,5.481866666666667,0.5402547547222513,1,314
faster_rcnn,6.1226666666666665,5,0.8365671641791046,0.034239014170013314,5.481866666666667,0.5402547547222513,1,314
faster_rcnn,6.124,5,0.8365671641791046,0.034239014170013314,5.481866666666667,0.5402547547222513,1,314
faster_rcnn,6.126666666666667,5,0.8373134328358208,0.034863607841188284,5.586666666666668,0.6151747719144535,1,314
faster_rcnn,6.128,5,0.8373134328358208,0.034863607841188284,5.586666666666668,0.6151747719144535,1,314
faster_rcnn,6.129333333333333,5,0.8373134328358208,0.034863607841188284,5.586666666666668,0.6151747719144535,1,314
faster_rcnn,6.1306666666666665,5,0.8373134328358208,0.034863607841188284,5.586666666666668,0.6151747719144535,1,314
faster_rcnn,6.132,5,0.8373134328358208,0.034863607841188284,5.586666666666668,0.6151747719144535,1,314
faster_rcnn,6.133333333333334,5,0.8373134328358208,0.034863607841188284,5.586666666666668,0.6151747719144535,1,314
faster_rcnn,6.134666666666667,5,0.8373134328358208,0.034863607841188284,5.586666666666668,0.6151747719144535,1,314
faster_rcnn,6.136,5,0.8373134328358208,0.034863607841188284,5.586666666666668,0.6151747719144535,1,314
faster_rcnn,6.137333333333333,5,0.8373134328358208,0.034863607841188284,5.586666666666668,0.6151747719144535,1,314
faster_rcnn,6.1386666666666665,5,0.8373134328358208,0.034863607841188284,5.586666666666668,0.6151747719144535,1,314
faster_rcnn,6.141333333333334,5,0.8373134328358208,0.034863607841188284,5.586666666666668,0.6151747719144535,1,314
faster_rcnn,6.144,5,0.8373134328358208,0.034863607841188284,5.586666666666668,0.6151747719144535,1,314
faster_rcnn,6.145333333333333,5,0.8373134328358208,0.034863607841188284,5.586666666666668,0.6151747719144535,1,314
faster_rcnn,6.1466666666666665,5,0.8373134328358208,0.034863607841188284,5.586666666666668,0.6151747719144535,1,314
faster_rcnn,6.148,5,0.8373134328358208,0.034863607841188284,5.586666666666668,0.6151747719144535,1,314
faster_rcnn,6.150666666666667,5,0.8373134328358208,0.034863607841188284,5.586666666666668,0.6151747719144535,1,314
faster_rcnn,6.152,5,0.8373134328358208,0.034863607841188284,5.586666666666668,0.6151747719144535,1,314
faster_rcnn,6.153333333333333,5,0.8373134328358208,0.034863607841188284,5.586666666666668,0.6151747719144535,1,314
faster_rcnn,6.1546666666666665,5,0.8373134328358208,0.034863607841188284,5.586666666666668,0.6151747719144535,1,314
faster_rcnn,6.157333333333334,5,0.8373134328358208,0.034863607841188284,5.586666666666668,0.6151747719144535,1,314
faster_rcnn,6.158666666666667,5,0.8373134328358208,0.034863607841188284,5.586666666666668,0.6151747719144535,1,314
faster_rcnn,6.16,5,0.8373134328358208,0.034863607841188284,5.586666666666668,0.6151747719144535,1,314
faster_rcnn,6.161333333333333,5,0.8373134328358208,0.034863607841188284,5.586666666666668,0.6151747719144535,1,314
faster_rcnn,6.1626666666666665,5,0.8373134328358208,0.034863607841188284,5.586666666666668,0.6151747719144535,1,314
faster_rcnn,6.164,5,0.8373134328358208,0.034863607841188284,5.586666666666668,0.6151747719144535,1,314
faster_rcnn,6.165333333333334,5,0.8373134328358208,0.034863607841188284,5.586666666666668,0.6151747719144535,1,314
faster_rcnn,6.166666666666667,5,0.8373134328358208,0.034863607841188284,5.586666666666668,0.6151747719144535,1,314
faster_rcnn,6.168,5,0.8373134328358208,0.034863607841188284,5.586666666666668,0.6151747719144535,1,314
faster_rcnn,6.169333333333333,5,0.8373134328358208,0.034863607841188284,5.586666666666668,0.6151747719144535,1,314
faster_rcnn,6.1706666666666665,5,0.8373134328358208,0.034863607841188284,5.586666666666668,0.6151747719144535,1,314
faster_rcnn,6.173333333333333,5,0.8373134328358208,0.034863607841188284,5.586666666666668,0.6151747719144535,1,314
faster_rcnn,6.174666666666667,5,0.8380597014925373,0.0353592768372601,5.687466666666667,0.6711268136499986,1,314
faster_rcnn,6.176,5,0.8380597014925373,0.0353592768372601,5.687466666666667,0.6711268136499986,1,314
faster_rcnn,6.177333333333333,5,0.8380597014925373,0.0353592768372601,5.687466666666667,0.6711268136499986,1,314
faster_rcnn,6.1786666666666665,5,0.8380597014925373,0.0353592768372601,5.687466666666667,0.6711268136499986,1,314
faster_rcnn,6.18,5,0.8380597014925373,0.0353592768372601,5.687466666666667,0.6711268136499986,1,314
faster_rcnn,6.181333333333333,5,0.8380597014925373,0.0353592768372601,5.687466666666667,0.6711268136499986,1,314
faster_rcnn,6.182666666666667,5,0.8380597014925373,0.0353592768372601,5.687466666666667,0.6711268136499986,1,314
faster_rcnn,6.184,5,0.8380597014925373,0.0353592768372601,5.687466666666667,0.6711268136499986,1,314
faster_rcnn,6.185333333333333,5,0.8380597014925373,0.0353592768372601,5.687466666666667,0.6711268136499986,1,314
faster_rcnn,6.188,5,0.8380597014925373,0.0353592768372601,5.687466666666667,0.6711268136499986,1,314
faster_rcnn,6.189333333333333,5,0.8388059701492537,0.035925686274360914,5.6903999999999995,0.6738152730698689,1,314
faster_rcnn,6.190666666666667,5,0.8388059701492537,0.035925686274360914,5.6903999999999995,0.6738152730698689,1,314
faster_rcnn,6.192,5,0.8388059701492537,0.035925686274360914,5.6903999999999995,0.6738152730698689,1,314
faster_rcnn,6.1946666666666665,5,0.8388059701492537,0.035925686274360914,5.6903999999999995,0.6738152730698689,1,314
faster_rcnn,6.196,5,0.8388059701492537,0.035925686274360914,5.6903999999999995,0.6738152730698689,1,314
faster_rcnn,6.198666666666667,5,0.8388059701492537,0.035925686274360914,5.6903999999999995,0.6738152730698689,1,314
faster_rcnn,6.2,5,0.8395522388059702,0.03627280241646189,5.814666666666666,0.7046461681029863,1,314
faster_rcnn,6.201333333333333,5,0.8395522388059702,0.03627280241646189,5.814666666666666,0.7046461681029863,1,314
faster_rcnn,6.2026666666666666,5,0.8395522388059702,0.03627280241646189,5.814666666666666,0.7046461681029863,1,314
faster_rcnn,6.206666666666667,5,0.8395522388059702,0.03627280241646189,5.814666666666666,0.7046461681029863,1,314
faster_rcnn,6.208,5,0.8395522388059702,0.03627280241646189,5.814666666666666,0.7046461681029863,1,314
faster_rcnn,6.209333333333333,5,0.8395522388059702,0.03627280241646189,5.814666666666666,0.7046461681029863,1,314
faster_rcnn,6.210666666666667,5,0.8395522388059702,0.03627280241646189,5.814666666666666,0.7046461681029863,1,314
faster_rcnn,6.213333333333333,5,0.8395522388059702,0.03627280241646189,5.814666666666666,0.7046461681029863,1,314
faster_rcnn,6.214666666666667,5,0.8402985074626865,0.036881832218362866,5.819733333333334,0.7080962897484745,1,314
faster_rcnn,6.216,5,0.8402985074626865,0.036881832218362866,5.819733333333334,0.7080962897484745,1,314
faster_rcnn,6.217333333333333,5,0.8402985074626865,0.036881832218362866,5.819733333333334,0.7080962897484745,1,314
faster_rcnn,6.22,5,0.8402985074626865,0.036881832218362866,5.819733333333334,0.7080962897484745,1,314
faster_rcnn,6.221333333333333,5,0.8402985074626865,0.036881832218362866,5.819733333333334,0.7080962897484745,1,314
faster_rcnn,6.224,5,0.8402985074626865,0.036881832218362866,5.819733333333334,0.7080962897484745,1,314
faster_rcnn,6.226666666666667,5,0.8402985074626865,0.036881832218362866,5.819733333333334,0.7080962897484745,1,314
faster_rcnn,6.228,5,0.8402985074626865,0.036881832218362866,5.819733333333334,0.7080962897484745,1,314
faster_rcnn,6.229333333333333,5,0.8402985074626865,0.036881832218362866,5.819733333333334,0.7080962897484745,1,314
faster_rcnn,6.230666666666667,5,0.8402985074626865,0.036881832218362866,5.819733333333334,0.7080962897484745,1,314
faster_rcnn,6.232,5,0.8402985074626865,0.036881832218362866,5.819733333333334,0.7080962897484745,1,314
faster_rcnn,6.233333333333333,5,0.8402985074626865,0.036881832218362866,5.819733333333334,0.7080962897484745,1,314
faster_rcnn,6.237333333333333,5,0.8402985074626865,0.036881832218362866,5.819733333333334,0.7080962897484745,1,314
faster_rcnn,6.238666666666667,5,0.8402985074626865,0.036881832218362866,5.819733333333334,0.7080962897484745,1,314
faster_rcnn,6.24,5,0.8402985074626865,0.036881832218362866,5.819733333333334,0.7080962897484745,1,314
faster_rcnn,6.241333333333333,5,0.8402985074626865,0.036881832218362866,5.819733333333334,0.7080962897484745,1,314
faster_rcnn,6.242666666666667,5,0.8402985074626865,0.036881832218362866,5.819733333333334,0.7080962897484745,1,314
faster_rcnn,6.244,5,0.8402985074626865,0.036881832218362866,5.819733333333334,0.7080962897484745,1,314
faster_rcnn,6.245333333333333,5,0.8402985074626865,0.036881832218362866,5.819733333333334,0.7080962897484745,1,314
faster_rcnn,6.246666666666667,5,0.8402985074626865,0.036881832218362866,5.819733333333334,0.7080962897484745,1,314
faster_rcnn,6.248,5,0.8402985074626865,0.036881832218362866,5.819733333333334,0.7080962897484745,1,314
faster_rcnn,6.249333333333333,5,0.8402985074626865,0.036881832218362866,5.819733333333334,0.7080962897484745,1,314
faster_rcnn,6.250666666666667,5,0.8402985074626865,0.036881832218362866,5.819733333333334,0.7080962897484745,1,314
faster_rcnn,6.252,5,0.8402985074626865,0.036881832218362866,5.819733333333334,0.7080962897484745,1,314
faster_rcnn,6.253333333333333,5,0.8402985074626865,0.036881832218362866,5.819733333333334,0.7080962897484745,1,314
faster_rcnn,6.254666666666667,5,0.8402985074626865,0.036881832218362866,5.819733333333334,0.7080962897484745,1,314
faster_rcnn,6.257333333333333,5,0.8402985074626865,0.036881832218362866,5.819733333333334,0.7080962897484745,1,314
faster_rcnn,6.258666666666667,5,0.8402985074626865,0.036881832218362866,5.819733333333334,0.7080962897484745,1,314
faster_rcnn,6.261333333333333,5,0.8402985074626865,0.036881832218362866,5.819733333333334,0.7080962897484745,1,314
faster_rcnn,6.264,5,0.8402985074626865,0.036881832218362866,5.819733333333334,0.7080962897484745,1,314
faster_rcnn,6.265333333333333,5,0.8402985074626865,0.036881832218362866,5.819733333333334,0.7080962897484745,1,314
faster_rcnn,6.266666666666667,5,0.8402985074626865,0.036881832218362866,5.819733333333334,0.7080962897484745,1,314
faster_rcnn,6.270666666666667,5,0.8402985074626865,0.036881832218362866,5.819733333333334,0.7080962897484745,1,314
faster_rcnn,6.272,5,0.841044776119403,0.036994909128195315,5.875200000000001,0.7355545753602063,1,314
faster_rcnn,6.274666666666667,5,0.841044776119403,0.036994909128195315,5.875200000000001,0.7355545753602063,1,314
faster_rcnn,6.276,5,0.841044776119403,0.036994909128195315,5.875200000000001,0.7355545753602063,1,314
faster_rcnn,6.277333333333333,5,0.841044776119403,0.036994909128195315,5.875200000000001,0.7355545753602063,1,314
faster_rcnn,6.278666666666667,5,0.841044776119403,0.036994909128195315,5.875200000000001,0.7355545753602063,1,314
faster_rcnn,6.28,5,0.841044776119403,0.036994909128195315,5.875200000000001,0.7355545753602063,1,314
faster_rcnn,6.281333333333333,5,0.841044776119403,0.036994909128195315,5.875200000000001,0.7355545753602063,1,314
faster_rcnn,6.282666666666667,5,0.841044776119403,0.036994909128195315,5.875200000000001,0.7355545753602063,1,314
faster_rcnn,6.285333333333333,5,0.841044776119403,0.036994909128195315,5.875200000000001,0.7355545753602063,1,314
faster_rcnn,6.286666666666667,5,0.841044776119403,0.036994909128195315,5.875200000000001,0.7355545753602063,1,314
faster_rcnn,6.288,5,0.841044776119403,0.036994909128195315,5.875200000000001,0.7355545753602063,1,314
faster_rcnn,6.289333333333333,5,0.841044776119403,0.036994909128195315,5.875200000000001,0.7355545753602063,1,314
faster_rcnn,6.290666666666667,5,0.841044776119403,0.036994909128195315,5.875200000000001,0.7355545753602063,1,314
faster_rcnn,6.292,5,0.8417910447761194,0.03764775598695354,5.890666666666666,0.7452265874662999,1,314
faster_rcnn,6.296,5,0.8417910447761194,0.03764775598695354,5.890666666666666,0.7452265874662999,1,314
faster_rcnn,6.2973333333333334,5,0.8417910447761194,0.03764775598695354,5.890666666666666,0.7452265874662999,1,314
faster_rcnn,6.298666666666667,5,0.8417910447761194,0.03764775598695354,5.890666666666666,0.7452265874662999,1,314
faster_rcnn,6.3,5,0.8417910447761194,0.03764775598695354,5.890666666666666,0.7452265874662999,1,314
faster_rcnn,6.301333333333333,5,0.8417910447761194,0.03764775598695354,5.890666666666666,0.7452265874662999,1,314
faster_rcnn,6.302666666666667,5,0.8425373134328357,0.03836212884320857,5.892799999999999,0.7466765475536691,1,314
faster_rcnn,6.304,5,0.8425373134328357,0.03836212884320857,5.892799999999999,0.7466765475536691,1,314
faster_rcnn,6.306666666666667,5,0.8425373134328357,0.03836212884320857,5.892799999999999,0.7466765475536691,1,314
faster_rcnn,6.308,5,0.8425373134328357,0.03836212884320857,5.892799999999999,0.7466765475536691,1,314
faster_rcnn,6.309333333333333,5,0.8425373134328357,0.03836212884320857,5.892799999999999,0.7466765475536691,1,314
faster_rcnn,6.310666666666667,5,0.8425373134328357,0.03836212884320857,5.892799999999999,0.7466765475536691,1,314
faster_rcnn,6.312,5,0.8425373134328357,0.03836212884320857,5.892799999999999,0.7466765475536691,1,314
faster_rcnn,6.3133333333333335,5,0.8425373134328357,0.03836212884320857,5.892799999999999,0.7466765475536691,1,314
faster_rcnn,6.317333333333333,5,0.8425373134328357,0.03836212884320857,5.892799999999999,0.7466765475536691,1,314
faster_rcnn,6.318666666666667,5,0.8432835820895523,0.03913465851381162,5.896000000000001,0.7489031980169399,1,314
faster_rcnn,6.32,5,0.8432835820895523,0.03913465851381162,5.896000000000001,0.7489031980169399,1,314
faster_rcnn,6.3213333333333335,5,0.8432835820895523,0.03913465851381162,5.896000000000001,0.7489031980169399,1,314
faster_rcnn,6.322666666666667,5,0.8432835820895523,0.03913465851381162,5.896000000000001,0.7489031980169399,1,314
faster_rcnn,6.325333333333333,5,0.8432835820895523,0.03913465851381162,5.896000000000001,0.7489031980169399,1,314
faster_rcnn,6.326666666666667,5,0.8432835820895523,0.03913465851381162,5.896000000000001,0.7489031980169399,1,314
faster_rcnn,6.328,5,0.8432835820895523,0.03913465851381162,5.896000000000001,0.7489031980169399,1,314
faster_rcnn,6.3293333333333335,5,0.8432835820895523,0.03913465851381162,5.896000000000001,0.7489031980169399,1,314
faster_rcnn,6.333333333333333,5,0.8432835820895523,0.03913465851381162,5.896000000000001,0.7489031980169399,1,314
faster_rcnn,6.334666666666666,5,0.8432835820895523,0.03913465851381162,5.896000000000001,0.7489031980169399,1,314
faster_rcnn,6.3373333333333335,5,0.8432835820895523,0.03913465851381162,5.896000000000001,0.7489031980169399,1,314
faster_rcnn,6.34,5,0.8432835820895523,0.03913465851381162,5.896000000000001,0.7489031980169399,1,314
faster_rcnn,6.341333333333333,5,0.8432835820895523,0.03913465851381162,5.896000000000001,0.7489031980169399,1,314
faster_rcnn,6.344,5,0.8432835820895523,0.03913465851381162,5.896000000000001,0.7489031980169399,1,314
faster_rcnn,6.346666666666667,5,0.8432835820895523,0.03913465851381162,5.896000000000001,0.7489031980169399,1,314
faster_rcnn,6.348,5,0.8432835820895523,0.03913465851381162,5.896000000000001,0.7489031980169399,1,314
faster_rcnn,6.350666666666666,5,0.8432835820895523,0.03913465851381162,5.896000000000001,0.7489031980169399,1,314
faster_rcnn,6.352,5,0.8432835820895523,0.03913465851381162,5.896000000000001,0.7489031980169399,1,314
faster_rcnn,6.3533333333333335,5,0.8432835820895523,0.03913465851381162,5.896000000000001,0.7489031980169399,1,314
faster_rcnn,6.356,5,0.8432835820895523,0.03913465851381162,5.896000000000001,0.7489031980169399,1,314
faster_rcnn,6.357333333333333,5,0.8432835820895523,0.03913465851381162,5.896000000000001,0.7489031980169399,1,314
faster_rcnn,6.358666666666666,5,0.8432835820895523,0.03913465851381162,5.896000000000001,0.7489031980169399,1,314
faster_rcnn,6.36,5,0.8432835820895523,0.03913465851381162,5.896000000000001,0.7489031980169399,1,314
faster_rcnn,6.3613333333333335,5,0.8432835820895523,0.03913465851381162,5.896000000000001,0.7489031980169399,1,314
faster_rcnn,6.362666666666667,5,0.8432835820895523,0.03913465851381162,5.896000000000001,0.7489031980169399,1,314
faster_rcnn,6.364,5,0.8432835820895523,0.03913465851381162,5.896000000000001,0.7489031980169399,1,314
faster_rcnn,6.3693333333333335,5,0.8432835820895523,0.03913465851381162,5.896000000000001,0.7489031980169399,1,314
faster_rcnn,6.372,5,0.8432835820895523,0.03913465851381162,5.896000000000001,0.7489031980169399,1,314
faster_rcnn,6.373333333333333,5,0.8432835820895523,0.03913465851381162,5.896000000000001,0.7489031980169399,1,314
faster_rcnn,6.374666666666666,5,0.8432835820895523,0.03913465851381162,5.896000000000001,0.7489031980169399,1,314
faster_rcnn,6.376,5,0.8432835820895523,0.03913465851381162,5.896000000000001,0.7489031980169399,1,314
faster_rcnn,6.378666666666667,5,0.8440298507462686,0.03961203590176182,5.9464,0.7762865450334689,1,314
faster_rcnn,6.38,5,0.8440298507462686,0.03961203590176182,5.9464,0.7762865450334689,1,314
faster_rcnn,6.381333333333333,5,0.8440298507462686,0.03961203590176182,5.9464,0.7762865450334689,1,314
faster_rcnn,6.382666666666666,5,0.8440298507462686,0.03961203590176182,5.9464,0.7762865450334689,1,314
faster_rcnn,6.3853333333333335,5,0.8440298507462686,0.03961203590176182,5.9464,0.7762865450334689,1,314
faster_rcnn,6.386666666666667,5,0.8440298507462686,0.03961203590176182,5.9464,0.7762865450334689,1,314
faster_rcnn,6.388,5,0.8440298507462686,0.03961203590176182,5.9464,0.7762865450334689,1,314
faster_rcnn,6.389333333333333,5,0.8440298507462686,0.03961203590176182,5.9464,0.7762865450334689,1,314
faster_rcnn,6.392,5,0.8440298507462686,0.03961203590176182,5.9464,0.7762865450334689,1,314
faster_rcnn,6.394666666666667,5,0.8440298507462686,0.03961203590176182,5.9464,0.7762865450334689,1,314
faster_rcnn,6.396,5,0.8440298507462686,0.03961203590176182,5.9464,0.7762865450334689,1,314
faster_rcnn,6.397333333333333,5,0.8440298507462686,0.03961203590176182,5.9464,0.7762865450334689,1,314
faster_rcnn,6.4,5,0.8440298507462686,0.03961203590176182,5.9464,0.7762865450334689,1,314
faster_rcnn,6.4013333333333335,5,0.8440298507462686,0.03961203590176182,5.9464,0.7762865450334689,1,314
faster_rcnn,6.402666666666667,5,0.8440298507462686,0.03961203590176182,5.9464,0.7762865450334689,1,314
faster_rcnn,6.404,5,0.8440298507462686,0.03961203590176182,5.9464,0.7762865450334689,1,314
faster_rcnn,6.406666666666666,5,0.8447761194029851,0.04015313746959583,5.952,0.7802751651394098,1,314
faster_rcnn,6.408,5,0.8447761194029851,0.04015313746959583,5.952,0.7802751651394098,1,314
faster_rcnn,6.410666666666667,5,0.8447761194029851,0.04015313746959583,5.952,0.7802751651394098,1,314
faster_rcnn,6.414666666666666,5,0.8447761194029851,0.04015313746959583,5.952,0.7802751651394098,1,314
faster_rcnn,6.416,5,0.8447761194029851,0.04015313746959583,5.952,0.7802751651394098,1,314
faster_rcnn,6.418666666666667,5,0.8447761194029851,0.04015313746959583,5.952,0.7802751651394098,1,314
faster_rcnn,6.42,5,0.8447761194029851,0.04015313746959583,5.952,0.7802751651394098,1,314
faster_rcnn,6.421333333333333,5,0.8455223880597014,0.04092587935282466,5.972533333333334,0.7935739691071301,1,314
faster_rcnn,6.422666666666666,5,0.8455223880597014,0.04092587935282466,5.972533333333334,0.7935739691071301,1,314
faster_rcnn,6.424,5,0.846268656716418,0.041163329464243614,6.017333333333333,0.8156415334637582,1,314
faster_rcnn,6.425333333333334,5,0.846268656716418,0.041163329464243614,6.017333333333333,0.8156415334637582,1,314
faster_rcnn,6.426666666666667,5,0.846268656716418,0.041163329464243614,6.017333333333333,0.8156415334637582,1,314
faster_rcnn,6.429333333333333,5,0.846268656716418,0.041163329464243614,6.017333333333333,0.8156415334637582,1,314
faster_rcnn,6.432,5,0.846268656716418,0.041163329464243614,6.017333333333333,0.8156415334637582,1,314
faster_rcnn,6.433333333333334,5,0.846268656716418,0.041163329464243614,6.017333333333333,0.8156415334637582,1,314
faster_rcnn,6.434666666666667,5,0.846268656716418,0.041163329464243614,6.017333333333333,0.8156415334637582,1,314
faster_rcnn,6.436,5,0.846268656716418,0.041163329464243614,6.017333333333333,0.8156415334637582,1,314
faster_rcnn,6.437333333333333,5,0.846268656716418,0.041163329464243614,6.017333333333333,0.8156415334637582,1,314
faster_rcnn,6.438666666666666,5,0.846268656716418,0.041163329464243614,6.017333333333333,0.8156415334637582,1,314
faster_rcnn,6.44,5,0.846268656716418,0.041163329464243614,6.017333333333333,0.8156415334637582,1,314
faster_rcnn,6.441333333333334,5,0.846268656716418,0.041163329464243614,6.017333333333333,0.8156415334637582,1,314
faster_rcnn,6.444,5,0.846268656716418,0.041163329464243614,6.017333333333333,0.8156415334637582,1,314
faster_rcnn,6.445333333333333,5,0.8470149253731343,0.04146662457256131,6.021600000000001,0.8183519481928975,1,314
faster_rcnn,6.446666666666666,5,0.8470149253731343,0.04146662457256131,6.021600000000001,0.8183519481928975,1,314
faster_rcnn,6.448,5,0.8470149253731343,0.04146662457256131,6.021600000000001,0.8183519481928975,1,314
faster_rcnn,6.449333333333334,5,0.8470149253731343,0.04146662457256131,6.021600000000001,0.8183519481928975,1,314
faster_rcnn,6.450666666666667,5,0.8470149253731343,0.04146662457256131,6.021600000000001,0.8183519481928975,1,314
faster_rcnn,6.453333333333333,5,0.8470149253731343,0.04146662457256131,6.021600000000001,0.8183519481928975,1,314
faster_rcnn,6.454666666666666,5,0.8470149253731343,0.04146662457256131,6.021600000000001,0.8183519481928975,1,314
faster_rcnn,6.458666666666667,5,0.8477611940298507,0.04183433259156405,6.024266666666667,0.8200977719489033,1,314
faster_rcnn,6.46,5,0.8477611940298507,0.04183433259156405,6.024266666666667,0.8200977719489033,1,314
faster_rcnn,6.461333333333333,5,0.8477611940298507,0.04183433259156405,6.024266666666667,0.8200977719489033,1,314
faster_rcnn,6.464,5,0.8477611940298507,0.04183433259156405,6.024266666666667,0.8200977719489033,1,314
faster_rcnn,6.465333333333334,5,0.8477611940298507,0.04183433259156405,6.024266666666667,0.8200977719489033,1,314
faster_rcnn,6.466666666666667,5,0.8477611940298507,0.04183433259156405,6.024266666666667,0.8200977719489033,1,314
faster_rcnn,6.468,5,0.8477611940298507,0.04183433259156405,6.024266666666667,0.8200977719489033,1,314
faster_rcnn,6.469333333333333,5,0.8477611940298507,0.04183433259156405,6.024266666666667,0.8200977719489033,1,314
faster_rcnn,6.470666666666666,5,0.8477611940298507,0.04183433259156405,6.024266666666667,0.8200977719489033,1,314
faster_rcnn,6.472,5,0.8477611940298507,0.04183433259156405,6.024266666666667,0.8200977719489033,1,314
faster_rcnn,6.473333333333334,5,0.8477611940298507,0.04183433259156405,6.024266666666667,0.8200977719489033,1,314
faster_rcnn,6.474666666666667,5,0.8477611940298507,0.04183433259156405,6.024266666666667,0.8200977719489033,1,314
faster_rcnn,6.476,5,0.8477611940298507,0.04183433259156405,6.024266666666667,0.8200977719489033,1,314
faster_rcnn,6.477333333333333,5,0.8477611940298507,0.04183433259156405,6.024266666666667,0.8200977719489033,1,314
faster_rcnn,6.48,5,0.8477611940298507,0.04183433259156405,6.024266666666667,0.8200977719489033,1,314
faster_rcnn,6.484,5,0.8477611940298507,0.04183433259156405,6.024266666666667,0.8200977719489033,1,314
faster_rcnn,6.486666666666666,5,0.8477611940298507,0.04183433259156405,6.024266666666667,0.8200977719489033,1,314
faster_rcnn,6.488,5,0.8477611940298507,0.04183433259156405,6.024266666666667,0.8200977719489033,1,314
faster_rcnn,6.489333333333334,5,0.8477611940298507,0.04183433259156405,6.024266666666667,0.8200977719489033,1,314
faster_rcnn,6.490666666666667,5,0.8477611940298507,0.04183433259156405,6.024266666666667,0.8200977719489033,1,314
faster_rcnn,6.493333333333333,5,0.8477611940298507,0.04183433259156405,6.024266666666667,0.8200977719489033,1,314
faster_rcnn,6.494666666666666,5,0.8477611940298507,0.04183433259156405,6.024266666666667,0.8200977719489033,1,314
faster_rcnn,6.497333333333334,5,0.8477611940298507,0.04183433259156405,6.024266666666667,0.8200977719489033,1,314
faster_rcnn,6.5,5,0.8477611940298507,0.04183433259156405,6.024266666666667,0.8200977719489033,1,314
faster_rcnn,6.501333333333333,5,0.8477611940298507,0.04183433259156405,6.024266666666667,0.8200977719489033,1,314
faster_rcnn,6.502666666666666,5,0.8477611940298507,0.04183433259156405,6.024266666666667,0.8200977719489033,1,314
faster_rcnn,6.504,5,0.8477611940298507,0.04183433259156405,6.024266666666667,0.8200977719489033,1,314
faster_rcnn,6.505333333333334,5,0.8477611940298507,0.04183433259156405,6.024266666666667,0.8200977719489033,1,314
faster_rcnn,6.506666666666667,5,0.8477611940298507,0.04183433259156405,6.024266666666667,0.8200977719489033,1,314
faster_rcnn,6.508,5,0.8477611940298507,0.04183433259156405,6.024266666666667,0.8200977719489033,1,314
faster_rcnn,6.510666666666666,5,0.8477611940298507,0.04183433259156405,6.024266666666667,0.8200977719489033,1,314
faster_rcnn,6.513333333333334,5,0.8477611940298507,0.04183433259156405,6.024266666666667,0.8200977719489033,1,314
faster_rcnn,6.514666666666667,5,0.8477611940298507,0.04183433259156405,6.024266666666667,0.8200977719489033,1,314
faster_rcnn,6.517333333333333,5,0.8477611940298507,0.04183433259156405,6.024266666666667,0.8200977719489033,1,314
faster_rcnn,6.518666666666666,5,0.8477611940298507,0.04183433259156405,6.024266666666667,0.8200977719489033,1,314
faster_rcnn,6.521333333333334,5,0.8477611940298507,0.04183433259156405,6.024266666666667,0.8200977719489033,1,314
faster_rcnn,6.522666666666667,5,0.8477611940298507,0.04183433259156405,6.024266666666667,0.8200977719489033,1,314
faster_rcnn,6.524,5,0.8477611940298507,0.04183433259156405,6.024266666666667,0.8200977719489033,1,314
faster_rcnn,6.525333333333333,5,0.8477611940298507,0.04183433259156405,6.024266666666667,0.8200977719489033,1,314
faster_rcnn,6.528,5,0.8477611940298507,0.04183433259156405,6.024266666666667,0.8200977719489033,1,314
faster_rcnn,6.529333333333334,5,0.8477611940298507,0.04183433259156405,6.024266666666667,0.8200977719489033,1,314
faster_rcnn,6.530666666666667,5,0.8477611940298507,0.04183433259156405,6.024266666666667,0.8200977719489033,1,314
faster_rcnn,6.532,5,0.8477611940298507,0.04183433259156405,6.024266666666667,0.8200977719489033,1,314
faster_rcnn,6.533333333333333,5,0.8477611940298507,0.04183433259156405,6.024266666666667,0.8200977719489033,1,314
faster_rcnn,6.534666666666666,5,0.8477611940298507,0.04183433259156405,6.024266666666667,0.8200977719489033,1,314
faster_rcnn,6.536,5,0.8477611940298507,0.04183433259156405,6.024266666666667,0.8200977719489033,1,314
faster_rcnn,6.538666666666667,5,0.8477611940298507,0.04183433259156405,6.024266666666667,0.8200977719489033,1,314
faster_rcnn,6.541333333333333,5,0.8477611940298507,0.04183433259156405,6.024266666666667,0.8200977719489033,1,314
faster_rcnn,6.544,5,0.8477611940298507,0.04183433259156405,6.024266666666667,0.8200977719489033,1,314
faster_rcnn,6.545333333333334,5,0.8477611940298507,0.04183433259156405,6.024266666666667,0.8200977719489033,1,314
faster_rcnn,6.548,5,0.8477611940298507,0.04183433259156405,6.024266666666667,0.8200977719489033,1,314
faster_rcnn,6.550666666666666,5,0.8477611940298507,0.04183433259156405,6.024266666666667,0.8200977719489033,1,314
faster_rcnn,6.552,5,0.8477611940298507,0.04183433259156405,6.024266666666667,0.8200977719489033,1,314
faster_rcnn,6.553333333333334,5,0.8477611940298507,0.04183433259156405,6.024266666666667,0.8200977719489033,1,314
faster_rcnn,6.554666666666667,5,0.8477611940298507,0.04183433259156405,6.024266666666667,0.8200977719489033,1,314
faster_rcnn,6.556,5,0.8477611940298507,0.04183433259156405,6.024266666666667,0.8200977719489033,1,314
faster_rcnn,6.557333333333333,5,0.8477611940298507,0.04183433259156405,6.024266666666667,0.8200977719489033,1,314
faster_rcnn,6.558666666666666,5,0.8477611940298507,0.04183433259156405,6.024266666666667,0.8200977719489033,1,314
faster_rcnn,6.56,5,0.8477611940298507,0.04183433259156405,6.024266666666667,0.8200977719489033,1,314
faster_rcnn,6.564,5,0.8477611940298507,0.04183433259156405,6.024266666666667,0.8200977719489033,1,314
faster_rcnn,6.565333333333333,5,0.8477611940298507,0.04183433259156405,6.024266666666667,0.8200977719489033,1,314
faster_rcnn,6.568,5,0.8477611940298507,0.04183433259156405,6.024266666666667,0.8200977719489033,1,314
faster_rcnn,6.570666666666667,5,0.8477611940298507,0.04183433259156405,6.024266666666667,0.8200977719489033,1,314
faster_rcnn,6.572,5,0.8477611940298507,0.04183433259156405,6.024266666666667,0.8200977719489033,1,314
faster_rcnn,6.573333333333333,5,0.8477611940298507,0.04183433259156405,6.024266666666667,0.8200977719489033,1,314
faster_rcnn,6.574666666666666,5,0.8477611940298507,0.04183433259156405,6.024266666666667,0.8200977719489033,1,314
faster_rcnn,6.576,5,0.8477611940298507,0.04183433259156405,6.024266666666667,0.8200977719489033,1,314
faster_rcnn,6.577333333333334,5,0.8477611940298507,0.04183433259156405,6.024266666666667,0.8200977719489033,1,314
faster_rcnn,6.578666666666667,5,0.8477611940298507,0.04183433259156405,6.024266666666667,0.8200977719489033,1,314
faster_rcnn,6.582666666666666,5,0.8477611940298507,0.04183433259156405,6.024266666666667,0.8200977719489033,1,314
faster_rcnn,6.584,5,0.8477611940298507,0.04183433259156405,6.024266666666667,0.8200977719489033,1,314
faster_rcnn,6.585333333333334,5,0.8477611940298507,0.04183433259156405,6.024266666666667,0.8200977719489033,1,314
faster_rcnn,6.586666666666667,5,0.8477611940298507,0.04183433259156405,6.024266666666667,0.8200977719489033,1,314
faster_rcnn,6.588,5,0.8477611940298507,0.04183433259156405,6.024266666666667,0.8200977719489033,1,314
faster_rcnn,6.589333333333333,5,0.8477611940298507,0.04183433259156405,6.024266666666667,0.8200977719489033,1,314
faster_rcnn,6.592,5,0.8477611940298507,0.04183433259156405,6.024266666666667,0.8200977719489033,1,314
faster_rcnn,6.593333333333334,5,0.8477611940298507,0.04183433259156405,6.024266666666667,0.8200977719489033,1,314
faster_rcnn,6.596,5,0.8477611940298507,0.04183433259156405,6.024266666666667,0.8200977719489033,1,314
faster_rcnn,6.597333333333333,5,0.8477611940298507,0.04183433259156405,6.024266666666667,0.8200977719489033,1,314
faster_rcnn,6.5986666666666665,5,0.8477611940298507,0.04183433259156405,6.024266666666667,0.8200977719489033,1,314
faster_rcnn,6.6,5,0.8477611940298507,0.04183433259156405,6.024266666666667,0.8200977719489033,1,314
faster_rcnn,6.601333333333334,5,0.8485074626865672,0.042592919925749304,6.060266666666666,0.8454444721893659,1,314
faster_rcnn,6.602666666666667,5,0.8485074626865672,0.042592919925749304,6.060266666666666,0.8454444721893659,1,314
faster_rcnn,6.605333333333333,5,0.8485074626865672,0.042592919925749304,6.060266666666666,0.8454444721893659,1,314
faster_rcnn,6.6066666666666665,5,0.8485074626865672,0.042592919925749304,6.060266666666666,0.8454444721893659,1,314
faster_rcnn,6.608,5,0.8485074626865672,0.042592919925749304,6.060266666666666,0.8454444721893659,1,314
faster_rcnn,6.609333333333334,5,0.8485074626865672,0.042592919925749304,6.060266666666666,0.8454444721893659,1,314
faster_rcnn,6.612,5,0.8485074626865672,0.042592919925749304,6.060266666666666,0.8454444721893659,1,314
faster_rcnn,6.613333333333333,5,0.8485074626865672,0.042592919925749304,6.060266666666666,0.8454444721893659,1,314
faster_rcnn,6.6146666666666665,5,0.8485074626865672,0.042592919925749304,6.060266666666666,0.8454444721893659,1,314
faster_rcnn,6.618666666666667,5,0.8485074626865672,0.042592919925749304,6.060266666666666,0.8454444721893659,1,314
faster_rcnn,6.62,5,0.8485074626865672,0.042592919925749304,6.060266666666666,0.8454444721893659,1,314
faster_rcnn,6.621333333333333,5,0.8485074626865672,0.042592919925749304,6.060266666666666,0.8454444721893659,1,314
faster_rcnn,6.6226666666666665,5,0.8485074626865672,0.042592919925749304,6.060266666666666,0.8454444721893659,1,314
faster_rcnn,6.625333333333334,5,0.8485074626865672,0.042592919925749304,6.060266666666666,0.8454444721893659,1,314
faster_rcnn,6.629333333333333,5,0.8485074626865672,0.042592919925749304,6.060266666666666,0.8454444721893659,1,314
faster_rcnn,6.6306666666666665,5,0.8485074626865672,0.042592919925749304,6.060266666666666,0.8454444721893659,1,314
faster_rcnn,6.633333333333334,5,0.8485074626865672,0.042592919925749304,6.060266666666666,0.8454444721893659,1,314
faster_rcnn,6.636,5,0.8485074626865672,0.042592919925749304,6.060266666666666,0.8454444721893659,1,314
faster_rcnn,6.637333333333333,5,0.8485074626865672,0.042592919925749304,6.060266666666666,0.8454444721893659,1,314
faster_rcnn,6.64,5,0.8485074626865672,0.042592919925749304,6.060266666666666,0.8454444721893659,1,314
faster_rcnn,6.641333333333334,5,0.8485074626865672,0.042592919925749304,6.060266666666666,0.8454444721893659,1,314
faster_rcnn,6.642666666666667,5,0.8485074626865672,0.042592919925749304,6.060266666666666,0.8454444721893659,1,314
faster_rcnn,6.644,5,0.8485074626865672,0.042592919925749304,6.060266666666666,0.8454444721893659,1,314
faster_rcnn,6.645333333333333,5,0.8485074626865672,0.042592919925749304,6.060266666666666,0.8454444721893659,1,314
faster_rcnn,6.6466666666666665,5,0.8485074626865672,0.042592919925749304,6.060266666666666,0.8454444721893659,1,314
faster_rcnn,6.648,5,0.8485074626865672,0.042592919925749304,6.060266666666666,0.8454444721893659,1,314
faster_rcnn,6.649333333333334,5,0.8485074626865672,0.042592919925749304,6.060266666666666,0.8454444721893659,1,314
faster_rcnn,6.652,5,0.8485074626865672,0.042592919925749304,6.060266666666666,0.8454444721893659,1,314
faster_rcnn,6.653333333333333,5,0.8485074626865672,0.042592919925749304,6.060266666666666,0.8454444721893659,1,314
faster_rcnn,6.6546666666666665,5,0.8485074626865672,0.042592919925749304,6.060266666666666,0.8454444721893659,1,314
faster_rcnn,6.657333333333334,5,0.8485074626865672,0.042592919925749304,6.060266666666666,0.8454444721893659,1,314
faster_rcnn,6.658666666666667,5,0.8485074626865672,0.042592919925749304,6.060266666666666,0.8454444721893659,1,314
faster_rcnn,6.661333333333333,5,0.8485074626865672,0.042592919925749304,6.060266666666666,0.8454444721893659,1,314
faster_rcnn,6.6626666666666665,5,0.8485074626865672,0.042592919925749304,6.060266666666666,0.8454444721893659,1,314
faster_rcnn,6.664,5,0.8485074626865672,0.042592919925749304,6.060266666666666,0.8454444721893659,1,314
faster_rcnn,6.666666666666667,5,0.8485074626865672,0.042592919925749304,6.060266666666666,0.8454444721893659,1,314
faster_rcnn,6.669333333333333,5,0.8485074626865672,0.042592919925749304,6.060266666666666,0.8454444721893659,1,314
faster_rcnn,6.672,5,0.8492537313432835,0.04308045491752717,6.113333333333332,0.880234312239897,1,314
faster_rcnn,6.673333333333333,5,0.8492537313432835,0.04308045491752717,6.113333333333332,0.880234312239897,1,314
faster_rcnn,6.677333333333333,5,0.8492537313432835,0.04308045491752717,6.113333333333332,0.880234312239897,1,314
faster_rcnn,6.6786666666666665,5,0.8492537313432835,0.04308045491752717,6.113333333333332,0.880234312239897,1,314
faster_rcnn,6.68,5,0.8492537313432835,0.04308045491752717,6.113333333333332,0.880234312239897,1,314
faster_rcnn,6.682666666666667,5,0.8492537313432835,0.04308045491752717,6.113333333333332,0.880234312239897,1,314
faster_rcnn,6.685333333333333,5,0.8492537313432835,0.04308045491752717,6.113333333333332,0.880234312239897,1,314
faster_rcnn,6.6866666666666665,5,0.8492537313432835,0.04308045491752717,6.113333333333332,0.880234312239897,1,314
faster_rcnn,6.689333333333333,5,0.8492537313432835,0.04308045491752717,6.113333333333332,0.880234312239897,1,314
faster_rcnn,6.690666666666667,5,0.8492537313432835,0.04308045491752717,6.113333333333332,0.880234312239897,1,314
faster_rcnn,6.692,5,0.8492537313432835,0.04308045491752717,6.113333333333332,0.880234312239897,1,314
faster_rcnn,6.693333333333333,5,0.8492537313432835,0.04308045491752717,6.113333333333332,0.880234312239897,1,314
faster_rcnn,6.696,5,0.8492537313432835,0.04308045491752717,6.113333333333332,0.880234312239897,1,314
faster_rcnn,6.697333333333333,5,0.8492537313432835,0.04308045491752717,6.113333333333332,0.880234312239897,1,314
faster_rcnn,6.7,5,0.8492537313432835,0.04308045491752717,6.113333333333332,0.880234312239897,1,314
faster_rcnn,6.701333333333333,5,0.8492537313432835,0.04308045491752717,6.113333333333332,0.880234312239897,1,314
faster_rcnn,6.7026666666666666,5,0.8492537313432835,0.04308045491752717,6.113333333333332,0.880234312239897,1,314
faster_rcnn,6.705333333333333,5,0.8492537313432835,0.04308045491752717,6.113333333333332,0.880234312239897,1,314
faster_rcnn,6.708,5,0.8492537313432835,0.04308045491752717,6.113333333333332,0.880234312239897,1,314
faster_rcnn,6.709333333333333,5,0.8492537313432835,0.04308045491752717,6.113333333333332,0.880234312239897,1,314
faster_rcnn,6.712,5,0.8492537313432835,0.04308045491752717,6.113333333333332,0.880234312239897,1,314
faster_rcnn,6.713333333333333,5,0.8492537313432835,0.04308045491752717,6.113333333333332,0.880234312239897,1,314
faster_rcnn,6.714666666666667,5,0.8492537313432835,0.04308045491752717,6.113333333333332,0.880234312239897,1,314
faster_rcnn,6.716,5,0.8492537313432835,0.04308045491752717,6.113333333333332,0.880234312239897,1,314
faster_rcnn,6.72,5,0.8492537313432835,0.04308045491752717,6.113333333333332,0.880234312239897,1,314
faster_rcnn,6.721333333333333,5,0.8492537313432835,0.04308045491752717,6.113333333333332,0.880234312239897,1,314
faster_rcnn,6.722666666666667,5,0.8492537313432835,0.04308045491752717,6.113333333333332,0.880234312239897,1,314
faster_rcnn,6.724,5,0.8492537313432835,0.04308045491752717,6.113333333333332,0.880234312239897,1,314
faster_rcnn,6.725333333333333,5,0.8492537313432835,0.04308045491752717,6.113333333333332,0.880234312239897,1,314
faster_rcnn,6.729333333333333,5,0.8492537313432835,0.04308045491752717,6.113333333333332,0.880234312239897,1,314
faster_rcnn,6.730666666666667,5,0.8492537313432835,0.04308045491752717,6.113333333333332,0.880234312239897,1,314
faster_rcnn,6.733333333333333,5,0.8492537313432835,0.04308045491752717,6.113333333333332,0.880234312239897,1,314
faster_rcnn,6.736,5,0.8492537313432835,0.04308045491752717,6.113333333333332,0.880234312239897,1,314
faster_rcnn,6.738666666666667,5,0.85,0.04386511047667341,6.1408000000000005,0.9011625084670725,1,314
faster_rcnn,6.74,5,0.85,0.04386511047667341,6.1408000000000005,0.9011625084670725,1,314
faster_rcnn,6.741333333333333,5,0.85,0.04386511047667341,6.1408000000000005,0.9011625084670725,1,314
faster_rcnn,6.742666666666667,5,0.85,0.04386511047667341,6.1408000000000005,0.9011625084670725,1,314
faster_rcnn,6.746666666666667,5,0.85,0.04386511047667341,6.1408000000000005,0.9011625084670725,1,314
faster_rcnn,6.748,5,0.85,0.04386511047667341,6.1408000000000005,0.9011625084670725,1,314
faster_rcnn,6.749333333333333,5,0.85,0.04386511047667341,6.1408000000000005,0.9011625084670725,1,314
faster_rcnn,6.752,5,0.85,0.04386511047667341,6.1408000000000005,0.9011625084670725,1,314
faster_rcnn,6.754666666666667,5,0.85,0.04386511047667341,6.1408000000000005,0.9011625084670725,1,314
faster_rcnn,6.757333333333333,5,0.85,0.04386511047667341,6.1408000000000005,0.9011625084670725,1,314
faster_rcnn,6.758666666666667,5,0.85,0.04386511047667341,6.1408000000000005,0.9011625084670725,1,314
faster_rcnn,6.76,5,0.85,0.04386511047667341,6.1408000000000005,0.9011625084670725,1,314
faster_rcnn,6.762666666666667,5,0.85,0.04386511047667341,6.1408000000000005,0.9011625084670725,1,314
faster_rcnn,6.764,5,0.85,0.04386511047667341,6.1408000000000005,0.9011625084670725,1,314
faster_rcnn,6.765333333333333,5,0.85,0.04386511047667341,6.1408000000000005,0.9011625084670725,1,314
faster_rcnn,6.766666666666667,5,0.85,0.04386511047667341,6.1408000000000005,0.9011625084670725,1,314
faster_rcnn,6.768,5,0.85,0.04386511047667341,6.1408000000000005,0.9011625084670725,1,314
faster_rcnn,6.770666666666667,5,0.85,0.04386511047667341,6.1408000000000005,0.9011625084670725,1,314
faster_rcnn,6.772,5,0.85,0.04386511047667341,6.1408000000000005,0.9011625084670725,1,314
faster_rcnn,6.773333333333333,5,0.85,0.04386511047667341,6.1408000000000005,0.9011625084670725,1,314
faster_rcnn,6.774666666666667,5,0.85,0.04386511047667341,6.1408000000000005,0.9011625084670725,1,314
faster_rcnn,6.776,5,0.85,0.04386511047667341,6.1408000000000005,0.9011625084670725,1,314
faster_rcnn,6.777333333333333,5,0.85,0.04386511047667341,6.1408000000000005,0.9011625084670725,1,314
faster_rcnn,6.781333333333333,5,0.85,0.04386511047667341,6.1408000000000005,0.9011625084670725,1,314
faster_rcnn,6.784,5,0.85,0.04386511047667341,6.1408000000000005,0.9011625084670725,1,314
faster_rcnn,6.785333333333333,5,0.85,0.04386511047667341,6.1408000000000005,0.9011625084670725,1,314
faster_rcnn,6.786666666666667,5,0.85,0.04386511047667341,6.1408000000000005,0.9011625084670725,1,314
faster_rcnn,6.788,5,0.85,0.04386511047667341,6.1408000000000005,0.9011625084670725,1,314
faster_rcnn,6.789333333333333,5,0.85,0.04386511047667341,6.1408000000000005,0.9011625084670725,1,314
faster_rcnn,6.790666666666667,5,0.85,0.04386511047667341,6.1408000000000005,0.9011625084670725,1,314
faster_rcnn,6.792,5,0.85,0.04386511047667341,6.1408000000000005,0.9011625084670725,1,314
faster_rcnn,6.794666666666667,5,0.85,0.04386511047667341,6.1408000000000005,0.9011625084670725,1,314
faster_rcnn,6.796,5,0.85,0.04386511047667341,6.1408000000000005,0.9011625084670725,1,314
faster_rcnn,6.7973333333333334,5,0.85,0.04386511047667341,6.1408000000000005,0.9011625084670725,1,314
faster_rcnn,6.798666666666667,5,0.85,0.04386511047667341,6.1408000000000005,0.9011625084670725,1,314
faster_rcnn,6.8,5,0.85,0.04386511047667341,6.1408000000000005,0.9011625084670725,1,314
faster_rcnn,6.801333333333333,5,0.85,0.04386511047667341,6.1408000000000005,0.9011625084670725,1,314
faster_rcnn,6.802666666666667,5,0.85,0.04386511047667341,6.1408000000000005,0.9011625084670725,1,314
faster_rcnn,6.804,5,0.85,0.04386511047667341,6.1408000000000005,0.9011625084670725,1,314
faster_rcnn,6.8053333333333335,5,0.85,0.04386511047667341,6.1408000000000005,0.9011625084670725,1,314
faster_rcnn,6.808,5,0.85,0.04386511047667341,6.1408000000000005,0.9011625084670725,1,314
faster_rcnn,6.809333333333333,5,0.85,0.04386511047667341,6.1408000000000005,0.9011625084670725,1,314
faster_rcnn,6.812,5,0.85,0.04386511047667341,6.1408000000000005,0.9011625084670725,1,314
faster_rcnn,6.814666666666667,5,0.85,0.04386511047667341,6.1408000000000005,0.9011625084670725,1,314
faster_rcnn,6.816,5,0.85,0.04386511047667341,6.1408000000000005,0.9011625084670725,1,314
faster_rcnn,6.817333333333333,5,0.85,0.04386511047667341,6.1408000000000005,0.9011625084670725,1,314
faster_rcnn,6.818666666666667,5,0.85,0.04386511047667341,6.1408000000000005,0.9011625084670725,1,314
faster_rcnn,6.82,5,0.85,0.04386511047667341,6.1408000000000005,0.9011625084670725,1,314
faster_rcnn,6.8213333333333335,5,0.85,0.04386511047667341,6.1408000000000005,0.9011625084670725,1,314
faster_rcnn,6.822666666666667,5,0.85,0.04386511047667341,6.1408000000000005,0.9011625084670725,1,314
faster_rcnn,6.824,5,0.85,0.04386511047667341,6.1408000000000005,0.9011625084670725,1,314
faster_rcnn,6.825333333333333,5,0.85,0.04386511047667341,6.1408000000000005,0.9011625084670725,1,314
faster_rcnn,6.826666666666667,5,0.85,0.04386511047667341,6.1408000000000005,0.9011625084670725,1,314
faster_rcnn,6.8293333333333335,5,0.85,0.04386511047667341,6.1408000000000005,0.9011625084670725,1,314
faster_rcnn,6.830666666666667,5,0.85,0.04386511047667341,6.1408000000000005,0.9011625084670725,1,314
faster_rcnn,6.832,5,0.8507462686567164,0.044228617877349614,6.215466666666667,0.9483166840952094,1,314
faster_rcnn,6.833333333333333,5,0.8507462686567164,0.044228617877349614,6.215466666666667,0.9483166840952094,1,314
faster_rcnn,6.834666666666666,5,0.8507462686567164,0.044228617877349614,6.215466666666667,0.9483166840952094,1,314
faster_rcnn,6.836,5,0.8507462686567164,0.044228617877349614,6.215466666666667,0.9483166840952094,1,314
faster_rcnn,6.8373333333333335,5,0.8507462686567164,0.044228617877349614,6.215466666666667,0.9483166840952094,1,314
faster_rcnn,6.838666666666667,5,0.8507462686567164,0.044228617877349614,6.215466666666667,0.9483166840952094,1,314
faster_rcnn,6.84,5,0.8514925373134329,0.044729453294003005,6.249066666666667,0.971235364540096,1,314
faster_rcnn,6.841333333333333,5,0.8514925373134329,0.044729453294003005,6.249066666666667,0.971235364540096,1,314
faster_rcnn,6.842666666666666,5,0.8514925373134329,0.044729453294003005,6.249066666666667,0.971235364540096,1,314
faster_rcnn,6.8453333333333335,5,0.8514925373134329,0.044729453294003005,6.249066666666667,0.971235364540096,1,314
faster_rcnn,6.848,5,0.8514925373134329,0.044729453294003005,6.249066666666667,0.971235364540096,1,314
faster_rcnn,6.849333333333333,5,0.8514925373134329,0.044729453294003005,6.249066666666667,0.971235364540096,1,314
faster_rcnn,6.852,5,0.8514925373134329,0.044729453294003005,6.249066666666667,0.971235364540096,1,314
faster_rcnn,6.854666666666667,5,0.8514925373134329,0.044729453294003005,6.249066666666667,0.971235364540096,1,314
faster_rcnn,6.858666666666666,5,0.8522388059701493,0.04513228989315989,6.2543999999999995,0.9753013893151182,1,314
faster_rcnn,6.86,5,0.8522388059701493,0.04513228989315989,6.2543999999999995,0.9753013893151182,1,314
faster_rcnn,6.862666666666667,5,0.8522388059701493,0.04513228989315989,6.2543999999999995,0.9753013893151182,1,314
faster_rcnn,6.864,5,0.8522388059701493,0.04513228989315989,6.2543999999999995,0.9753013893151182,1,314
faster_rcnn,6.865333333333333,5,0.8522388059701493,0.04513228989315989,6.2543999999999995,0.9753013893151182,1,314
faster_rcnn,6.866666666666666,5,0.8522388059701493,0.04513228989315989,6.2543999999999995,0.9753013893151182,1,314
faster_rcnn,6.868,5,0.8522388059701493,0.04513228989315989,6.2543999999999995,0.9753013893151182,1,314
faster_rcnn,6.870666666666667,5,0.8522388059701493,0.04513228989315989,6.2543999999999995,0.9753013893151182,1,314
faster_rcnn,6.872,5,0.8522388059701493,0.04513228989315989,6.2543999999999995,0.9753013893151182,1,314
faster_rcnn,6.873333333333333,5,0.8522388059701493,0.04513228989315989,6.2543999999999995,0.9753013893151182,1,314
faster_rcnn,6.876,5,0.8522388059701493,0.04513228989315989,6.2543999999999995,0.9753013893151182,1,314
faster_rcnn,6.8773333333333335,5,0.8522388059701493,0.04513228989315989,6.2543999999999995,0.9753013893151182,1,314
faster_rcnn,6.88,5,0.8522388059701493,0.04513228989315989,6.2543999999999995,0.9753013893151182,1,314
faster_rcnn,6.882666666666666,5,0.8522388059701493,0.04513228989315989,6.2543999999999995,0.9753013893151182,1,314
faster_rcnn,6.884,5,0.8522388059701493,0.04513228989315989,6.2543999999999995,0.9753013893151182,1,314
faster_rcnn,6.8853333333333335,5,0.8522388059701493,0.04513228989315989,6.2543999999999995,0.9753013893151182,1,314
faster_rcnn,6.886666666666667,5,0.8522388059701493,0.04513228989315989,6.2543999999999995,0.9753013893151182,1,314
faster_rcnn,6.888,5,0.8522388059701493,0.04513228989315989,6.2543999999999995,0.9753013893151182,1,314
faster_rcnn,6.890666666666666,5,0.8522388059701493,0.04513228989315989,6.2543999999999995,0.9753013893151182,1,314
faster_rcnn,6.8933333333333335,5,0.8522388059701493,0.04513228989315989,6.2543999999999995,0.9753013893151182,1,314
faster_rcnn,6.896,5,0.8522388059701493,0.04513228989315989,6.2543999999999995,0.9753013893151182,1,314
faster_rcnn,6.897333333333333,5,0.8522388059701493,0.04513228989315989,6.2543999999999995,0.9753013893151182,1,314
faster_rcnn,6.898666666666666,5,0.8522388059701493,0.04513228989315989,6.2543999999999995,0.9753013893151182,1,314
faster_rcnn,6.9,5,0.8522388059701493,0.04513228989315989,6.2543999999999995,0.9753013893151182,1,314
faster_rcnn,6.9013333333333335,5,0.8522388059701493,0.04513228989315989,6.2543999999999995,0.9753013893151182,1,314
faster_rcnn,6.902666666666667,5,0.8522388059701493,0.04513228989315989,6.2543999999999995,0.9753013893151182,1,314
faster_rcnn,6.904,5,0.8522388059701493,0.04513228989315989,6.2543999999999995,0.9753013893151182,1,314
faster_rcnn,6.906666666666666,5,0.8522388059701493,0.04513228989315989,6.2543999999999995,0.9753013893151182,1,314
faster_rcnn,6.908,5,0.8522388059701493,0.04513228989315989,6.2543999999999995,0.9753013893151182,1,314
faster_rcnn,6.910666666666667,5,0.8522388059701493,0.04513228989315989,6.2543999999999995,0.9753013893151182,1,314
faster_rcnn,6.912,5,0.8522388059701493,0.04513228989315989,6.2543999999999995,0.9753013893151182,1,314
faster_rcnn,6.913333333333333,5,0.8522388059701493,0.04513228989315989,6.2543999999999995,0.9753013893151182,1,314
faster_rcnn,6.916,5,0.8522388059701493,0.04513228989315989,6.2543999999999995,0.9753013893151182,1,314
faster_rcnn,6.917333333333334,5,0.8522388059701493,0.04513228989315989,6.2543999999999995,0.9753013893151182,1,314
faster_rcnn,6.92,5,0.8522388059701493,0.04513228989315989,6.2543999999999995,0.9753013893151182,1,314
faster_rcnn,6.922666666666666,5,0.8522388059701493,0.04513228989315989,6.2543999999999995,0.9753013893151182,1,314
faster_rcnn,6.924,5,0.8522388059701493,0.04513228989315989,6.2543999999999995,0.9753013893151182,1,314
faster_rcnn,6.926666666666667,5,0.8522388059701493,0.04513228989315989,6.2543999999999995,0.9753013893151182,1,314
faster_rcnn,6.928,5,0.8522388059701493,0.04513228989315989,6.2543999999999995,0.9753013893151182,1,314
faster_rcnn,6.929333333333333,5,0.8522388059701493,0.04513228989315989,6.2543999999999995,0.9753013893151182,1,314
faster_rcnn,6.930666666666666,5,0.8522388059701493,0.04513228989315989,6.2543999999999995,0.9753013893151182,1,314
faster_rcnn,6.933333333333334,5,0.8522388059701493,0.04513228989315989,6.2543999999999995,0.9753013893151182,1,314
faster_rcnn,6.934666666666667,5,0.8522388059701493,0.04513228989315989,6.2543999999999995,0.9753013893151182,1,314
faster_rcnn,6.936,5,0.8522388059701493,0.04513228989315989,6.2543999999999995,0.9753013893151182,1,314
faster_rcnn,6.94,5,0.8522388059701493,0.04513228989315989,6.2543999999999995,0.9753013893151182,1,314
faster_rcnn,6.942666666666667,5,0.8522388059701493,0.04513228989315989,6.2543999999999995,0.9753013893151182,1,314
faster_rcnn,6.944,5,0.8522388059701493,0.04513228989315989,6.2543999999999995,0.9753013893151182,1,314
faster_rcnn,6.945333333333333,5,0.8522388059701493,0.04513228989315989,6.2543999999999995,0.9753013893151182,1,314
faster_rcnn,6.946666666666666,5,0.8522388059701493,0.04513228989315989,6.2543999999999995,0.9753013893151182,1,314
faster_rcnn,6.948,5,0.8522388059701493,0.04513228989315989,6.2543999999999995,0.9753013893151182,1,314
faster_rcnn,6.950666666666667,5,0.8522388059701493,0.04513228989315989,6.2543999999999995,0.9753013893151182,1,314
faster_rcnn,6.952,5,0.8522388059701493,0.04513228989315989,6.2543999999999995,0.9753013893151182,1,314
faster_rcnn,6.953333333333333,5,0.8522388059701493,0.04513228989315989,6.2543999999999995,0.9753013893151182,1,314
faster_rcnn,6.956,5,0.8522388059701493,0.04513228989315989,6.2543999999999995,0.9753013893151182,1,314
faster_rcnn,6.957333333333334,5,0.8522388059701493,0.04513228989315989,6.2543999999999995,0.9753013893151182,1,314
faster_rcnn,6.961333333333333,5,0.8522388059701493,0.04513228989315989,6.2543999999999995,0.9753013893151182,1,314
faster_rcnn,6.962666666666666,5,0.8522388059701493,0.04513228989315989,6.2543999999999995,0.9753013893151182,1,314
faster_rcnn,6.964,5,0.8522388059701493,0.04513228989315989,6.2543999999999995,0.9753013893151182,1,314
faster_rcnn,6.969333333333333,5,0.8522388059701493,0.04513228989315989,6.2543999999999995,0.9753013893151182,1,314
faster_rcnn,6.970666666666666,5,0.8522388059701493,0.04513228989315989,6.2543999999999995,0.9753013893151182,1,314
faster_rcnn,6.973333333333334,5,0.8522388059701493,0.04513228989315989,6.2543999999999995,0.9753013893151182,1,314
faster_rcnn,6.976,5,0.8522388059701493,0.04513228989315989,6.2543999999999995,0.9753013893151182,1,314
faster_rcnn,6.977333333333333,5,0.8522388059701493,0.04513228989315989,6.2543999999999995,0.9753013893151182,1,314
faster_rcnn,6.978666666666666,5,0.8522388059701493,0.04513228989315989,6.2543999999999995,0.9753013893151182,1,314
faster_rcnn,6.98,5,0.8522388059701493,0.04513228989315989,6.2543999999999995,0.9753013893151182,1,314
faster_rcnn,6.981333333333334,5,0.8522388059701493,0.04513228989315989,6.2543999999999995,0.9753013893151182,1,314
faster_rcnn,6.982666666666667,5,0.8522388059701493,0.04513228989315989,6.2543999999999995,0.9753013893151182,1,314
faster_rcnn,6.985333333333333,5,0.8522388059701493,0.04513228989315989,6.2543999999999995,0.9753013893151182,1,314
faster_rcnn,6.986666666666666,5,0.8522388059701493,0.04513228989315989,6.2543999999999995,0.9753013893151182,1,314
faster_rcnn,6.989333333333334,5,0.8522388059701493,0.04513228989315989,6.2543999999999995,0.9753013893151182,1,314
faster_rcnn,6.990666666666667,5,0.8522388059701493,0.04513228989315989,6.2543999999999995,0.9753013893151182,1,314
faster_rcnn,6.993333333333333,5,0.8522388059701493,0.04513228989315989,6.2543999999999995,0.9753013893151182,1,314
faster_rcnn,6.996,5,0.8522388059701493,0.04513228989315989,6.2543999999999995,0.9753013893151182,1,314
faster_rcnn,6.997333333333334,5,0.8522388059701493,0.04513228989315989,6.2543999999999995,0.9753013893151182,1,314
faster_rcnn,6.998666666666667,5,0.8522388059701493,0.04513228989315989,6.2543999999999995,0.9753013893151182,1,314
faster_rcnn,7.001333333333333,5,0.8522388059701493,0.04513228989315989,6.2543999999999995,0.9753013893151182,1,314
faster_rcnn,7.002666666666666,5,0.8522388059701493,0.04513228989315989,6.2543999999999995,0.9753013893151182,1,314
faster_rcnn,7.004,5,0.8529850746268657,0.04566895904714698,6.2872,1.0023029482147598,1,314
faster_rcnn,7.005333333333334,5,0.8529850746268657,0.04566895904714698,6.2872,1.0023029482147598,1,314
faster_rcnn,7.006666666666667,5,0.8529850746268657,0.04566895904714698,6.2872,1.0023029482147598,1,314
faster_rcnn,7.008,5,0.8529850746268657,0.04566895904714698,6.2872,1.0023029482147598,1,314
faster_rcnn,7.009333333333333,5,0.8529850746268657,0.04566895904714698,6.2872,1.0023029482147598,1,314
faster_rcnn,7.010666666666666,5,0.8529850746268657,0.04566895904714698,6.2872,1.0023029482147598,1,314
faster_rcnn,7.012,5,0.8529850746268657,0.04566895904714698,6.2872,1.0023029482147598,1,314
faster_rcnn,7.013333333333334,5,0.8529850746268657,0.04566895904714698,6.2872,1.0023029482147598,1,314
faster_rcnn,7.016,5,0.8529850746268657,0.04566895904714698,6.2872,1.0023029482147598,1,314
faster_rcnn,7.017333333333333,5,0.8529850746268657,0.04566895904714698,6.2872,1.0023029482147598,1,314
faster_rcnn,7.02,5,0.8529850746268657,0.04566895904714698,6.2872,1.0023029482147598,1,314
faster_rcnn,7.021333333333334,5,0.8529850746268657,0.04566895904714698,6.2872,1.0023029482147598,1,314
faster_rcnn,7.022666666666667,5,0.8529850746268657,0.04566895904714698,6.2872,1.0023029482147598,1,314
faster_rcnn,7.024,5,0.8529850746268657,0.04566895904714698,6.2872,1.0023029482147598,1,314
faster_rcnn,7.026666666666666,5,0.8529850746268657,0.04566895904714698,6.2872,1.0023029482147598,1,314
faster_rcnn,7.029333333333334,5,0.8529850746268657,0.04566895904714698,6.2872,1.0023029482147598,1,314
faster_rcnn,7.030666666666667,5,0.8529850746268657,0.04566895904714698,6.2872,1.0023029482147598,1,314
faster_rcnn,7.032,5,0.853731343283582,0.04557740741672378,6.4392,1.0556302382936933,1,314
faster_rcnn,7.034666666666666,5,0.853731343283582,0.04557740741672378,6.4392,1.0556302382936933,1,314
faster_rcnn,7.036,5,0.853731343283582,0.04557740741672378,6.4392,1.0556302382936933,1,314
faster_rcnn,7.037333333333334,5,0.853731343283582,0.04557740741672378,6.4392,1.0556302382936933,1,314
faster_rcnn,7.041333333333333,5,0.853731343283582,0.04557740741672378,6.4392,1.0556302382936933,1,314
faster_rcnn,7.042666666666666,5,0.853731343283582,0.04557740741672378,6.4392,1.0556302382936933,1,314
faster_rcnn,7.046666666666667,5,0.853731343283582,0.04557740741672378,6.4392,1.0556302382936933,1,314
faster_rcnn,7.049333333333333,5,0.853731343283582,0.04557740741672378,6.4392,1.0556302382936933,1,314
faster_rcnn,7.050666666666666,5,0.8544776119402986,0.046304752410413624,6.501599999999999,1.0865269439825225,1,314
faster_rcnn,7.053333333333334,5,0.8544776119402986,0.046304752410413624,6.501599999999999,1.0865269439825225,1,314
faster_rcnn,7.054666666666667,5,0.8544776119402986,0.046304752410413624,6.501599999999999,1.0865269439825225,1,314
faster_rcnn,7.056,5,0.8544776119402986,0.046304752410413624,6.501599999999999,1.0865269439825225,1,314
faster_rcnn,7.057333333333333,5,0.8544776119402986,0.046304752410413624,6.501599999999999,1.0865269439825225,1,314
faster_rcnn,7.058666666666666,5,0.8544776119402986,0.046304752410413624,6.501599999999999,1.0865269439825225,1,314
faster_rcnn,7.061333333333334,5,0.8544776119402986,0.046304752410413624,6.501599999999999,1.0865269439825225,1,314
faster_rcnn,7.062666666666667,5,0.8544776119402986,0.046304752410413624,6.501599999999999,1.0865269439825225,1,314
faster_rcnn,7.064,5,0.8544776119402986,0.046304752410413624,6.501599999999999,1.0865269439825225,1,314
faster_rcnn,7.068,5,0.8544776119402986,0.046304752410413624,6.501599999999999,1.0865269439825225,1,314
faster_rcnn,7.070666666666667,5,0.8544776119402986,0.046304752410413624,6.501599999999999,1.0865269439825225,1,314
faster_rcnn,7.072,5,0.8544776119402986,0.046304752410413624,6.501599999999999,1.0865269439825225,1,314
faster_rcnn,7.073333333333333,5,0.8544776119402986,0.046304752410413624,6.501599999999999,1.0865269439825225,1,314
faster_rcnn,7.074666666666666,5,0.8544776119402986,0.046304752410413624,6.501599999999999,1.0865269439825225,1,314
faster_rcnn,7.077333333333334,5,0.8544776119402986,0.046304752410413624,6.501599999999999,1.0865269439825225,1,314
faster_rcnn,7.078666666666667,5,0.8544776119402986,0.046304752410413624,6.501599999999999,1.0865269439825225,1,314
faster_rcnn,7.08,5,0.8544776119402986,0.046304752410413624,6.501599999999999,1.0865269439825225,1,314
faster_rcnn,7.081333333333333,5,0.8544776119402986,0.046304752410413624,6.501599999999999,1.0865269439825225,1,314
faster_rcnn,7.085333333333334,5,0.8544776119402986,0.046304752410413624,6.501599999999999,1.0865269439825225,1,314
faster_rcnn,7.088,5,0.8544776119402986,0.046304752410413624,6.501599999999999,1.0865269439825225,1,314
faster_rcnn,7.089333333333333,5,0.8544776119402986,0.046304752410413624,6.501599999999999,1.0865269439825225,1,314
faster_rcnn,7.092,5,0.8544776119402986,0.046304752410413624,6.501599999999999,1.0865269439825225,1,314
faster_rcnn,7.093333333333334,5,0.8544776119402986,0.046304752410413624,6.501599999999999,1.0865269439825225,1,314
faster_rcnn,7.096,5,0.8544776119402986,0.046304752410413624,6.501599999999999,1.0865269439825225,1,314
faster_rcnn,7.097333333333333,5,0.8544776119402986,0.046304752410413624,6.501599999999999,1.0865269439825225,1,314
faster_rcnn,7.0986666666666665,5,0.8544776119402986,0.046304752410413624,6.501599999999999,1.0865269439825225,1,314
faster_rcnn,7.1,5,0.8544776119402986,0.046304752410413624,6.501599999999999,1.0865269439825225,1,314
faster_rcnn,7.101333333333334,5,0.8544776119402986,0.046304752410413624,6.501599999999999,1.0865269439825225,1,314
faster_rcnn,7.102666666666667,5,0.8544776119402986,0.046304752410413624,6.501599999999999,1.0865269439825225,1,314
faster_rcnn,7.104,5,0.8544776119402986,0.046304752410413624,6.501599999999999,1.0865269439825225,1,314
faster_rcnn,7.105333333333333,5,0.8544776119402986,0.046304752410413624,6.501599999999999,1.0865269439825225,1,314
faster_rcnn,7.108,5,0.8544776119402986,0.046304752410413624,6.501599999999999,1.0865269439825225,1,314
faster_rcnn,7.112,5,0.8544776119402986,0.046304752410413624,6.501599999999999,1.0865269439825225,1,314
faster_rcnn,7.1146666666666665,5,0.8552238805970148,0.046708906935182364,6.5527999999999995,1.113262113490499,1,314
faster_rcnn,7.118666666666667,5,0.8552238805970148,0.046708906935182364,6.5527999999999995,1.113262113490499,1,314
faster_rcnn,7.12,5,0.8552238805970148,0.046708906935182364,6.5527999999999995,1.113262113490499,1,314
faster_rcnn,7.121333333333333,5,0.8552238805970148,0.046708906935182364,6.5527999999999995,1.113262113490499,1,314
faster_rcnn,7.124,5,0.8552238805970148,0.046708906935182364,6.5527999999999995,1.113262113490499,1,314
faster_rcnn,7.128,5,0.8552238805970148,0.046708906935182364,6.5527999999999995,1.113262113490499,1,314
faster_rcnn,7.129333333333333,5,0.8552238805970148,0.046708906935182364,6.5527999999999995,1.113262113490499,1,314
faster_rcnn,7.1306666666666665,5,0.8552238805970148,0.046708906935182364,6.5527999999999995,1.113262113490499,1,314
faster_rcnn,7.132,5,0.8552238805970148,0.046708906935182364,6.5527999999999995,1.113262113490499,1,314
faster_rcnn,7.137333333333333,5,0.8552238805970148,0.046708906935182364,6.5527999999999995,1.113262113490499,1,314
faster_rcnn,7.144,5,0.8552238805970148,0.046708906935182364,6.5527999999999995,1.113262113490499,1,314
faster_rcnn,7.145333333333333,5,0.8552238805970148,0.046708906935182364,6.5527999999999995,1.113262113490499,1,314
faster_rcnn,7.1466666666666665,5,0.8552238805970148,0.046708906935182364,6.5527999999999995,1.113262113490499,1,314
faster_rcnn,7.148,5,0.8552238805970148,0.046708906935182364,6.5527999999999995,1.113262113490499,1,314
faster_rcnn,7.149333333333334,5,0.8552238805970148,0.046708906935182364,6.5527999999999995,1.113262113490499,1,314
faster_rcnn,7.150666666666667,5,0.8552238805970148,0.046708906935182364,6.5527999999999995,1.113262113490499,1,314
faster_rcnn,7.153333333333333,5,0.8552238805970148,0.046708906935182364,6.5527999999999995,1.113262113490499,1,314
faster_rcnn,7.1546666666666665,5,0.8552238805970148,0.046708906935182364,6.5527999999999995,1.113262113490499,1,314
faster_rcnn,7.16,5,0.8552238805970148,0.046708906935182364,6.5527999999999995,1.113262113490499,1,314
faster_rcnn,7.161333333333333,5,0.8552238805970148,0.046708906935182364,6.5527999999999995,1.113262113490499,1,314
faster_rcnn,7.164,5,0.8552238805970148,0.046708906935182364,6.5527999999999995,1.113262113490499,1,314
faster_rcnn,7.165333333333334,5,0.8552238805970148,0.046708906935182364,6.5527999999999995,1.113262113490499,1,314
faster_rcnn,7.169333333333333,5,0.8559701492537315,0.04664925313442385,6.580266666666667,1.1296148409475189,1,314
faster_rcnn,7.1706666666666665,5,0.8559701492537315,0.04664925313442385,6.580266666666667,1.1296148409475189,1,314
faster_rcnn,7.172,5,0.8559701492537315,0.04664925313442385,6.580266666666667,1.1296148409475189,1,314
faster_rcnn,7.173333333333333,5,0.8559701492537315,0.04664925313442385,6.580266666666667,1.1296148409475189,1,314
faster_rcnn,7.174666666666667,5,0.8559701492537315,0.04664925313442385,6.580266666666667,1.1296148409475189,1,314
faster_rcnn,7.176,5,0.8559701492537315,0.04664925313442385,6.580266666666667,1.1296148409475189,1,314
faster_rcnn,7.1786666666666665,5,0.8559701492537315,0.04664925313442385,6.580266666666667,1.1296148409475189,1,314
faster_rcnn,7.181333333333333,5,0.8559701492537315,0.04664925313442385,6.580266666666667,1.1296148409475189,1,314
faster_rcnn,7.184,5,0.8559701492537315,0.04664925313442385,6.580266666666667,1.1296148409475189,1,314
faster_rcnn,7.185333333333333,5,0.8559701492537315,0.04664925313442385,6.580266666666667,1.1296148409475189,1,314
faster_rcnn,7.188,5,0.8559701492537315,0.04664925313442385,6.580266666666667,1.1296148409475189,1,314
faster_rcnn,7.189333333333333,5,0.8559701492537315,0.04664925313442385,6.580266666666667,1.1296148409475189,1,314
faster_rcnn,7.190666666666667,5,0.8559701492537315,0.04664925313442385,6.580266666666667,1.1296148409475189,1,314
faster_rcnn,7.192,5,0.8567164179104477,0.04664925313442385,6.5847999999999995,1.1326113778932883,1,314
faster_rcnn,7.193333333333333,5,0.8567164179104477,0.04664925313442385,6.5847999999999995,1.1326113778932883,1,314
faster_rcnn,7.197333333333333,5,0.8567164179104477,0.04664925313442385,6.5847999999999995,1.1326113778932883,1,314
faster_rcnn,7.198666666666667,5,0.8567164179104477,0.04664925313442385,6.5847999999999995,1.1326113778932883,1,314
faster_rcnn,7.201333333333333,5,0.8567164179104477,0.04664925313442385,6.5847999999999995,1.1326113778932883,1,314
faster_rcnn,7.2026666666666666,5,0.8567164179104477,0.04664925313442385,6.5847999999999995,1.1326113778932883,1,314
faster_rcnn,7.205333333333333,5,0.8567164179104477,0.04664925313442385,6.5847999999999995,1.1326113778932883,1,314
faster_rcnn,7.206666666666667,5,0.8567164179104477,0.04664925313442385,6.5847999999999995,1.1326113778932883,1,314
faster_rcnn,7.208,5,0.8567164179104477,0.04664925313442385,6.5847999999999995,1.1326113778932883,1,314
faster_rcnn,7.209333333333333,5,0.8567164179104477,0.04664925313442385,6.5847999999999995,1.1326113778932883,1,314
faster_rcnn,7.210666666666667,5,0.8567164179104477,0.04664925313442385,6.5847999999999995,1.1326113778932883,1,314
faster_rcnn,7.212,5,0.8567164179104477,0.04664925313442385,6.5847999999999995,1.1326113778932883,1,314
faster_rcnn,7.213333333333333,5,0.8567164179104477,0.04664925313442385,6.5847999999999995,1.1326113778932883,1,314
faster_rcnn,7.217333333333333,5,0.8567164179104477,0.04664925313442385,6.5847999999999995,1.1326113778932883,1,314
faster_rcnn,7.22,5,0.8567164179104477,0.04664925313442385,6.5847999999999995,1.1326113778932883,1,314
faster_rcnn,7.221333333333333,5,0.8574626865671643,0.04737483656150411,6.618933333333333,1.1525571183724956,1,314
faster_rcnn,7.222666666666667,5,0.8574626865671643,0.04737483656150411,6.618933333333333,1.1525571183724956,1,314
faster_rcnn,7.225333333333333,5,0.8574626865671643,0.04737483656150411,6.618933333333333,1.1525571183724956,1,314
faster_rcnn,7.226666666666667,5,0.8574626865671643,0.04737483656150411,6.618933333333333,1.1525571183724956,1,314
faster_rcnn,7.228,5,0.8574626865671643,0.04737483656150411,6.618933333333333,1.1525571183724956,1,314
faster_rcnn,7.229333333333333,5,0.8574626865671643,0.04737483656150411,6.618933333333333,1.1525571183724956,1,314
faster_rcnn,7.230666666666667,5,0.8574626865671643,0.04737483656150411,6.618933333333333,1.1525571183724956,1,314
faster_rcnn,7.234666666666667,5,0.8574626865671643,0.04737483656150411,6.618933333333333,1.1525571183724956,1,314
faster_rcnn,7.236,5,0.8574626865671643,0.04737483656150411,6.618933333333333,1.1525571183724956,1,314
faster_rcnn,7.237333333333333,5,0.8574626865671643,0.04737483656150411,6.618933333333333,1.1525571183724956,1,314
faster_rcnn,7.24,5,0.8574626865671643,0.04737483656150411,6.618933333333333,1.1525571183724956,1,314
faster_rcnn,7.242666666666667,5,0.8574626865671643,0.04737483656150411,6.618933333333333,1.1525571183724956,1,314
faster_rcnn,7.244,5,0.8574626865671643,0.04737483656150411,6.618933333333333,1.1525571183724956,1,314
faster_rcnn,7.245333333333333,5,0.8574626865671643,0.04737483656150411,6.618933333333333,1.1525571183724956,1,314
faster_rcnn,7.246666666666667,5,0.8574626865671643,0.04737483656150411,6.618933333333333,1.1525571183724956,1,314
faster_rcnn,7.248,5,0.8574626865671643,0.04737483656150411,6.618933333333333,1.1525571183724956,1,314
faster_rcnn,7.252,5,0.8574626865671643,0.04737483656150411,6.618933333333333,1.1525571183724956,1,314
faster_rcnn,7.253333333333333,5,0.8574626865671643,0.04737483656150411,6.618933333333333,1.1525571183724956,1,314
faster_rcnn,7.254666666666667,5,0.8574626865671643,0.04737483656150411,6.618933333333333,1.1525571183724956,1,314
faster_rcnn,7.257333333333333,5,0.8574626865671643,0.04737483656150411,6.618933333333333,1.1525571183724956,1,314
faster_rcnn,7.26,5,0.8574626865671643,0.04737483656150411,6.618933333333333,1.1525571183724956,1,314
faster_rcnn,7.261333333333333,5,0.8574626865671643,0.04737483656150411,6.618933333333333,1.1525571183724956,1,314
faster_rcnn,7.264,5,0.8574626865671643,0.04737483656150411,6.618933333333333,1.1525571183724956,1,314
faster_rcnn,7.265333333333333,5,0.8574626865671643,0.04737483656150411,6.618933333333333,1.1525571183724956,1,314
faster_rcnn,7.266666666666667,5,0.8574626865671643,0.04737483656150411,6.618933333333333,1.1525571183724956,1,314
faster_rcnn,7.268,5,0.8574626865671643,0.04737483656150411,6.618933333333333,1.1525571183724956,1,314
faster_rcnn,7.269333333333333,5,0.8574626865671643,0.04737483656150411,6.618933333333333,1.1525571183724956,1,314
faster_rcnn,7.272,5,0.8574626865671643,0.04737483656150411,6.618933333333333,1.1525571183724956,1,314
faster_rcnn,7.273333333333333,5,0.8574626865671643,0.04737483656150411,6.618933333333333,1.1525571183724956,1,314
faster_rcnn,7.276,5,0.8574626865671643,0.04737483656150411,6.618933333333333,1.1525571183724956,1,314
faster_rcnn,7.278666666666667,5,0.8574626865671643,0.04737483656150411,6.618933333333333,1.1525571183724956,1,314
faster_rcnn,7.282666666666667,5,0.8574626865671643,0.04737483656150411,6.618933333333333,1.1525571183724956,1,314
faster_rcnn,7.284,5,0.8574626865671643,0.04737483656150411,6.618933333333333,1.1525571183724956,1,314
faster_rcnn,7.285333333333333,5,0.8574626865671643,0.04737483656150411,6.618933333333333,1.1525571183724956,1,314
faster_rcnn,7.288,5,0.8574626865671643,0.04737483656150411,6.618933333333333,1.1525571183724956,1,314
faster_rcnn,7.289333333333333,5,0.8574626865671643,0.04737483656150411,6.618933333333333,1.1525571183724956,1,314
faster_rcnn,7.290666666666667,5,0.8574626865671643,0.04737483656150411,6.618933333333333,1.1525571183724956,1,314
faster_rcnn,7.293333333333333,5,0.8574626865671643,0.04737483656150411,6.618933333333333,1.1525571183724956,1,314
faster_rcnn,7.298666666666667,5,0.8574626865671643,0.04737483656150411,6.618933333333333,1.1525571183724956,1,314
faster_rcnn,7.302666666666667,5,0.8574626865671643,0.04737483656150411,6.618933333333333,1.1525571183724956,1,314
faster_rcnn,7.3053333333333335,5,0.8574626865671643,0.04737483656150411,6.618933333333333,1.1525571183724956,1,314
faster_rcnn,7.306666666666667,5,0.8574626865671643,0.04737483656150411,6.618933333333333,1.1525571183724956,1,314
faster_rcnn,7.309333333333333,5,0.8574626865671643,0.04737483656150411,6.618933333333333,1.1525571183724956,1,314
faster_rcnn,7.3133333333333335,5,0.8574626865671643,0.04737483656150411,6.618933333333333,1.1525571183724956,1,314
faster_rcnn,7.314666666666667,5,0.8574626865671643,0.04737483656150411,6.618933333333333,1.1525571183724956,1,314
faster_rcnn,7.316,5,0.8574626865671643,0.04737483656150411,6.618933333333333,1.1525571183724956,1,314
faster_rcnn,7.317333333333333,5,0.8574626865671643,0.04737483656150411,6.618933333333333,1.1525571183724956,1,314
faster_rcnn,7.318666666666667,5,0.8574626865671643,0.04737483656150411,6.618933333333333,1.1525571183724956,1,314
faster_rcnn,7.3213333333333335,5,0.8574626865671643,0.04737483656150411,6.618933333333333,1.1525571183724956,1,314
faster_rcnn,7.322666666666667,5,0.8574626865671643,0.04737483656150411,6.618933333333333,1.1525571183724956,1,314
faster_rcnn,7.325333333333333,5,0.8574626865671643,0.04737483656150411,6.618933333333333,1.1525571183724956,1,314
faster_rcnn,7.326666666666667,5,0.8574626865671643,0.04737483656150411,6.618933333333333,1.1525571183724956,1,314
faster_rcnn,7.3293333333333335,5,0.8574626865671643,0.04737483656150411,6.618933333333333,1.1525571183724956,1,314
faster_rcnn,7.333333333333333,5,0.8574626865671643,0.04737483656150411,6.618933333333333,1.1525571183724956,1,314
faster_rcnn,7.334666666666666,5,0.8574626865671643,0.04737483656150411,6.618933333333333,1.1525571183724956,1,314
faster_rcnn,7.336,5,0.8574626865671643,0.04737483656150411,6.618933333333333,1.1525571183724956,1,314
faster_rcnn,7.3373333333333335,5,0.8574626865671643,0.04737483656150411,6.618933333333333,1.1525571183724956,1,314
faster_rcnn,7.338666666666667,5,0.8574626865671643,0.04737483656150411,6.618933333333333,1.1525571183724956,1,314
faster_rcnn,7.341333333333333,5,0.8574626865671643,0.04737483656150411,6.618933333333333,1.1525571183724956,1,314
faster_rcnn,7.342666666666666,5,0.8574626865671643,0.04737483656150411,6.618933333333333,1.1525571183724956,1,314
faster_rcnn,7.344,5,0.8574626865671643,0.04737483656150411,6.618933333333333,1.1525571183724956,1,314
faster_rcnn,7.348,5,0.8574626865671643,0.04737483656150411,6.618933333333333,1.1525571183724956,1,314
faster_rcnn,7.350666666666666,5,0.8574626865671643,0.04737483656150411,6.618933333333333,1.1525571183724956,1,314
faster_rcnn,7.352,5,0.8574626865671643,0.04737483656150411,6.618933333333333,1.1525571183724956,1,314
faster_rcnn,7.3533333333333335,5,0.8574626865671643,0.04737483656150411,6.618933333333333,1.1525571183724956,1,314
faster_rcnn,7.354666666666667,5,0.8574626865671643,0.04737483656150411,6.618933333333333,1.1525571183724956,1,314
faster_rcnn,7.357333333333333,5,0.8574626865671643,0.04737483656150411,6.618933333333333,1.1525571183724956,1,314
faster_rcnn,7.36,5,0.8574626865671643,0.04737483656150411,6.618933333333333,1.1525571183724956,1,314
faster_rcnn,7.3613333333333335,5,0.8574626865671643,0.04737483656150411,6.618933333333333,1.1525571183724956,1,314
faster_rcnn,7.362666666666667,5,0.8574626865671643,0.04737483656150411,6.618933333333333,1.1525571183724956,1,314
faster_rcnn,7.365333333333333,5,0.8574626865671643,0.04737483656150411,6.618933333333333,1.1525571183724956,1,314
faster_rcnn,7.368,5,0.8574626865671643,0.04737483656150411,6.618933333333333,1.1525571183724956,1,314
faster_rcnn,7.372,5,0.8574626865671643,0.04737483656150411,6.618933333333333,1.1525571183724956,1,314
faster_rcnn,7.373333333333333,5,0.8574626865671643,0.04737483656150411,6.618933333333333,1.1525571183724956,1,314
faster_rcnn,7.374666666666666,5,0.8574626865671643,0.04737483656150411,6.618933333333333,1.1525571183724956,1,314
faster_rcnn,7.376,5,0.8574626865671643,0.04737483656150411,6.618933333333333,1.1525571183724956,1,314
faster_rcnn,7.3773333333333335,5,0.8574626865671643,0.04737483656150411,6.618933333333333,1.1525571183724956,1,314
faster_rcnn,7.38,5,0.8574626865671643,0.04737483656150411,6.618933333333333,1.1525571183724956,1,314
faster_rcnn,7.382666666666666,5,0.8574626865671643,0.04737483656150411,6.618933333333333,1.1525571183724956,1,314
faster_rcnn,7.384,5,0.8574626865671643,0.04737483656150411,6.618933333333333,1.1525571183724956,1,314
faster_rcnn,7.388,5,0.8574626865671643,0.04737483656150411,6.618933333333333,1.1525571183724956,1,314
faster_rcnn,7.389333333333333,5,0.8574626865671643,0.04737483656150411,6.618933333333333,1.1525571183724956,1,314
faster_rcnn,7.390666666666666,5,0.8574626865671643,0.04737483656150411,6.618933333333333,1.1525571183724956,1,314
faster_rcnn,7.392,5,0.8574626865671643,0.04737483656150411,6.618933333333333,1.1525571183724956,1,314
faster_rcnn,7.3933333333333335,5,0.8574626865671643,0.04737483656150411,6.618933333333333,1.1525571183724956,1,314
faster_rcnn,7.396,5,0.8574626865671643,0.04737483656150411,6.618933333333333,1.1525571183724956,1,314
faster_rcnn,7.397333333333333,5,0.8574626865671643,0.04737483656150411,6.618933333333333,1.1525571183724956,1,314
faster_rcnn,7.398666666666666,5,0.8574626865671643,0.04737483656150411,6.618933333333333,1.1525571183724956,1,314
faster_rcnn,7.4013333333333335,5,0.8574626865671643,0.04737483656150411,6.618933333333333,1.1525571183724956,1,314
faster_rcnn,7.404,5,0.8574626865671643,0.04737483656150411,6.618933333333333,1.1525571183724956,1,314
faster_rcnn,7.405333333333333,5,0.8574626865671643,0.04737483656150411,6.618933333333333,1.1525571183724956,1,314
faster_rcnn,7.408,5,0.8574626865671643,0.04737483656150411,6.618933333333333,1.1525571183724956,1,314
faster_rcnn,7.4093333333333335,5,0.8574626865671643,0.04737483656150411,6.618933333333333,1.1525571183724956,1,314
faster_rcnn,7.410666666666667,5,0.8574626865671643,0.04737483656150411,6.618933333333333,1.1525571183724956,1,314
faster_rcnn,7.416,5,0.8574626865671643,0.04737483656150411,6.618933333333333,1.1525571183724956,1,314
faster_rcnn,7.417333333333334,5,0.8574626865671643,0.04737483656150411,6.618933333333333,1.1525571183724956,1,314
faster_rcnn,7.418666666666667,5,0.8574626865671643,0.04737483656150411,6.618933333333333,1.1525571183724956,1,314
faster_rcnn,7.42,5,0.8574626865671643,0.04737483656150411,6.618933333333333,1.1525571183724956,1,314
faster_rcnn,7.422666666666666,5,0.8574626865671643,0.04737483656150411,6.618933333333333,1.1525571183724956,1,314
faster_rcnn,7.425333333333334,5,0.8574626865671643,0.04737483656150411,6.618933333333333,1.1525571183724956,1,314
faster_rcnn,7.428,5,0.8582089552238805,0.047784509234573495,6.6816,1.1940219242357133,1,314
faster_rcnn,7.432,5,0.8582089552238805,0.047784509234573495,6.6816,1.1940219242357133,1,314
faster_rcnn,7.433333333333334,5,0.8582089552238805,0.047784509234573495,6.6816,1.1940219242357133,1,314
faster_rcnn,7.434666666666667,5,0.8582089552238805,0.047784509234573495,6.6816,1.1940219242357133,1,314
faster_rcnn,7.437333333333333,5,0.8582089552238805,0.047784509234573495,6.6816,1.1940219242357133,1,314
faster_rcnn,7.44,5,0.8582089552238805,0.047784509234573495,6.6816,1.1940219242357133,1,314
faster_rcnn,7.441333333333334,5,0.8582089552238805,0.047784509234573495,6.6816,1.1940219242357133,1,314
faster_rcnn,7.442666666666667,5,0.8582089552238805,0.047784509234573495,6.6816,1.1940219242357133,1,314
faster_rcnn,7.445333333333333,5,0.8582089552238805,0.047784509234573495,6.6816,1.1940219242357133,1,314
faster_rcnn,7.446666666666666,5,0.8582089552238805,0.047784509234573495,6.6816,1.1940219242357133,1,314
faster_rcnn,7.448,5,0.8582089552238805,0.047784509234573495,6.6816,1.1940219242357133,1,314
faster_rcnn,7.454666666666666,5,0.8582089552238805,0.047784509234573495,6.6816,1.1940219242357133,1,314
faster_rcnn,7.456,5,0.8582089552238805,0.047784509234573495,6.6816,1.1940219242357133,1,314
faster_rcnn,7.458666666666667,5,0.8582089552238805,0.047784509234573495,6.6816,1.1940219242357133,1,314
faster_rcnn,7.461333333333333,5,0.8582089552238805,0.047784509234573495,6.6816,1.1940219242357133,1,314
faster_rcnn,7.464,5,0.8582089552238805,0.047784509234573495,6.6816,1.1940219242357133,1,314
faster_rcnn,7.466666666666667,5,0.8582089552238805,0.047784509234573495,6.6816,1.1940219242357133,1,314
faster_rcnn,7.468,5,0.8582089552238805,0.047784509234573495,6.6816,1.1940219242357133,1,314
faster_rcnn,7.474666666666667,5,0.8582089552238805,0.047784509234573495,6.6816,1.1940219242357133,1,314
faster_rcnn,7.476,5,0.8582089552238805,0.047784509234573495,6.6816,1.1940219242357133,1,314
faster_rcnn,7.482666666666667,5,0.8582089552238805,0.047784509234573495,6.6816,1.1940219242357133,1,314
faster_rcnn,7.485333333333333,5,0.8582089552238805,0.047784509234573495,6.6816,1.1940219242357133,1,314
faster_rcnn,7.486666666666666,5,0.8582089552238805,0.047784509234573495,6.6816,1.1940219242357133,1,314
faster_rcnn,7.488,5,0.8582089552238805,0.047784509234573495,6.6816,1.1940219242357133,1,314
faster_rcnn,7.490666666666667,5,0.8582089552238805,0.047784509234573495,6.6816,1.1940219242357133,1,314
faster_rcnn,7.492,5,0.8582089552238805,0.047784509234573495,6.6816,1.1940219242357133,1,314
faster_rcnn,7.494666666666666,5,0.8582089552238805,0.047784509234573495,6.6816,1.1940219242357133,1,314
faster_rcnn,7.497333333333334,5,0.8582089552238805,0.047784509234573495,6.6816,1.1940219242357133,1,314
faster_rcnn,7.498666666666667,5,0.8582089552238805,0.047784509234573495,6.6816,1.1940219242357133,1,314
faster_rcnn,7.5,5,0.8582089552238805,0.047784509234573495,6.6816,1.1940219242357133,1,314
faster_rcnn,7.501333333333333,5,0.8582089552238805,0.047784509234573495,6.6816,1.1940219242357133,1,314
faster_rcnn,7.505333333333334,5,0.8582089552238805,0.047784509234573495,6.6816,1.1940219242357133,1,314
faster_rcnn,7.506666666666667,5,0.8582089552238805,0.047784509234573495,6.6816,1.1940219242357133,1,314
faster_rcnn,7.508,5,0.8589552238805972,0.048248447388789896,6.6975999999999996,1.2069897909906095,1,314
faster_rcnn,7.510666666666666,5,0.8589552238805972,0.048248447388789896,6.6975999999999996,1.2069897909906095,1,314
faster_rcnn,7.514666666666667,5,0.8589552238805972,0.048248447388789896,6.6975999999999996,1.2069897909906095,1,314
faster_rcnn,7.516,5,0.8589552238805972,0.048248447388789896,6.6975999999999996,1.2069897909906095,1,314
faster_rcnn,7.517333333333333,5,0.8589552238805972,0.048248447388789896,6.6975999999999996,1.2069897909906095,1,314
faster_rcnn,7.518666666666666,5,0.8589552238805972,0.048248447388789896,6.6975999999999996,1.2069897909906095,1,314
faster_rcnn,7.52,5,0.8589552238805972,0.048248447388789896,6.6975999999999996,1.2069897909906095,1,314
faster_rcnn,7.522666666666667,5,0.8589552238805972,0.048248447388789896,6.6975999999999996,1.2069897909906095,1,314
faster_rcnn,7.525333333333333,5,0.8589552238805972,0.048248447388789896,6.6975999999999996,1.2069897909906095,1,314
faster_rcnn,7.526666666666666,5,0.8589552238805972,0.048248447388789896,6.6975999999999996,1.2069897909906095,1,314
faster_rcnn,7.528,5,0.8589552238805972,0.048248447388789896,6.6975999999999996,1.2069897909906095,1,314
faster_rcnn,7.532,5,0.8589552238805972,0.048248447388789896,6.6975999999999996,1.2069897909906095,1,314
faster_rcnn,7.533333333333333,5,0.8589552238805972,0.048248447388789896,6.6975999999999996,1.2069897909906095,1,314
faster_rcnn,7.536,5,0.8589552238805972,0.048248447388789896,6.6975999999999996,1.2069897909906095,1,314
faster_rcnn,7.54,5,0.8589552238805972,0.048248447388789896,6.6975999999999996,1.2069897909906095,1,314
faster_rcnn,7.541333333333333,5,0.8589552238805972,0.048248447388789896,6.6975999999999996,1.2069897909906095,1,314
faster_rcnn,7.542666666666666,5,0.8589552238805972,0.048248447388789896,6.6975999999999996,1.2069897909906095,1,314
faster_rcnn,7.545333333333334,5,0.8589552238805972,0.048248447388789896,6.6975999999999996,1.2069897909906095,1,314
faster_rcnn,7.548,5,0.8589552238805972,0.048248447388789896,6.6975999999999996,1.2069897909906095,1,314
faster_rcnn,7.549333333333333,5,0.8589552238805972,0.048248447388789896,6.6975999999999996,1.2069897909906095,1,314
faster_rcnn,7.550666666666666,5,0.8589552238805972,0.048248447388789896,6.6975999999999996,1.2069897909906095,1,314
faster_rcnn,7.553333333333334,5,0.8589552238805972,0.048248447388789896,6.6975999999999996,1.2069897909906095,1,314
faster_rcnn,7.554666666666667,5,0.8589552238805972,0.048248447388789896,6.6975999999999996,1.2069897909906095,1,314
faster_rcnn,7.556,5,0.8589552238805972,0.048248447388789896,6.6975999999999996,1.2069897909906095,1,314
faster_rcnn,7.56,5,0.8589552238805972,0.048248447388789896,6.6975999999999996,1.2069897909906095,1,314
faster_rcnn,7.561333333333334,5,0.8589552238805972,0.048248447388789896,6.6975999999999996,1.2069897909906095,1,314
faster_rcnn,7.565333333333333,5,0.8589552238805972,0.048248447388789896,6.6975999999999996,1.2069897909906095,1,314
faster_rcnn,7.568,5,0.8589552238805972,0.048248447388789896,6.6975999999999996,1.2069897909906095,1,314
faster_rcnn,7.569333333333334,5,0.8589552238805972,0.048248447388789896,6.6975999999999996,1.2069897909906095,1,314
faster_rcnn,7.572,5,0.8589552238805972,0.048248447388789896,6.6975999999999996,1.2069897909906095,1,314
faster_rcnn,7.576,5,0.8589552238805972,0.048248447388789896,6.6975999999999996,1.2069897909906095,1,314
faster_rcnn,7.577333333333334,5,0.8589552238805972,0.048248447388789896,6.6975999999999996,1.2069897909906095,1,314
faster_rcnn,7.58,5,0.8589552238805972,0.048248447388789896,6.6975999999999996,1.2069897909906095,1,314
faster_rcnn,7.581333333333333,5,0.8589552238805972,0.048248447388789896,6.6975999999999996,1.2069897909906095,1,314
faster_rcnn,7.582666666666666,5,0.8589552238805972,0.048248447388789896,6.6975999999999996,1.2069897909906095,1,314
faster_rcnn,7.584,5,0.8589552238805972,0.048248447388789896,6.6975999999999996,1.2069897909906095,1,314
faster_rcnn,7.585333333333334,5,0.8589552238805972,0.048248447388789896,6.6975999999999996,1.2069897909906095,1,314
faster_rcnn,7.589333333333333,5,0.8589552238805972,0.048248447388789896,6.6975999999999996,1.2069897909906095,1,314
faster_rcnn,7.5906666666666665,5,0.8589552238805972,0.048248447388789896,6.6975999999999996,1.2069897909906095,1,314
faster_rcnn,7.592,5,0.8589552238805972,0.048248447388789896,6.6975999999999996,1.2069897909906095,1,314
faster_rcnn,7.593333333333334,5,0.8589552238805972,0.048248447388789896,6.6975999999999996,1.2069897909906095,1,314
faster_rcnn,7.596,5,0.8589552238805972,0.048248447388789896,6.6975999999999996,1.2069897909906095,1,314
faster_rcnn,7.5986666666666665,5,0.8589552238805972,0.048248447388789896,6.6975999999999996,1.2069897909906095,1,314
faster_rcnn,7.6,5,0.8589552238805972,0.048248447388789896,6.6975999999999996,1.2069897909906095,1,314
faster_rcnn,7.601333333333334,5,0.8589552238805972,0.048248447388789896,6.6975999999999996,1.2069897909906095,1,314
faster_rcnn,7.604,5,0.8589552238805972,0.048248447388789896,6.6975999999999996,1.2069897909906095,1,314
faster_rcnn,7.6066666666666665,5,0.8589552238805972,0.048248447388789896,6.6975999999999996,1.2069897909906095,1,314
faster_rcnn,7.608,5,0.8589552238805972,0.048248447388789896,6.6975999999999996,1.2069897909906095,1,314
faster_rcnn,7.609333333333334,5,0.8589552238805972,0.048248447388789896,6.6975999999999996,1.2069897909906095,1,314
faster_rcnn,7.610666666666667,5,0.8589552238805972,0.048248447388789896,6.6975999999999996,1.2069897909906095,1,314
faster_rcnn,7.6146666666666665,5,0.8589552238805972,0.048248447388789896,6.6975999999999996,1.2069897909906095,1,314
faster_rcnn,7.617333333333334,5,0.8589552238805972,0.048248447388789896,6.6975999999999996,1.2069897909906095,1,314
faster_rcnn,7.62,5,0.8589552238805972,0.048248447388789896,6.6975999999999996,1.2069897909906095,1,314
faster_rcnn,7.621333333333333,5,0.8589552238805972,0.048248447388789896,6.6975999999999996,1.2069897909906095,1,314
faster_rcnn,7.6226666666666665,5,0.8589552238805972,0.048248447388789896,6.6975999999999996,1.2069897909906095,1,314
faster_rcnn,7.624,5,0.8589552238805972,0.048248447388789896,6.6975999999999996,1.2069897909906095,1,314
faster_rcnn,7.629333333333333,5,0.8589552238805972,0.048248447388789896,6.6975999999999996,1.2069897909906095,1,314
faster_rcnn,7.6306666666666665,5,0.8589552238805972,0.048248447388789896,6.6975999999999996,1.2069897909906095,1,314
faster_rcnn,7.634666666666667,5,0.8589552238805972,0.048248447388789896,6.6975999999999996,1.2069897909906095,1,314
faster_rcnn,7.636,5,0.8589552238805972,0.048248447388789896,6.6975999999999996,1.2069897909906095,1,314
faster_rcnn,7.637333333333333,5,0.8589552238805972,0.048248447388789896,6.6975999999999996,1.2069897909906095,1,314
faster_rcnn,7.64,5,0.8589552238805972,0.048248447388789896,6.6975999999999996,1.2069897909906095,1,314
faster_rcnn,7.642666666666667,5,0.8589552238805972,0.048248447388789896,6.6975999999999996,1.2069897909906095,1,314
faster_rcnn,7.644,5,0.8589552238805972,0.048248447388789896,6.6975999999999996,1.2069897909906095,1,314
faster_rcnn,7.645333333333333,5,0.8589552238805972,0.048248447388789896,6.6975999999999996,1.2069897909906095,1,314
faster_rcnn,7.6466666666666665,5,0.8589552238805972,0.048248447388789896,6.6975999999999996,1.2069897909906095,1,314
faster_rcnn,7.648,5,0.8589552238805972,0.048248447388789896,6.6975999999999996,1.2069897909906095,1,314
faster_rcnn,7.650666666666667,5,0.8589552238805972,0.048248447388789896,6.6975999999999996,1.2069897909906095,1,314
faster_rcnn,7.652,5,0.8589552238805972,0.048248447388789896,6.6975999999999996,1.2069897909906095,1,314
faster_rcnn,7.653333333333333,5,0.8589552238805972,0.048248447388789896,6.6975999999999996,1.2069897909906095,1,314
faster_rcnn,7.656,5,0.8589552238805972,0.048248447388789896,6.6975999999999996,1.2069897909906095,1,314
faster_rcnn,7.657333333333334,5,0.8589552238805972,0.048248447388789896,6.6975999999999996,1.2069897909906095,1,314
faster_rcnn,7.66,5,0.8589552238805972,0.048248447388789896,6.6975999999999996,1.2069897909906095,1,314
faster_rcnn,7.661333333333333,5,0.8589552238805972,0.048248447388789896,6.6975999999999996,1.2069897909906095,1,314
faster_rcnn,7.664,5,0.8589552238805972,0.048248447388789896,6.6975999999999996,1.2069897909906095,1,314
faster_rcnn,7.666666666666667,5,0.8589552238805972,0.048248447388789896,6.6975999999999996,1.2069897909906095,1,314
faster_rcnn,7.668,5,0.8589552238805972,0.048248447388789896,6.6975999999999996,1.2069897909906095,1,314
faster_rcnn,7.669333333333333,5,0.8589552238805972,0.048248447388789896,6.6975999999999996,1.2069897909906095,1,314
faster_rcnn,7.6706666666666665,5,0.8597014925373134,0.04826287359553738,6.793333333333332,1.2731752083319525,1,314
faster_rcnn,7.674666666666667,5,0.8597014925373134,0.04826287359553738,6.793333333333332,1.2731752083319525,1,314
faster_rcnn,7.676,5,0.8597014925373134,0.04826287359553738,6.793333333333332,1.2731752083319525,1,314
faster_rcnn,7.677333333333333,5,0.8597014925373134,0.04826287359553738,6.793333333333332,1.2731752083319525,1,314
faster_rcnn,7.68,5,0.8597014925373134,0.04826287359553738,6.793333333333332,1.2731752083319525,1,314
faster_rcnn,7.681333333333333,5,0.8597014925373134,0.04826287359553738,6.793333333333332,1.2731752083319525,1,314
faster_rcnn,7.685333333333333,5,0.8597014925373134,0.04826287359553738,6.793333333333332,1.2731752083319525,1,314
faster_rcnn,7.688,5,0.8597014925373134,0.04826287359553738,6.793333333333332,1.2731752083319525,1,314
faster_rcnn,7.692,5,0.8597014925373134,0.04826287359553738,6.793333333333332,1.2731752083319525,1,314
faster_rcnn,7.693333333333333,5,0.8597014925373134,0.04826287359553738,6.793333333333332,1.2731752083319525,1,314
faster_rcnn,7.6946666666666665,5,0.8597014925373134,0.04826287359553738,6.793333333333332,1.2731752083319525,1,314
faster_rcnn,7.698666666666667,5,0.8597014925373134,0.04826287359553738,6.793333333333332,1.2731752083319525,1,314
faster_rcnn,7.7,5,0.8597014925373134,0.04826287359553738,6.793333333333332,1.2731752083319525,1,314
faster_rcnn,7.7026666666666666,5,0.8597014925373134,0.04826287359553738,6.793333333333332,1.2731752083319525,1,314
faster_rcnn,7.704,5,0.8597014925373134,0.04826287359553738,6.793333333333332,1.2731752083319525,1,314
faster_rcnn,7.708,5,0.8597014925373134,0.04826287359553738,6.793333333333332,1.2731752083319525,1,314
faster_rcnn,7.710666666666667,5,0.8597014925373134,0.04826287359553738,6.793333333333332,1.2731752083319525,1,314
faster_rcnn,7.712,5,0.8597014925373134,0.04826287359553738,6.793333333333332,1.2731752083319525,1,314
faster_rcnn,7.716,5,0.8597014925373134,0.04826287359553738,6.793333333333332,1.2731752083319525,1,314
faster_rcnn,7.718666666666667,5,0.8597014925373134,0.04826287359553738,6.793333333333332,1.2731752083319525,1,314
faster_rcnn,7.72,5,0.8597014925373134,0.04826287359553738,6.793333333333332,1.2731752083319525,1,314
faster_rcnn,7.721333333333333,5,0.8597014925373134,0.04826287359553738,6.793333333333332,1.2731752083319525,1,314
faster_rcnn,7.726666666666667,5,0.8597014925373134,0.04826287359553738,6.793333333333332,1.2731752083319525,1,314
faster_rcnn,7.728,5,0.8597014925373134,0.04826287359553738,6.793333333333332,1.2731752083319525,1,314
faster_rcnn,7.730666666666667,5,0.8597014925373134,0.04826287359553738,6.793333333333332,1.2731752083319525,1,314
faster_rcnn,7.733333333333333,5,0.8597014925373134,0.04826287359553738,6.793333333333332,1.2731752083319525,1,314
faster_rcnn,7.734666666666667,5,0.8597014925373134,0.04826287359553738,6.793333333333332,1.2731752083319525,1,314
faster_rcnn,7.736,5,0.8597014925373134,0.04826287359553738,6.793333333333332,1.2731752083319525,1,314
faster_rcnn,7.738666666666667,5,0.8597014925373134,0.04826287359553738,6.793333333333332,1.2731752083319525,1,314
faster_rcnn,7.74,5,0.8597014925373134,0.04826287359553738,6.793333333333332,1.2731752083319525,1,314
faster_rcnn,7.746666666666667,5,0.8597014925373134,0.04826287359553738,6.793333333333332,1.2731752083319525,1,314
faster_rcnn,7.749333333333333,5,0.8597014925373134,0.04826287359553738,6.793333333333332,1.2731752083319525,1,314
faster_rcnn,7.752,5,0.8597014925373134,0.04826287359553738,6.793333333333332,1.2731752083319525,1,314
faster_rcnn,7.754666666666667,5,0.8597014925373134,0.04826287359553738,6.793333333333332,1.2731752083319525,1,314
faster_rcnn,7.756,5,0.8597014925373134,0.04826287359553738,6.793333333333332,1.2731752083319525,1,314
faster_rcnn,7.758666666666667,5,0.8597014925373134,0.04826287359553738,6.793333333333332,1.2731752083319525,1,314
faster_rcnn,7.76,5,0.8597014925373134,0.04826287359553738,6.793333333333332,1.2731752083319525,1,314
faster_rcnn,7.762666666666667,5,0.8597014925373134,0.04826287359553738,6.793333333333332,1.2731752083319525,1,314
faster_rcnn,7.765333333333333,5,0.8597014925373134,0.04826287359553738,6.793333333333332,1.2731752083319525,1,314
faster_rcnn,7.769333333333333,5,0.8597014925373134,0.04826287359553738,6.793333333333332,1.2731752083319525,1,314
faster_rcnn,7.772,5,0.8597014925373134,0.04826287359553738,6.793333333333332,1.2731752083319525,1,314
faster_rcnn,7.773333333333333,5,0.8597014925373134,0.04826287359553738,6.793333333333332,1.2731752083319525,1,314
faster_rcnn,7.774666666666667,5,0.8597014925373134,0.04826287359553738,6.793333333333332,1.2731752083319525,1,314
faster_rcnn,7.78,5,0.8597014925373134,0.04826287359553738,6.793333333333332,1.2731752083319525,1,314
faster_rcnn,7.785333333333333,5,0.8597014925373134,0.04826287359553738,6.793333333333332,1.2731752083319525,1,314
faster_rcnn,7.786666666666667,5,0.8597014925373134,0.04826287359553738,6.793333333333332,1.2731752083319525,1,314
faster_rcnn,7.790666666666667,5,0.8597014925373134,0.04826287359553738,6.793333333333332,1.2731752083319525,1,314
faster_rcnn,7.793333333333333,5,0.8597014925373134,0.04826287359553738,6.793333333333332,1.2731752083319525,1,314
faster_rcnn,7.794666666666667,5,0.8597014925373134,0.04826287359553738,6.793333333333332,1.2731752083319525,1,314
faster_rcnn,7.8,5,0.8597014925373134,0.04826287359553738,6.793333333333332,1.2731752083319525,1,314
faster_rcnn,7.804,5,0.8597014925373134,0.04826287359553738,6.793333333333332,1.2731752083319525,1,314
faster_rcnn,7.8053333333333335,5,0.8597014925373134,0.04826287359553738,6.793333333333332,1.2731752083319525,1,314
faster_rcnn,7.806666666666667,5,0.8597014925373134,0.04826287359553738,6.793333333333332,1.2731752083319525,1,314
faster_rcnn,7.810666666666667,5,0.8597014925373134,0.04826287359553738,6.793333333333332,1.2731752083319525,1,314
faster_rcnn,7.812,5,0.8597014925373134,0.04826287359553738,6.793333333333332,1.2731752083319525,1,314
faster_rcnn,7.8133333333333335,5,0.8597014925373134,0.04826287359553738,6.793333333333332,1.2731752083319525,1,314
faster_rcnn,7.816,5,0.8597014925373134,0.04826287359553738,6.793333333333332,1.2731752083319525,1,314
faster_rcnn,7.818666666666667,5,0.8597014925373134,0.04826287359553738,6.793333333333332,1.2731752083319525,1,314
faster_rcnn,7.8213333333333335,5,0.8597014925373134,0.04826287359553738,6.793333333333332,1.2731752083319525,1,314
faster_rcnn,7.824,5,0.8597014925373134,0.04826287359553738,6.793333333333332,1.2731752083319525,1,314
faster_rcnn,7.825333333333333,5,0.8597014925373134,0.04826287359553738,6.793333333333332,1.2731752083319525,1,314
faster_rcnn,7.826666666666667,5,0.8597014925373134,0.04826287359553738,6.793333333333332,1.2731752083319525,1,314
faster_rcnn,7.830666666666667,5,0.8597014925373134,0.04826287359553738,6.793333333333332,1.2731752083319525,1,314
faster_rcnn,7.832,5,0.8597014925373134,0.04826287359553738,6.793333333333332,1.2731752083319525,1,314
faster_rcnn,7.833333333333333,5,0.8597014925373134,0.04826287359553738,6.793333333333332,1.2731752083319525,1,314
faster_rcnn,7.834666666666666,5,0.8597014925373134,0.04826287359553738,6.793333333333332,1.2731752083319525,1,314
faster_rcnn,7.836,5,0.8597014925373134,0.04826287359553738,6.793333333333332,1.2731752083319525,1,314
faster_rcnn,7.8373333333333335,5,0.8597014925373134,0.04826287359553738,6.793333333333332,1.2731752083319525,1,314
faster_rcnn,7.841333333333333,5,0.8597014925373134,0.04826287359553738,6.793333333333332,1.2731752083319525,1,314
faster_rcnn,7.842666666666666,5,0.8604477611940299,0.04897876663615045,6.9176,1.3532004532465491,1,314
faster_rcnn,7.8453333333333335,5,0.8604477611940299,0.04897876663615045,6.9176,1.3532004532465491,1,314
faster_rcnn,7.848,5,0.8604477611940299,0.04897876663615045,6.9176,1.3532004532465491,1,314
faster_rcnn,7.849333333333333,5,0.8604477611940299,0.04897876663615045,6.9176,1.3532004532465491,1,314
faster_rcnn,7.850666666666666,5,0.8604477611940299,0.04897876663615045,6.9176,1.3532004532465491,1,314
faster_rcnn,7.852,5,0.8604477611940299,0.04897876663615045,6.9176,1.3532004532465491,1,314
faster_rcnn,7.858666666666666,5,0.8604477611940299,0.04897876663615045,6.9176,1.3532004532465491,1,314
faster_rcnn,7.86,5,0.8604477611940299,0.04897876663615045,6.9176,1.3532004532465491,1,314
faster_rcnn,7.8613333333333335,5,0.8604477611940299,0.04897876663615045,6.9176,1.3532004532465491,1,314
faster_rcnn,7.862666666666667,5,0.8604477611940299,0.04897876663615045,6.9176,1.3532004532465491,1,314
faster_rcnn,7.866666666666666,5,0.8604477611940299,0.04897876663615045,6.9176,1.3532004532465491,1,314
faster_rcnn,7.868,5,0.8604477611940299,0.04897876663615045,6.9176,1.3532004532465491,1,314
faster_rcnn,7.8693333333333335,5,0.8604477611940299,0.04897876663615045,6.9176,1.3532004532465491,1,314
faster_rcnn,7.872,5,0.8604477611940299,0.04897876663615045,6.9176,1.3532004532465491,1,314
faster_rcnn,7.8773333333333335,5,0.8604477611940299,0.04897876663615045,6.9176,1.3532004532465491,1,314
faster_rcnn,7.878666666666667,5,0.8604477611940299,0.04897876663615045,6.9176,1.3532004532465491,1,314
faster_rcnn,7.881333333333333,5,0.8604477611940299,0.04897876663615045,6.9176,1.3532004532465491,1,314
faster_rcnn,7.882666666666666,5,0.8604477611940299,0.04897876663615045,6.9176,1.3532004532465491,1,314
faster_rcnn,7.884,5,0.8604477611940299,0.04897876663615045,6.9176,1.3532004532465491,1,314
faster_rcnn,7.8853333333333335,5,0.8604477611940299,0.04897876663615045,6.9176,1.3532004532465491,1,314
faster_rcnn,7.886666666666667,5,0.8604477611940299,0.04897876663615045,6.9176,1.3532004532465491,1,314
faster_rcnn,7.890666666666666,5,0.8604477611940299,0.04897876663615045,6.9176,1.3532004532465491,1,314
faster_rcnn,7.894666666666667,5,0.8604477611940299,0.04897876663615045,6.9176,1.3532004532465491,1,314
faster_rcnn,7.896,5,0.8604477611940299,0.04897876663615045,6.9176,1.3532004532465491,1,314
faster_rcnn,7.897333333333333,5,0.8604477611940299,0.04897876663615045,6.9176,1.3532004532465491,1,314
faster_rcnn,7.898666666666666,5,0.8619402985074627,0.04985219856674398,7.096533333333333,1.4247409433141012,1,314
faster_rcnn,7.9,5,0.8619402985074627,0.04985219856674398,7.096533333333333,1.4247409433141012,1,314
faster_rcnn,7.902666666666667,5,0.8619402985074627,0.04985219856674398,7.096533333333333,1.4247409433141012,1,314
faster_rcnn,7.908,5,0.8619402985074627,0.04985219856674398,7.096533333333333,1.4247409433141012,1,314
faster_rcnn,7.9093333333333335,5,0.8619402985074627,0.04985219856674398,7.096533333333333,1.4247409433141012,1,314
faster_rcnn,7.912,5,0.8619402985074627,0.04985219856674398,7.096533333333333,1.4247409433141012,1,314
faster_rcnn,7.913333333333333,5,0.8619402985074627,0.04985219856674398,7.096533333333333,1.4247409433141012,1,314
faster_rcnn,7.914666666666666,5,0.8619402985074627,0.04985219856674398,7.096533333333333,1.4247409433141012,1,314
faster_rcnn,7.916,5,0.8619402985074627,0.04985219856674398,7.096533333333333,1.4247409433141012,1,314
faster_rcnn,7.918666666666667,5,0.8619402985074627,0.04985219856674398,7.096533333333333,1.4247409433141012,1,314
faster_rcnn,7.92,5,0.8619402985074627,0.04985219856674398,7.096533333333333,1.4247409433141012,1,314
faster_rcnn,7.924,5,0.8619402985074627,0.04985219856674398,7.096533333333333,1.4247409433141012,1,314
faster_rcnn,7.926666666666667,5,0.8619402985074627,0.04985219856674398,7.096533333333333,1.4247409433141012,1,314
faster_rcnn,7.929333333333333,5,0.8619402985074627,0.04985219856674398,7.096533333333333,1.4247409433141012,1,314
faster_rcnn,7.932,5,0.8619402985074627,0.04985219856674398,7.096533333333333,1.4247409433141012,1,314
faster_rcnn,7.933333333333334,5,0.8619402985074627,0.04985219856674398,7.096533333333333,1.4247409433141012,1,314
faster_rcnn,7.94,5,0.8619402985074627,0.04985219856674398,7.096533333333333,1.4247409433141012,1,314
faster_rcnn,7.942666666666667,5,0.8619402985074627,0.04985219856674398,7.096533333333333,1.4247409433141012,1,314
faster_rcnn,7.944,5,0.8619402985074627,0.04985219856674398,7.096533333333333,1.4247409433141012,1,314
faster_rcnn,7.949333333333334,5,0.8619402985074627,0.04985219856674398,7.096533333333333,1.4247409433141012,1,314
faster_rcnn,7.950666666666667,5,0.8619402985074627,0.04985219856674398,7.096533333333333,1.4247409433141012,1,314
faster_rcnn,7.953333333333333,5,0.8619402985074627,0.04985219856674398,7.096533333333333,1.4247409433141012,1,314
faster_rcnn,7.954666666666666,5,0.8619402985074627,0.04985219856674398,7.096533333333333,1.4247409433141012,1,314
faster_rcnn,7.956,5,0.8619402985074627,0.04985219856674398,7.096533333333333,1.4247409433141012,1,314
faster_rcnn,7.957333333333334,5,0.8619402985074627,0.04985219856674398,7.096533333333333,1.4247409433141012,1,314
faster_rcnn,7.958666666666667,5,0.8619402985074627,0.04985219856674398,7.096533333333333,1.4247409433141012,1,314
faster_rcnn,7.962666666666666,5,0.8619402985074627,0.04985219856674398,7.096533333333333,1.4247409433141012,1,314
faster_rcnn,7.964,5,0.8619402985074627,0.04985219856674398,7.096533333333333,1.4247409433141012,1,314
faster_rcnn,7.965333333333334,5,0.8619402985074627,0.04985219856674398,7.096533333333333,1.4247409433141012,1,314
faster_rcnn,7.966666666666667,5,0.8619402985074627,0.04985219856674398,7.096533333333333,1.4247409433141012,1,314
faster_rcnn,7.968,5,0.8619402985074627,0.04985219856674398,7.096533333333333,1.4247409433141012,1,314
faster_rcnn,7.972,5,0.8619402985074627,0.04985219856674398,7.096533333333333,1.4247409433141012,1,314
faster_rcnn,7.974666666666667,5,0.8619402985074627,0.04985219856674398,7.096533333333333,1.4247409433141012,1,314
faster_rcnn,7.976,5,0.8619402985074627,0.04985219856674398,7.096533333333333,1.4247409433141012,1,314
faster_rcnn,7.977333333333333,5,0.8619402985074627,0.04985219856674398,7.096533333333333,1.4247409433141012,1,314
faster_rcnn,7.981333333333334,5,0.8619402985074627,0.04985219856674398,7.096533333333333,1.4247409433141012,1,314
faster_rcnn,7.982666666666667,5,0.8619402985074627,0.04985219856674398,7.096533333333333,1.4247409433141012,1,314
faster_rcnn,7.984,5,0.8619402985074627,0.04985219856674398,7.096533333333333,1.4247409433141012,1,314
faster_rcnn,7.986666666666666,5,0.8619402985074627,0.04985219856674398,7.096533333333333,1.4247409433141012,1,314
faster_rcnn,7.989333333333334,5,0.8619402985074627,0.04985219856674398,7.096533333333333,1.4247409433141012,1,314
faster_rcnn,7.994666666666666,5,0.8619402985074627,0.04985219856674398,7.096533333333333,1.4247409433141012,1,314
faster_rcnn,7.996,5,0.8619402985074627,0.04985219856674398,7.096533333333333,1.4247409433141012,1,314
faster_rcnn,7.997333333333334,5,0.8619402985074627,0.04985219856674398,7.096533333333333,1.4247409433141012,1,314
faster_rcnn,7.998666666666667,5,0.8619402985074627,0.04985219856674398,7.096533333333333,1.4247409433141012,1,314
faster_rcnn,8.0,5,0.8619402985074627,0.04985219856674398,7.096533333333333,1.4247409433141012,1,314
faster_rcnn,8.005333333333333,5,0.8619402985074627,0.04985219856674398,7.096533333333333,1.4247409433141012,1,314
faster_rcnn,8.006666666666666,5,0.8619402985074627,0.04985219856674398,7.096533333333333,1.4247409433141012,1,314
faster_rcnn,8.009333333333334,5,0.8619402985074627,0.04985219856674398,7.096533333333333,1.4247409433141012,1,314
faster_rcnn,8.010666666666667,5,0.8619402985074627,0.04985219856674398,7.096533333333333,1.4247409433141012,1,314
faster_rcnn,8.014666666666667,5,0.8619402985074627,0.04985219856674398,7.096533333333333,1.4247409433141012,1,314
faster_rcnn,8.017333333333333,5,0.8619402985074627,0.04985219856674398,7.096533333333333,1.4247409433141012,1,314
faster_rcnn,8.018666666666666,5,0.8619402985074627,0.04985219856674398,7.096533333333333,1.4247409433141012,1,314
faster_rcnn,8.021333333333333,5,0.8619402985074627,0.04985219856674398,7.096533333333333,1.4247409433141012,1,314
faster_rcnn,8.022666666666666,5,0.8619402985074627,0.04985219856674398,7.096533333333333,1.4247409433141012,1,314
faster_rcnn,8.024,5,0.8619402985074627,0.04985219856674398,7.096533333333333,1.4247409433141012,1,314
faster_rcnn,8.025333333333334,5,0.8619402985074627,0.04985219856674398,7.096533333333333,1.4247409433141012,1,314
faster_rcnn,8.030666666666667,5,0.8619402985074627,0.04985219856674398,7.096533333333333,1.4247409433141012,1,314
faster_rcnn,8.032,5,0.8619402985074627,0.04985219856674398,7.096533333333333,1.4247409433141012,1,314
faster_rcnn,8.033333333333333,5,0.8619402985074627,0.04985219856674398,7.096533333333333,1.4247409433141012,1,314
faster_rcnn,8.034666666666666,5,0.8619402985074627,0.04985219856674398,7.096533333333333,1.4247409433141012,1,314
faster_rcnn,8.04,5,0.8619402985074627,0.04985219856674398,7.096533333333333,1.4247409433141012,1,314
faster_rcnn,8.041333333333334,5,0.8626865671641791,0.050297068051506306,7.2032,1.4820594080160514,1,314
faster_rcnn,8.044,5,0.8626865671641791,0.050297068051506306,7.2032,1.4820594080160514,1,314
faster_rcnn,8.048,5,0.8626865671641791,0.050297068051506306,7.2032,1.4820594080160514,1,314
faster_rcnn,8.049333333333333,5,0.8626865671641791,0.050297068051506306,7.2032,1.4820594080160514,1,314
faster_rcnn,8.054666666666666,5,0.8626865671641791,0.050297068051506306,7.2032,1.4820594080160514,1,314
faster_rcnn,8.057333333333334,5,0.8626865671641791,0.050297068051506306,7.2032,1.4820594080160514,1,314
faster_rcnn,8.06,5,0.8626865671641791,0.050297068051506306,7.2032,1.4820594080160514,1,314
faster_rcnn,8.064,5,0.8626865671641791,0.050297068051506306,7.2032,1.4820594080160514,1,314
faster_rcnn,8.066666666666666,5,0.8626865671641791,0.050297068051506306,7.2032,1.4820594080160514,1,314
faster_rcnn,8.068,5,0.8626865671641791,0.050297068051506306,7.2032,1.4820594080160514,1,314
faster_rcnn,8.070666666666666,5,0.8626865671641791,0.050297068051506306,7.2032,1.4820594080160514,1,314
faster_rcnn,8.073333333333334,5,0.8626865671641791,0.050297068051506306,7.2032,1.4820594080160514,1,314
faster_rcnn,8.074666666666667,5,0.8626865671641791,0.050297068051506306,7.2032,1.4820594080160514,1,314
faster_rcnn,8.078666666666667,5,0.8626865671641791,0.050297068051506306,7.2032,1.4820594080160514,1,314
faster_rcnn,8.08,5,0.8626865671641791,0.050297068051506306,7.2032,1.4820594080160514,1,314
faster_rcnn,8.081333333333333,5,0.8626865671641791,0.050297068051506306,7.2032,1.4820594080160514,1,314
faster_rcnn,8.084,5,0.8626865671641791,0.050297068051506306,7.2032,1.4820594080160514,1,314
faster_rcnn,8.085333333333333,5,0.8626865671641791,0.050297068051506306,7.2032,1.4820594080160514,1,314
faster_rcnn,8.086666666666666,5,0.8626865671641791,0.050297068051506306,7.2032,1.4820594080160514,1,314
faster_rcnn,8.089333333333334,5,0.8626865671641791,0.050297068051506306,7.2032,1.4820594080160514,1,314
faster_rcnn,8.090666666666667,5,0.8626865671641791,0.050297068051506306,7.2032,1.4820594080160514,1,314
faster_rcnn,8.092,5,0.8634328358208954,0.050792889032792915,7.241866666666667,1.5070514552890653,1,314
faster_rcnn,8.093333333333334,5,0.8634328358208954,0.050792889032792915,7.241866666666667,1.5070514552890653,1,314
faster_rcnn,8.096,5,0.8634328358208954,0.050792889032792915,7.241866666666667,1.5070514552890653,1,314
faster_rcnn,8.098666666666666,5,0.8634328358208954,0.050792889032792915,7.241866666666667,1.5070514552890653,1,314
faster_rcnn,8.101333333333333,5,0.8634328358208954,0.050792889032792915,7.241866666666667,1.5070514552890653,1,314
faster_rcnn,8.102666666666666,5,0.8634328358208954,0.050792889032792915,7.241866666666667,1.5070514552890653,1,314
faster_rcnn,8.104,5,0.8634328358208954,0.050792889032792915,7.241866666666667,1.5070514552890653,1,314
faster_rcnn,8.105333333333334,5,0.8634328358208954,0.050792889032792915,7.241866666666667,1.5070514552890653,1,314
faster_rcnn,8.106666666666667,5,0.8634328358208954,0.050792889032792915,7.241866666666667,1.5070514552890653,1,314
faster_rcnn,8.112,5,0.8634328358208954,0.050792889032792915,7.241866666666667,1.5070514552890653,1,314
faster_rcnn,8.113333333333333,5,0.8634328358208954,0.050792889032792915,7.241866666666667,1.5070514552890653,1,314
faster_rcnn,8.116,5,0.8634328358208954,0.050792889032792915,7.241866666666667,1.5070514552890653,1,314
faster_rcnn,8.118666666666666,5,0.8634328358208954,0.050792889032792915,7.241866666666667,1.5070514552890653,1,314
faster_rcnn,8.12,5,0.8634328358208954,0.050792889032792915,7.241866666666667,1.5070514552890653,1,314
faster_rcnn,8.121333333333334,5,0.8634328358208954,0.050792889032792915,7.241866666666667,1.5070514552890653,1,314
faster_rcnn,8.122666666666667,5,0.8634328358208954,0.050792889032792915,7.241866666666667,1.5070514552890653,1,314
faster_rcnn,8.125333333333334,5,0.8634328358208954,0.050792889032792915,7.241866666666667,1.5070514552890653,1,314
faster_rcnn,8.126666666666667,5,0.8634328358208954,0.050792889032792915,7.241866666666667,1.5070514552890653,1,314
faster_rcnn,8.128,5,0.8634328358208954,0.050792889032792915,7.241866666666667,1.5070514552890653,1,314
faster_rcnn,8.132,5,0.8634328358208954,0.050792889032792915,7.241866666666667,1.5070514552890653,1,314
faster_rcnn,8.133333333333333,5,0.8634328358208954,0.050792889032792915,7.241866666666667,1.5070514552890653,1,314
faster_rcnn,8.134666666666666,5,0.8634328358208954,0.050792889032792915,7.241866666666667,1.5070514552890653,1,314
faster_rcnn,8.137333333333334,5,0.8634328358208954,0.050792889032792915,7.241866666666667,1.5070514552890653,1,314
faster_rcnn,8.14,5,0.8634328358208954,0.050792889032792915,7.241866666666667,1.5070514552890653,1,314
faster_rcnn,8.142666666666667,5,0.8634328358208954,0.050792889032792915,7.241866666666667,1.5070514552890653,1,314
faster_rcnn,8.144,5,0.8634328358208954,0.050792889032792915,7.241866666666667,1.5070514552890653,1,314
faster_rcnn,8.145333333333333,5,0.8634328358208954,0.050792889032792915,7.241866666666667,1.5070514552890653,1,314
faster_rcnn,8.148,5,0.8634328358208954,0.050792889032792915,7.241866666666667,1.5070514552890653,1,314
faster_rcnn,8.149333333333333,5,0.8634328358208954,0.050792889032792915,7.241866666666667,1.5070514552890653,1,314
faster_rcnn,8.152,5,0.8634328358208954,0.050792889032792915,7.241866666666667,1.5070514552890653,1,314
faster_rcnn,8.153333333333334,5,0.8634328358208954,0.050792889032792915,7.241866666666667,1.5070514552890653,1,314
faster_rcnn,8.154666666666667,5,0.8634328358208954,0.050792889032792915,7.241866666666667,1.5070514552890653,1,314
faster_rcnn,8.156,5,0.8634328358208954,0.050792889032792915,7.241866666666667,1.5070514552890653,1,314
faster_rcnn,8.157333333333334,5,0.8634328358208954,0.050792889032792915,7.241866666666667,1.5070514552890653,1,314
faster_rcnn,8.158666666666667,5,0.8634328358208954,0.050792889032792915,7.241866666666667,1.5070514552890653,1,314
faster_rcnn,8.16,5,0.8634328358208954,0.050792889032792915,7.241866666666667,1.5070514552890653,1,314
faster_rcnn,8.164,5,0.8634328358208954,0.050792889032792915,7.241866666666667,1.5070514552890653,1,314
faster_rcnn,8.166666666666666,5,0.8634328358208954,0.050792889032792915,7.241866666666667,1.5070514552890653,1,314
faster_rcnn,8.169333333333332,5,0.8634328358208954,0.050792889032792915,7.241866666666667,1.5070514552890653,1,314
faster_rcnn,8.170666666666667,5,0.8634328358208954,0.050792889032792915,7.241866666666667,1.5070514552890653,1,314
faster_rcnn,8.172,5,0.8634328358208954,0.050792889032792915,7.241866666666667,1.5070514552890653,1,314
faster_rcnn,8.173333333333334,5,0.864179104477612,0.050792889032792915,7.3424,1.55868873665584,1,314
faster_rcnn,8.177333333333333,5,0.864179104477612,0.050792889032792915,7.3424,1.55868873665584,1,314
faster_rcnn,8.178666666666667,5,0.864179104477612,0.050792889032792915,7.3424,1.55868873665584,1,314
faster_rcnn,8.181333333333333,5,0.864179104477612,0.050792889032792915,7.3424,1.55868873665584,1,314
faster_rcnn,8.182666666666666,5,0.864179104477612,0.050792889032792915,7.3424,1.55868873665584,1,314
faster_rcnn,8.185333333333332,5,0.864179104477612,0.050792889032792915,7.3424,1.55868873665584,1,314
faster_rcnn,8.188,5,0.864179104477612,0.050792889032792915,7.3424,1.55868873665584,1,314
faster_rcnn,8.192,5,0.864179104477612,0.050792889032792915,7.3424,1.55868873665584,1,314
faster_rcnn,8.194666666666667,5,0.864179104477612,0.050792889032792915,7.3424,1.55868873665584,1,314
faster_rcnn,8.196,5,0.8649253731343283,0.050847681809278074,7.346933333333332,1.5617395998622106,1,314
faster_rcnn,8.197333333333333,5,0.8649253731343283,0.050847681809278074,7.346933333333332,1.5617395998622106,1,314
faster_rcnn,8.198666666666666,5,0.8649253731343283,0.050847681809278074,7.346933333333332,1.5617395998622106,1,314
faster_rcnn,8.202666666666667,5,0.8649253731343283,0.050847681809278074,7.346933333333332,1.5617395998622106,1,314
faster_rcnn,8.205333333333334,5,0.8649253731343283,0.050847681809278074,7.346933333333332,1.5617395998622106,1,314
faster_rcnn,8.208,5,0.8649253731343283,0.050847681809278074,7.346933333333332,1.5617395998622106,1,314
faster_rcnn,8.209333333333333,5,0.8649253731343283,0.050847681809278074,7.346933333333332,1.5617395998622106,1,314
faster_rcnn,8.210666666666667,5,0.8649253731343283,0.050847681809278074,7.346933333333332,1.5617395998622106,1,314
faster_rcnn,8.213333333333333,5,0.8649253731343283,0.050847681809278074,7.346933333333332,1.5617395998622106,1,314
faster_rcnn,8.216,5,0.8649253731343283,0.050847681809278074,7.346933333333332,1.5617395998622106,1,314
faster_rcnn,8.217333333333332,5,0.8649253731343283,0.050847681809278074,7.346933333333332,1.5617395998622106,1,314
faster_rcnn,8.218666666666667,5,0.8656716417910447,0.05129748912263998,7.3824,1.5833161823632491,1,314
faster_rcnn,8.221333333333334,5,0.8664179104477612,0.05179717370935523,7.408266666666667,1.598787985388376,1,314
faster_rcnn,8.224,5,0.8664179104477612,0.05179717370935523,7.408266666666667,1.598787985388376,1,314
faster_rcnn,8.226666666666667,5,0.8664179104477612,0.05179717370935523,7.408266666666667,1.598787985388376,1,314
faster_rcnn,8.228,5,0.8664179104477612,0.05179717370935523,7.408266666666667,1.598787985388376,1,314
faster_rcnn,8.229333333333333,5,0.8664179104477612,0.05179717370935523,7.408266666666667,1.598787985388376,1,314
faster_rcnn,8.230666666666666,5,0.8664179104477612,0.05179717370935523,7.408266666666667,1.598787985388376,1,314
faster_rcnn,8.232,5,0.8664179104477612,0.05179717370935523,7.408266666666667,1.598787985388376,1,314
faster_rcnn,8.233333333333333,5,0.8664179104477612,0.05179717370935523,7.408266666666667,1.598787985388376,1,314
faster_rcnn,8.237333333333334,5,0.8664179104477612,0.05179717370935523,7.408266666666667,1.598787985388376,1,314
faster_rcnn,8.238666666666667,5,0.8664179104477612,0.05179717370935523,7.408266666666667,1.598787985388376,1,314
faster_rcnn,8.242666666666667,5,0.8664179104477612,0.05179717370935523,7.408266666666667,1.598787985388376,1,314
faster_rcnn,8.246666666666666,5,0.8664179104477612,0.05179717370935523,7.408266666666667,1.598787985388376,1,314
faster_rcnn,8.248,5,0.8664179104477612,0.05179717370935523,7.408266666666667,1.598787985388376,1,314
faster_rcnn,8.252,5,0.8664179104477612,0.05179717370935523,7.408266666666667,1.598787985388376,1,314
faster_rcnn,8.254666666666667,5,0.8664179104477612,0.05179717370935523,7.408266666666667,1.598787985388376,1,314
faster_rcnn,8.256,5,0.8664179104477612,0.05179717370935523,7.408266666666667,1.598787985388376,1,314
faster_rcnn,8.257333333333333,5,0.8664179104477612,0.05179717370935523,7.408266666666667,1.598787985388376,1,314
faster_rcnn,8.26,5,0.8664179104477612,0.05179717370935523,7.408266666666667,1.598787985388376,1,314
faster_rcnn,8.262666666666666,5,0.8664179104477612,0.05179717370935523,7.408266666666667,1.598787985388376,1,314
faster_rcnn,8.265333333333333,5,0.8664179104477612,0.05179717370935523,7.408266666666667,1.598787985388376,1,314
faster_rcnn,8.268,5,0.8664179104477612,0.05179717370935523,7.408266666666667,1.598787985388376,1,314
faster_rcnn,8.269333333333334,5,0.8664179104477612,0.05179717370935523,7.408266666666667,1.598787985388376,1,314
faster_rcnn,8.272,5,0.8664179104477612,0.05179717370935523,7.408266666666667,1.598787985388376,1,314
faster_rcnn,8.273333333333333,5,0.8664179104477612,0.05179717370935523,7.408266666666667,1.598787985388376,1,314
faster_rcnn,8.276,5,0.8664179104477612,0.05179717370935523,7.408266666666667,1.598787985388376,1,314
faster_rcnn,8.277333333333333,5,0.8664179104477612,0.05179717370935523,7.408266666666667,1.598787985388376,1,314
faster_rcnn,8.278666666666666,5,0.8664179104477612,0.05179717370935523,7.408266666666667,1.598787985388376,1,314
faster_rcnn,8.28,5,0.8664179104477612,0.05179717370935523,7.408266666666667,1.598787985388376,1,314
faster_rcnn,8.281333333333333,5,0.8664179104477612,0.05179717370935523,7.408266666666667,1.598787985388376,1,314
faster_rcnn,8.284,5,0.8664179104477612,0.05179717370935523,7.408266666666667,1.598787985388376,1,314
faster_rcnn,8.286666666666667,5,0.8664179104477612,0.05179717370935523,7.408266666666667,1.598787985388376,1,314
faster_rcnn,8.289333333333333,5,0.8664179104477612,0.05179717370935523,7.408266666666667,1.598787985388376,1,314
faster_rcnn,8.294666666666666,5,0.8664179104477612,0.05179717370935523,7.408266666666667,1.598787985388376,1,314
faster_rcnn,8.297333333333333,5,0.8664179104477612,0.05179717370935523,7.408266666666667,1.598787985388376,1,314
faster_rcnn,8.298666666666668,5,0.8664179104477612,0.05179717370935523,7.408266666666667,1.598787985388376,1,314
faster_rcnn,8.304,5,0.8664179104477612,0.05179717370935523,7.408266666666667,1.598787985388376,1,314
faster_rcnn,8.306666666666667,5,0.8664179104477612,0.05179717370935523,7.408266666666667,1.598787985388376,1,314
faster_rcnn,8.308,5,0.8664179104477612,0.05179717370935523,7.408266666666667,1.598787985388376,1,314
faster_rcnn,8.309333333333333,5,0.8664179104477612,0.05179717370935523,7.408266666666667,1.598787985388376,1,314
faster_rcnn,8.312,5,0.8664179104477612,0.05179717370935523,7.408266666666667,1.598787985388376,1,314
faster_rcnn,8.313333333333333,5,0.8664179104477612,0.05179717370935523,7.408266666666667,1.598787985388376,1,314
faster_rcnn,8.314666666666668,5,0.8664179104477612,0.05179717370935523,7.408266666666667,1.598787985388376,1,314
faster_rcnn,8.317333333333334,5,0.8664179104477612,0.05179717370935523,7.408266666666667,1.598787985388376,1,314
faster_rcnn,8.318666666666667,5,0.8664179104477612,0.05179717370935523,7.408266666666667,1.598787985388376,1,314
faster_rcnn,8.321333333333333,5,0.8664179104477612,0.05179717370935523,7.408266666666667,1.598787985388376,1,314
faster_rcnn,8.325333333333333,5,0.8664179104477612,0.05179717370935523,7.408266666666667,1.598787985388376,1,314
faster_rcnn,8.326666666666666,5,0.8664179104477612,0.05179717370935523,7.408266666666667,1.598787985388376,1,314
faster_rcnn,8.329333333333333,5,0.8664179104477612,0.05179717370935523,7.408266666666667,1.598787985388376,1,314
faster_rcnn,8.334666666666667,5,0.8664179104477612,0.05179717370935523,7.408266666666667,1.598787985388376,1,314
faster_rcnn,8.336,5,0.8664179104477612,0.05179717370935523,7.408266666666667,1.598787985388376,1,314
faster_rcnn,8.34,5,0.8664179104477612,0.05179717370935523,7.408266666666667,1.598787985388376,1,314
faster_rcnn,8.341333333333333,5,0.8664179104477612,0.05179717370935523,7.408266666666667,1.598787985388376,1,314
faster_rcnn,8.342666666666666,5,0.8664179104477612,0.05179717370935523,7.408266666666667,1.598787985388376,1,314
faster_rcnn,8.346666666666666,5,0.8664179104477612,0.05179717370935523,7.408266666666667,1.598787985388376,1,314
faster_rcnn,8.350666666666667,5,0.8664179104477612,0.05179717370935523,7.408266666666667,1.598787985388376,1,314
faster_rcnn,8.352,5,0.8664179104477612,0.05179717370935523,7.408266666666667,1.598787985388376,1,314
faster_rcnn,8.358666666666666,5,0.8664179104477612,0.05179717370935523,7.408266666666667,1.598787985388376,1,314
faster_rcnn,8.36,5,0.8664179104477612,0.05179717370935523,7.408266666666667,1.598787985388376,1,314
faster_rcnn,8.364,5,0.8664179104477612,0.05179717370935523,7.408266666666667,1.598787985388376,1,314
faster_rcnn,8.368,5,0.8664179104477612,0.05179717370935523,7.408266666666667,1.598787985388376,1,314
faster_rcnn,8.370666666666667,5,0.8664179104477612,0.05179717370935523,7.408266666666667,1.598787985388376,1,314
faster_rcnn,8.373333333333333,5,0.8664179104477612,0.05179717370935523,7.408266666666667,1.598787985388376,1,314
faster_rcnn,8.374666666666666,5,0.8664179104477612,0.05179717370935523,7.408266666666667,1.598787985388376,1,314
faster_rcnn,8.376,5,0.8664179104477612,0.05179717370935523,7.408266666666667,1.598787985388376,1,314
faster_rcnn,8.377333333333333,5,0.8664179104477612,0.05179717370935523,7.408266666666667,1.598787985388376,1,314
faster_rcnn,8.378666666666666,5,0.8664179104477612,0.05179717370935523,7.408266666666667,1.598787985388376,1,314
faster_rcnn,8.381333333333334,5,0.8664179104477612,0.05179717370935523,7.408266666666667,1.598787985388376,1,314
faster_rcnn,8.382666666666667,5,0.8664179104477612,0.05179717370935523,7.408266666666667,1.598787985388376,1,314
faster_rcnn,8.386666666666667,5,0.8664179104477612,0.05179717370935523,7.408266666666667,1.598787985388376,1,314
faster_rcnn,8.388,5,0.8664179104477612,0.05179717370935523,7.408266666666667,1.598787985388376,1,314
faster_rcnn,8.389333333333333,5,0.8664179104477612,0.05179717370935523,7.408266666666667,1.598787985388376,1,314
faster_rcnn,8.392,5,0.8664179104477612,0.05179717370935523,7.408266666666667,1.598787985388376,1,314
faster_rcnn,8.393333333333333,5,0.8664179104477612,0.05179717370935523,7.408266666666667,1.598787985388376,1,314
faster_rcnn,8.394666666666666,5,0.8671641791044775,0.05234530721417963,7.442933333333333,1.6225281781494238,1,314
faster_rcnn,8.397333333333334,5,0.8671641791044775,0.05234530721417963,7.442933333333333,1.6225281781494238,1,314
faster_rcnn,8.398666666666667,5,0.8671641791044775,0.05234530721417963,7.442933333333333,1.6225281781494238,1,314
faster_rcnn,8.401333333333334,5,0.8671641791044775,0.05234530721417963,7.442933333333333,1.6225281781494238,1,314
faster_rcnn,8.402666666666667,5,0.8671641791044775,0.05234530721417963,7.442933333333333,1.6225281781494238,1,314
faster_rcnn,8.406666666666666,5,0.8671641791044775,0.05234530721417963,7.442933333333333,1.6225281781494238,1,314
faster_rcnn,8.408,5,0.8671641791044775,0.05234530721417963,7.442933333333333,1.6225281781494238,1,314
faster_rcnn,8.409333333333333,5,0.8671641791044775,0.05234530721417963,7.442933333333333,1.6225281781494238,1,314
faster_rcnn,8.413333333333334,5,0.8671641791044775,0.05234530721417963,7.442933333333333,1.6225281781494238,1,314
faster_rcnn,8.416,5,0.8671641791044775,0.05234530721417963,7.442933333333333,1.6225281781494238,1,314
faster_rcnn,8.417333333333334,5,0.8671641791044775,0.05234530721417963,7.442933333333333,1.6225281781494238,1,314
faster_rcnn,8.421333333333333,5,0.867910447761194,0.05294038476906403,7.5586666666666655,1.677863191350501,1,314
faster_rcnn,8.422666666666666,5,0.867910447761194,0.05294038476906403,7.5586666666666655,1.677863191350501,1,314
faster_rcnn,8.424,5,0.867910447761194,0.05294038476906403,7.5586666666666655,1.677863191350501,1,314
faster_rcnn,8.426666666666666,5,0.867910447761194,0.05294038476906403,7.5586666666666655,1.677863191350501,1,314
faster_rcnn,8.428,5,0.867910447761194,0.05294038476906403,7.5586666666666655,1.677863191350501,1,314
faster_rcnn,8.432,5,0.867910447761194,0.05294038476906403,7.5586666666666655,1.677863191350501,1,314
faster_rcnn,8.436,5,0.867910447761194,0.05294038476906403,7.5586666666666655,1.677863191350501,1,314
faster_rcnn,8.437333333333333,5,0.867910447761194,0.05294038476906403,7.5586666666666655,1.677863191350501,1,314
faster_rcnn,8.438666666666666,5,0.867910447761194,0.05294038476906403,7.5586666666666655,1.677863191350501,1,314
faster_rcnn,8.441333333333333,5,0.867910447761194,0.05294038476906403,7.5586666666666655,1.677863191350501,1,314
faster_rcnn,8.442666666666666,5,0.867910447761194,0.05294038476906403,7.5586666666666655,1.677863191350501,1,314
faster_rcnn,8.446666666666667,5,0.867910447761194,0.05294038476906403,7.5586666666666655,1.677863191350501,1,314
faster_rcnn,8.452,5,0.867910447761194,0.05294038476906403,7.5586666666666655,1.677863191350501,1,314
faster_rcnn,8.453333333333333,5,0.867910447761194,0.05294038476906403,7.5586666666666655,1.677863191350501,1,314
faster_rcnn,8.454666666666666,5,0.867910447761194,0.05294038476906403,7.5586666666666655,1.677863191350501,1,314
faster_rcnn,8.457333333333333,5,0.867910447761194,0.05294038476906403,7.5586666666666655,1.677863191350501,1,314
faster_rcnn,8.461333333333334,5,0.867910447761194,0.05294038476906403,7.5586666666666655,1.677863191350501,1,314
faster_rcnn,8.462666666666667,5,0.867910447761194,0.05294038476906403,7.5586666666666655,1.677863191350501,1,314
faster_rcnn,8.464,5,0.8686567164179104,0.05338559989993857,7.607733333333333,1.7053511596670572,1,314
faster_rcnn,8.465333333333334,5,0.8686567164179104,0.05338559989993857,7.607733333333333,1.7053511596670572,2,271;314
faster_rcnn,8.466666666666667,5,0.8686567164179104,0.05338559989993857,7.607733333333333,1.7053511596670572,2,271;314
faster_rcnn,8.469333333333333,5,0.8686567164179104,0.05338559989993857,7.607733333333333,1.7053511596670572,2,271;314
faster_rcnn,8.472,5,0.8686567164179104,0.05338559989993857,7.607733333333333,1.7053511596670572,2,271;314
faster_rcnn,8.473333333333333,5,0.8686567164179104,0.05338559989993857,7.607733333333333,1.7053511596670572,2,271;314
faster_rcnn,8.48,5,0.8686567164179104,0.05338559989993857,7.607733333333333,1.7053511596670572,2,271;314
faster_rcnn,8.485333333333333,5,0.8686567164179104,0.05338559989993857,7.607733333333333,1.7053511596670572,2,271;314
faster_rcnn,8.488,5,0.8686567164179104,0.05338559989993857,7.607733333333333,1.7053511596670572,2,271;314
faster_rcnn,8.490666666666666,5,0.8686567164179104,0.05338559989993857,7.607733333333333,1.7053511596670572,2,271;314
faster_rcnn,8.493333333333334,5,0.8686567164179104,0.05338559989993857,7.607733333333333,1.7053511596670572,2,271;314
faster_rcnn,8.494666666666667,5,0.8686567164179104,0.05338559989993857,7.607733333333333,1.7053511596670572,2,271;314
faster_rcnn,8.5,5,0.8686567164179104,0.05338559989993857,7.607733333333333,1.7053511596670572,2,271;314
faster_rcnn,8.502666666666666,5,0.8686567164179104,0.05338559989993857,7.607733333333333,1.7053511596670572,2,271;314
faster_rcnn,8.504,5,0.8686567164179104,0.05338559989993857,7.607733333333333,1.7053511596670572,2,271;314
faster_rcnn,8.506666666666666,5,0.8686567164179104,0.05338559989993857,7.607733333333333,1.7053511596670572,2,271;314
faster_rcnn,8.509333333333334,5,0.8686567164179104,0.05338559989993857,7.607733333333333,1.7053511596670572,2,271;314
faster_rcnn,8.512,5,0.8686567164179104,0.05338559989993857,7.607733333333333,1.7053511596670572,2,271;314
faster_rcnn,8.518666666666666,5,0.8686567164179104,0.05338559989993857,7.607733333333333,1.7053511596670572,2,271;314
faster_rcnn,8.52,5,0.8686567164179104,0.05338559989993857,7.607733333333333,1.7053511596670572,2,271;314
faster_rcnn,8.524,5,0.8686567164179104,0.05338559989993857,7.607733333333333,1.7053511596670572,2,271;314
faster_rcnn,8.525333333333334,5,0.8686567164179104,0.05338559989993857,7.607733333333333,1.7053511596670572,2,271;314
faster_rcnn,8.533333333333333,5,0.8694029850746269,0.054007891142276596,7.630133333333331,1.7193873844418472,2,271;314
faster_rcnn,8.534666666666666,5,0.8701492537313433,0.054546572586879546,7.658133333333332,1.7360098822043355,2,271;314
faster_rcnn,8.538666666666666,5,0.8701492537313433,0.054546572586879546,7.658133333333332,1.7360098822043355,2,271;314
faster_rcnn,8.545333333333334,5,0.8701492537313433,0.054546572586879546,7.658133333333332,1.7360098822043355,2,271;314
faster_rcnn,8.546666666666667,5,0.8701492537313433,0.054546572586879546,7.658133333333332,1.7360098822043355,2,271;314
faster_rcnn,8.548,5,0.8701492537313433,0.054546572586879546,7.658133333333332,1.7360098822043355,2,271;314
faster_rcnn,8.553333333333333,5,0.8701492537313433,0.054546572586879546,7.658133333333332,1.7360098822043355,2,271;314
faster_rcnn,8.556,5,0.8701492537313433,0.054546572586879546,7.658133333333332,1.7360098822043355,2,271;314
faster_rcnn,8.557333333333334,5,0.8701492537313433,0.054546572586879546,7.658133333333332,1.7360098822043355,2,271;314
faster_rcnn,8.558666666666667,5,0.8701492537313433,0.054546572586879546,7.658133333333332,1.7360098822043355,2,271;314
faster_rcnn,8.56,5,0.8701492537313433,0.054546572586879546,7.658133333333332,1.7360098822043355,2,271;314
faster_rcnn,8.564,5,0.8701492537313433,0.054546572586879546,7.658133333333332,1.7360098822043355,2,271;314
faster_rcnn,8.565333333333333,5,0.8701492537313433,0.054546572586879546,7.658133333333332,1.7360098822043355,2,271;314
faster_rcnn,8.569333333333333,5,0.8701492537313433,0.054546572586879546,7.658133333333332,1.7360098822043355,2,271;314
faster_rcnn,8.570666666666666,5,0.8701492537313433,0.054546572586879546,7.658133333333332,1.7360098822043355,2,271;314
faster_rcnn,8.572,5,0.8701492537313433,0.054546572586879546,7.658133333333332,1.7360098822043355,2,271;314
faster_rcnn,8.574666666666667,5,0.8701492537313433,0.054546572586879546,7.658133333333332,1.7360098822043355,2,271;314
faster_rcnn,8.58,5,0.8701492537313433,0.054546572586879546,7.658133333333332,1.7360098822043355,2,271;314
faster_rcnn,8.581333333333333,5,0.8701492537313433,0.054546572586879546,7.658133333333332,1.7360098822043355,2,271;314
faster_rcnn,8.582666666666666,5,0.8701492537313433,0.054546572586879546,7.658133333333332,1.7360098822043355,2,271;314
faster_rcnn,8.588,5,0.8701492537313433,0.054546572586879546,7.658133333333332,1.7360098822043355,2,271;314
faster_rcnn,8.590666666666667,5,0.8701492537313433,0.054546572586879546,7.658133333333332,1.7360098822043355,2,271;314
faster_rcnn,8.593333333333334,5,0.8701492537313433,0.054546572586879546,7.658133333333332,1.7360098822043355,2,271;314
faster_rcnn,8.594666666666667,5,0.8701492537313433,0.054546572586879546,7.658133333333332,1.7360098822043355,2,271;314
faster_rcnn,8.597333333333333,5,0.8701492537313433,0.054546572586879546,7.658133333333332,1.7360098822043355,2,271;314
faster_rcnn,8.6,5,0.8701492537313433,0.054546572586879546,7.658133333333332,1.7360098822043355,2,271;314
faster_rcnn,8.602666666666666,5,0.8701492537313433,0.054546572586879546,7.658133333333332,1.7360098822043355,2,271;314
faster_rcnn,8.604,5,0.8701492537313433,0.054546572586879546,7.658133333333332,1.7360098822043355,2,271;314
faster_rcnn,8.606666666666667,5,0.8701492537313433,0.054546572586879546,7.658133333333332,1.7360098822043355,2,271;314
faster_rcnn,8.613333333333333,5,0.8701492537313433,0.054546572586879546,7.658133333333332,1.7360098822043355,2,271;314
faster_rcnn,8.618666666666666,5,0.8701492537313433,0.054546572586879546,7.658133333333332,1.7360098822043355,2,271;314
faster_rcnn,8.62,5,0.8701492537313433,0.054546572586879546,7.658133333333332,1.7360098822043355,2,271;314
faster_rcnn,8.621333333333334,5,0.8701492537313433,0.054546572586879546,7.658133333333332,1.7360098822043355,2,271;314
faster_rcnn,8.625333333333334,5,0.8701492537313433,0.054546572586879546,7.658133333333332,1.7360098822043355,2,271;314
faster_rcnn,8.626666666666667,5,0.8701492537313433,0.054546572586879546,7.658133333333332,1.7360098822043355,2,271;314
faster_rcnn,8.629333333333333,5,0.8701492537313433,0.054546572586879546,7.658133333333332,1.7360098822043355,2,271;314
faster_rcnn,8.633333333333333,5,0.8701492537313433,0.054546572586879546,7.658133333333332,1.7360098822043355,2,271;314
faster_rcnn,8.634666666666666,5,0.8701492537313433,0.054546572586879546,7.658133333333332,1.7360098822043355,2,271;314
faster_rcnn,8.636,5,0.8701492537313433,0.054546572586879546,7.658133333333332,1.7360098822043355,2,271;314
faster_rcnn,8.637333333333334,5,0.8701492537313433,0.054546572586879546,7.658133333333332,1.7360098822043355,2,271;314
faster_rcnn,8.642666666666667,5,0.8701492537313433,0.054546572586879546,7.658133333333332,1.7360098822043355,2,271;314
faster_rcnn,8.646666666666667,5,0.8701492537313433,0.054546572586879546,7.658133333333332,1.7360098822043355,2,271;314
faster_rcnn,8.652,5,0.8701492537313433,0.054546572586879546,7.658133333333332,1.7360098822043355,2,271;314
faster_rcnn,8.653333333333334,5,0.8701492537313433,0.054546572586879546,7.658133333333332,1.7360098822043355,2,271;314
faster_rcnn,8.654666666666667,5,0.8701492537313433,0.054546572586879546,7.658133333333332,1.7360098822043355,2,271;314
faster_rcnn,8.66,5,0.8701492537313433,0.054546572586879546,7.658133333333332,1.7360098822043355,2,271;314
faster_rcnn,8.662666666666667,5,0.8701492537313433,0.054546572586879546,7.658133333333332,1.7360098822043355,2,271;314
faster_rcnn,8.664,5,0.8701492537313433,0.054546572586879546,7.658133333333332,1.7360098822043355,2,271;314
faster_rcnn,8.665333333333333,5,0.8701492537313433,0.054546572586879546,7.658133333333332,1.7360098822043355,2,271;314
faster_rcnn,8.668,5,0.8701492537313433,0.054546572586879546,7.658133333333332,1.7360098822043355,2,271;314
faster_rcnn,8.669333333333332,5,0.8701492537313433,0.054546572586879546,7.658133333333332,1.7360098822043355,2,271;314
faster_rcnn,8.672,5,0.8701492537313433,0.054546572586879546,7.658133333333332,1.7360098822043355,2,271;314
faster_rcnn,8.673333333333334,5,0.8701492537313433,0.054546572586879546,7.658133333333332,1.7360098822043355,2,271;314
faster_rcnn,8.676,5,0.8701492537313433,0.054546572586879546,7.658133333333332,1.7360098822043355,2,271;314
faster_rcnn,8.682666666666666,5,0.8701492537313433,0.054546572586879546,7.658133333333332,1.7360098822043355,2,271;314
faster_rcnn,8.685333333333332,5,0.8701492537313433,0.054546572586879546,7.658133333333332,1.7360098822043355,2,271;314
faster_rcnn,8.686666666666667,5,0.8701492537313433,0.054546572586879546,7.658133333333332,1.7360098822043355,2,271;314
faster_rcnn,8.692,5,0.8701492537313433,0.054546572586879546,7.658133333333332,1.7360098822043355,2,271;314
faster_rcnn,8.694666666666667,5,0.8701492537313433,0.054546572586879546,7.658133333333332,1.7360098822043355,2,271;314
faster_rcnn,8.697333333333333,5,0.8701492537313433,0.054546572586879546,7.658133333333332,1.7360098822043355,2,271;314
faster_rcnn,8.701333333333332,5,0.8701492537313433,0.054546572586879546,7.658133333333332,1.7360098822043355,2,271;314
faster_rcnn,8.705333333333334,5,0.8701492537313433,0.054546572586879546,7.658133333333332,1.7360098822043355,2,271;314
faster_rcnn,8.708,5,0.8701492537313433,0.054546572586879546,7.658133333333332,1.7360098822043355,2,271;314
faster_rcnn,8.709333333333333,5,0.8701492537313433,0.054546572586879546,7.658133333333332,1.7360098822043355,2,271;314
faster_rcnn,8.718666666666667,5,0.8701492537313433,0.054546572586879546,7.658133333333332,1.7360098822043355,2,271;314
faster_rcnn,8.72,5,0.8701492537313433,0.054546572586879546,7.658133333333332,1.7360098822043355,2,271;314
faster_rcnn,8.722666666666667,5,0.8701492537313433,0.054546572586879546,7.658133333333332,1.7360098822043355,2,271;314
faster_rcnn,8.729333333333333,5,0.8701492537313433,0.054546572586879546,7.658133333333332,1.7360098822043355,2,271;314
faster_rcnn,8.730666666666666,5,0.8701492537313433,0.054546572586879546,7.658133333333332,1.7360098822043355,2,271;314
faster_rcnn,8.733333333333333,5,0.8701492537313433,0.054546572586879546,7.658133333333332,1.7360098822043355,2,271;314
faster_rcnn,8.737333333333334,5,0.8701492537313433,0.054546572586879546,7.658133333333332,1.7360098822043355,2,271;314
faster_rcnn,8.738666666666667,5,0.8701492537313433,0.054546572586879546,7.658133333333332,1.7360098822043355,2,271;314
faster_rcnn,8.745333333333333,5,0.8701492537313433,0.054546572586879546,7.658133333333332,1.7360098822043355,2,271;314
faster_rcnn,8.746666666666666,5,0.8701492537313433,0.054546572586879546,7.658133333333332,1.7360098822043355,2,271;314
faster_rcnn,8.748,5,0.8701492537313433,0.054546572586879546,7.658133333333332,1.7360098822043355,2,271;314
faster_rcnn,8.749333333333333,5,0.8701492537313433,0.054546572586879546,7.658133333333332,1.7360098822043355,2,271;314
faster_rcnn,8.750666666666667,5,0.8701492537313433,0.054546572586879546,7.658133333333332,1.7360098822043355,2,271;314
faster_rcnn,8.757333333333333,5,0.8701492537313433,0.054546572586879546,7.658133333333332,1.7360098822043355,2,271;314
faster_rcnn,8.758666666666667,5,0.8701492537313433,0.054546572586879546,7.658133333333332,1.7360098822043355,2,271;314
faster_rcnn,8.762666666666666,5,0.8701492537313433,0.054546572586879546,7.658133333333332,1.7360098822043355,2,271;314
faster_rcnn,8.765333333333333,5,0.8701492537313433,0.054546572586879546,7.658133333333332,1.7360098822043355,2,271;314
faster_rcnn,8.768,5,0.8701492537313433,0.054546572586879546,7.658133333333332,1.7360098822043355,2,271;314
faster_rcnn,8.772,5,0.8701492537313433,0.054546572586879546,7.658133333333332,1.7360098822043355,2,271;314
faster_rcnn,8.773333333333333,5,0.8701492537313433,0.054546572586879546,7.658133333333332,1.7360098822043355,2,271;314
faster_rcnn,8.774666666666667,5,0.8701492537313433,0.054546572586879546,7.658133333333332,1.7360098822043355,2,271;314
faster_rcnn,8.777333333333333,5,0.8701492537313433,0.054546572586879546,7.658133333333332,1.7360098822043355,2,271;314
faster_rcnn,8.781333333333333,5,0.8701492537313433,0.054546572586879546,7.658133333333332,1.7360098822043355,2,271;314
faster_rcnn,8.784,5,0.8701492537313433,0.054546572586879546,7.658133333333332,1.7360098822043355,2,271;314
faster_rcnn,8.785333333333334,5,0.8701492537313433,0.054546572586879546,7.658133333333332,1.7360098822043355,2,271;314
faster_rcnn,8.788,5,0.8701492537313433,0.054546572586879546,7.658133333333332,1.7360098822043355,2,271;314
faster_rcnn,8.792,5,0.8701492537313433,0.054546572586879546,7.658133333333332,1.7360098822043355,2,271;314
faster_rcnn,8.793333333333333,5,0.8701492537313433,0.054546572586879546,7.658133333333332,1.7360098822043355,2,271;314
faster_rcnn,8.796,5,0.8701492537313433,0.054546572586879546,7.658133333333332,1.7360098822043355,2,271;314
faster_rcnn,8.8,5,0.8701492537313433,0.054546572586879546,7.658133333333332,1.7360098822043355,2,271;314
faster_rcnn,8.801333333333334,5,0.8701492537313433,0.054546572586879546,7.658133333333332,1.7360098822043355,2,271;314
faster_rcnn,8.804,5,0.8701492537313433,0.054546572586879546,7.658133333333332,1.7360098822043355,2,271;314
faster_rcnn,8.805333333333333,5,0.8701492537313433,0.054546572586879546,7.658133333333332,1.7360098822043355,2,271;314
faster_rcnn,8.812,5,0.8701492537313433,0.054546572586879546,7.658133333333332,1.7360098822043355,2,271;314
faster_rcnn,8.813333333333333,5,0.8701492537313433,0.054546572586879546,7.658133333333332,1.7360098822043355,2,271;314
faster_rcnn,8.816,5,0.8701492537313433,0.054546572586879546,7.658133333333332,1.7360098822043355,2,271;314
faster_rcnn,8.824,5,0.8701492537313433,0.054546572586879546,7.658133333333332,1.7360098822043355,2,271;314
faster_rcnn,8.826666666666666,5,0.8701492537313433,0.054546572586879546,7.658133333333332,1.7360098822043355,2,271;314
faster_rcnn,8.828,5,0.8701492537313433,0.054546572586879546,7.658133333333332,1.7360098822043355,2,271;314
faster_rcnn,8.832,5,0.8701492537313433,0.054546572586879546,7.658133333333332,1.7360098822043355,2,271;314
faster_rcnn,8.833333333333334,5,0.8701492537313433,0.054546572586879546,7.658133333333332,1.7360098822043355,2,271;314
faster_rcnn,8.834666666666667,5,0.8701492537313433,0.054546572586879546,7.658133333333332,1.7360098822043355,2,271;314
faster_rcnn,8.836,5,0.8701492537313433,0.054546572586879546,7.658133333333332,1.7360098822043355,2,271;314
faster_rcnn,8.841333333333333,5,0.8701492537313433,0.054546572586879546,7.658133333333332,1.7360098822043355,2,271;314
faster_rcnn,8.842666666666666,5,0.8701492537313433,0.054546572586879546,7.658133333333332,1.7360098822043355,2,271;314
faster_rcnn,8.849333333333334,5,0.8701492537313433,0.054546572586879546,7.658133333333332,1.7360098822043355,2,271;314
faster_rcnn,8.850666666666667,5,0.8701492537313433,0.054546572586879546,7.658133333333332,1.7360098822043355,2,271;314
faster_rcnn,8.852,5,0.8701492537313433,0.054546572586879546,7.658133333333332,1.7360098822043355,2,271;314
faster_rcnn,8.853333333333333,5,0.8701492537313433,0.054546572586879546,7.658133333333332,1.7360098822043355,2,271;314
faster_rcnn,8.854666666666667,5,0.8701492537313433,0.054546572586879546,7.658133333333332,1.7360098822043355,2,271;314
faster_rcnn,8.857333333333333,5,0.8701492537313433,0.054546572586879546,7.658133333333332,1.7360098822043355,2,271;314
faster_rcnn,8.862666666666666,5,0.8701492537313433,0.054546572586879546,7.658133333333332,1.7360098822043355,2,271;314
faster_rcnn,8.864,5,0.8701492537313433,0.054546572586879546,7.658133333333332,1.7360098822043355,2,271;314
faster_rcnn,8.865333333333334,5,0.8701492537313433,0.054546572586879546,7.658133333333332,1.7360098822043355,2,271;314
faster_rcnn,8.869333333333334,5,0.8701492537313433,0.054546572586879546,7.658133333333332,1.7360098822043355,2,271;314
faster_rcnn,8.870666666666667,5,0.8701492537313433,0.054546572586879546,7.658133333333332,1.7360098822043355,2,271;314
faster_rcnn,8.872,5,0.8701492537313433,0.054546572586879546,7.658133333333332,1.7360098822043355,2,271;314
faster_rcnn,8.876,5,0.8701492537313433,0.054546572586879546,7.658133333333332,1.7360098822043355,2,271;314
faster_rcnn,8.878666666666666,5,0.8701492537313433,0.054546572586879546,7.658133333333332,1.7360098822043355,2,271;314
faster_rcnn,8.88,5,0.8701492537313433,0.054546572586879546,7.658133333333332,1.7360098822043355,2,271;314
faster_rcnn,8.881333333333334,5,0.8701492537313433,0.054546572586879546,7.658133333333332,1.7360098822043355,2,271;314
faster_rcnn,8.884,5,0.8701492537313433,0.054546572586879546,7.658133333333332,1.7360098822043355,2,271;314
faster_rcnn,8.886666666666667,5,0.8701492537313433,0.054546572586879546,7.658133333333332,1.7360098822043355,2,271;314
faster_rcnn,8.893333333333333,5,0.8701492537313433,0.054546572586879546,7.658133333333332,1.7360098822043355,2,271;314
faster_rcnn,8.894666666666666,5,0.8701492537313433,0.054546572586879546,7.658133333333332,1.7360098822043355,2,271;314
faster_rcnn,8.897333333333334,5,0.8701492537313433,0.054546572586879546,7.658133333333332,1.7360098822043355,2,271;314
faster_rcnn,8.898666666666667,5,0.8701492537313433,0.054546572586879546,7.658133333333332,1.7360098822043355,2,271;314
faster_rcnn,8.9,5,0.8701492537313433,0.054546572586879546,7.658133333333332,1.7360098822043355,2,271;314
faster_rcnn,8.906666666666666,5,0.8701492537313433,0.054546572586879546,7.658133333333332,1.7360098822043355,2,271;314
faster_rcnn,8.909333333333333,5,0.8701492537313433,0.054546572586879546,7.658133333333332,1.7360098822043355,2,271;314
faster_rcnn,8.910666666666666,5,0.8701492537313433,0.054546572586879546,7.658133333333332,1.7360098822043355,2,271;314
faster_rcnn,8.918666666666667,5,0.8708955223880597,0.054559333511744,7.802666666666665,1.8200354086909651,2,271;314
faster_rcnn,8.92,5,0.8708955223880597,0.054559333511744,7.802666666666665,1.8200354086909651,2,271;314
faster_rcnn,8.922666666666666,5,0.8708955223880597,0.054559333511744,7.802666666666665,1.8200354086909651,2,271;314
faster_rcnn,8.924,5,0.8708955223880597,0.054559333511744,7.802666666666665,1.8200354086909651,2,271;314
faster_rcnn,8.926666666666666,5,0.8708955223880597,0.054559333511744,7.802666666666665,1.8200354086909651,2,271;314
faster_rcnn,8.929333333333334,5,0.8708955223880597,0.054559333511744,7.802666666666665,1.8200354086909651,2,271;314
faster_rcnn,8.930666666666667,5,0.8708955223880597,0.054559333511744,7.802666666666665,1.8200354086909651,2,271;314
faster_rcnn,8.936,5,0.8708955223880597,0.054559333511744,7.802666666666665,1.8200354086909651,2,271;314
faster_rcnn,8.938666666666666,5,0.8708955223880597,0.054559333511744,7.802666666666665,1.8200354086909651,2,271;314
faster_rcnn,8.94,5,0.8708955223880597,0.054559333511744,7.802666666666665,1.8200354086909651,2,271;314
faster_rcnn,8.941333333333333,5,0.8708955223880597,0.054559333511744,7.802666666666665,1.8200354086909651,2,271;314
faster_rcnn,8.946666666666667,5,0.8708955223880597,0.054559333511744,7.802666666666665,1.8200354086909651,2,271;314
faster_rcnn,8.953333333333333,5,0.8708955223880597,0.054559333511744,7.802666666666665,1.8200354086909651,2,271;314
faster_rcnn,8.954666666666666,5,0.8708955223880597,0.054559333511744,7.802666666666665,1.8200354086909651,2,271;314
faster_rcnn,8.958666666666666,5,0.8708955223880597,0.054559333511744,7.802666666666665,1.8200354086909651,2,271;314
faster_rcnn,8.962666666666667,5,0.8708955223880597,0.054559333511744,7.802666666666665,1.8200354086909651,2,271;314
faster_rcnn,8.966666666666667,5,0.8708955223880597,0.054559333511744,7.802666666666665,1.8200354086909651,2,271;314
faster_rcnn,8.968,5,0.8708955223880597,0.054559333511744,7.802666666666665,1.8200354086909651,2,271;314
faster_rcnn,8.969333333333333,5,0.8708955223880597,0.054559333511744,7.802666666666665,1.8200354086909651,2,271;314
faster_rcnn,8.970666666666666,5,0.8708955223880597,0.054559333511744,7.802666666666665,1.8200354086909651,2,271;314
faster_rcnn,8.976,5,0.8708955223880597,0.054559333511744,7.802666666666665,1.8200354086909651,2,271;314
faster_rcnn,8.978666666666667,5,0.8708955223880597,0.054559333511744,7.802666666666665,1.8200354086909651,2,271;314
faster_rcnn,8.98,5,0.8708955223880597,0.054559333511744,7.802666666666665,1.8200354086909651,2,271;314
faster_rcnn,8.982666666666667,5,0.8708955223880597,0.054559333511744,7.802666666666665,1.8200354086909651,2,271;314
faster_rcnn,8.988,5,0.8708955223880597,0.054559333511744,7.802666666666665,1.8200354086909651,2,271;314
faster_rcnn,8.990666666666666,5,0.8708955223880597,0.054559333511744,7.802666666666665,1.8200354086909651,2,271;314
faster_rcnn,8.992,5,0.8708955223880597,0.054559333511744,7.802666666666665,1.8200354086909651,2,271;314
faster_rcnn,8.996,5,0.8708955223880597,0.054559333511744,7.802666666666665,1.8200354086909651,2,271;314
faster_rcnn,8.997333333333334,5,0.8708955223880597,0.054559333511744,7.802666666666665,1.8200354086909651,2,271;314
faster_rcnn,9.001333333333333,5,0.8708955223880597,0.054559333511744,7.802666666666665,1.8200354086909651,2,271;314
faster_rcnn,9.004,5,0.8708955223880597,0.054559333511744,7.802666666666665,1.8200354086909651,2,271;314
faster_rcnn,9.006666666666666,5,0.8708955223880597,0.054559333511744,7.802666666666665,1.8200354086909651,2,271;314
faster_rcnn,9.008,5,0.8708955223880597,0.054559333511744,7.802666666666665,1.8200354086909651,2,271;314
faster_rcnn,9.012,5,0.8708955223880597,0.054559333511744,7.802666666666665,1.8200354086909651,2,271;314
faster_rcnn,9.014666666666667,5,0.8708955223880597,0.054559333511744,7.802666666666665,1.8200354086909651,2,271;314
faster_rcnn,9.016,5,0.8708955223880597,0.054559333511744,7.802666666666665,1.8200354086909651,2,271;314
faster_rcnn,9.018666666666666,5,0.8708955223880597,0.054559333511744,7.802666666666665,1.8200354086909651,2,271;314
faster_rcnn,9.021333333333333,5,0.8708955223880597,0.054559333511744,7.802666666666665,1.8200354086909651,2,271;314
faster_rcnn,9.022666666666666,5,0.8708955223880597,0.054559333511744,7.802666666666665,1.8200354086909651,2,271;314
faster_rcnn,9.025333333333334,5,0.8708955223880597,0.054559333511744,7.802666666666665,1.8200354086909651,2,271;314
faster_rcnn,9.029333333333334,5,0.8708955223880597,0.054559333511744,7.802666666666665,1.8200354086909651,2,271;314
faster_rcnn,9.030666666666667,5,0.8708955223880597,0.054559333511744,7.802666666666665,1.8200354086909651,2,271;314
faster_rcnn,9.037333333333333,5,0.8708955223880597,0.054559333511744,7.802666666666665,1.8200354086909651,2,271;314
faster_rcnn,9.038666666666666,5,0.8708955223880597,0.054559333511744,7.802666666666665,1.8200354086909651,2,271;314
faster_rcnn,9.04,5,0.8708955223880597,0.054559333511744,7.802666666666665,1.8200354086909651,2,271;314
faster_rcnn,9.048,5,0.8708955223880597,0.054559333511744,7.802666666666665,1.8200354086909651,2,271;314
faster_rcnn,9.049333333333333,5,0.8708955223880597,0.054559333511744,7.802666666666665,1.8200354086909651,2,271;314
faster_rcnn,9.050666666666666,5,0.8708955223880597,0.054559333511744,7.802666666666665,1.8200354086909651,2,271;314
faster_rcnn,9.056,5,0.8708955223880597,0.054559333511744,7.802666666666665,1.8200354086909651,2,271;314
faster_rcnn,9.058666666666667,5,0.8708955223880597,0.054559333511744,7.802666666666665,1.8200354086909651,2,271;314
faster_rcnn,9.062666666666667,5,0.8708955223880597,0.054559333511744,7.802666666666665,1.8200354086909651,2,271;314
faster_rcnn,9.064,5,0.8708955223880597,0.054559333511744,7.802666666666665,1.8200354086909651,2,271;314
faster_rcnn,9.066666666666666,5,0.8708955223880597,0.054559333511744,7.802666666666665,1.8200354086909651,2,271;314
faster_rcnn,9.068,5,0.8708955223880597,0.054559333511744,7.802666666666665,1.8200354086909651,2,271;314
faster_rcnn,9.072,5,0.8708955223880597,0.054559333511744,7.802666666666665,1.8200354086909651,2,271;314
faster_rcnn,9.074666666666667,5,0.8708955223880597,0.054559333511744,7.802666666666665,1.8200354086909651,2,271;314
faster_rcnn,9.076,5,0.8708955223880597,0.054559333511744,7.802666666666665,1.8200354086909651,2,271;314
faster_rcnn,9.077333333333334,5,0.8708955223880597,0.054559333511744,7.802666666666665,1.8200354086909651,2,271;314
faster_rcnn,9.081333333333333,5,0.8708955223880597,0.054559333511744,7.802666666666665,1.8200354086909651,2,271;314
faster_rcnn,9.085333333333333,5,0.8708955223880597,0.054559333511744,7.802666666666665,1.8200354086909651,2,271;314
faster_rcnn,9.089333333333334,5,0.8708955223880597,0.054559333511744,7.802666666666665,1.8200354086909651,2,271;314
faster_rcnn,9.096,5,0.8708955223880597,0.054559333511744,7.802666666666665,1.8200354086909651,2,271;314
faster_rcnn,9.097333333333333,5,0.8708955223880597,0.054559333511744,7.802666666666665,1.8200354086909651,2,271;314
faster_rcnn,9.098666666666666,5,0.8708955223880597,0.054559333511744,7.802666666666665,1.8200354086909651,2,271;314
faster_rcnn,9.105333333333334,5,0.8708955223880597,0.054559333511744,7.802666666666665,1.8200354086909651,2,271;314
faster_rcnn,9.106666666666667,5,0.8708955223880597,0.054559333511744,7.802666666666665,1.8200354086909651,2,271;314
faster_rcnn,9.110666666666667,5,0.8708955223880597,0.054559333511744,7.802666666666665,1.8200354086909651,2,271;314
faster_rcnn,9.114666666666666,5,0.8708955223880597,0.054559333511744,7.802666666666665,1.8200354086909651,2,271;314
faster_rcnn,9.116,5,0.8708955223880597,0.054559333511744,7.802666666666665,1.8200354086909651,2,271;314
faster_rcnn,9.117333333333333,5,0.8708955223880597,0.054559333511744,7.802666666666665,1.8200354086909651,2,271;314
faster_rcnn,9.118666666666666,5,0.8708955223880597,0.054559333511744,7.802666666666665,1.8200354086909651,2,271;314
faster_rcnn,9.124,5,0.8708955223880597,0.054559333511744,7.802666666666665,1.8200354086909651,2,271;314
faster_rcnn,9.125333333333334,5,0.8708955223880597,0.054559333511744,7.802666666666665,1.8200354086909651,2,271;314
faster_rcnn,9.126666666666667,5,0.8708955223880597,0.054559333511744,7.802666666666665,1.8200354086909651,2,271;314
faster_rcnn,9.132,5,0.8708955223880597,0.054559333511744,7.802666666666665,1.8200354086909651,2,271;314
faster_rcnn,9.133333333333333,5,0.8708955223880597,0.054559333511744,7.802666666666665,1.8200354086909651,2,271;314
faster_rcnn,9.136,5,0.8708955223880597,0.054559333511744,7.802666666666665,1.8200354086909651,2,271;314
faster_rcnn,9.145333333333333,5,0.8708955223880597,0.054559333511744,7.802666666666665,1.8200354086909651,2,271;314
faster_rcnn,9.146666666666667,5,0.8708955223880597,0.054559333511744,7.802666666666665,1.8200354086909651,2,271;314
faster_rcnn,9.148,5,0.8708955223880597,0.054559333511744,7.802666666666665,1.8200354086909651,2,271;314
faster_rcnn,9.153333333333334,5,0.8708955223880597,0.054559333511744,7.802666666666665,1.8200354086909651,2,271;314
faster_rcnn,9.157333333333334,5,0.8708955223880597,0.054559333511744,7.802666666666665,1.8200354086909651,2,271;314
faster_rcnn,9.16,5,0.8708955223880597,0.054559333511744,7.802666666666665,1.8200354086909651,2,271;314
faster_rcnn,9.161333333333333,5,0.8708955223880597,0.054559333511744,7.802666666666665,1.8200354086909651,2,271;314
faster_rcnn,9.164,5,0.8708955223880597,0.054559333511744,7.802666666666665,1.8200354086909651,2,271;314
faster_rcnn,9.165333333333333,5,0.8708955223880597,0.054559333511744,7.802666666666665,1.8200354086909651,2,271;314
faster_rcnn,9.166666666666666,5,0.8708955223880597,0.054559333511744,7.802666666666665,1.8200354086909651,2,271;314
faster_rcnn,9.169333333333332,5,0.8708955223880597,0.054559333511744,7.802666666666665,1.8200354086909651,2,271;314
faster_rcnn,9.172,5,0.8708955223880597,0.054559333511744,7.802666666666665,1.8200354086909651,2,271;314
faster_rcnn,9.173333333333334,5,0.8708955223880597,0.054559333511744,7.802666666666665,1.8200354086909651,2,271;314
faster_rcnn,9.177333333333333,5,0.8708955223880597,0.054559333511744,7.802666666666665,1.8200354086909651,2,271;314
faster_rcnn,9.18,5,0.8708955223880597,0.054559333511744,7.802666666666665,1.8200354086909651,2,271;314
faster_rcnn,9.184,5,0.8708955223880597,0.054559333511744,7.802666666666665,1.8200354086909651,2,271;314
faster_rcnn,9.185333333333332,5,0.8708955223880597,0.054559333511744,7.802666666666665,1.8200354086909651,2,271;314
faster_rcnn,9.189333333333334,5,0.8708955223880597,0.054559333511744,7.802666666666665,1.8200354086909651,2,271;314
faster_rcnn,9.190666666666667,5,0.8708955223880597,0.054559333511744,7.802666666666665,1.8200354086909651,2,271;314
faster_rcnn,9.197333333333333,5,0.8708955223880597,0.054559333511744,7.802666666666665,1.8200354086909651,2,271;314
faster_rcnn,9.198666666666666,5,0.8708955223880597,0.054559333511744,7.802666666666665,1.8200354086909651,2,271;314
faster_rcnn,9.206666666666667,5,0.8708955223880597,0.054559333511744,7.802666666666665,1.8200354086909651,2,271;314
faster_rcnn,9.209333333333333,5,0.8708955223880597,0.054559333511744,7.802666666666665,1.8200354086909651,2,271;314
faster_rcnn,9.212,5,0.8708955223880597,0.054559333511744,7.802666666666665,1.8200354086909651,2,271;314
faster_rcnn,9.213333333333333,5,0.8708955223880597,0.054559333511744,7.802666666666665,1.8200354086909651,2,271;314
faster_rcnn,9.22,5,0.8708955223880597,0.054559333511744,7.802666666666665,1.8200354086909651,2,271;314
faster_rcnn,9.224,5,0.8708955223880597,0.054559333511744,7.802666666666665,1.8200354086909651,2,271;314
faster_rcnn,9.225333333333333,5,0.8708955223880597,0.054559333511744,7.802666666666665,1.8200354086909651,2,271;314
faster_rcnn,9.228,5,0.8708955223880597,0.054559333511744,7.802666666666665,1.8200354086909651,2,271;314
faster_rcnn,9.229333333333333,5,0.8708955223880597,0.054559333511744,7.802666666666665,1.8200354086909651,2,271;314
faster_rcnn,9.232,5,0.8708955223880597,0.054559333511744,7.802666666666665,1.8200354086909651,2,271;314
faster_rcnn,9.237333333333334,5,0.8708955223880597,0.054559333511744,7.802666666666665,1.8200354086909651,2,271;314
faster_rcnn,9.24,5,0.8708955223880597,0.054559333511744,7.802666666666665,1.8200354086909651,2,271;314
faster_rcnn,9.242666666666667,5,0.8708955223880597,0.054559333511744,7.802666666666665,1.8200354086909651,2,271;314
faster_rcnn,9.244,5,0.8708955223880597,0.054559333511744,7.802666666666665,1.8200354086909651,2,271;314
faster_rcnn,9.248,5,0.8708955223880597,0.054559333511744,7.802666666666665,1.8200354086909651,2,271;314
faster_rcnn,9.252,5,0.8708955223880597,0.054559333511744,7.802666666666665,1.8200354086909651,2,271;314
faster_rcnn,9.253333333333334,5,0.8708955223880597,0.054559333511744,7.802666666666665,1.8200354086909651,2,271;314
faster_rcnn,9.258666666666667,5,0.8708955223880597,0.054559333511744,7.802666666666665,1.8200354086909651,2,271;314
faster_rcnn,9.26,5,0.8708955223880597,0.054559333511744,7.802666666666665,1.8200354086909651,2,271;314
faster_rcnn,9.266666666666667,5,0.8708955223880597,0.054559333511744,7.802666666666665,1.8200354086909651,2,271;314
faster_rcnn,9.272,5,0.8708955223880597,0.054559333511744,7.802666666666665,1.8200354086909651,2,271;314
faster_rcnn,9.274666666666667,5,0.8708955223880597,0.054559333511744,7.802666666666665,1.8200354086909651,2,271;314
faster_rcnn,9.284,5,0.8708955223880597,0.054559333511744,7.802666666666665,1.8200354086909651,2,271;314
faster_rcnn,9.285333333333334,5,0.8708955223880597,0.054559333511744,7.802666666666665,1.8200354086909651,2,271;314
faster_rcnn,9.290666666666667,5,0.8708955223880597,0.054559333511744,7.802666666666665,1.8200354086909651,2,271;314
faster_rcnn,9.292,5,0.8708955223880597,0.054559333511744,7.802666666666665,1.8200354086909651,2,271;314
faster_rcnn,9.293333333333333,5,0.8708955223880597,0.054559333511744,7.802666666666665,1.8200354086909651,2,271;314
faster_rcnn,9.294666666666666,5,0.8708955223880597,0.054559333511744,7.802666666666665,1.8200354086909651,2,271;314
faster_rcnn,9.297333333333333,5,0.8708955223880597,0.054559333511744,7.802666666666665,1.8200354086909651,2,271;314
faster_rcnn,9.298666666666668,5,0.8708955223880597,0.054559333511744,7.802666666666665,1.8200354086909651,2,271;314
faster_rcnn,9.302666666666667,5,0.8708955223880597,0.054559333511744,7.802666666666665,1.8200354086909651,2,271;314
faster_rcnn,9.305333333333333,5,0.8708955223880597,0.054559333511744,7.802666666666665,1.8200354086909651,2,271;314
faster_rcnn,9.309333333333333,5,0.8708955223880597,0.054559333511744,7.802666666666665,1.8200354086909651,2,271;314
faster_rcnn,9.310666666666666,5,0.8708955223880597,0.054559333511744,7.802666666666665,1.8200354086909651,2,271;314
faster_rcnn,9.316,5,0.8708955223880597,0.054559333511744,7.802666666666665,1.8200354086909651,2,271;314
faster_rcnn,9.321333333333333,5,0.8708955223880597,0.054559333511744,7.802666666666665,1.8200354086909651,2,271;314
faster_rcnn,9.324,5,0.8716417910447761,0.05462309341840389,7.883733333333332,1.8898581722211618,2,271;314
faster_rcnn,9.326666666666666,5,0.8716417910447761,0.05462309341840389,7.883733333333332,1.8898581722211618,2,271;314
faster_rcnn,9.330666666666668,5,0.8716417910447761,0.05462309341840389,7.883733333333332,1.8898581722211618,2,271;314
faster_rcnn,9.336,5,0.8716417910447761,0.05462309341840389,7.883733333333332,1.8898581722211618,2,271;314
faster_rcnn,9.338666666666667,5,0.8716417910447761,0.05462309341840389,7.883733333333332,1.8898581722211618,2,271;314
faster_rcnn,9.34,5,0.8716417910447761,0.05462309341840389,7.883733333333332,1.8898581722211618,2,271;314
faster_rcnn,9.341333333333333,5,0.8716417910447761,0.05462309341840389,7.883733333333332,1.8898581722211618,2,271;314
faster_rcnn,9.345333333333333,5,0.8716417910447761,0.05462309341840389,7.883733333333332,1.8898581722211618,2,271;314
faster_rcnn,9.346666666666666,5,0.8716417910447761,0.05462309341840389,7.883733333333332,1.8898581722211618,2,271;314
faster_rcnn,9.349333333333334,5,0.8716417910447761,0.05462309341840389,7.883733333333332,1.8898581722211618,2,271;314
faster_rcnn,9.350666666666667,5,0.8716417910447761,0.05462309341840389,7.883733333333332,1.8898581722211618,2,271;314
faster_rcnn,9.353333333333333,5,0.8716417910447761,0.05462309341840389,7.883733333333332,1.8898581722211618,2,271;314
faster_rcnn,9.358666666666666,5,0.8716417910447761,0.05462309341840389,7.883733333333332,1.8898581722211618,2,271;314
faster_rcnn,9.36,5,0.8716417910447761,0.05462309341840389,7.883733333333332,1.8898581722211618,2,271;314
faster_rcnn,9.364,5,0.8716417910447761,0.05462309341840389,7.883733333333332,1.8898581722211618,2,271;314
faster_rcnn,9.366666666666667,5,0.8723880597014926,0.05473767409221567,7.892266666666666,1.8980657757013821,2,271;314
faster_rcnn,9.368,5,0.8723880597014926,0.05473767409221567,7.892266666666666,1.8980657757013821,2,271;314
faster_rcnn,9.372,5,0.8723880597014926,0.05473767409221567,7.892266666666666,1.8980657757013821,2,271;314
faster_rcnn,9.374666666666666,5,0.8723880597014926,0.05473767409221567,7.892266666666666,1.8980657757013821,2,271;314
faster_rcnn,9.377333333333333,5,0.8723880597014926,0.05473767409221567,7.892266666666666,1.8980657757013821,2,271;314
faster_rcnn,9.382666666666667,5,0.8731343283582088,0.05534476482907211,8.062133333333332,2.0047859625295557,2,271;314
faster_rcnn,9.384,5,0.8731343283582088,0.05534476482907211,8.062133333333332,2.0047859625295557,2,271;314
faster_rcnn,9.385333333333334,5,0.8731343283582088,0.05534476482907211,8.062133333333332,2.0047859625295557,2,271;314
faster_rcnn,9.386666666666667,5,0.8731343283582088,0.05534476482907211,8.062133333333332,2.0047859625295557,2,271;314
faster_rcnn,9.392,5,0.8731343283582088,0.05534476482907211,8.062133333333332,2.0047859625295557,2,271;314
faster_rcnn,9.396,5,0.8731343283582088,0.05534476482907211,8.062133333333332,2.0047859625295557,2,271;314
faster_rcnn,9.398666666666667,5,0.8731343283582088,0.05534476482907211,8.062133333333332,2.0047859625295557,2,271;314
faster_rcnn,9.4,5,0.8731343283582088,0.05534476482907211,8.062133333333332,2.0047859625295557,2,271;314
faster_rcnn,9.402666666666667,5,0.8731343283582088,0.05534476482907211,8.062133333333332,2.0047859625295557,2,271;314
faster_rcnn,9.406666666666666,5,0.8731343283582088,0.05534476482907211,8.062133333333332,2.0047859625295557,2,271;314
faster_rcnn,9.413333333333334,5,0.8731343283582088,0.05534476482907211,8.062133333333332,2.0047859625295557,2,271;314
faster_rcnn,9.414666666666667,5,0.8731343283582088,0.05534476482907211,8.062133333333332,2.0047859625295557,2,271;314
faster_rcnn,9.418666666666667,5,0.8731343283582088,0.05534476482907211,8.062133333333332,2.0047859625295557,2,271;314
faster_rcnn,9.421333333333333,5,0.8731343283582088,0.05534476482907211,8.062133333333332,2.0047859625295557,2,271;314
faster_rcnn,9.428,5,0.8738805970149255,0.05549549982859166,8.0744,2.0149255073079004,2,271;314
faster_rcnn,9.429333333333334,5,0.8738805970149255,0.05549549982859166,8.0744,2.0149255073079004,2,271;314
faster_rcnn,9.430666666666667,5,0.8738805970149255,0.05549549982859166,8.0744,2.0149255073079004,2,271;314
faster_rcnn,9.436,5,0.8738805970149255,0.05549549982859166,8.0744,2.0149255073079004,2,271;314
faster_rcnn,9.437333333333333,5,0.8738805970149255,0.05549549982859166,8.0744,2.0149255073079004,2,271;314
faster_rcnn,9.438666666666666,5,0.8738805970149255,0.05549549982859166,8.0744,2.0149255073079004,2,271;314
faster_rcnn,9.444,5,0.8738805970149255,0.05549549982859166,8.0744,2.0149255073079004,2,271;314
faster_rcnn,9.446666666666667,5,0.8738805970149255,0.05549549982859166,8.0744,2.0149255073079004,2,271;314
faster_rcnn,9.448,5,0.8738805970149255,0.05549549982859166,8.0744,2.0149255073079004,2,271;314
faster_rcnn,9.450666666666667,5,0.8738805970149255,0.05549549982859166,8.0744,2.0149255073079004,2,271;314
faster_rcnn,9.452,5,0.8738805970149255,0.05549549982859166,8.0744,2.0149255073079004,2,271;314
faster_rcnn,9.456,5,0.8738805970149255,0.05549549982859166,8.0744,2.0149255073079004,2,271;314
faster_rcnn,9.457333333333333,5,0.8738805970149255,0.05549549982859166,8.0744,2.0149255073079004,2,271;314
faster_rcnn,9.465333333333334,5,0.8738805970149255,0.05549549982859166,8.0744,2.0149255073079004,2,271;314
faster_rcnn,9.468,5,0.8738805970149255,0.05549549982859166,8.0744,2.0149255073079004,2,271;314
faster_rcnn,9.473333333333333,5,0.8738805970149255,0.05549549982859166,8.0744,2.0149255073079004,2,271;314
faster_rcnn,9.474666666666666,5,0.8738805970149255,0.05549549982859166,8.0744,2.0149255073079004,2,271;314
faster_rcnn,9.48,5,0.8738805970149255,0.05549549982859166,8.0744,2.0149255073079004,2,271;314
faster_rcnn,9.481333333333334,5,0.8738805970149255,0.05549549982859166,8.0744,2.0149255073079004,2,271;314
faster_rcnn,9.482666666666667,5,0.8738805970149255,0.05549549982859166,8.0744,2.0149255073079004,2,271;314
faster_rcnn,9.486666666666666,5,0.8738805970149255,0.05549549982859166,8.0744,2.0149255073079004,2,271;314
faster_rcnn,9.489333333333333,5,0.8738805970149255,0.05549549982859166,8.0744,2.0149255073079004,2,271;314
faster_rcnn,9.493333333333334,5,0.8738805970149255,0.05549549982859166,8.0744,2.0149255073079004,2,271;314
faster_rcnn,9.494666666666667,5,0.8738805970149255,0.05549549982859166,8.0744,2.0149255073079004,2,271;314
faster_rcnn,9.497333333333334,5,0.8738805970149255,0.05549549982859166,8.0744,2.0149255073079004,2,271;314
faster_rcnn,9.502666666666666,5,0.8738805970149255,0.05549549982859166,8.0744,2.0149255073079004,2,271;314
faster_rcnn,9.505333333333333,5,0.8738805970149255,0.05549549982859166,8.0744,2.0149255073079004,2,271;314
faster_rcnn,9.510666666666667,5,0.8738805970149255,0.05549549982859166,8.0744,2.0149255073079004,2,271;314
faster_rcnn,9.512,5,0.8738805970149255,0.05549549982859166,8.0744,2.0149255073079004,2,271;314
faster_rcnn,9.513333333333334,5,0.8738805970149255,0.05549549982859166,8.0744,2.0149255073079004,2,271;314
faster_rcnn,9.52,5,0.8738805970149255,0.05549549982859166,8.0744,2.0149255073079004,2,271;314
faster_rcnn,9.522666666666666,5,0.8738805970149255,0.05549549982859166,8.0744,2.0149255073079004,2,271;314
faster_rcnn,9.524,5,0.8738805970149255,0.05549549982859166,8.0744,2.0149255073079004,2,271;314
faster_rcnn,9.525333333333334,5,0.8738805970149255,0.05549549982859166,8.0744,2.0149255073079004,2,271;314
faster_rcnn,9.526666666666667,5,0.8738805970149255,0.05549549982859166,8.0744,2.0149255073079004,2,271;314
faster_rcnn,9.530666666666667,5,0.8738805970149255,0.05549549982859166,8.0744,2.0149255073079004,2,271;314
faster_rcnn,9.534666666666666,5,0.8738805970149255,0.05549549982859166,8.0744,2.0149255073079004,2,271;314
faster_rcnn,9.537333333333333,5,0.8738805970149255,0.05549549982859166,8.0744,2.0149255073079004,2,271;314
faster_rcnn,9.541333333333334,5,0.8738805970149255,0.05549549982859166,8.0744,2.0149255073079004,2,271;314
faster_rcnn,9.544,5,0.8738805970149255,0.05549549982859166,8.0744,2.0149255073079004,2,271;314
faster_rcnn,9.546666666666667,5,0.8738805970149255,0.05549549982859166,8.0744,2.0149255073079004,2,271;314
faster_rcnn,9.550666666666666,5,0.8738805970149255,0.05549549982859166,8.0744,2.0149255073079004,2,271;314
faster_rcnn,9.552,5,0.8738805970149255,0.05549549982859166,8.0744,2.0149255073079004,2,271;314
faster_rcnn,9.553333333333333,5,0.8738805970149255,0.05549549982859166,8.0744,2.0149255073079004,2,271;314
faster_rcnn,9.557333333333334,5,0.8738805970149255,0.05549549982859166,8.0744,2.0149255073079004,2,271;314
faster_rcnn,9.561333333333334,5,0.8738805970149255,0.05549549982859166,8.0744,2.0149255073079004,2,271;314
faster_rcnn,9.564,5,0.8738805970149255,0.05549549982859166,8.0744,2.0149255073079004,2,271;314
faster_rcnn,9.566666666666666,5,0.8738805970149255,0.05549549982859166,8.0744,2.0149255073079004,2,271;314
faster_rcnn,9.568,5,0.8738805970149255,0.05549549982859166,8.0744,2.0149255073079004,2,271;314
faster_rcnn,9.570666666666666,5,0.8738805970149255,0.05549549982859166,8.0744,2.0149255073079004,2,271;314
faster_rcnn,9.573333333333334,5,0.8738805970149255,0.05549549982859166,8.0744,2.0149255073079004,2,271;314
faster_rcnn,9.58,5,0.8738805970149255,0.05549549982859166,8.0744,2.0149255073079004,2,271;314
faster_rcnn,9.581333333333333,5,0.8738805970149255,0.05549549982859166,8.0744,2.0149255073079004,2,271;314
faster_rcnn,9.582666666666666,5,0.8738805970149255,0.05549549982859166,8.0744,2.0149255073079004,2,271;314
faster_rcnn,9.584,5,0.8738805970149255,0.05549549982859166,8.0744,2.0149255073079004,2,271;314
faster_rcnn,9.588,5,0.8738805970149255,0.05549549982859166,8.0744,2.0149255073079004,2,271;314
faster_rcnn,9.594666666666667,5,0.8738805970149255,0.05549549982859166,8.0744,2.0149255073079004,2,271;314
faster_rcnn,9.601333333333333,5,0.8738805970149255,0.05549549982859166,8.0744,2.0149255073079004,2,271;314
faster_rcnn,9.602666666666666,5,0.8738805970149255,0.05549549982859166,8.0744,2.0149255073079004,2,271;314
faster_rcnn,9.605333333333334,5,0.8746268656716417,0.05600745025704118,8.288533333333334,2.12969160000013,2,271;314
faster_rcnn,9.608,5,0.8746268656716417,0.05600745025704118,8.288533333333334,2.12969160000013,2,271;314
faster_rcnn,9.609333333333334,5,0.8746268656716417,0.05600745025704118,8.288533333333334,2.12969160000013,2,271;314
faster_rcnn,9.612,5,0.8746268656716417,0.05600745025704118,8.288533333333334,2.12969160000013,2,271;314
faster_rcnn,9.617333333333333,5,0.8746268656716417,0.05600745025704118,8.288533333333334,2.12969160000013,2,271;314
faster_rcnn,9.618666666666666,5,0.8746268656716417,0.05600745025704118,8.288533333333334,2.12969160000013,2,271;314
faster_rcnn,9.621333333333334,5,0.8746268656716417,0.05600745025704118,8.288533333333334,2.12969160000013,2,271;314
faster_rcnn,9.622666666666667,5,0.8746268656716417,0.05600745025704118,8.288533333333334,2.12969160000013,2,271;314
faster_rcnn,9.624,5,0.8746268656716417,0.05600745025704118,8.288533333333334,2.12969160000013,2,271;314
faster_rcnn,9.630666666666666,5,0.8746268656716417,0.05600745025704118,8.288533333333334,2.12969160000013,2,271;314
faster_rcnn,9.633333333333333,5,0.8746268656716417,0.05600745025704118,8.288533333333334,2.12969160000013,2,271;314
faster_rcnn,9.636,5,0.8746268656716417,0.05600745025704118,8.288533333333334,2.12969160000013,2,271;314
faster_rcnn,9.637333333333334,5,0.8746268656716417,0.05600745025704118,8.288533333333334,2.12969160000013,2,271;314
faster_rcnn,9.641333333333334,5,0.8746268656716417,0.05600745025704118,8.288533333333334,2.12969160000013,2,271;314
faster_rcnn,9.644,5,0.8746268656716417,0.05600745025704118,8.288533333333334,2.12969160000013,2,271;314
faster_rcnn,9.646666666666667,5,0.8746268656716417,0.05600745025704118,8.288533333333334,2.12969160000013,2,271;314
faster_rcnn,9.648,5,0.8746268656716417,0.05600745025704118,8.288533333333334,2.12969160000013,2,271;314
faster_rcnn,9.652,5,0.8746268656716417,0.05600745025704118,8.288533333333334,2.12969160000013,2,271;314
faster_rcnn,9.653333333333334,5,0.8746268656716417,0.05600745025704118,8.288533333333334,2.12969160000013,2,271;314
faster_rcnn,9.656,5,0.8746268656716417,0.05600745025704118,8.288533333333334,2.12969160000013,2,271;314
faster_rcnn,9.657333333333334,5,0.8746268656716417,0.05600745025704118,8.288533333333334,2.12969160000013,2,271;314
faster_rcnn,9.662666666666667,5,0.8746268656716417,0.05600745025704118,8.288533333333334,2.12969160000013,2,271;314
faster_rcnn,9.664,5,0.8746268656716417,0.05600745025704118,8.288533333333334,2.12969160000013,2,271;314
faster_rcnn,9.665333333333333,5,0.8746268656716417,0.05600745025704118,8.288533333333334,2.12969160000013,2,271;314
faster_rcnn,9.668,5,0.8746268656716417,0.05600745025704118,8.288533333333334,2.12969160000013,2,271;314
faster_rcnn,9.670666666666667,5,0.8746268656716417,0.05600745025704118,8.288533333333334,2.12969160000013,2,271;314
faster_rcnn,9.678666666666667,5,0.8746268656716417,0.05600745025704118,8.288533333333334,2.12969160000013,2,271;314
faster_rcnn,9.68,5,0.8746268656716417,0.05600745025704118,8.288533333333334,2.12969160000013,2,271;314
faster_rcnn,9.685333333333332,5,0.8746268656716417,0.05600745025704118,8.288533333333334,2.12969160000013,2,271;314
faster_rcnn,9.688,5,0.8746268656716417,0.05600745025704118,8.288533333333334,2.12969160000013,2,271;314
faster_rcnn,9.694666666666667,5,0.8746268656716417,0.05600745025704118,8.288533333333334,2.12969160000013,2,271;314
faster_rcnn,9.696,5,0.8746268656716417,0.05600745025704118,8.288533333333334,2.12969160000013,2,271;314
faster_rcnn,9.697333333333333,5,0.8746268656716417,0.05600745025704118,8.288533333333334,2.12969160000013,2,271;314
faster_rcnn,9.7,5,0.8746268656716417,0.05600745025704118,8.288533333333334,2.12969160000013,2,271;314
faster_rcnn,9.702666666666667,5,0.8746268656716417,0.05600745025704118,8.288533333333334,2.12969160000013,2,271;314
faster_rcnn,9.705333333333334,5,0.8746268656716417,0.05600745025704118,8.288533333333334,2.12969160000013,2,271;314
faster_rcnn,9.706666666666667,5,0.8746268656716417,0.05600745025704118,8.288533333333334,2.12969160000013,2,271;314
faster_rcnn,9.708,5,0.8746268656716417,0.05600745025704118,8.288533333333334,2.12969160000013,2,271;314
faster_rcnn,9.714666666666666,5,0.8746268656716417,0.05600745025704118,8.288533333333334,2.12969160000013,2,271;314
faster_rcnn,9.716,5,0.8746268656716417,0.05600745025704118,8.288533333333334,2.12969160000013,2,271;314
faster_rcnn,9.721333333333334,5,0.8746268656716417,0.05600745025704118,8.288533333333334,2.12969160000013,2,271;314
faster_rcnn,9.724,5,0.8746268656716417,0.05600745025704118,8.288533333333334,2.12969160000013,2,271;314
faster_rcnn,9.728,5,0.8746268656716417,0.05600745025704118,8.288533333333334,2.12969160000013,2,271;314
faster_rcnn,9.729333333333333,5,0.8746268656716417,0.05600745025704118,8.288533333333334,2.12969160000013,2,271;314
faster_rcnn,9.730666666666666,5,0.8746268656716417,0.05600745025704118,8.288533333333334,2.12969160000013,2,271;314
faster_rcnn,9.733333333333333,5,0.8746268656716417,0.05600745025704118,8.288533333333334,2.12969160000013,2,271;314
faster_rcnn,9.74,5,0.8746268656716417,0.05600745025704118,8.288533333333334,2.12969160000013,2,271;314
faster_rcnn,9.741333333333333,5,0.8746268656716417,0.05600745025704118,8.288533333333334,2.12969160000013,2,271;314
faster_rcnn,9.742666666666667,5,0.8746268656716417,0.05600745025704118,8.288533333333334,2.12969160000013,2,271;314
faster_rcnn,9.746666666666666,5,0.8746268656716417,0.05600745025704118,8.288533333333334,2.12969160000013,2,271;314
faster_rcnn,9.748,5,0.8746268656716417,0.05600745025704118,8.288533333333334,2.12969160000013,2,271;314
faster_rcnn,9.749333333333333,5,0.8746268656716417,0.05600745025704118,8.288533333333334,2.12969160000013,2,271;314
faster_rcnn,9.754666666666667,5,0.8746268656716417,0.05600745025704118,8.288533333333334,2.12969160000013,2,271;314
faster_rcnn,9.76,5,0.8746268656716417,0.05600745025704118,8.288533333333334,2.12969160000013,2,271;314
faster_rcnn,9.761333333333333,5,0.8746268656716417,0.05600745025704118,8.288533333333334,2.12969160000013,2,271;314
faster_rcnn,9.768,5,0.8746268656716417,0.05600745025704118,8.288533333333334,2.12969160000013,2,271;314
faster_rcnn,9.772,5,0.8746268656716417,0.05600745025704118,8.288533333333334,2.12969160000013,2,271;314
faster_rcnn,9.773333333333333,5,0.8753731343283583,0.05656401361682745,8.322133333333333,2.1568129986420037,2,271;314
faster_rcnn,9.781333333333333,5,0.8753731343283583,0.05656401361682745,8.322133333333333,2.1568129986420037,2,271;314
faster_rcnn,9.782666666666668,5,0.8753731343283583,0.05656401361682745,8.322133333333333,2.1568129986420037,2,271;314
faster_rcnn,9.784,5,0.8753731343283583,0.05656401361682745,8.322133333333333,2.1568129986420037,2,271;314
faster_rcnn,9.786666666666667,5,0.8753731343283583,0.05656401361682745,8.322133333333333,2.1568129986420037,2,271;314
faster_rcnn,9.788,5,0.8753731343283583,0.05656401361682745,8.322133333333333,2.1568129986420037,2,271;314
faster_rcnn,9.796,5,0.8753731343283583,0.05656401361682745,8.322133333333333,2.1568129986420037,2,271;314
faster_rcnn,9.797333333333333,5,0.8753731343283583,0.05656401361682745,8.322133333333333,2.1568129986420037,2,271;314
faster_rcnn,9.804,5,0.8753731343283583,0.05656401361682745,8.322133333333333,2.1568129986420037,2,271;314
faster_rcnn,9.806666666666667,5,0.8753731343283583,0.05656401361682745,8.322133333333333,2.1568129986420037,2,271;314
faster_rcnn,9.810666666666666,5,0.8753731343283583,0.05656401361682745,8.322133333333333,2.1568129986420037,2,271;314
faster_rcnn,9.812,5,0.8753731343283583,0.05656401361682745,8.322133333333333,2.1568129986420037,2,271;314
faster_rcnn,9.817333333333334,5,0.8753731343283583,0.05656401361682745,8.322133333333333,2.1568129986420037,2,271;314
faster_rcnn,9.824,5,0.8753731343283583,0.05656401361682745,8.322133333333333,2.1568129986420037,2,271;314
faster_rcnn,9.826666666666666,5,0.8753731343283583,0.05656401361682745,8.322133333333333,2.1568129986420037,2,271;314
faster_rcnn,9.828,5,0.8753731343283583,0.05656401361682745,8.322133333333333,2.1568129986420037,2,271;314
faster_rcnn,9.829333333333333,5,0.8753731343283583,0.05656401361682745,8.322133333333333,2.1568129986420037,2,271;314
faster_rcnn,9.836,5,0.8753731343283583,0.05656401361682745,8.322133333333333,2.1568129986420037,2,271;314
faster_rcnn,9.837333333333333,5,0.8753731343283583,0.05656401361682745,8.322133333333333,2.1568129986420037,2,271;314
faster_rcnn,9.84,5,0.8753731343283583,0.05656401361682745,8.322133333333333,2.1568129986420037,2,271;314
faster_rcnn,9.841333333333333,5,0.8753731343283583,0.05656401361682745,8.322133333333333,2.1568129986420037,2,271;314
faster_rcnn,9.844,5,0.8753731343283583,0.05656401361682745,8.322133333333333,2.1568129986420037,2,271;314
faster_rcnn,9.845333333333333,5,0.8753731343283583,0.05656401361682745,8.322133333333333,2.1568129986420037,2,271;314
faster_rcnn,9.850666666666667,5,0.8753731343283583,0.05656401361682745,8.322133333333333,2.1568129986420037,2,271;314
faster_rcnn,9.852,5,0.8753731343283583,0.05656401361682745,8.322133333333333,2.1568129986420037,2,271;314
faster_rcnn,9.858666666666666,5,0.8753731343283583,0.05656401361682745,8.322133333333333,2.1568129986420037,2,271;314
faster_rcnn,9.86,5,0.8753731343283583,0.05656401361682745,8.322133333333333,2.1568129986420037,2,271;314
faster_rcnn,9.861333333333333,5,0.8753731343283583,0.05656401361682745,8.322133333333333,2.1568129986420037,2,271;314
faster_rcnn,9.862666666666666,5,0.8753731343283583,0.05656401361682745,8.322133333333333,2.1568129986420037,2,271;314
faster_rcnn,9.870666666666667,5,0.8753731343283583,0.05656401361682745,8.322133333333333,2.1568129986420037,2,271;314
faster_rcnn,9.876,5,0.8753731343283583,0.05656401361682745,8.322133333333333,2.1568129986420037,2,271;314
faster_rcnn,9.877333333333333,5,0.8753731343283583,0.05656401361682745,8.322133333333333,2.1568129986420037,2,271;314
faster_rcnn,9.878666666666666,5,0.8753731343283583,0.05656401361682745,8.322133333333333,2.1568129986420037,2,271;314
faster_rcnn,9.884,5,0.8753731343283583,0.05656401361682745,8.322133333333333,2.1568129986420037,2,271;314
faster_rcnn,9.886666666666667,5,0.8753731343283583,0.05656401361682745,8.322133333333333,2.1568129986420037,2,271;314
faster_rcnn,9.890666666666666,5,0.8753731343283583,0.05656401361682745,8.322133333333333,2.1568129986420037,2,271;314
faster_rcnn,9.896,5,0.8753731343283583,0.05656401361682745,8.322133333333333,2.1568129986420037,2,271;314
faster_rcnn,9.898666666666667,5,0.8753731343283583,0.05656401361682745,8.322133333333333,2.1568129986420037,2,271;314
faster_rcnn,9.902666666666667,5,0.8753731343283583,0.05656401361682745,8.322133333333333,2.1568129986420037,2,271;314
faster_rcnn,9.904,5,0.8753731343283583,0.05656401361682745,8.322133333333333,2.1568129986420037,2,271;314
faster_rcnn,9.910666666666666,5,0.8753731343283583,0.05656401361682745,8.322133333333333,2.1568129986420037,2,271;314
faster_rcnn,9.916,5,0.8753731343283583,0.05656401361682745,8.322133333333333,2.1568129986420037,2,271;314
faster_rcnn,9.917333333333334,5,0.8753731343283583,0.05656401361682745,8.322133333333333,2.1568129986420037,2,271;314
faster_rcnn,9.918666666666667,5,0.8753731343283583,0.05656401361682745,8.322133333333333,2.1568129986420037,3,42;271;314
faster_rcnn,9.925333333333333,5,0.8753731343283583,0.05656401361682745,8.322133333333333,2.1568129986420037,3,42;271;314
faster_rcnn,9.930666666666667,5,0.8753731343283583,0.05656401361682745,8.322133333333333,2.1568129986420037,3,42;271;314
faster_rcnn,9.932,5,0.8753731343283583,0.05656401361682745,8.322133333333333,2.1568129986420037,3,42;271;314
faster_rcnn,9.937333333333333,5,0.8753731343283583,0.05656401361682745,8.322133333333333,2.1568129986420037,3,42;271;314
faster_rcnn,9.942666666666666,5,0.8753731343283583,0.05656401361682745,8.322133333333333,2.1568129986420037,3,42;271;314
faster_rcnn,9.944,5,0.8753731343283583,0.05656401361682745,8.322133333333333,2.1568129986420037,3,42;271;314
faster_rcnn,9.952,5,0.8753731343283583,0.05656401361682745,8.322133333333333,2.1568129986420037,3,42;271;314
faster_rcnn,9.956,5,0.8753731343283583,0.05656401361682745,8.322133333333333,2.1568129986420037,3,42;271;314
faster_rcnn,9.958666666666666,5,0.8753731343283583,0.05656401361682745,8.322133333333333,2.1568129986420037,3,42;271;314
faster_rcnn,9.961333333333334,5,0.8761194029850745,0.05716388683141057,8.437866666666668,2.241798603304449,3,42;271;314
faster_rcnn,9.966666666666667,5,0.8761194029850745,0.05716388683141057,8.437866666666668,2.241798603304449,3,42;271;314
faster_rcnn,9.968,5,0.8761194029850745,0.05716388683141057,8.437866666666668,2.241798603304449,3,42;271;314
faster_rcnn,9.978666666666667,5,0.8761194029850745,0.05716388683141057,8.437866666666668,2.241798603304449,3,42;271;314
faster_rcnn,9.98,5,0.8761194029850745,0.05716388683141057,8.437866666666668,2.241798603304449,3,42;271;314
faster_rcnn,9.981333333333334,5,0.8761194029850745,0.05716388683141057,8.437866666666668,2.241798603304449,3,42;271;314
faster_rcnn,9.984,5,0.8761194029850745,0.05716388683141057,8.437866666666668,2.241798603304449,3,42;271;314
faster_rcnn,9.985333333333333,5,0.8761194029850745,0.05716388683141057,8.437866666666668,2.241798603304449,3,42;271;314
faster_rcnn,9.986666666666666,5,0.8761194029850745,0.05716388683141057,8.437866666666668,2.241798603304449,3,42;271;314
faster_rcnn,9.990666666666666,5,0.8761194029850745,0.05716388683141057,8.437866666666668,2.241798603304449,3,42;271;314
faster_rcnn,9.996,5,0.8761194029850745,0.05716388683141057,8.437866666666668,2.241798603304449,3,42;271;314
faster_rcnn,10.004,5,0.8761194029850745,0.05716388683141057,8.437866666666668,2.241798603304449,3,42;271;314
faster_rcnn,10.008,5,0.8761194029850745,0.05716388683141057,8.437866666666668,2.241798603304449,3,42;271;314
faster_rcnn,10.010666666666667,5,0.8761194029850745,0.05716388683141057,8.437866666666668,2.241798603304449,3,42;271;314
faster_rcnn,10.018666666666666,5,0.8761194029850745,0.05716388683141057,8.437866666666668,2.241798603304449,3,42;271;314
faster_rcnn,10.024,5,0.8761194029850745,0.05716388683141057,8.437866666666668,2.241798603304449,3,42;271;314
faster_rcnn,10.030666666666667,5,0.8761194029850745,0.05716388683141057,8.437866666666668,2.241798603304449,3,42;271;314
faster_rcnn,10.034666666666666,5,0.8761194029850745,0.05716388683141057,8.437866666666668,2.241798603304449,3,42;271;314
faster_rcnn,10.036,5,0.8761194029850745,0.05716388683141057,8.437866666666668,2.241798603304449,3,42;271;314
faster_rcnn,10.042666666666667,5,0.8761194029850745,0.05716388683141057,8.437866666666668,2.241798603304449,3,42;271;314
faster_rcnn,10.049333333333333,5,0.8761194029850745,0.05716388683141057,8.437866666666668,2.241798603304449,3,42;271;314
faster_rcnn,10.058666666666667,5,0.8761194029850745,0.05716388683141057,8.437866666666668,2.241798603304449,3,42;271;314
faster_rcnn,10.064,5,0.8761194029850745,0.05716388683141057,8.437866666666668,2.241798603304449,3,42;271;314
faster_rcnn,10.070666666666666,5,0.8761194029850745,0.05716388683141057,8.437866666666668,2.241798603304449,3,42;271;314
faster_rcnn,10.072,5,0.8761194029850745,0.05716388683141057,8.437866666666668,2.241798603304449,3,42;271;314
faster_rcnn,10.078666666666667,5,0.8761194029850745,0.05716388683141057,8.437866666666668,2.241798603304449,3,42;271;314
faster_rcnn,10.084,5,0.8761194029850745,0.05716388683141057,8.437866666666668,2.241798603304449,3,42;271;314
faster_rcnn,10.090666666666667,5,0.8761194029850745,0.05716388683141057,8.437866666666668,2.241798603304449,3,42;271;314
faster_rcnn,10.092,5,0.8761194029850745,0.05716388683141057,8.437866666666668,2.241798603304449,3,42;271;314
faster_rcnn,10.101333333333333,5,0.8761194029850745,0.05716388683141057,8.437866666666668,2.241798603304449,3,42;271;314
faster_rcnn,10.110666666666667,5,0.8761194029850745,0.05716388683141057,8.437866666666668,2.241798603304449,3,42;271;314
faster_rcnn,10.112,5,0.8761194029850745,0.05716388683141057,8.437866666666668,2.241798603304449,3,42;271;314
faster_rcnn,10.116,5,0.8761194029850745,0.05716388683141057,8.437866666666668,2.241798603304449,3,42;271;314
faster_rcnn,10.117333333333333,5,0.8761194029850745,0.05716388683141057,8.437866666666668,2.241798603304449,3,42;271;314
faster_rcnn,10.118666666666666,5,0.8761194029850745,0.05716388683141057,8.437866666666668,2.241798603304449,3,42;271;314
faster_rcnn,10.126666666666667,5,0.8761194029850745,0.05716388683141057,8.437866666666668,2.241798603304449,3,42;271;314
faster_rcnn,10.128,5,0.8761194029850745,0.05716388683141057,8.437866666666668,2.241798603304449,3,42;271;314
faster_rcnn,10.130666666666666,5,0.8761194029850745,0.05716388683141057,8.437866666666668,2.241798603304449,3,42;271;314
faster_rcnn,10.138666666666667,5,0.8761194029850745,0.05716388683141057,8.437866666666668,2.241798603304449,3,42;271;314
faster_rcnn,10.14,5,0.8761194029850745,0.05716388683141057,8.437866666666668,2.241798603304449,3,42;271;314
faster_rcnn,10.145333333333333,5,0.8761194029850745,0.05716388683141057,8.437866666666668,2.241798603304449,3,42;271;314
faster_rcnn,10.149333333333333,5,0.8761194029850745,0.05716388683141057,8.437866666666668,2.241798603304449,3,42;271;314
faster_rcnn,10.150666666666666,5,0.8761194029850745,0.05716388683141057,8.437866666666668,2.241798603304449,3,42;271;314
faster_rcnn,10.154666666666667,5,0.8761194029850745,0.05716388683141057,8.437866666666668,2.241798603304449,3,42;271;314
faster_rcnn,10.161333333333333,5,0.8761194029850745,0.05716388683141057,8.437866666666668,2.241798603304449,3,42;271;314
faster_rcnn,10.162666666666667,5,0.8761194029850745,0.05716388683141057,8.437866666666668,2.241798603304449,3,42;271;314
faster_rcnn,10.169333333333332,5,0.8761194029850745,0.05716388683141057,8.437866666666668,2.241798603304449,3,42;271;314
faster_rcnn,10.170666666666667,5,0.8761194029850745,0.05716388683141057,8.437866666666668,2.241798603304449,3,42;271;314
faster_rcnn,10.173333333333334,5,0.8761194029850745,0.05716388683141057,8.437866666666668,2.241798603304449,3,42;271;314
faster_rcnn,10.176,5,0.8761194029850745,0.05716388683141057,8.437866666666668,2.241798603304449,3,42;271;314
faster_rcnn,10.178666666666667,5,0.8761194029850745,0.05716388683141057,8.437866666666668,2.241798603304449,3,42;271;314
faster_rcnn,10.188,5,0.8761194029850745,0.05716388683141057,8.437866666666668,2.241798603304449,3,42;271;314
faster_rcnn,10.190666666666667,5,0.8761194029850745,0.05716388683141057,8.437866666666668,2.241798603304449,3,42;271;314
faster_rcnn,10.192,5,0.8761194029850745,0.05716388683141057,8.437866666666668,2.241798603304449,3,42;271;314
faster_rcnn,10.194666666666667,5,0.8761194029850745,0.05716388683141057,8.437866666666668,2.241798603304449,3,42;271;314
faster_rcnn,10.198666666666666,5,0.8761194029850745,0.05716388683141057,8.437866666666668,2.241798603304449,3,42;271;314
faster_rcnn,10.206666666666667,5,0.8768656716417912,0.057805721585185314,8.486933333333333,2.285733414999318,3,42;271;314
faster_rcnn,10.209333333333333,5,0.8768656716417912,0.057805721585185314,8.486933333333333,2.285733414999318,3,42;271;314
faster_rcnn,10.212,5,0.8768656716417912,0.057805721585185314,8.486933333333333,2.285733414999318,3,42;271;314
faster_rcnn,10.221333333333334,5,0.8768656716417912,0.057805721585185314,8.486933333333333,2.285733414999318,3,42;271;314
faster_rcnn,10.222666666666667,5,0.8768656716417912,0.057805721585185314,8.486933333333333,2.285733414999318,3,42;271;314
faster_rcnn,10.232,5,0.8768656716417912,0.057805721585185314,8.486933333333333,2.285733414999318,3,42;271;314
faster_rcnn,10.238666666666667,5,0.8768656716417912,0.057805721585185314,8.486933333333333,2.285733414999318,3,42;271;314
faster_rcnn,10.242666666666667,5,0.8768656716417912,0.057805721585185314,8.486933333333333,2.285733414999318,3,42;271;314
faster_rcnn,10.250666666666667,5,0.8768656716417912,0.057805721585185314,8.486933333333333,2.285733414999318,3,42;271;314
faster_rcnn,10.253333333333334,5,0.8768656716417912,0.057805721585185314,8.486933333333333,2.285733414999318,3,42;271;314
faster_rcnn,10.261333333333333,5,0.8768656716417912,0.057805721585185314,8.486933333333333,2.285733414999318,3,42;271;314
faster_rcnn,10.262666666666666,5,0.8768656716417912,0.057805721585185314,8.486933333333333,2.285733414999318,3,42;271;314
faster_rcnn,10.264,5,0.8768656716417912,0.057805721585185314,8.486933333333333,2.285733414999318,3,42;271;314
faster_rcnn,10.266666666666667,5,0.8768656716417912,0.057805721585185314,8.486933333333333,2.285733414999318,3,42;271;314
faster_rcnn,10.268,5,0.8768656716417912,0.057805721585185314,8.486933333333333,2.285733414999318,3,42;271;314
faster_rcnn,10.269333333333334,5,0.8768656716417912,0.057805721585185314,8.486933333333333,2.285733414999318,3,42;271;314
faster_rcnn,10.276,5,0.8768656716417912,0.057805721585185314,8.486933333333333,2.285733414999318,3,42;271;314
faster_rcnn,10.281333333333333,5,0.8768656716417912,0.057805721585185314,8.486933333333333,2.285733414999318,3,42;271;314
faster_rcnn,10.282666666666668,5,0.8768656716417912,0.057805721585185314,8.486933333333333,2.285733414999318,3,42;271;314
faster_rcnn,10.290666666666667,5,0.8768656716417912,0.057805721585185314,8.486933333333333,2.285733414999318,3,42;271;314
faster_rcnn,10.297333333333333,5,0.8768656716417912,0.057805721585185314,8.486933333333333,2.285733414999318,3,42;271;314
faster_rcnn,10.298666666666668,5,0.8776119402985074,0.057950055696469174,8.661066666666667,2.4053829263180164,3,42;271;314
faster_rcnn,10.308,5,0.8776119402985074,0.057950055696469174,8.661066666666667,2.4053829263180164,3,42;271;314
faster_rcnn,10.310666666666666,5,0.8776119402985074,0.057950055696469174,8.661066666666667,2.4053829263180164,3,42;271;314
faster_rcnn,10.316,5,0.8776119402985074,0.057950055696469174,8.661066666666667,2.4053829263180164,3,42;271;314
faster_rcnn,10.318666666666667,5,0.8776119402985074,0.057950055696469174,8.661066666666667,2.4053829263180164,3,42;271;314
faster_rcnn,10.321333333333333,5,0.8776119402985074,0.057950055696469174,8.661066666666667,2.4053829263180164,3,42;271;314
faster_rcnn,10.325333333333333,5,0.8776119402985074,0.057950055696469174,8.661066666666667,2.4053829263180164,3,42;271;314
faster_rcnn,10.329333333333333,5,0.8776119402985074,0.057950055696469174,8.661066666666667,2.4053829263180164,3,42;271;314
faster_rcnn,10.334666666666667,5,0.8776119402985074,0.057950055696469174,8.661066666666667,2.4053829263180164,3,42;271;314
faster_rcnn,10.336,5,0.8776119402985074,0.057950055696469174,8.661066666666667,2.4053829263180164,3,42;271;314
faster_rcnn,10.337333333333333,5,0.8776119402985074,0.057950055696469174,8.661066666666667,2.4053829263180164,3,42;271;314
faster_rcnn,10.345333333333333,5,0.8776119402985074,0.057950055696469174,8.661066666666667,2.4053829263180164,3,42;271;314
faster_rcnn,10.349333333333334,5,0.8776119402985074,0.057950055696469174,8.661066666666667,2.4053829263180164,3,42;271;314
faster_rcnn,10.350666666666667,5,0.8776119402985074,0.057950055696469174,8.661066666666667,2.4053829263180164,3,42;271;314
faster_rcnn,10.354666666666667,5,0.8776119402985074,0.057950055696469174,8.661066666666667,2.4053829263180164,3,42;271;314
faster_rcnn,10.358666666666666,5,0.8776119402985074,0.057950055696469174,8.661066666666667,2.4053829263180164,3,42;271;314
faster_rcnn,10.361333333333333,5,0.8776119402985074,0.057950055696469174,8.661066666666667,2.4053829263180164,3,42;271;314
faster_rcnn,10.365333333333334,5,0.8776119402985074,0.057950055696469174,8.661066666666667,2.4053829263180164,3,42;271;314
faster_rcnn,10.366666666666667,5,0.8776119402985074,0.057950055696469174,8.661066666666667,2.4053829263180164,3,42;271;314
faster_rcnn,10.368,5,0.8776119402985074,0.057950055696469174,8.661066666666667,2.4053829263180164,3,42;271;314
faster_rcnn,10.376,5,0.8776119402985074,0.057950055696469174,8.661066666666667,2.4053829263180164,3,42;271;314
faster_rcnn,10.382666666666667,5,0.8783582089552239,0.05814194382323119,8.677866666666667,2.419929218432271,3,42;271;314
faster_rcnn,10.390666666666666,5,0.8783582089552239,0.05814194382323119,8.677866666666667,2.419929218432271,3,42;271;314
faster_rcnn,10.393333333333333,5,0.8783582089552239,0.05814194382323119,8.677866666666667,2.419929218432271,3,42;271;314
faster_rcnn,10.397333333333334,5,0.8783582089552239,0.05814194382323119,8.677866666666667,2.419929218432271,3,42;271;314
faster_rcnn,10.4,5,0.8783582089552239,0.05814194382323119,8.677866666666667,2.419929218432271,3,42;271;314
faster_rcnn,10.408,5,0.8783582089552239,0.05814194382323119,8.677866666666667,2.419929218432271,3,42;271;314
faster_rcnn,10.424,5,0.8783582089552239,0.05814194382323119,8.677866666666667,2.419929218432271,3,42;271;314
faster_rcnn,10.426666666666666,5,0.8783582089552239,0.05814194382323119,8.677866666666667,2.419929218432271,3,42;271;314
faster_rcnn,10.428,5,0.8783582089552239,0.05814194382323119,8.677866666666667,2.419929218432271,3,42;271;314
faster_rcnn,10.430666666666667,5,0.8783582089552239,0.05814194382323119,8.677866666666667,2.419929218432271,3,42;271;314
faster_rcnn,10.437333333333333,5,0.8783582089552239,0.05814194382323119,8.677866666666667,2.419929218432271,3,42;271;314
faster_rcnn,10.445333333333334,5,0.8783582089552239,0.05814194382323119,8.677866666666667,2.419929218432271,3,42;271;314
faster_rcnn,10.446666666666667,5,0.8783582089552239,0.05814194382323119,8.677866666666667,2.419929218432271,3,42;271;314
faster_rcnn,10.448,5,0.8783582089552239,0.05814194382323119,8.677866666666667,2.419929218432271,3,42;271;314
faster_rcnn,10.449333333333334,5,0.8783582089552239,0.05814194382323119,8.677866666666667,2.419929218432271,3,42;271;314
faster_rcnn,10.454666666666666,5,0.8783582089552239,0.05814194382323119,8.677866666666667,2.419929218432271,3,42;271;314
faster_rcnn,10.456,5,0.8783582089552239,0.05814194382323119,8.677866666666667,2.419929218432271,3,42;271;314
faster_rcnn,10.462666666666667,5,0.8783582089552239,0.05814194382323119,8.677866666666667,2.419929218432271,3,42;271;314
faster_rcnn,10.464,5,0.8783582089552239,0.05814194382323119,8.677866666666667,2.419929218432271,3,42;271;314
faster_rcnn,10.470666666666666,5,0.8783582089552239,0.05814194382323119,8.677866666666667,2.419929218432271,3,42;271;314
faster_rcnn,10.472,5,0.8783582089552239,0.05814194382323119,8.677866666666667,2.419929218432271,3,42;271;314
faster_rcnn,10.473333333333333,5,0.8783582089552239,0.05814194382323119,8.677866666666667,2.419929218432271,3,42;271;314
faster_rcnn,10.48,5,0.8783582089552239,0.05814194382323119,8.677866666666667,2.419929218432271,3,42;271;314
faster_rcnn,10.488,5,0.8783582089552239,0.05814194382323119,8.677866666666667,2.419929218432271,3,42;271;314
faster_rcnn,10.489333333333333,5,0.8783582089552239,0.05814194382323119,8.677866666666667,2.419929218432271,3,42;271;314
faster_rcnn,10.493333333333334,5,0.8783582089552239,0.05814194382323119,8.677866666666667,2.419929218432271,3,42;271;314
faster_rcnn,10.498666666666667,5,0.8783582089552239,0.05814194382323119,8.677866666666667,2.419929218432271,3,42;271;314
faster_rcnn,10.502666666666666,5,0.8783582089552239,0.05814194382323119,8.677866666666667,2.419929218432271,3,42;271;314
faster_rcnn,10.506666666666666,5,0.8783582089552239,0.05814194382323119,8.677866666666667,2.419929218432271,3,42;271;314
faster_rcnn,10.509333333333334,5,0.8783582089552239,0.05814194382323119,8.677866666666667,2.419929218432271,3,42;271;314
faster_rcnn,10.513333333333334,5,0.8783582089552239,0.05814194382323119,8.677866666666667,2.419929218432271,3,42;271;314
faster_rcnn,10.514666666666667,5,0.8783582089552239,0.05814194382323119,8.677866666666667,2.419929218432271,3,42;271;314
faster_rcnn,10.516,5,0.8783582089552239,0.05814194382323119,8.677866666666667,2.419929218432271,3,42;271;314
faster_rcnn,10.521333333333333,5,0.8783582089552239,0.05814194382323119,8.677866666666667,2.419929218432271,3,42;271;314
faster_rcnn,10.529333333333334,5,0.8783582089552239,0.05814194382323119,8.677866666666667,2.419929218432271,3,42;271;314
faster_rcnn,10.534666666666666,5,0.8783582089552239,0.05814194382323119,8.677866666666667,2.419929218432271,3,42;271;314
faster_rcnn,10.538666666666666,5,0.8783582089552239,0.05814194382323119,8.677866666666667,2.419929218432271,3,42;271;314
faster_rcnn,10.549333333333333,5,0.8783582089552239,0.05814194382323119,8.677866666666667,2.419929218432271,3,42;271;314
faster_rcnn,10.550666666666666,5,0.8783582089552239,0.05814194382323119,8.677866666666667,2.419929218432271,3,42;271;314
faster_rcnn,10.553333333333333,5,0.8783582089552239,0.05814194382323119,8.677866666666667,2.419929218432271,3,42;271;314
faster_rcnn,10.557333333333334,5,0.8783582089552239,0.05814194382323119,8.677866666666667,2.419929218432271,3,42;271;314
faster_rcnn,10.561333333333334,5,0.8783582089552239,0.05814194382323119,8.677866666666667,2.419929218432271,3,42;271;314
faster_rcnn,10.565333333333333,5,0.8783582089552239,0.05814194382323119,8.677866666666667,2.419929218432271,3,42;271;314
faster_rcnn,10.569333333333333,5,0.8783582089552239,0.05814194382323119,8.677866666666667,2.419929218432271,3,42;271;314
faster_rcnn,10.572,5,0.8783582089552239,0.05814194382323119,8.677866666666667,2.419929218432271,3,42;271;314
faster_rcnn,10.576,5,0.8783582089552239,0.05814194382323119,8.677866666666667,2.419929218432271,3,42;271;314
faster_rcnn,10.577333333333334,5,0.8783582089552239,0.05814194382323119,8.677866666666667,2.419929218432271,3,42;271;314
faster_rcnn,10.586666666666666,5,0.8783582089552239,0.05814194382323119,8.677866666666667,2.419929218432271,3,42;271;314
faster_rcnn,10.588,5,0.8783582089552239,0.05814194382323119,8.677866666666667,2.419929218432271,3,42;271;314
faster_rcnn,10.589333333333334,5,0.8783582089552239,0.05814194382323119,8.677866666666667,2.419929218432271,3,42;271;314
faster_rcnn,10.597333333333333,5,0.8783582089552239,0.05814194382323119,8.677866666666667,2.419929218432271,3,42;271;314
faster_rcnn,10.6,5,0.8783582089552239,0.05814194382323119,8.677866666666667,2.419929218432271,3,42;271;314
faster_rcnn,10.602666666666666,5,0.8783582089552239,0.05814194382323119,8.677866666666667,2.419929218432271,3,42;271;314
faster_rcnn,10.613333333333333,5,0.8791044776119403,0.05838091706151624,8.724,2.462380781096033,3,42;271;314
faster_rcnn,10.614666666666666,5,0.8791044776119403,0.05838091706151624,8.724,2.462380781096033,3,42;271;314
faster_rcnn,10.624,5,0.8791044776119403,0.05838091706151624,8.724,2.462380781096033,3,42;271;314
faster_rcnn,10.626666666666667,5,0.8798507462686567,0.0590213119095406,8.808,2.5317897051514984,3,42;271;314
faster_rcnn,10.629333333333333,5,0.8798507462686567,0.0590213119095406,8.808,2.5317897051514984,3,42;271;314
faster_rcnn,10.633333333333333,5,0.8798507462686567,0.0590213119095406,8.808,2.5317897051514984,3,42;271;314
faster_rcnn,10.638666666666667,5,0.8798507462686567,0.0590213119095406,8.808,2.5317897051514984,3,42;271;314
faster_rcnn,10.64,5,0.8798507462686567,0.0590213119095406,8.808,2.5317897051514984,3,42;271;314
faster_rcnn,10.645333333333333,5,0.8798507462686567,0.0590213119095406,8.808,2.5317897051514984,3,42;271;314
faster_rcnn,10.646666666666667,5,0.8798507462686567,0.0590213119095406,8.808,2.5317897051514984,3,42;271;314
faster_rcnn,10.656,5,0.8798507462686567,0.0590213119095406,8.808,2.5317897051514984,3,42;271;314
faster_rcnn,10.657333333333334,5,0.8798507462686567,0.0590213119095406,8.808,2.5317897051514984,3,42;271;314
faster_rcnn,10.658666666666667,5,0.8798507462686567,0.0590213119095406,8.808,2.5317897051514984,3,42;271;314
faster_rcnn,10.665333333333333,5,0.8798507462686567,0.0590213119095406,8.808,2.5317897051514984,3,42;271;314
faster_rcnn,10.672,5,0.8798507462686567,0.0590213119095406,8.808,2.5317897051514984,3,42;271;314
faster_rcnn,10.68,5,0.8798507462686567,0.0590213119095406,8.808,2.5317897051514984,3,42;271;314
faster_rcnn,10.681333333333333,5,0.8798507462686567,0.0590213119095406,8.808,2.5317897051514984,3,42;271;314
faster_rcnn,10.692,5,0.8798507462686567,0.0590213119095406,8.808,2.5317897051514984,3,42;271;314
faster_rcnn,10.697333333333333,5,0.8798507462686567,0.0590213119095406,8.808,2.5317897051514984,3,42;271;314
faster_rcnn,10.698666666666666,5,0.8798507462686567,0.0590213119095406,8.808,2.5317897051514984,3,42;271;314
faster_rcnn,10.7,5,0.8798507462686567,0.0590213119095406,8.808,2.5317897051514984,3,42;271;314
faster_rcnn,10.708,5,0.8798507462686567,0.0590213119095406,8.808,2.5317897051514984,3,42;271;314
faster_rcnn,10.710666666666667,5,0.8798507462686567,0.0590213119095406,8.808,2.5317897051514984,3,42;271;314
faster_rcnn,10.717333333333332,5,0.8798507462686567,0.0590213119095406,8.808,2.5317897051514984,3,42;271;314
faster_rcnn,10.725333333333333,5,0.8798507462686567,0.0590213119095406,8.808,2.5317897051514984,3,42;271;314
faster_rcnn,10.729333333333333,5,0.8798507462686567,0.0590213119095406,8.808,2.5317897051514984,3,42;271;314
faster_rcnn,10.732,5,0.8798507462686567,0.0590213119095406,8.808,2.5317897051514984,3,42;271;314
faster_rcnn,10.742666666666667,5,0.8798507462686567,0.0590213119095406,8.808,2.5317897051514984,3,42;271;314
faster_rcnn,10.749333333333333,5,0.8798507462686567,0.0590213119095406,8.808,2.5317897051514984,3,42;271;314
faster_rcnn,10.750666666666667,5,0.8798507462686567,0.0590213119095406,8.808,2.5317897051514984,3,42;271;314
faster_rcnn,10.757333333333333,5,0.8798507462686567,0.0590213119095406,8.808,2.5317897051514984,3,42;271;314
faster_rcnn,10.761333333333333,5,0.8798507462686567,0.0590213119095406,8.808,2.5317897051514984,3,42;271;314
faster_rcnn,10.764,5,0.8798507462686567,0.0590213119095406,8.808,2.5317897051514984,3,42;271;314
faster_rcnn,10.766666666666667,5,0.8798507462686567,0.0590213119095406,8.808,2.5317897051514984,3,42;271;314
faster_rcnn,10.777333333333333,5,0.8798507462686567,0.0590213119095406,8.808,2.5317897051514984,3,42;271;314
faster_rcnn,10.782666666666668,5,0.8798507462686567,0.0590213119095406,8.808,2.5317897051514984,3,42;271;314
faster_rcnn,10.789333333333333,5,0.8798507462686567,0.0590213119095406,8.808,2.5317897051514984,3,42;271;314
faster_rcnn,10.790666666666667,5,0.8798507462686567,0.0590213119095406,8.808,2.5317897051514984,3,42;271;314
faster_rcnn,10.796,5,0.8798507462686567,0.0590213119095406,8.808,2.5317897051514984,3,42;271;314
faster_rcnn,10.801333333333334,5,0.8798507462686567,0.0590213119095406,8.808,2.5317897051514984,3,42;271;314
faster_rcnn,10.802666666666667,5,0.8798507462686567,0.0590213119095406,8.808,2.5317897051514984,3,42;271;314
faster_rcnn,10.809333333333333,5,0.8798507462686567,0.0590213119095406,8.808,2.5317897051514984,3,42;271;314
faster_rcnn,10.814666666666668,5,0.8798507462686567,0.0590213119095406,8.808,2.5317897051514984,3,42;271;314
faster_rcnn,10.816,5,0.8798507462686567,0.0590213119095406,8.808,2.5317897051514984,3,42;271;314
faster_rcnn,10.825333333333333,5,0.8798507462686567,0.0590213119095406,8.808,2.5317897051514984,3,42;271;314
faster_rcnn,10.830666666666668,5,0.8798507462686567,0.0590213119095406,8.808,2.5317897051514984,3,42;271;314
faster_rcnn,10.837333333333333,5,0.8798507462686567,0.0590213119095406,8.808,2.5317897051514984,3,42;271;314
faster_rcnn,10.845333333333333,5,0.8798507462686567,0.0590213119095406,8.808,2.5317897051514984,3,42;271;314
faster_rcnn,10.846666666666666,5,0.8798507462686567,0.0590213119095406,8.808,2.5317897051514984,3,42;271;314
faster_rcnn,10.850666666666667,5,0.8798507462686567,0.0590213119095406,8.808,2.5317897051514984,3,42;271;314
faster_rcnn,10.854666666666667,5,0.8798507462686567,0.0590213119095406,8.808,2.5317897051514984,3,42;271;314
faster_rcnn,10.856,5,0.8798507462686567,0.0590213119095406,8.808,2.5317897051514984,3,42;271;314
faster_rcnn,10.858666666666666,5,0.8798507462686567,0.0590213119095406,8.808,2.5317897051514984,3,42;271;314
faster_rcnn,10.866666666666667,5,0.8798507462686567,0.0590213119095406,8.808,2.5317897051514984,3,42;271;314
faster_rcnn,10.868,5,0.8798507462686567,0.0590213119095406,8.808,2.5317897051514984,3,42;271;314
faster_rcnn,10.876,5,0.8798507462686567,0.0590213119095406,8.808,2.5317897051514984,3,42;271;314
faster_rcnn,10.881333333333334,5,0.8798507462686567,0.0590213119095406,8.808,2.5317897051514984,3,42;271;314
faster_rcnn,10.884,5,0.8798507462686567,0.0590213119095406,8.808,2.5317897051514984,3,42;271;314
faster_rcnn,10.886666666666667,5,0.8798507462686567,0.0590213119095406,8.808,2.5317897051514984,3,42;271;314
faster_rcnn,10.892,5,0.8798507462686567,0.0590213119095406,8.808,2.5317897051514984,3,42;271;314
faster_rcnn,10.893333333333333,5,0.8798507462686567,0.0590213119095406,8.808,2.5317897051514984,3,42;271;314
faster_rcnn,10.897333333333334,5,0.8798507462686567,0.0590213119095406,8.808,2.5317897051514984,3,42;271;314
faster_rcnn,10.904,5,0.8798507462686567,0.0590213119095406,8.808,2.5317897051514984,3,42;271;314
faster_rcnn,10.910666666666666,5,0.8798507462686567,0.0590213119095406,8.808,2.5317897051514984,3,42;271;314
faster_rcnn,10.924,5,0.8798507462686567,0.0590213119095406,8.808,2.5317897051514984,3,42;271;314
faster_rcnn,10.930666666666667,5,0.8798507462686567,0.0590213119095406,8.808,2.5317897051514984,3,42;271;314
faster_rcnn,10.936,5,0.8798507462686567,0.0590213119095406,8.808,2.5317897051514984,3,42;271;314
faster_rcnn,10.941333333333333,5,0.8798507462686567,0.0590213119095406,8.808,2.5317897051514984,3,42;271;314
faster_rcnn,10.946666666666667,5,0.8798507462686567,0.0590213119095406,8.808,2.5317897051514984,3,42;271;314
faster_rcnn,10.957333333333333,5,0.8798507462686567,0.0590213119095406,8.808,2.5317897051514984,3,42;271;314
faster_rcnn,10.958666666666666,5,0.8798507462686567,0.0590213119095406,8.808,2.5317897051514984,3,42;271;314
faster_rcnn,10.96,5,0.8798507462686567,0.0590213119095406,8.808,2.5317897051514984,3,42;271;314
faster_rcnn,10.966666666666667,5,0.8798507462686567,0.0590213119095406,8.808,2.5317897051514984,3,42;271;314
faster_rcnn,10.972,5,0.8798507462686567,0.0590213119095406,8.808,2.5317897051514984,3,42;271;314
faster_rcnn,10.982666666666667,5,0.8798507462686567,0.0590213119095406,8.808,2.5317897051514984,3,42;271;314
faster_rcnn,10.984,5,0.8798507462686567,0.0590213119095406,8.808,2.5317897051514984,3,42;271;314
faster_rcnn,10.993333333333334,5,0.8798507462686567,0.0590213119095406,8.808,2.5317897051514984,3,42;271;314
faster_rcnn,10.996,5,0.8798507462686567,0.0590213119095406,8.808,2.5317897051514984,3,42;271;314
faster_rcnn,11.004,5,0.8798507462686567,0.0590213119095406,8.808,2.5317897051514984,3,42;271;314
faster_rcnn,11.009333333333334,5,0.8798507462686567,0.0590213119095406,8.808,2.5317897051514984,3,42;271;314
faster_rcnn,11.014666666666667,5,0.8798507462686567,0.0590213119095406,8.808,2.5317897051514984,3,42;271;314
faster_rcnn,11.017333333333333,5,0.8798507462686567,0.0590213119095406,8.808,2.5317897051514984,3,42;271;314
faster_rcnn,11.018666666666666,5,0.8798507462686567,0.0590213119095406,8.808,2.5317897051514984,3,42;271;314
faster_rcnn,11.022666666666666,5,0.8798507462686567,0.0590213119095406,8.808,2.5317897051514984,3,42;271;314
faster_rcnn,11.028,5,0.8798507462686567,0.0590213119095406,8.808,2.5317897051514984,3,42;271;314
faster_rcnn,11.029333333333334,5,0.8798507462686567,0.0590213119095406,8.808,2.5317897051514984,3,42;271;314
faster_rcnn,11.033333333333333,5,0.8798507462686567,0.0590213119095406,8.808,2.5317897051514984,3,42;271;314
faster_rcnn,11.038666666666666,5,0.8798507462686567,0.0590213119095406,8.808,2.5317897051514984,3,42;271;314
faster_rcnn,11.044,5,0.8798507462686567,0.0590213119095406,8.808,2.5317897051514984,3,42;271;314
faster_rcnn,11.048,5,0.8798507462686567,0.0590213119095406,8.808,2.5317897051514984,3,42;271;314
faster_rcnn,11.057333333333334,5,0.8798507462686567,0.0590213119095406,8.808,2.5317897051514984,3,42;271;314
faster_rcnn,11.065333333333333,5,0.8798507462686567,0.0590213119095406,8.808,2.5317897051514984,3,42;271;314
faster_rcnn,11.072,5,0.8798507462686567,0.0590213119095406,8.808,2.5317897051514984,3,42;271;314
faster_rcnn,11.074666666666667,5,0.8798507462686567,0.0590213119095406,8.808,2.5317897051514984,3,42;271;314
faster_rcnn,11.081333333333333,5,0.8798507462686567,0.0590213119095406,8.808,2.5317897051514984,3,42;271;314
faster_rcnn,11.089333333333334,5,0.8798507462686567,0.0590213119095406,8.808,2.5317897051514984,3,42;271;314
faster_rcnn,11.093333333333334,5,0.8798507462686567,0.0590213119095406,8.808,2.5317897051514984,3,42;271;314
faster_rcnn,11.097333333333333,5,0.8798507462686567,0.0590213119095406,8.808,2.5317897051514984,3,42;271;314
faster_rcnn,11.098666666666666,5,0.8798507462686567,0.0590213119095406,8.808,2.5317897051514984,3,42;271;314
faster_rcnn,11.106666666666667,5,0.8798507462686567,0.0590213119095406,8.808,2.5317897051514984,3,42;271;314
faster_rcnn,11.108,5,0.8798507462686567,0.0590213119095406,8.808,2.5317897051514984,3,42;271;314
faster_rcnn,11.117333333333333,5,0.8798507462686567,0.0590213119095406,8.808,2.5317897051514984,3,42;271;314
faster_rcnn,11.121333333333334,5,0.8798507462686567,0.0590213119095406,8.808,2.5317897051514984,3,42;271;314
faster_rcnn,11.133333333333333,5,0.8798507462686567,0.0590213119095406,8.808,2.5317897051514984,3,42;271;314
faster_rcnn,11.134666666666666,5,0.8798507462686567,0.0590213119095406,8.808,2.5317897051514984,3,42;271;314
faster_rcnn,11.142666666666667,5,0.8798507462686567,0.0590213119095406,8.808,2.5317897051514984,3,42;271;314
faster_rcnn,11.148,5,0.8798507462686567,0.0590213119095406,8.808,2.5317897051514984,3,42;271;314
faster_rcnn,11.152,5,0.8798507462686567,0.0590213119095406,8.808,2.5317897051514984,3,42;271;314
faster_rcnn,11.164,5,0.8798507462686567,0.0590213119095406,8.808,2.5317897051514984,3,42;271;314
faster_rcnn,11.168,5,0.8798507462686567,0.0590213119095406,8.808,2.5317897051514984,3,42;271;314
faster_rcnn,11.177333333333333,5,0.8798507462686567,0.0590213119095406,8.808,2.5317897051514984,3,42;271;314
faster_rcnn,11.184,5,0.8798507462686567,0.0590213119095406,8.808,2.5317897051514984,3,42;271;314
faster_rcnn,11.186666666666667,5,0.8798507462686567,0.0590213119095406,8.808,2.5317897051514984,3,42;271;314
faster_rcnn,11.194666666666667,5,0.8798507462686567,0.0590213119095406,8.808,2.5317897051514984,3,42;271;314
faster_rcnn,11.202666666666667,5,0.8798507462686567,0.0590213119095406,8.808,2.5317897051514984,3,42;271;314
faster_rcnn,11.204,5,0.8798507462686567,0.0590213119095406,8.808,2.5317897051514984,3,42;271;314
faster_rcnn,11.205333333333334,5,0.8798507462686567,0.0590213119095406,8.808,2.5317897051514984,3,42;271;314
faster_rcnn,11.213333333333333,5,0.8798507462686567,0.0590213119095406,8.808,2.5317897051514984,3,42;271;314
faster_rcnn,11.218666666666667,5,0.8798507462686567,0.0590213119095406,8.808,2.5317897051514984,3,42;271;314
faster_rcnn,11.229333333333333,5,0.8798507462686567,0.0590213119095406,8.808,2.5317897051514984,3,42;271;314
faster_rcnn,11.230666666666666,5,0.8798507462686567,0.0590213119095406,8.808,2.5317897051514984,3,42;271;314
faster_rcnn,11.233333333333333,5,0.8798507462686567,0.0590213119095406,8.808,2.5317897051514984,3,42;271;314
faster_rcnn,11.24,5,0.8798507462686567,0.0590213119095406,8.808,2.5317897051514984,3,42;271;314
faster_rcnn,11.245333333333333,5,0.8798507462686567,0.0590213119095406,8.808,2.5317897051514984,3,42;271;314
faster_rcnn,11.256,5,0.8798507462686567,0.0590213119095406,8.808,2.5317897051514984,3,42;271;314
faster_rcnn,11.257333333333333,5,0.8798507462686567,0.0590213119095406,8.808,2.5317897051514984,3,42;271;314
faster_rcnn,11.258666666666667,5,0.8798507462686567,0.0590213119095406,8.808,2.5317897051514984,3,42;271;314
faster_rcnn,11.272,5,0.8798507462686567,0.0590213119095406,8.808,2.5317897051514984,3,42;271;314
faster_rcnn,11.273333333333333,5,0.8798507462686567,0.0590213119095406,8.808,2.5317897051514984,3,42;271;314
faster_rcnn,11.285333333333334,5,0.8798507462686567,0.0590213119095406,8.808,2.5317897051514984,3,42;271;314
faster_rcnn,11.289333333333333,5,0.8798507462686567,0.0590213119095406,8.808,2.5317897051514984,3,42;271;314
faster_rcnn,11.297333333333333,5,0.8798507462686567,0.0590213119095406,8.808,2.5317897051514984,3,42;271;314
faster_rcnn,11.304,5,0.8798507462686567,0.0590213119095406,8.808,2.5317897051514984,3,42;271;314
faster_rcnn,11.313333333333333,5,0.8798507462686567,0.0590213119095406,8.808,2.5317897051514984,3,42;271;314
faster_rcnn,11.324,5,0.8798507462686567,0.0590213119095406,8.808,2.5317897051514984,3,42;271;314
faster_rcnn,11.325333333333333,5,0.8798507462686567,0.0590213119095406,8.808,2.5317897051514984,3,42;271;314
faster_rcnn,11.334666666666667,5,0.8798507462686567,0.0590213119095406,8.808,2.5317897051514984,3,42;271;314
faster_rcnn,11.337333333333333,5,0.8798507462686567,0.0590213119095406,8.808,2.5317897051514984,3,42;271;314
faster_rcnn,11.344,5,0.8798507462686567,0.0590213119095406,8.808,2.5317897051514984,3,42;271;314
faster_rcnn,11.346666666666666,5,0.8798507462686567,0.0590213119095406,8.808,2.5317897051514984,3,42;271;314
faster_rcnn,11.357333333333333,5,0.8798507462686567,0.0590213119095406,8.808,2.5317897051514984,3,42;271;314
faster_rcnn,11.366666666666667,5,0.8798507462686567,0.0590213119095406,8.808,2.5317897051514984,3,42;271;314
faster_rcnn,11.368,5,0.8798507462686567,0.0590213119095406,8.808,2.5317897051514984,3,42;271;314
faster_rcnn,11.374666666666666,5,0.8798507462686567,0.0590213119095406,8.808,2.5317897051514984,3,42;271;314
faster_rcnn,11.384,5,0.8798507462686567,0.0590213119095406,8.808,2.5317897051514984,3,42;271;314
faster_rcnn,11.385333333333334,5,0.8798507462686567,0.0590213119095406,8.808,2.5317897051514984,3,42;271;314
faster_rcnn,11.392,5,0.8798507462686567,0.0590213119095406,8.808,2.5317897051514984,3,42;271;314
faster_rcnn,11.4,5,0.8798507462686567,0.0590213119095406,8.808,2.5317897051514984,3,42;271;314
faster_rcnn,11.406666666666666,5,0.8798507462686567,0.0590213119095406,8.808,2.5317897051514984,3,42;271;314
faster_rcnn,11.408,5,0.8798507462686567,0.0590213119095406,8.808,2.5317897051514984,3,42;271;314
faster_rcnn,11.418666666666667,5,0.8798507462686567,0.0590213119095406,8.808,2.5317897051514984,3,42;271;314
faster_rcnn,11.421333333333333,5,0.8798507462686567,0.0590213119095406,8.808,2.5317897051514984,3,42;271;314
faster_rcnn,11.430666666666667,5,0.8798507462686567,0.0590213119095406,8.808,2.5317897051514984,3,42;271;314
faster_rcnn,11.436,5,0.8798507462686567,0.0590213119095406,8.808,2.5317897051514984,3,42;271;314
faster_rcnn,11.444,5,0.8798507462686567,0.0590213119095406,8.808,2.5317897051514984,3,42;271;314
faster_rcnn,11.452,5,0.8798507462686567,0.0590213119095406,8.808,2.5317897051514984,3,42;271;314
faster_rcnn,11.454666666666666,5,0.8798507462686567,0.0590213119095406,8.808,2.5317897051514984,3,42;271;314
faster_rcnn,11.457333333333333,5,0.8798507462686567,0.0590213119095406,8.808,2.5317897051514984,3,42;271;314
faster_rcnn,11.466666666666667,5,0.8798507462686567,0.0590213119095406,8.808,2.5317897051514984,3,42;271;314
faster_rcnn,11.468,5,0.8798507462686567,0.0590213119095406,8.808,2.5317897051514984,3,42;271;314
faster_rcnn,11.476,5,0.8798507462686567,0.0590213119095406,8.808,2.5317897051514984,3,42;271;314
faster_rcnn,11.48,5,0.8798507462686567,0.0590213119095406,8.808,2.5317897051514984,3,42;271;314
faster_rcnn,11.486666666666666,5,0.8798507462686567,0.0590213119095406,8.808,2.5317897051514984,3,42;271;314
faster_rcnn,11.490666666666666,5,0.8798507462686567,0.0590213119095406,8.808,2.5317897051514984,3,42;271;314
faster_rcnn,11.496,5,0.8798507462686567,0.0590213119095406,8.808,2.5317897051514984,3,42;271;314
faster_rcnn,11.501333333333333,5,0.8798507462686567,0.0590213119095406,8.808,2.5317897051514984,3,42;271;314
faster_rcnn,11.508,5,0.8798507462686567,0.0590213119095406,8.808,2.5317897051514984,3,42;271;314
faster_rcnn,11.513333333333334,5,0.8798507462686567,0.0590213119095406,8.808,2.5317897051514984,3,42;271;314
faster_rcnn,11.52,5,0.8798507462686567,0.0590213119095406,8.808,2.5317897051514984,3,42;271;314
faster_rcnn,11.524,5,0.8798507462686567,0.0590213119095406,8.808,2.5317897051514984,3,42;271;314
faster_rcnn,11.529333333333334,5,0.8798507462686567,0.0590213119095406,8.808,2.5317897051514984,3,42;271;314
faster_rcnn,11.537333333333333,5,0.8798507462686567,0.0590213119095406,8.808,2.5317897051514984,3,42;271;314
faster_rcnn,11.542666666666667,5,0.8798507462686567,0.0590213119095406,8.808,2.5317897051514984,3,42;271;314
faster_rcnn,11.548,5,0.8798507462686567,0.0590213119095406,8.808,2.5317897051514984,3,42;271;314
faster_rcnn,11.550666666666666,5,0.8798507462686567,0.0590213119095406,8.808,2.5317897051514984,3,42;271;314
faster_rcnn,11.556,5,0.8798507462686567,0.0590213119095406,8.808,2.5317897051514984,3,42;271;314
faster_rcnn,11.561333333333334,5,0.8798507462686567,0.0590213119095406,8.808,2.5317897051514984,3,42;271;314
faster_rcnn,11.569333333333333,5,0.8798507462686567,0.0590213119095406,8.808,2.5317897051514984,3,42;271;314
faster_rcnn,11.570666666666666,5,0.8798507462686567,0.0590213119095406,8.808,2.5317897051514984,3,42;271;314
faster_rcnn,11.577333333333334,5,0.8798507462686567,0.0590213119095406,8.808,2.5317897051514984,3,42;271;314
faster_rcnn,11.582666666666666,5,0.8798507462686567,0.0590213119095406,8.808,2.5317897051514984,3,42;271;314
faster_rcnn,11.584,5,0.8798507462686567,0.0590213119095406,8.808,2.5317897051514984,3,42;271;314
faster_rcnn,11.594666666666667,5,0.8798507462686567,0.0590213119095406,8.808,2.5317897051514984,3,42;271;314
faster_rcnn,11.596,5,0.8798507462686567,0.0590213119095406,8.808,2.5317897051514984,3,42;271;314
faster_rcnn,11.6,5,0.8798507462686567,0.0590213119095406,8.808,2.5317897051514984,3,42;271;314
faster_rcnn,11.608,5,0.8798507462686567,0.0590213119095406,8.808,2.5317897051514984,3,42;271;314
faster_rcnn,11.616,5,0.8798507462686567,0.0590213119095406,8.808,2.5317897051514984,3,42;271;314
faster_rcnn,11.618666666666666,5,0.8798507462686567,0.0590213119095406,8.808,2.5317897051514984,3,42;271;314
faster_rcnn,11.628,5,0.8798507462686567,0.0590213119095406,8.808,2.5317897051514984,3,42;271;314
faster_rcnn,11.636,5,0.8798507462686567,0.0590213119095406,8.808,2.5317897051514984,3,42;271;314
faster_rcnn,11.645333333333333,5,0.8798507462686567,0.0590213119095406,8.808,2.5317897051514984,3,42;271;314
faster_rcnn,11.656,5,0.8798507462686567,0.0590213119095406,8.808,2.5317897051514984,3,42;271;314
faster_rcnn,11.658666666666667,5,0.8798507462686567,0.0590213119095406,8.808,2.5317897051514984,3,42;271;314
faster_rcnn,11.662666666666667,5,0.8798507462686567,0.0590213119095406,8.808,2.5317897051514984,3,42;271;314
faster_rcnn,11.664,5,0.8798507462686567,0.0590213119095406,8.808,2.5317897051514984,3,42;271;314
faster_rcnn,11.674666666666667,5,0.8798507462686567,0.0590213119095406,8.808,2.5317897051514984,3,42;271;314
faster_rcnn,11.677333333333333,5,0.8798507462686567,0.0590213119095406,8.808,2.5317897051514984,3,42;271;314
faster_rcnn,11.685333333333332,5,0.8798507462686567,0.0590213119095406,8.808,2.5317897051514984,3,42;271;314
faster_rcnn,11.696,5,0.8798507462686567,0.0590213119095406,8.808,2.5317897051514984,3,42;271;314
faster_rcnn,11.697333333333333,5,0.8798507462686567,0.0590213119095406,8.808,2.5317897051514984,3,42;271;314
faster_rcnn,11.702666666666667,5,0.8798507462686567,0.0590213119095406,8.808,2.5317897051514984,3,42;271;314
faster_rcnn,11.713333333333333,5,0.8798507462686567,0.0590213119095406,8.808,2.5317897051514984,3,42;271;314
faster_rcnn,11.718666666666667,5,0.8798507462686567,0.0590213119095406,8.808,2.5317897051514984,3,42;271;314
faster_rcnn,11.721333333333334,5,0.8798507462686567,0.0590213119095406,8.808,2.5317897051514984,3,42;271;314
faster_rcnn,11.729333333333333,5,0.8798507462686567,0.0590213119095406,8.808,2.5317897051514984,3,42;271;314
faster_rcnn,11.730666666666666,5,0.8798507462686567,0.0590213119095406,8.808,2.5317897051514984,3,42;271;314
faster_rcnn,11.732,5,0.8798507462686567,0.0590213119095406,8.808,2.5317897051514984,3,42;271;314
faster_rcnn,11.738666666666667,5,0.8798507462686567,0.0590213119095406,8.808,2.5317897051514984,3,42;271;314
faster_rcnn,11.74,5,0.8798507462686567,0.0590213119095406,8.808,2.5317897051514984,3,42;271;314
faster_rcnn,11.742666666666667,5,0.8798507462686567,0.0590213119095406,8.808,2.5317897051514984,3,42;271;314
faster_rcnn,11.744,5,0.8798507462686567,0.0590213119095406,8.808,2.5317897051514984,3,42;271;314
faster_rcnn,11.754666666666667,5,0.8798507462686567,0.0590213119095406,8.808,2.5317897051514984,3,42;271;314
faster_rcnn,11.76,5,0.8798507462686567,0.0590213119095406,8.808,2.5317897051514984,3,42;271;314
faster_rcnn,11.768,5,0.8798507462686567,0.0590213119095406,8.808,2.5317897051514984,3,42;271;314
faster_rcnn,11.774666666666667,5,0.8798507462686567,0.0590213119095406,8.808,2.5317897051514984,3,42;271;314
faster_rcnn,11.777333333333333,5,0.8798507462686567,0.0590213119095406,8.808,2.5317897051514984,3,42;271;314
faster_rcnn,11.781333333333333,5,0.8798507462686567,0.0590213119095406,8.808,2.5317897051514984,3,42;271;314
faster_rcnn,11.788,5,0.8805970149253731,0.059701492537313425,9.040266666666666,2.7813193352156533,3,42;271;314
faster_rcnn,11.794666666666666,5,0.8805970149253731,0.059701492537313425,9.040266666666666,2.7813193352156533,3,42;271;314
faster_rcnn,11.798666666666668,5,0.8805970149253731,0.059701492537313425,9.040266666666666,2.7813193352156533,3,42;271;314
faster_rcnn,11.805333333333333,5,0.8805970149253731,0.059701492537313425,9.040266666666666,2.7813193352156533,3,42;271;314
faster_rcnn,11.814666666666668,5,0.8805970149253731,0.059701492537313425,9.040266666666666,2.7813193352156533,3,42;271;314
faster_rcnn,11.824,5,0.8805970149253731,0.059701492537313425,9.040266666666666,2.7813193352156533,3,42;271;314
faster_rcnn,11.830666666666668,5,0.8805970149253731,0.059701492537313425,9.040266666666666,2.7813193352156533,3,42;271;314
faster_rcnn,11.833333333333334,5,0.8805970149253731,0.059701492537313425,9.040266666666666,2.7813193352156533,3,42;271;314
faster_rcnn,11.842666666666666,5,0.8805970149253731,0.059701492537313425,9.040266666666666,2.7813193352156533,3,42;271;314
faster_rcnn,11.844,5,0.8805970149253731,0.059701492537313425,9.040266666666666,2.7813193352156533,3,42;271;314
faster_rcnn,11.853333333333333,5,0.8805970149253731,0.059701492537313425,9.040266666666666,2.7813193352156533,3,42;271;314
faster_rcnn,11.856,5,0.8813432835820894,0.059957473605237434,9.288799999999998,3.003661114188631,3,42;271;314
faster_rcnn,11.869333333333334,5,0.8813432835820894,0.059957473605237434,9.288799999999998,3.003661114188631,3,42;271;314
faster_rcnn,11.872,5,0.8813432835820894,0.059957473605237434,9.288799999999998,3.003661114188631,3,42;271;314
faster_rcnn,11.873333333333333,5,0.8813432835820894,0.059957473605237434,9.288799999999998,3.003661114188631,3,42;271;314
faster_rcnn,11.878666666666666,5,0.8813432835820894,0.059957473605237434,9.288799999999998,3.003661114188631,3,42;271;314
faster_rcnn,11.884,5,0.8813432835820894,0.059957473605237434,9.288799999999998,3.003661114188631,3,42;271;314
faster_rcnn,11.892,5,0.8813432835820894,0.059957473605237434,9.288799999999998,3.003661114188631,3,42;271;314
faster_rcnn,11.9,5,0.8813432835820894,0.059957473605237434,9.288799999999998,3.003661114188631,3,42;271;314
faster_rcnn,11.902666666666667,5,0.8813432835820894,0.059957473605237434,9.288799999999998,3.003661114188631,3,42;271;314
faster_rcnn,11.909333333333333,5,0.8813432835820894,0.059957473605237434,9.288799999999998,3.003661114188631,3,42;271;314
faster_rcnn,11.913333333333334,5,0.8813432835820894,0.059957473605237434,9.288799999999998,3.003661114188631,3,42;271;314
faster_rcnn,11.922666666666666,5,0.8813432835820894,0.059957473605237434,9.288799999999998,3.003661114188631,3,42;271;314
faster_rcnn,11.933333333333334,5,0.8813432835820894,0.059957473605237434,9.288799999999998,3.003661114188631,3,42;271;314
faster_rcnn,11.934666666666667,5,0.8813432835820894,0.059957473605237434,9.288799999999998,3.003661114188631,3,42;271;314
faster_rcnn,11.94,5,0.8813432835820894,0.059957473605237434,9.288799999999998,3.003661114188631,3,42;271;314
faster_rcnn,11.948,5,0.8813432835820894,0.059957473605237434,9.288799999999998,3.003661114188631,3,42;271;314
faster_rcnn,11.953333333333333,5,0.8813432835820894,0.059957473605237434,9.288799999999998,3.003661114188631,3,42;271;314
faster_rcnn,11.965333333333334,5,0.8813432835820894,0.059957473605237434,9.288799999999998,3.003661114188631,3,42;271;314
faster_rcnn,11.966666666666667,5,0.8813432835820894,0.059957473605237434,9.288799999999998,3.003661114188631,3,42;271;314
faster_rcnn,11.976,5,0.8813432835820894,0.059957473605237434,9.288799999999998,3.003661114188631,3,42;271;314
faster_rcnn,11.977333333333334,5,0.8813432835820894,0.059957473605237434,9.288799999999998,3.003661114188631,3,42;271;314
faster_rcnn,11.984,5,0.8813432835820894,0.059957473605237434,9.288799999999998,3.003661114188631,3,42;271;314
faster_rcnn,11.986666666666666,5,0.8813432835820894,0.059957473605237434,9.288799999999998,3.003661114188631,3,42;271;314
faster_rcnn,11.996,5,0.8813432835820894,0.059957473605237434,9.288799999999998,3.003661114188631,3,42;271;314
faster_rcnn,12.002666666666666,5,0.8813432835820894,0.059957473605237434,9.288799999999998,3.003661114188631,3,42;271;314
faster_rcnn,12.005333333333333,5,0.8813432835820894,0.059957473605237434,9.288799999999998,3.003661114188631,3,42;271;314
faster_rcnn,12.013333333333334,5,0.8813432835820894,0.059957473605237434,9.288799999999998,3.003661114188631,3,42;271;314
faster_rcnn,12.017333333333333,5,0.8813432835820894,0.059957473605237434,9.288799999999998,3.003661114188631,3,42;271;314
faster_rcnn,12.018666666666666,5,0.8813432835820894,0.059957473605237434,9.288799999999998,3.003661114188631,3,42;271;314
faster_rcnn,12.025333333333334,5,0.8813432835820894,0.059957473605237434,9.288799999999998,3.003661114188631,3,42;271;314
faster_rcnn,12.030666666666667,5,0.8813432835820894,0.059957473605237434,9.288799999999998,3.003661114188631,3,42;271;314
faster_rcnn,12.037333333333333,5,0.8813432835820894,0.059957473605237434,9.288799999999998,3.003661114188631,3,42;271;314
faster_rcnn,12.045333333333334,5,0.8813432835820894,0.059957473605237434,9.288799999999998,3.003661114188631,3,42;271;314
faster_rcnn,12.046666666666667,5,0.8813432835820894,0.059957473605237434,9.288799999999998,3.003661114188631,3,42;271;314
faster_rcnn,12.056,5,0.8813432835820894,0.059957473605237434,9.288799999999998,3.003661114188631,3,42;271;314
faster_rcnn,12.062666666666667,5,0.8813432835820894,0.059957473605237434,9.288799999999998,3.003661114188631,3,42;271;314
faster_rcnn,12.065333333333333,5,0.8813432835820894,0.059957473605237434,9.288799999999998,3.003661114188631,3,42;271;314
faster_rcnn,12.070666666666666,5,0.8813432835820894,0.059957473605237434,9.288799999999998,3.003661114188631,3,42;271;314
faster_rcnn,12.077333333333334,5,0.8813432835820894,0.059957473605237434,9.288799999999998,3.003661114188631,3,42;271;314
faster_rcnn,12.08,5,0.8813432835820894,0.059957473605237434,9.288799999999998,3.003661114188631,3,42;271;314
faster_rcnn,12.090666666666667,5,0.8813432835820894,0.059957473605237434,9.288799999999998,3.003661114188631,3,42;271;314
faster_rcnn,12.096,5,0.8813432835820894,0.059957473605237434,9.288799999999998,3.003661114188631,3,42;271;314
faster_rcnn,12.109333333333334,5,0.8813432835820894,0.059957473605237434,9.288799999999998,3.003661114188631,3,42;271;314
faster_rcnn,12.117333333333333,5,0.8813432835820894,0.059957473605237434,9.288799999999998,3.003661114188631,3,42;271;314
faster_rcnn,12.130666666666666,5,0.8813432835820894,0.059957473605237434,9.288799999999998,3.003661114188631,3,42;271;314
faster_rcnn,12.136,5,0.8813432835820894,0.059957473605237434,9.288799999999998,3.003661114188631,3,42;271;314
faster_rcnn,12.144,5,0.8813432835820894,0.059957473605237434,9.288799999999998,3.003661114188631,3,42;271;314
faster_rcnn,12.145333333333333,5,0.8813432835820894,0.059957473605237434,9.288799999999998,3.003661114188631,3,42;271;314
faster_rcnn,12.153333333333334,5,0.8813432835820894,0.059957473605237434,9.288799999999998,3.003661114188631,3,42;271;314
faster_rcnn,12.154666666666667,5,0.8813432835820894,0.059957473605237434,9.288799999999998,3.003661114188631,3,42;271;314
faster_rcnn,12.16,5,0.8813432835820894,0.059957473605237434,9.288799999999998,3.003661114188631,3,42;271;314
faster_rcnn,12.162666666666667,5,0.8813432835820894,0.059957473605237434,9.288799999999998,3.003661114188631,3,42;271;314
faster_rcnn,12.173333333333334,5,0.8813432835820894,0.059957473605237434,9.288799999999998,3.003661114188631,3,42;271;314
faster_rcnn,12.18,5,0.8813432835820894,0.059957473605237434,9.288799999999998,3.003661114188631,3,42;271;314
faster_rcnn,12.186666666666667,5,0.8813432835820894,0.059957473605237434,9.288799999999998,3.003661114188631,3,42;271;314
faster_rcnn,12.193333333333333,5,0.8813432835820894,0.059957473605237434,9.288799999999998,3.003661114188631,3,42;271;314
faster_rcnn,12.194666666666667,5,0.8813432835820894,0.059957473605237434,9.288799999999998,3.003661114188631,3,42;271;314
faster_rcnn,12.204,5,0.8813432835820894,0.059957473605237434,9.288799999999998,3.003661114188631,3,42;271;314
faster_rcnn,12.214666666666666,5,0.8813432835820894,0.059957473605237434,9.288799999999998,3.003661114188631,3,42;271;314
faster_rcnn,12.216,5,0.8813432835820894,0.059957473605237434,9.288799999999998,3.003661114188631,3,42;271;314
faster_rcnn,12.229333333333333,5,0.8813432835820894,0.059957473605237434,9.288799999999998,3.003661114188631,3,42;271;314
faster_rcnn,12.230666666666666,5,0.8813432835820894,0.059957473605237434,9.288799999999998,3.003661114188631,3,42;271;314
faster_rcnn,12.24,5,0.8813432835820894,0.059957473605237434,9.288799999999998,3.003661114188631,3,42;271;314
faster_rcnn,12.244,5,0.8813432835820894,0.059957473605237434,9.288799999999998,3.003661114188631,3,42;271;314
faster_rcnn,12.253333333333334,5,0.8813432835820894,0.059957473605237434,9.288799999999998,3.003661114188631,3,42;271;314
faster_rcnn,12.258666666666667,5,0.8813432835820894,0.059957473605237434,9.288799999999998,3.003661114188631,3,42;271;314
faster_rcnn,12.265333333333333,5,0.8813432835820894,0.059957473605237434,9.288799999999998,3.003661114188631,3,42;271;314
faster_rcnn,12.266666666666667,5,0.8813432835820894,0.059957473605237434,9.288799999999998,3.003661114188631,3,42;271;314
faster_rcnn,12.276,5,0.8813432835820894,0.059957473605237434,9.288799999999998,3.003661114188631,3,42;271;314
faster_rcnn,12.278666666666666,5,0.8813432835820894,0.059957473605237434,9.288799999999998,3.003661114188631,3,42;271;314
faster_rcnn,12.289333333333333,5,0.8813432835820894,0.059957473605237434,9.288799999999998,3.003661114188631,3,42;271;314
faster_rcnn,12.292,5,0.8813432835820894,0.059957473605237434,9.288799999999998,3.003661114188631,3,42;271;314
faster_rcnn,12.301333333333334,5,0.8813432835820894,0.059957473605237434,9.288799999999998,3.003661114188631,3,42;271;314
faster_rcnn,12.302666666666667,5,0.8813432835820894,0.059957473605237434,9.288799999999998,3.003661114188631,3,42;271;314
faster_rcnn,12.317333333333334,5,0.8813432835820894,0.059957473605237434,9.288799999999998,3.003661114188631,3,42;271;314
faster_rcnn,12.326666666666666,5,0.8813432835820894,0.059957473605237434,9.288799999999998,3.003661114188631,3,42;271;314
faster_rcnn,12.328,5,0.8813432835820894,0.059957473605237434,9.288799999999998,3.003661114188631,3,42;271;314
faster_rcnn,12.334666666666667,5,0.8813432835820894,0.059957473605237434,9.288799999999998,3.003661114188631,3,42;271;314
faster_rcnn,12.338666666666667,5,0.8813432835820894,0.059957473605237434,9.288799999999998,3.003661114188631,3,42;271;314
faster_rcnn,12.344,5,0.8813432835820894,0.059957473605237434,9.288799999999998,3.003661114188631,3,42;271;314
faster_rcnn,12.354666666666667,5,0.8813432835820894,0.059957473605237434,9.288799999999998,3.003661114188631,3,42;271;314
faster_rcnn,12.356,5,0.8813432835820894,0.059957473605237434,9.288799999999998,3.003661114188631,3,42;271;314
faster_rcnn,12.362666666666666,5,0.8813432835820894,0.059957473605237434,9.288799999999998,3.003661114188631,3,42;271;314
faster_rcnn,12.364,5,0.8813432835820894,0.059957473605237434,9.288799999999998,3.003661114188631,3,42;271;314
faster_rcnn,12.372,5,0.8813432835820894,0.059957473605237434,9.288799999999998,3.003661114188631,3,42;271;314
faster_rcnn,12.377333333333333,5,0.8813432835820894,0.059957473605237434,9.288799999999998,3.003661114188631,3,42;271;314
faster_rcnn,12.385333333333334,5,0.8813432835820894,0.059957473605237434,9.288799999999998,3.003661114188631,3,42;271;314
faster_rcnn,12.390666666666666,5,0.8813432835820894,0.059957473605237434,9.288799999999998,3.003661114188631,3,42;271;314
faster_rcnn,12.394666666666666,5,0.8813432835820894,0.059957473605237434,9.288799999999998,3.003661114188631,3,42;271;314
faster_rcnn,12.406666666666666,5,0.8813432835820894,0.059957473605237434,9.288799999999998,3.003661114188631,3,42;271;314
faster_rcnn,12.410666666666666,5,0.8813432835820894,0.059957473605237434,9.288799999999998,3.003661114188631,3,42;271;314
faster_rcnn,12.416,5,0.8813432835820894,0.059957473605237434,9.288799999999998,3.003661114188631,3,42;271;314
faster_rcnn,12.422666666666666,5,0.8813432835820894,0.059957473605237434,9.288799999999998,3.003661114188631,3,42;271;314
faster_rcnn,12.429333333333334,5,0.8813432835820894,0.059957473605237434,9.288799999999998,3.003661114188631,3,42;271;314
faster_rcnn,12.437333333333333,5,0.8813432835820894,0.059957473605237434,9.288799999999998,3.003661114188631,3,42;271;314
faster_rcnn,12.44,5,0.8813432835820894,0.059957473605237434,9.288799999999998,3.003661114188631,3,42;271;314
faster_rcnn,12.449333333333334,5,0.8813432835820894,0.059957473605237434,9.288799999999998,3.003661114188631,3,42;271;314
faster_rcnn,12.46,5,0.8813432835820894,0.059957473605237434,9.288799999999998,3.003661114188631,3,42;271;314
faster_rcnn,12.470666666666666,5,0.8813432835820894,0.059957473605237434,9.288799999999998,3.003661114188631,3,42;271;314
faster_rcnn,12.473333333333333,5,0.8813432835820894,0.059957473605237434,9.288799999999998,3.003661114188631,3,42;271;314
faster_rcnn,12.484,5,0.8813432835820894,0.059957473605237434,9.288799999999998,3.003661114188631,3,42;271;314
faster_rcnn,12.486666666666666,5,0.8813432835820894,0.059957473605237434,9.288799999999998,3.003661114188631,3,42;271;314
faster_rcnn,12.497333333333334,5,0.8813432835820894,0.059957473605237434,9.288799999999998,3.003661114188631,3,42;271;314
faster_rcnn,12.504,5,0.8813432835820894,0.059957473605237434,9.288799999999998,3.003661114188631,3,42;271;314
faster_rcnn,12.510666666666667,5,0.8813432835820894,0.059957473605237434,9.288799999999998,3.003661114188631,3,42;271;314
faster_rcnn,12.521333333333333,5,0.8813432835820894,0.059957473605237434,9.288799999999998,3.003661114188631,3,42;271;314
faster_rcnn,12.528,5,0.8813432835820894,0.059957473605237434,9.288799999999998,3.003661114188631,3,42;271;314
faster_rcnn,12.546666666666667,5,0.8813432835820894,0.059957473605237434,9.288799999999998,3.003661114188631,3,42;271;314
faster_rcnn,12.550666666666666,5,0.8813432835820894,0.059957473605237434,9.288799999999998,3.003661114188631,3,42;271;314
faster_rcnn,12.556,5,0.8813432835820894,0.059957473605237434,9.288799999999998,3.003661114188631,3,42;271;314
faster_rcnn,12.562666666666667,5,0.8813432835820894,0.059957473605237434,9.288799999999998,3.003661114188631,3,42;271;314
faster_rcnn,12.568,5,0.8813432835820894,0.059957473605237434,9.288799999999998,3.003661114188631,3,42;271;314
faster_rcnn,12.573333333333334,5,0.8813432835820894,0.059957473605237434,9.288799999999998,3.003661114188631,3,42;271;314
faster_rcnn,12.574666666666667,5,0.8813432835820894,0.059957473605237434,9.288799999999998,3.003661114188631,3,42;271;314
faster_rcnn,12.589333333333334,5,0.8813432835820894,0.059957473605237434,9.288799999999998,3.003661114188631,3,42;271;314
faster_rcnn,12.593333333333334,5,0.8813432835820894,0.059957473605237434,9.288799999999998,3.003661114188631,3,42;271;314
faster_rcnn,12.598666666666666,5,0.8813432835820894,0.059957473605237434,9.288799999999998,3.003661114188631,3,42;271;314
faster_rcnn,12.605333333333334,5,0.8813432835820894,0.059957473605237434,9.288799999999998,3.003661114188631,3,42;271;314
faster_rcnn,12.606666666666667,5,0.8813432835820894,0.059957473605237434,9.288799999999998,3.003661114188631,3,42;271;314
faster_rcnn,12.617333333333333,5,0.8813432835820894,0.059957473605237434,9.288799999999998,3.003661114188631,3,42;271;314
faster_rcnn,12.618666666666666,5,0.8813432835820894,0.059957473605237434,9.288799999999998,3.003661114188631,3,42;271;314
faster_rcnn,12.624,5,0.8813432835820894,0.059957473605237434,9.288799999999998,3.003661114188631,3,42;271;314
faster_rcnn,12.630666666666666,5,0.8813432835820894,0.059957473605237434,9.288799999999998,3.003661114188631,3,42;271;314
faster_rcnn,12.633333333333333,5,0.8813432835820894,0.059957473605237434,9.288799999999998,3.003661114188631,3,42;271;314
faster_rcnn,12.646666666666667,5,0.8813432835820894,0.059957473605237434,9.288799999999998,3.003661114188631,3,42;271;314
faster_rcnn,12.648,5,0.8813432835820894,0.059957473605237434,9.288799999999998,3.003661114188631,3,42;271;314
faster_rcnn,12.654666666666667,5,0.8813432835820894,0.059957473605237434,9.288799999999998,3.003661114188631,3,42;271;314
faster_rcnn,12.66,5,0.8813432835820894,0.059957473605237434,9.288799999999998,3.003661114188631,3,42;271;314
faster_rcnn,12.669333333333332,5,0.8813432835820894,0.059957473605237434,9.288799999999998,3.003661114188631,3,42;271;314
faster_rcnn,12.672,5,0.8813432835820894,0.059957473605237434,9.288799999999998,3.003661114188631,3,42;271;314
faster_rcnn,12.684,5,0.8813432835820894,0.059957473605237434,9.288799999999998,3.003661114188631,3,42;271;314
faster_rcnn,12.689333333333334,5,0.8813432835820894,0.059957473605237434,9.288799999999998,3.003661114188631,3,42;271;314
faster_rcnn,12.697333333333333,5,0.8813432835820894,0.059957473605237434,9.288799999999998,3.003661114188631,3,42;271;314
faster_rcnn,12.704,5,0.8813432835820894,0.059957473605237434,9.288799999999998,3.003661114188631,3,42;271;314
faster_rcnn,12.708,5,0.8813432835820894,0.059957473605237434,9.288799999999998,3.003661114188631,3,42;271;314
faster_rcnn,12.714666666666666,5,0.8813432835820894,0.059957473605237434,9.288799999999998,3.003661114188631,3,42;271;314
faster_rcnn,12.725333333333333,5,0.8813432835820894,0.059957473605237434,9.288799999999998,3.003661114188631,3,42;271;314
faster_rcnn,12.730666666666666,5,0.8813432835820894,0.059957473605237434,9.288799999999998,3.003661114188631,3,42;271;314
faster_rcnn,12.741333333333333,5,0.8813432835820894,0.059957473605237434,9.288799999999998,3.003661114188631,3,42;271;314
faster_rcnn,12.744,5,0.8813432835820894,0.059957473605237434,9.288799999999998,3.003661114188631,3,42;271;314
faster_rcnn,12.753333333333334,5,0.8813432835820894,0.059957473605237434,9.288799999999998,3.003661114188631,3,42;271;314
faster_rcnn,12.758666666666667,5,0.8813432835820894,0.059957473605237434,9.288799999999998,3.003661114188631,3,42;271;314
faster_rcnn,12.761333333333333,5,0.8813432835820894,0.059957473605237434,9.288799999999998,3.003661114188631,3,42;271;314
faster_rcnn,12.765333333333333,5,0.8813432835820894,0.059957473605237434,9.288799999999998,3.003661114188631,3,42;271;314
faster_rcnn,12.770666666666667,5,0.8813432835820894,0.059957473605237434,9.288799999999998,3.003661114188631,3,42;271;314
faster_rcnn,12.784,5,0.8813432835820894,0.059957473605237434,9.288799999999998,3.003661114188631,3,42;271;314
faster_rcnn,12.797333333333333,5,0.8813432835820894,0.059957473605237434,9.288799999999998,3.003661114188631,3,42;271;314
faster_rcnn,12.817333333333334,5,0.8813432835820894,0.059957473605237434,9.288799999999998,3.003661114188631,3,42;271;314
faster_rcnn,12.818666666666667,5,0.8813432835820894,0.059957473605237434,9.288799999999998,3.003661114188631,3,42;271;314
faster_rcnn,12.832,5,0.882089552238806,0.060661589738419605,9.4976,3.2472372393911857,3,42;271;314
faster_rcnn,12.84,5,0.882089552238806,0.060661589738419605,9.4976,3.2472372393911857,3,42;271;314
faster_rcnn,12.842666666666666,5,0.882089552238806,0.060661589738419605,9.4976,3.2472372393911857,3,42;271;314
faster_rcnn,12.853333333333333,5,0.882089552238806,0.060661589738419605,9.4976,3.2472372393911857,3,42;271;314
faster_rcnn,12.858666666666666,5,0.882089552238806,0.060661589738419605,9.4976,3.2472372393911857,3,42;271;314
faster_rcnn,12.862666666666666,5,0.882089552238806,0.060661589738419605,9.4976,3.2472372393911857,3,42;271;314
faster_rcnn,12.872,5,0.882089552238806,0.060661589738419605,9.4976,3.2472372393911857,3,42;271;314
faster_rcnn,12.873333333333333,5,0.882089552238806,0.060661589738419605,9.4976,3.2472372393911857,3,42;271;314
faster_rcnn,12.885333333333334,5,0.882089552238806,0.060661589738419605,9.4976,3.2472372393911857,3,42;271;314
faster_rcnn,12.888,5,0.882089552238806,0.060661589738419605,9.4976,3.2472372393911857,3,42;271;314
faster_rcnn,12.896,5,0.882089552238806,0.060661589738419605,9.4976,3.2472372393911857,3,42;271;314
faster_rcnn,12.9,5,0.882089552238806,0.060661589738419605,9.4976,3.2472372393911857,3,42;271;314
faster_rcnn,12.914666666666667,5,0.882089552238806,0.060661589738419605,9.4976,3.2472372393911857,3,42;271;314
faster_rcnn,12.921333333333333,5,0.882089552238806,0.060661589738419605,9.4976,3.2472372393911857,3,42;271;314
faster_rcnn,12.925333333333333,5,0.882089552238806,0.060661589738419605,9.4976,3.2472372393911857,3,42;271;314
faster_rcnn,12.933333333333334,5,0.882089552238806,0.060661589738419605,9.4976,3.2472372393911857,3,42;271;314
faster_rcnn,12.94,5,0.882089552238806,0.060661589738419605,9.4976,3.2472372393911857,3,42;271;314
faster_rcnn,12.946666666666667,5,0.882089552238806,0.060661589738419605,9.4976,3.2472372393911857,3,42;271;314
faster_rcnn,12.954666666666666,5,0.882089552238806,0.060661589738419605,9.4976,3.2472372393911857,3,42;271;314
faster_rcnn,12.961333333333334,5,0.882089552238806,0.060661589738419605,9.4976,3.2472372393911857,3,42;271;314
faster_rcnn,12.962666666666667,5,0.882089552238806,0.060661589738419605,9.4976,3.2472372393911857,3,42;271;314
faster_rcnn,12.976,5,0.882089552238806,0.060661589738419605,9.4976,3.2472372393911857,3,42;271;314
faster_rcnn,12.990666666666666,5,0.882089552238806,0.060661589738419605,9.4976,3.2472372393911857,3,42;271;314
faster_rcnn,12.992,5,0.882089552238806,0.060661589738419605,9.4976,3.2472372393911857,3,42;271;314
faster_rcnn,13.009333333333334,5,0.882089552238806,0.060661589738419605,9.4976,3.2472372393911857,3,42;271;314
faster_rcnn,13.012,5,0.882089552238806,0.060661589738419605,9.4976,3.2472372393911857,3,42;271;314
faster_rcnn,13.021333333333333,5,0.882089552238806,0.060661589738419605,9.4976,3.2472372393911857,3,42;271;314
faster_rcnn,13.024,5,0.882089552238806,0.060661589738419605,9.4976,3.2472372393911857,3,42;271;314
faster_rcnn,13.030666666666667,5,0.882089552238806,0.060661589738419605,9.4976,3.2472372393911857,3,42;271;314
faster_rcnn,13.036,5,0.882089552238806,0.060661589738419605,9.4976,3.2472372393911857,3,42;271;314
faster_rcnn,13.046666666666667,5,0.882089552238806,0.060661589738419605,9.4976,3.2472372393911857,3,42;271;314
faster_rcnn,13.053333333333333,5,0.882089552238806,0.060661589738419605,9.4976,3.2472372393911857,3,42;271;314
faster_rcnn,13.06,5,0.882089552238806,0.060661589738419605,9.4976,3.2472372393911857,3,42;271;314
faster_rcnn,13.064,5,0.882089552238806,0.060661589738419605,9.4976,3.2472372393911857,3,42;271;314
faster_rcnn,13.073333333333334,5,0.882089552238806,0.060661589738419605,9.4976,3.2472372393911857,3,42;271;314
faster_rcnn,13.076,5,0.882089552238806,0.060661589738419605,9.4976,3.2472372393911857,3,42;271;314
faster_rcnn,13.08,5,0.882089552238806,0.060661589738419605,9.4976,3.2472372393911857,3,42;271;314
faster_rcnn,13.081333333333333,5,0.882089552238806,0.060661589738419605,9.4976,3.2472372393911857,3,42;271;314
faster_rcnn,13.092,5,0.882089552238806,0.060661589738419605,9.4976,3.2472372393911857,3,42;271;314
faster_rcnn,13.094666666666667,5,0.882089552238806,0.060661589738419605,9.4976,3.2472372393911857,3,42;271;314
faster_rcnn,13.102666666666666,5,0.882089552238806,0.060661589738419605,9.4976,3.2472372393911857,3,42;271;314
faster_rcnn,13.106666666666667,5,0.882089552238806,0.060661589738419605,9.4976,3.2472372393911857,3,42;271;314
faster_rcnn,13.109333333333334,5,0.882089552238806,0.060661589738419605,9.4976,3.2472372393911857,3,42;271;314
faster_rcnn,13.116,5,0.882089552238806,0.060661589738419605,9.4976,3.2472372393911857,3,42;271;314
faster_rcnn,13.130666666666666,5,0.882089552238806,0.060661589738419605,9.4976,3.2472372393911857,3,42;271;314
faster_rcnn,13.136,5,0.882089552238806,0.060661589738419605,9.4976,3.2472372393911857,3,42;271;314
faster_rcnn,13.144,5,0.8828358208955223,0.0609478119077475,9.755199999999999,3.5206743798438516,3,42;271;314
faster_rcnn,13.149333333333333,5,0.8828358208955223,0.0609478119077475,9.755199999999999,3.5206743798438516,3,42;271;314
faster_rcnn,13.153333333333334,5,0.8828358208955223,0.0609478119077475,9.755199999999999,3.5206743798438516,3,42;271;314
faster_rcnn,13.16,5,0.8828358208955223,0.0609478119077475,9.755199999999999,3.5206743798438516,3,42;271;314
faster_rcnn,13.168,5,0.8828358208955223,0.0609478119077475,9.755199999999999,3.5206743798438516,3,42;271;314
faster_rcnn,13.169333333333332,5,0.8828358208955223,0.0609478119077475,9.755199999999999,3.5206743798438516,3,42;271;314
faster_rcnn,13.182666666666666,5,0.8828358208955223,0.0609478119077475,9.755199999999999,3.5206743798438516,3,42;271;314
faster_rcnn,13.196,5,0.8828358208955223,0.0609478119077475,9.755199999999999,3.5206743798438516,3,42;271;314
faster_rcnn,13.197333333333333,5,0.8828358208955223,0.0609478119077475,9.755199999999999,3.5206743798438516,3,42;271;314
faster_rcnn,13.208,5,0.8828358208955223,0.0609478119077475,9.755199999999999,3.5206743798438516,3,42;271;314
faster_rcnn,13.218666666666667,5,0.8828358208955223,0.0609478119077475,9.755199999999999,3.5206743798438516,3,42;271;314
faster_rcnn,13.225333333333333,5,0.8828358208955223,0.0609478119077475,9.755199999999999,3.5206743798438516,3,42;271;314
faster_rcnn,13.245333333333333,5,0.8828358208955223,0.0609478119077475,9.755199999999999,3.5206743798438516,3,42;271;314
faster_rcnn,13.248,5,0.8828358208955223,0.0609478119077475,9.755199999999999,3.5206743798438516,3,42;271;314
faster_rcnn,13.261333333333333,5,0.8828358208955223,0.0609478119077475,9.755199999999999,3.5206743798438516,3,42;271;314
faster_rcnn,13.262666666666666,5,0.8828358208955223,0.0609478119077475,9.755199999999999,3.5206743798438516,3,42;271;314
faster_rcnn,13.273333333333333,5,0.8828358208955223,0.0609478119077475,9.755199999999999,3.5206743798438516,3,42;271;314
faster_rcnn,13.284,5,0.8828358208955223,0.0609478119077475,9.755199999999999,3.5206743798438516,3,42;271;314
faster_rcnn,13.290666666666667,5,0.8828358208955223,0.0609478119077475,9.755199999999999,3.5206743798438516,3,42;271;314
faster_rcnn,13.296,5,0.8828358208955223,0.0609478119077475,9.755199999999999,3.5206743798438516,3,42;271;314
faster_rcnn,13.301333333333334,5,0.8828358208955223,0.0609478119077475,9.755199999999999,3.5206743798438516,3,42;271;314
faster_rcnn,13.313333333333333,5,0.8828358208955223,0.0609478119077475,9.755199999999999,3.5206743798438516,3,42;271;314
faster_rcnn,13.324,5,0.8835820895522388,0.06127815477127207,9.7912,3.5646346361007164,3,42;271;314
faster_rcnn,13.325333333333333,5,0.8835820895522388,0.06127815477127207,9.7912,3.5646346361007164,3,42;271;314
faster_rcnn,13.336,5,0.8835820895522388,0.06127815477127207,9.7912,3.5646346361007164,3,42;271;314
faster_rcnn,13.338666666666667,5,0.8835820895522388,0.06127815477127207,9.7912,3.5646346361007164,3,42;271;314
faster_rcnn,13.348,5,0.8835820895522388,0.06127815477127207,9.7912,3.5646346361007164,3,42;271;314
faster_rcnn,13.357333333333333,5,0.8835820895522388,0.06127815477127207,9.7912,3.5646346361007164,3,42;271;314
faster_rcnn,13.369333333333334,5,0.8835820895522388,0.06127815477127207,9.7912,3.5646346361007164,3,42;271;314
faster_rcnn,13.381333333333334,5,0.8835820895522388,0.06127815477127207,9.7912,3.5646346361007164,3,42;271;314
faster_rcnn,13.382666666666667,5,0.8835820895522388,0.06127815477127207,9.7912,3.5646346361007164,3,42;271;314
faster_rcnn,13.389333333333333,5,0.8835820895522388,0.06127815477127207,9.7912,3.5646346361007164,3,42;271;314
faster_rcnn,13.394666666666666,5,0.8835820895522388,0.06127815477127207,9.7912,3.5646346361007164,3,42;271;314
faster_rcnn,13.398666666666667,5,0.8835820895522388,0.06127815477127207,9.7912,3.5646346361007164,3,42;271;314
faster_rcnn,13.405333333333333,5,0.8835820895522388,0.06127815477127207,9.7912,3.5646346361007164,3,42;271;314
faster_rcnn,13.410666666666666,5,0.8835820895522388,0.06127815477127207,9.7912,3.5646346361007164,3,42;271;314
faster_rcnn,13.412,5,0.8835820895522388,0.06127815477127207,9.7912,3.5646346361007164,3,42;271;314
faster_rcnn,13.425333333333333,5,0.8835820895522388,0.06127815477127207,9.7912,3.5646346361007164,3,42;271;314
faster_rcnn,13.434666666666667,5,0.8835820895522388,0.06127815477127207,9.7912,3.5646346361007164,3,42;271;314
faster_rcnn,13.441333333333333,5,0.8835820895522388,0.06127815477127207,9.7912,3.5646346361007164,3,42;271;314
faster_rcnn,13.452,5,0.8835820895522388,0.06127815477127207,9.7912,3.5646346361007164,3,42;271;314
faster_rcnn,13.461333333333334,5,0.8835820895522388,0.06127815477127207,9.7912,3.5646346361007164,3,42;271;314
faster_rcnn,13.465333333333334,5,0.8835820895522388,0.06127815477127207,9.7912,3.5646346361007164,3,42;271;314
faster_rcnn,13.476,5,0.8835820895522388,0.06127815477127207,9.7912,3.5646346361007164,3,42;271;314
faster_rcnn,13.481333333333334,5,0.8835820895522388,0.06127815477127207,9.7912,3.5646346361007164,3,42;271;314
faster_rcnn,13.484,5,0.8835820895522388,0.06127815477127207,9.7912,3.5646346361007164,3,42;271;314
faster_rcnn,13.485333333333333,5,0.8835820895522388,0.06127815477127207,9.7912,3.5646346361007164,3,42;271;314
faster_rcnn,13.490666666666666,5,0.8835820895522388,0.06127815477127207,9.7912,3.5646346361007164,3,42;271;314
faster_rcnn,13.505333333333333,5,0.8835820895522388,0.06127815477127207,9.7912,3.5646346361007164,3,42;271;314
faster_rcnn,13.506666666666666,5,0.8835820895522388,0.06127815477127207,9.7912,3.5646346361007164,3,42;271;314
faster_rcnn,13.513333333333334,5,0.8835820895522388,0.06127815477127207,9.7912,3.5646346361007164,3,42;271;314
faster_rcnn,13.517333333333333,5,0.8835820895522388,0.06127815477127207,9.7912,3.5646346361007164,3,42;271;314
faster_rcnn,13.518666666666666,5,0.8835820895522388,0.06127815477127207,9.7912,3.5646346361007164,3,42;271;314
faster_rcnn,13.530666666666667,5,0.8835820895522388,0.06127815477127207,9.7912,3.5646346361007164,3,42;271;314
faster_rcnn,13.534666666666666,5,0.8835820895522388,0.06127815477127207,9.7912,3.5646346361007164,3,42;271;314
faster_rcnn,13.548,5,0.8835820895522388,0.06127815477127207,9.7912,3.5646346361007164,3,42;271;314
faster_rcnn,13.549333333333333,5,0.8835820895522388,0.06127815477127207,9.7912,3.5646346361007164,3,42;271;314
faster_rcnn,13.56,5,0.8835820895522388,0.06127815477127207,9.7912,3.5646346361007164,3,42;271;314
faster_rcnn,13.561333333333334,5,0.8835820895522388,0.06127815477127207,9.7912,3.5646346361007164,3,42;271;314
faster_rcnn,13.568,5,0.8835820895522388,0.06127815477127207,9.7912,3.5646346361007164,3,42;271;314
faster_rcnn,13.578666666666667,5,0.8835820895522388,0.06127815477127207,9.7912,3.5646346361007164,3,42;271;314
faster_rcnn,13.58,5,0.8835820895522388,0.06127815477127207,9.7912,3.5646346361007164,3,42;271;314
faster_rcnn,13.592,5,0.8835820895522388,0.06127815477127207,9.7912,3.5646346361007164,3,42;271;314
faster_rcnn,13.6,5,0.8843283582089552,0.06198973032028413,9.944799999999999,3.7406218853138427,3,42;271;314
faster_rcnn,13.608,5,0.8843283582089552,0.06198973032028413,9.944799999999999,3.7406218853138427,3,42;271;314
faster_rcnn,13.610666666666667,5,0.8843283582089552,0.06198973032028413,9.944799999999999,3.7406218853138427,3,42;271;314
faster_rcnn,13.621333333333334,5,0.8843283582089552,0.06198973032028413,9.944799999999999,3.7406218853138427,3,42;271;314
faster_rcnn,13.633333333333333,5,0.8843283582089552,0.06198973032028413,9.944799999999999,3.7406218853138427,3,42;271;314
faster_rcnn,13.64,5,0.8843283582089552,0.06198973032028413,9.944799999999999,3.7406218853138427,3,42;271;314
faster_rcnn,13.641333333333334,5,0.8843283582089552,0.06198973032028413,9.944799999999999,3.7406218853138427,3,42;271;314
faster_rcnn,13.653333333333334,5,0.8843283582089552,0.06198973032028413,9.944799999999999,3.7406218853138427,3,42;271;314
faster_rcnn,13.654666666666667,5,0.8843283582089552,0.06198973032028413,9.944799999999999,3.7406218853138427,3,42;271;314
faster_rcnn,13.666666666666666,5,0.8843283582089552,0.06198973032028413,9.944799999999999,3.7406218853138427,3,42;271;314
faster_rcnn,13.668,5,0.8843283582089552,0.06198973032028413,9.944799999999999,3.7406218853138427,3,42;271;314
faster_rcnn,13.676,5,0.8843283582089552,0.06198973032028413,9.944799999999999,3.7406218853138427,3,42;271;314
faster_rcnn,13.68,5,0.8843283582089552,0.06198973032028413,9.944799999999999,3.7406218853138427,3,42;271;314
faster_rcnn,13.686666666666667,5,0.8843283582089552,0.06198973032028413,9.944799999999999,3.7406218853138427,3,42;271;314
faster_rcnn,13.688,5,0.8843283582089552,0.06198973032028413,9.944799999999999,3.7406218853138427,3,42;271;314
faster_rcnn,13.693333333333333,5,0.8843283582089552,0.06198973032028413,9.944799999999999,3.7406218853138427,3,42;271;314
faster_rcnn,13.696,5,0.8843283582089552,0.06198973032028413,9.944799999999999,3.7406218853138427,3,42;271;314
faster_rcnn,13.704,5,0.8843283582089552,0.06198973032028413,9.944799999999999,3.7406218853138427,3,42;271;314
faster_rcnn,13.710666666666667,5,0.8843283582089552,0.06198973032028413,9.944799999999999,3.7406218853138427,3,42;271;314
faster_rcnn,13.721333333333334,5,0.8843283582089552,0.06198973032028413,9.944799999999999,3.7406218853138427,3,42;271;314
faster_rcnn,13.732,5,0.8843283582089552,0.06198973032028413,9.944799999999999,3.7406218853138427,3,42;271;314
faster_rcnn,13.742666666666667,5,0.8843283582089552,0.06198973032028413,9.944799999999999,3.7406218853138427,3,42;271;314
faster_rcnn,13.749333333333333,5,0.8843283582089552,0.06198973032028413,9.944799999999999,3.7406218853138427,3,42;271;314
faster_rcnn,13.753333333333334,5,0.8843283582089552,0.06198973032028413,9.944799999999999,3.7406218853138427,3,42;271;314
faster_rcnn,13.764,5,0.8843283582089552,0.06198973032028413,9.944799999999999,3.7406218853138427,3,42;271;314
faster_rcnn,13.772,5,0.8843283582089552,0.06198973032028413,9.944799999999999,3.7406218853138427,3,42;271;314
faster_rcnn,13.778666666666666,5,0.8843283582089552,0.06198973032028413,9.944799999999999,3.7406218853138427,3,42;271;314
faster_rcnn,13.788,5,0.8843283582089552,0.06198973032028413,9.944799999999999,3.7406218853138427,3,42;271;314
faster_rcnn,13.798666666666668,5,0.8843283582089552,0.06198973032028413,9.944799999999999,3.7406218853138427,3,42;271;314
faster_rcnn,13.808,5,0.8843283582089552,0.06198973032028413,9.944799999999999,3.7406218853138427,3,42;271;314
faster_rcnn,13.82,5,0.8843283582089552,0.06198973032028413,9.944799999999999,3.7406218853138427,3,42;271;314
faster_rcnn,13.829333333333333,5,0.8843283582089552,0.06198973032028413,9.944799999999999,3.7406218853138427,3,42;271;314
faster_rcnn,13.836,5,0.8843283582089552,0.06198973032028413,9.944799999999999,3.7406218853138427,3,42;271;314
faster_rcnn,13.838666666666667,5,0.8843283582089552,0.06198973032028413,9.944799999999999,3.7406218853138427,3,42;271;314
faster_rcnn,13.846666666666666,5,0.8843283582089552,0.06198973032028413,9.944799999999999,3.7406218853138427,3,42;271;314
faster_rcnn,13.853333333333333,5,0.8843283582089552,0.06198973032028413,9.944799999999999,3.7406218853138427,3,42;271;314
faster_rcnn,13.854666666666667,5,0.8843283582089552,0.06198973032028413,9.944799999999999,3.7406218853138427,3,42;271;314
faster_rcnn,13.868,5,0.8843283582089552,0.06198973032028413,9.944799999999999,3.7406218853138427,3,42;271;314
faster_rcnn,13.873333333333333,5,0.8843283582089552,0.06198973032028413,9.944799999999999,3.7406218853138427,3,42;271;314
faster_rcnn,13.88,5,0.8843283582089552,0.06198973032028413,9.944799999999999,3.7406218853138427,3,42;271;314
faster_rcnn,13.885333333333334,5,0.8843283582089552,0.06198973032028413,9.944799999999999,3.7406218853138427,3,42;271;314
faster_rcnn,13.894666666666666,5,0.8843283582089552,0.06198973032028413,9.944799999999999,3.7406218853138427,3,42;271;314
faster_rcnn,13.901333333333334,5,0.8843283582089552,0.06198973032028413,9.944799999999999,3.7406218853138427,3,42;271;314
faster_rcnn,13.908,5,0.8843283582089552,0.06198973032028413,9.944799999999999,3.7406218853138427,3,42;271;314
faster_rcnn,13.917333333333334,5,0.8850746268656717,0.06234805544538931,10.063466666666667,3.8813859609394394,3,42;271;314
faster_rcnn,13.924,5,0.8850746268656717,0.06234805544538931,10.063466666666667,3.8813859609394394,3,42;271;314
faster_rcnn,13.932,5,0.8850746268656717,0.06234805544538931,10.063466666666667,3.8813859609394394,3,42;271;314
faster_rcnn,13.936,5,0.8850746268656717,0.06234805544538931,10.063466666666667,3.8813859609394394,3,42;271;314
faster_rcnn,13.941333333333333,5,0.8850746268656717,0.06234805544538931,10.063466666666667,3.8813859609394394,3,42;271;314
faster_rcnn,13.950666666666667,5,0.8850746268656717,0.06234805544538931,10.063466666666667,3.8813859609394394,3,42;271;314
faster_rcnn,13.952,5,0.8850746268656717,0.06234805544538931,10.063466666666667,3.8813859609394394,3,42;271;314
faster_rcnn,13.958666666666666,5,0.8850746268656717,0.06234805544538931,10.063466666666667,3.8813859609394394,3,42;271;314
faster_rcnn,13.961333333333334,5,0.8850746268656717,0.06234805544538931,10.063466666666667,3.8813859609394394,3,42;271;314
faster_rcnn,13.98,5,0.8850746268656717,0.06234805544538931,10.063466666666667,3.8813859609394394,3,42;271;314
faster_rcnn,13.985333333333333,5,0.8850746268656717,0.06234805544538931,10.063466666666667,3.8813859609394394,3,42;271;314
faster_rcnn,13.996,5,0.8850746268656717,0.06234805544538931,10.063466666666667,3.8813859609394394,3,42;271;314
faster_rcnn,14.004,5,0.8850746268656717,0.06234805544538931,10.063466666666667,3.8813859609394394,3,42;271;314
faster_rcnn,14.006666666666666,5,0.8850746268656717,0.06234805544538931,10.063466666666667,3.8813859609394394,3,42;271;314
faster_rcnn,14.017333333333333,5,0.8850746268656717,0.06234805544538931,10.063466666666667,3.8813859609394394,3,42;271;314
faster_rcnn,14.021333333333333,5,0.8850746268656717,0.06234805544538931,10.063466666666667,3.8813859609394394,3,42;271;314
faster_rcnn,14.024,5,0.8850746268656717,0.06234805544538931,10.063466666666667,3.8813859609394394,3,42;271;314
faster_rcnn,14.036,5,0.8850746268656717,0.06234805544538931,10.063466666666667,3.8813859609394394,3,42;271;314
faster_rcnn,14.041333333333334,5,0.8850746268656717,0.06234805544538931,10.063466666666667,3.8813859609394394,3,42;271;314
faster_rcnn,14.054666666666666,5,0.8850746268656717,0.06234805544538931,10.063466666666667,3.8813859609394394,3,42;271;314
faster_rcnn,14.070666666666666,5,0.8850746268656717,0.06234805544538931,10.063466666666667,3.8813859609394394,3,42;271;314
faster_rcnn,14.072,5,0.8850746268656717,0.06234805544538931,10.063466666666667,3.8813859609394394,3,42;271;314
faster_rcnn,14.08,5,0.8850746268656717,0.06234805544538931,10.063466666666667,3.8813859609394394,3,42;271;314
faster_rcnn,14.084,5,0.8850746268656717,0.06234805544538931,10.063466666666667,3.8813859609394394,3,42;271;314
faster_rcnn,14.094666666666667,5,0.8850746268656717,0.06234805544538931,10.063466666666667,3.8813859609394394,3,42;271;314
faster_rcnn,14.101333333333333,5,0.8850746268656717,0.06234805544538931,10.063466666666667,3.8813859609394394,3,42;271;314
faster_rcnn,14.109333333333334,5,0.8850746268656717,0.06234805544538931,10.063466666666667,3.8813859609394394,3,42;271;314
faster_rcnn,14.112,5,0.8850746268656717,0.06234805544538931,10.063466666666667,3.8813859609394394,3,42;271;314
faster_rcnn,14.121333333333334,5,0.8850746268656717,0.06234805544538931,10.063466666666667,3.8813859609394394,3,42;271;314
faster_rcnn,14.125333333333334,5,0.8850746268656717,0.06234805544538931,10.063466666666667,3.8813859609394394,3,42;271;314
faster_rcnn,14.128,5,0.885820895522388,0.0630806730119527,10.169066666666666,4.006814018366435,3,42;271;314
faster_rcnn,14.14,5,0.885820895522388,0.0630806730119527,10.169066666666666,4.006814018366435,3,42;271;314
faster_rcnn,14.157333333333334,5,0.885820895522388,0.0630806730119527,10.169066666666666,4.006814018366435,3,42;271;314
faster_rcnn,14.16,5,0.885820895522388,0.0630806730119527,10.169066666666666,4.006814018366435,3,42;271;314
faster_rcnn,14.172,5,0.885820895522388,0.0630806730119527,10.169066666666666,4.006814018366435,3,42;271;314
faster_rcnn,14.18,5,0.885820895522388,0.0630806730119527,10.169066666666666,4.006814018366435,3,42;271;314
faster_rcnn,14.185333333333332,5,0.885820895522388,0.0630806730119527,10.169066666666666,4.006814018366435,3,42;271;314
faster_rcnn,14.186666666666667,5,0.885820895522388,0.0630806730119527,10.169066666666666,4.006814018366435,3,42;271;314
faster_rcnn,14.198666666666666,5,0.885820895522388,0.0630806730119527,10.169066666666666,4.006814018366435,3,42;271;314
faster_rcnn,14.202666666666667,5,0.885820895522388,0.0630806730119527,10.169066666666666,4.006814018366435,3,42;271;314
faster_rcnn,14.209333333333333,5,0.885820895522388,0.0630806730119527,10.169066666666666,4.006814018366435,3,42;271;314
faster_rcnn,14.221333333333334,5,0.885820895522388,0.0630806730119527,10.169066666666666,4.006814018366435,3,42;271;314
faster_rcnn,14.228,5,0.885820895522388,0.0630806730119527,10.169066666666666,4.006814018366435,3,42;271;314
faster_rcnn,14.232,5,0.885820895522388,0.0630806730119527,10.169066666666666,4.006814018366435,3,42;271;314
faster_rcnn,14.236,5,0.885820895522388,0.0630806730119527,10.169066666666666,4.006814018366435,3,42;271;314
faster_rcnn,14.244,5,0.885820895522388,0.0630806730119527,10.169066666666666,4.006814018366435,3,42;271;314
faster_rcnn,14.248,5,0.885820895522388,0.0630806730119527,10.169066666666666,4.006814018366435,3,42;271;314
faster_rcnn,14.262666666666666,5,0.885820895522388,0.0630806730119527,10.169066666666666,4.006814018366435,3,42;271;314
faster_rcnn,14.264,5,0.885820895522388,0.0630806730119527,10.169066666666666,4.006814018366435,3,42;271;314
faster_rcnn,14.274666666666667,5,0.885820895522388,0.0630806730119527,10.169066666666666,4.006814018366435,3,42;271;314
faster_rcnn,14.278666666666666,5,0.885820895522388,0.0630806730119527,10.169066666666666,4.006814018366435,3,42;271;314
faster_rcnn,14.281333333333333,5,0.885820895522388,0.0630806730119527,10.169066666666666,4.006814018366435,3,42;271;314
faster_rcnn,14.294666666666666,5,0.885820895522388,0.0630806730119527,10.169066666666666,4.006814018366435,3,42;271;314
faster_rcnn,14.305333333333333,5,0.885820895522388,0.0630806730119527,10.169066666666666,4.006814018366435,3,42;271;314
faster_rcnn,14.318666666666667,5,0.885820895522388,0.0630806730119527,10.169066666666666,4.006814018366435,3,42;271;314
faster_rcnn,14.32,5,0.885820895522388,0.0630806730119527,10.169066666666666,4.006814018366435,3,42;271;314
faster_rcnn,14.332,5,0.885820895522388,0.0630806730119527,10.169066666666666,4.006814018366435,3,42;271;314
faster_rcnn,14.344,5,0.885820895522388,0.0630806730119527,10.169066666666666,4.006814018366435,3,42;271;314
faster_rcnn,14.346666666666666,5,0.885820895522388,0.0630806730119527,10.169066666666666,4.006814018366435,3,42;271;314
faster_rcnn,14.352,5,0.885820895522388,0.0630806730119527,10.169066666666666,4.006814018366435,3,42;271;314
faster_rcnn,14.356,5,0.885820895522388,0.0630806730119527,10.169066666666666,4.006814018366435,3,42;271;314
faster_rcnn,14.368,5,0.885820895522388,0.0630806730119527,10.169066666666666,4.006814018366435,3,42;271;314
faster_rcnn,14.38,5,0.885820895522388,0.0630806730119527,10.169066666666666,4.006814018366435,3,42;271;314
faster_rcnn,14.384,5,0.885820895522388,0.0630806730119527,10.169066666666666,4.006814018366435,3,42;271;314
faster_rcnn,14.392,5,0.885820895522388,0.0630806730119527,10.169066666666666,4.006814018366435,3,42;271;314
faster_rcnn,14.402666666666667,5,0.885820895522388,0.0630806730119527,10.169066666666666,4.006814018366435,3,42;271;314
faster_rcnn,14.413333333333334,5,0.885820895522388,0.0630806730119527,10.169066666666666,4.006814018366435,3,42;271;314
faster_rcnn,14.42,5,0.885820895522388,0.0630806730119527,10.169066666666666,4.006814018366435,3,42;271;314
faster_rcnn,14.425333333333333,5,0.885820895522388,0.0630806730119527,10.169066666666666,4.006814018366435,3,42;271;314
faster_rcnn,14.430666666666667,5,0.885820895522388,0.0630806730119527,10.169066666666666,4.006814018366435,3,42;271;314
faster_rcnn,14.444,5,0.885820895522388,0.0630806730119527,10.169066666666666,4.006814018366435,3,42;271;314
faster_rcnn,14.448,5,0.885820895522388,0.0630806730119527,10.169066666666666,4.006814018366435,3,42;271;314
faster_rcnn,14.456,5,0.885820895522388,0.0630806730119527,10.169066666666666,4.006814018366435,3,42;271;314
faster_rcnn,14.457333333333333,5,0.885820895522388,0.0630806730119527,10.169066666666666,4.006814018366435,3,42;271;314
faster_rcnn,14.464,5,0.885820895522388,0.0630806730119527,10.169066666666666,4.006814018366435,3,42;271;314
faster_rcnn,14.466666666666667,5,0.885820895522388,0.0630806730119527,10.169066666666666,4.006814018366435,3,42;271;314
faster_rcnn,14.473333333333333,5,0.885820895522388,0.0630806730119527,10.169066666666666,4.006814018366435,3,42;271;314
faster_rcnn,14.478666666666667,5,0.885820895522388,0.0630806730119527,10.169066666666666,4.006814018366435,3,42;271;314
faster_rcnn,14.489333333333333,5,0.885820895522388,0.0630806730119527,10.169066666666666,4.006814018366435,3,42;271;314
faster_rcnn,14.494666666666667,5,0.885820895522388,0.0630806730119527,10.169066666666666,4.006814018366435,3,42;271;314
faster_rcnn,14.501333333333333,5,0.885820895522388,0.0630806730119527,10.169066666666666,4.006814018366435,3,42;271;314
faster_rcnn,14.508,5,0.885820895522388,0.0630806730119527,10.169066666666666,4.006814018366435,3,42;271;314
faster_rcnn,14.516,5,0.8865671641791046,0.0634657508983441,10.288799999999998,4.153097649813797,3,42;271;314
faster_rcnn,14.517333333333333,5,0.8865671641791046,0.0634657508983441,10.288799999999998,4.153097649813797,3,42;271;314
faster_rcnn,14.528,5,0.8865671641791046,0.0634657508983441,10.288799999999998,4.153097649813797,3,42;271;314
faster_rcnn,14.530666666666667,5,0.8865671641791046,0.0634657508983441,10.288799999999998,4.153097649813797,3,42;271;314
faster_rcnn,14.544,5,0.8865671641791046,0.0634657508983441,10.288799999999998,4.153097649813797,3,42;271;314
faster_rcnn,14.545333333333334,5,0.8865671641791046,0.0634657508983441,10.288799999999998,4.153097649813797,3,42;271;314
faster_rcnn,14.553333333333333,5,0.8865671641791046,0.0634657508983441,10.288799999999998,4.153097649813797,3,42;271;314
faster_rcnn,14.557333333333334,5,0.8865671641791046,0.0634657508983441,10.288799999999998,4.153097649813797,3,42;271;314
faster_rcnn,14.570666666666666,5,0.8865671641791046,0.0634657508983441,10.288799999999998,4.153097649813797,3,42;271;314
faster_rcnn,14.573333333333334,5,0.8865671641791046,0.0634657508983441,10.288799999999998,4.153097649813797,3,42;271;314
faster_rcnn,14.586666666666666,5,0.8865671641791046,0.0634657508983441,10.288799999999998,4.153097649813797,3,42;271;314
faster_rcnn,14.594666666666667,5,0.8865671641791046,0.0634657508983441,10.288799999999998,4.153097649813797,3,42;271;314
faster_rcnn,14.601333333333333,5,0.8865671641791046,0.0634657508983441,10.288799999999998,4.153097649813797,3,42;271;314
faster_rcnn,14.602666666666666,5,0.8865671641791046,0.0634657508983441,10.288799999999998,4.153097649813797,3,42;271;314
faster_rcnn,14.614666666666666,5,0.8865671641791046,0.0634657508983441,10.288799999999998,4.153097649813797,3,42;271;314
faster_rcnn,14.617333333333333,5,0.8865671641791046,0.0634657508983441,10.288799999999998,4.153097649813797,3,42;271;314
faster_rcnn,14.625333333333334,5,0.8865671641791046,0.0634657508983441,10.288799999999998,4.153097649813797,3,42;271;314
faster_rcnn,14.626666666666667,5,0.8865671641791046,0.0634657508983441,10.288799999999998,4.153097649813797,3,42;271;314
faster_rcnn,14.64,5,0.8865671641791046,0.0634657508983441,10.288799999999998,4.153097649813797,3,42;271;314
faster_rcnn,14.641333333333334,5,0.8865671641791046,0.0634657508983441,10.288799999999998,4.153097649813797,3,42;271;314
faster_rcnn,14.650666666666666,5,0.8865671641791046,0.0634657508983441,10.288799999999998,4.153097649813797,3,42;271;314
faster_rcnn,14.656,5,0.8865671641791046,0.0634657508983441,10.288799999999998,4.153097649813797,3,42;271;314
faster_rcnn,14.668,5,0.8865671641791046,0.0634657508983441,10.288799999999998,4.153097649813797,3,42;271;314
faster_rcnn,14.669333333333332,5,0.8865671641791046,0.0634657508983441,10.288799999999998,4.153097649813797,3,42;271;314
faster_rcnn,14.678666666666667,5,0.8865671641791046,0.0634657508983441,10.288799999999998,4.153097649813797,3,42;271;314
faster_rcnn,14.684,5,0.8865671641791046,0.0634657508983441,10.288799999999998,4.153097649813797,3,42;271;314
faster_rcnn,14.696,5,0.8865671641791046,0.0634657508983441,10.288799999999998,4.153097649813797,3,42;271;314
faster_rcnn,14.704,5,0.8865671641791046,0.0634657508983441,10.288799999999998,4.153097649813797,3,42;271;314
faster_rcnn,14.705333333333334,5,0.8865671641791046,0.0634657508983441,10.288799999999998,4.153097649813797,3,42;271;314
faster_rcnn,14.717333333333332,5,0.8865671641791046,0.0634657508983441,10.288799999999998,4.153097649813797,3,42;271;314
faster_rcnn,14.722666666666667,5,0.8865671641791046,0.0634657508983441,10.288799999999998,4.153097649813797,3,42;271;314
faster_rcnn,14.729333333333333,5,0.8865671641791046,0.0634657508983441,10.288799999999998,4.153097649813797,3,42;271;314
faster_rcnn,14.732,5,0.8865671641791046,0.0634657508983441,10.288799999999998,4.153097649813797,3,42;271;314
faster_rcnn,14.742666666666667,5,0.8865671641791046,0.0634657508983441,10.288799999999998,4.153097649813797,3,42;271;314
faster_rcnn,14.745333333333333,5,0.8865671641791046,0.0634657508983441,10.288799999999998,4.153097649813797,3,42;271;314
faster_rcnn,14.756,5,0.8865671641791046,0.0634657508983441,10.288799999999998,4.153097649813797,3,42;271;314
faster_rcnn,14.762666666666666,5,0.8865671641791046,0.0634657508983441,10.288799999999998,4.153097649813797,3,42;271;314
faster_rcnn,14.773333333333333,5,0.8865671641791046,0.0634657508983441,10.288799999999998,4.153097649813797,3,42;271;314
faster_rcnn,14.777333333333333,5,0.8865671641791046,0.0634657508983441,10.288799999999998,4.153097649813797,3,42;271;314
faster_rcnn,14.786666666666667,5,0.8865671641791046,0.0634657508983441,10.288799999999998,4.153097649813797,3,42;271;314
faster_rcnn,14.793333333333333,5,0.8865671641791046,0.0634657508983441,10.288799999999998,4.153097649813797,3,42;271;314
faster_rcnn,14.805333333333333,5,0.8865671641791046,0.0634657508983441,10.288799999999998,4.153097649813797,3,42;271;314
faster_rcnn,14.808,5,0.8865671641791046,0.0634657508983441,10.288799999999998,4.153097649813797,3,42;271;314
faster_rcnn,14.813333333333333,5,0.8865671641791046,0.0634657508983441,10.288799999999998,4.153097649813797,3,42;271;314
faster_rcnn,14.824,5,0.8865671641791046,0.0634657508983441,10.288799999999998,4.153097649813797,3,42;271;314
faster_rcnn,14.825333333333333,5,0.8865671641791046,0.0634657508983441,10.288799999999998,4.153097649813797,3,42;271;314
faster_rcnn,14.833333333333334,5,0.8865671641791046,0.0634657508983441,10.288799999999998,4.153097649813797,3,42;271;314
faster_rcnn,14.844,5,0.8865671641791046,0.0634657508983441,10.288799999999998,4.153097649813797,3,42;271;314
faster_rcnn,14.846666666666666,5,0.8865671641791046,0.0634657508983441,10.288799999999998,4.153097649813797,3,42;271;314
faster_rcnn,14.853333333333333,5,0.8865671641791046,0.0634657508983441,10.288799999999998,4.153097649813797,3,42;271;314
faster_rcnn,14.858666666666666,5,0.8865671641791046,0.0634657508983441,10.288799999999998,4.153097649813797,3,42;271;314
faster_rcnn,14.870666666666667,5,0.8865671641791046,0.0634657508983441,10.288799999999998,4.153097649813797,3,42;271;314
faster_rcnn,14.889333333333333,5,0.8873134328358209,0.06389210385971339,10.363466666666666,4.250314456340587,3,42;271;314
faster_rcnn,14.892,5,0.8880597014925373,0.06462876147645065,10.516266666666665,4.429442844321519,3,42;271;314
faster_rcnn,14.902666666666667,5,0.8880597014925373,0.06462876147645065,10.516266666666665,4.429442844321519,3,42;271;314
faster_rcnn,14.909333333333333,5,0.8880597014925373,0.06462876147645065,10.516266666666665,4.429442844321519,3,42;271;314
faster_rcnn,14.921333333333333,5,0.8880597014925373,0.06462876147645065,10.516266666666665,4.429442844321519,3,42;271;314
faster_rcnn,14.928,5,0.8880597014925373,0.06462876147645065,10.516266666666665,4.429442844321519,3,42;271;314
faster_rcnn,14.934666666666667,5,0.8880597014925373,0.06462876147645065,10.516266666666665,4.429442844321519,3,42;271;314
faster_rcnn,14.949333333333334,5,0.8880597014925373,0.06462876147645065,10.516266666666665,4.429442844321519,3,42;271;314
faster_rcnn,14.954666666666666,5,0.8880597014925373,0.06462876147645065,10.516266666666665,4.429442844321519,3,42;271;314
faster_rcnn,14.962666666666667,5,0.8880597014925373,0.06462876147645065,10.516266666666665,4.429442844321519,3,42;271;314
faster_rcnn,14.974666666666666,5,0.8880597014925373,0.06462876147645065,10.516266666666665,4.429442844321519,3,42;271;314
faster_rcnn,14.978666666666667,5,0.8880597014925373,0.06462876147645065,10.516266666666665,4.429442844321519,3,42;271;314
faster_rcnn,14.990666666666666,5,0.8880597014925373,0.06462876147645065,10.516266666666665,4.429442844321519,3,42;271;314
faster_rcnn,14.993333333333334,5,0.8880597014925373,0.06462876147645065,10.516266666666665,4.429442844321519,3,42;271;314
faster_rcnn,15.002666666666666,5,0.8880597014925373,0.06462876147645065,10.516266666666665,4.429442844321519,3,42;271;314
faster_rcnn,15.009333333333334,5,0.8880597014925373,0.06462876147645065,10.516266666666665,4.429442844321519,3,42;271;314
faster_rcnn,15.012,5,0.8880597014925373,0.06462876147645065,10.516266666666665,4.429442844321519,3,42;271;314
faster_rcnn,15.022666666666666,5,0.8880597014925373,0.06462876147645065,10.516266666666665,4.429442844321519,3,42;271;314
faster_rcnn,15.029333333333334,5,0.8880597014925373,0.06462876147645065,10.516266666666665,4.429442844321519,3,42;271;314
faster_rcnn,15.034666666666666,5,0.8880597014925373,0.06462876147645065,10.516266666666665,4.429442844321519,3,42;271;314
faster_rcnn,15.045333333333334,5,0.8880597014925373,0.06462876147645065,10.516266666666665,4.429442844321519,3,42;271;314
faster_rcnn,15.050666666666666,5,0.8880597014925373,0.06462876147645065,10.516266666666665,4.429442844321519,3,42;271;314
faster_rcnn,15.062666666666667,5,0.8880597014925373,0.06462876147645065,10.516266666666665,4.429442844321519,3,42;271;314
faster_rcnn,15.068,5,0.8880597014925373,0.06462876147645065,10.516266666666665,4.429442844321519,3,42;271;314
faster_rcnn,15.070666666666666,5,0.8880597014925373,0.06462876147645065,10.516266666666665,4.429442844321519,3,42;271;314
faster_rcnn,15.081333333333333,5,0.8880597014925373,0.06462876147645065,10.516266666666665,4.429442844321519,3,42;271;314
faster_rcnn,15.090666666666667,5,0.8880597014925373,0.06462876147645065,10.516266666666665,4.429442844321519,3,42;271;314
faster_rcnn,15.098666666666666,5,0.8880597014925373,0.06462876147645065,10.516266666666665,4.429442844321519,3,42;271;314
faster_rcnn,15.113333333333333,5,0.8880597014925373,0.06462876147645065,10.516266666666665,4.429442844321519,3,42;271;314
faster_rcnn,15.114666666666666,5,0.8880597014925373,0.06462876147645065,10.516266666666665,4.429442844321519,3,42;271;314
faster_rcnn,15.129333333333333,5,0.8880597014925373,0.06462876147645065,10.516266666666665,4.429442844321519,3,42;271;314
faster_rcnn,15.130666666666666,5,0.8880597014925373,0.06462876147645065,10.516266666666665,4.429442844321519,3,42;271;314
faster_rcnn,15.14,5,0.8880597014925373,0.06462876147645065,10.516266666666665,4.429442844321519,3,42;271;314
faster_rcnn,15.141333333333334,5,0.8880597014925373,0.06462876147645065,10.516266666666665,4.429442844321519,3,42;271;314
faster_rcnn,15.148,5,0.8880597014925373,0.06462876147645065,10.516266666666665,4.429442844321519,3,42;271;314
faster_rcnn,15.158666666666667,5,0.8880597014925373,0.06462876147645065,10.516266666666665,4.429442844321519,3,42;271;314
faster_rcnn,15.166666666666666,5,0.8880597014925373,0.06462876147645065,10.516266666666665,4.429442844321519,3,42;271;314
faster_rcnn,15.174666666666667,5,0.8880597014925373,0.06462876147645065,10.516266666666665,4.429442844321519,3,42;271;314
faster_rcnn,15.182666666666666,5,0.8880597014925373,0.06462876147645065,10.516266666666665,4.429442844321519,3,42;271;314
faster_rcnn,15.188,5,0.8880597014925373,0.06462876147645065,10.516266666666665,4.429442844321519,3,42;271;314
faster_rcnn,15.202666666666667,5,0.8880597014925373,0.06462876147645065,10.516266666666665,4.429442844321519,3,42;271;314
faster_rcnn,15.204,5,0.8880597014925373,0.06462876147645065,10.516266666666665,4.429442844321519,3,42;271;314
faster_rcnn,15.22,5,0.8880597014925373,0.06462876147645065,10.516266666666665,4.429442844321519,3,42;271;314
faster_rcnn,15.222666666666667,5,0.8880597014925373,0.06462876147645065,10.516266666666665,4.429442844321519,3,42;271;314
faster_rcnn,15.238666666666667,5,0.8880597014925373,0.06462876147645065,10.516266666666665,4.429442844321519,3,42;271;314
faster_rcnn,15.248,5,0.8880597014925373,0.06462876147645065,10.516266666666665,4.429442844321519,3,42;271;314
faster_rcnn,15.254666666666667,5,0.8880597014925373,0.06462876147645065,10.516266666666665,4.429442844321519,3,42;271;314
faster_rcnn,15.269333333333334,5,0.8880597014925373,0.06462876147645065,10.516266666666665,4.429442844321519,3,42;271;314
faster_rcnn,15.285333333333334,5,0.8880597014925373,0.06462876147645065,10.516266666666665,4.429442844321519,3,42;271;314
faster_rcnn,15.296,5,0.8880597014925373,0.06462876147645065,10.516266666666665,4.429442844321519,3,42;271;314
faster_rcnn,15.297333333333333,5,0.8880597014925373,0.06462876147645065,10.516266666666665,4.429442844321519,3,42;271;314
faster_rcnn,15.310666666666666,5,0.8880597014925373,0.06462876147645065,10.516266666666665,4.429442844321519,3,42;271;314
faster_rcnn,15.312,5,0.8880597014925373,0.06462876147645065,10.516266666666665,4.429442844321519,3,42;271;314
faster_rcnn,15.326666666666666,5,0.8880597014925373,0.06462876147645065,10.516266666666665,4.429442844321519,3,42;271;314
faster_rcnn,15.328,5,0.8880597014925373,0.06462876147645065,10.516266666666665,4.429442844321519,3,42;271;314
faster_rcnn,15.34,5,0.8880597014925373,0.06462876147645065,10.516266666666665,4.429442844321519,3,42;271;314
faster_rcnn,15.348,5,0.8880597014925373,0.06462876147645065,10.516266666666665,4.429442844321519,3,42;271;314
faster_rcnn,15.354666666666667,5,0.8880597014925373,0.06462876147645065,10.516266666666665,4.429442844321519,3,42;271;314
faster_rcnn,15.365333333333334,5,0.8880597014925373,0.06462876147645065,10.516266666666665,4.429442844321519,3,42;271;314
faster_rcnn,15.368,5,0.8880597014925373,0.06462876147645065,10.516266666666665,4.429442844321519,3,42;271;314
faster_rcnn,15.378666666666666,5,0.8880597014925373,0.06462876147645065,10.516266666666665,4.429442844321519,3,42;271;314
faster_rcnn,15.384,5,0.8880597014925373,0.06462876147645065,10.516266666666665,4.429442844321519,3,42;271;314
faster_rcnn,15.397333333333334,5,0.8880597014925373,0.06462876147645065,10.516266666666665,4.429442844321519,3,42;271;314
faster_rcnn,15.4,5,0.8880597014925373,0.06462876147645065,10.516266666666665,4.429442844321519,3,42;271;314
faster_rcnn,15.406666666666666,5,0.8880597014925373,0.06462876147645065,10.516266666666665,4.429442844321519,3,42;271;314
faster_rcnn,15.414666666666667,5,0.8880597014925373,0.06462876147645065,10.516266666666665,4.429442844321519,3,42;271;314
faster_rcnn,15.42,5,0.8880597014925373,0.06462876147645065,10.516266666666665,4.429442844321519,3,42;271;314
faster_rcnn,15.426666666666666,5,0.8888059701492537,0.06507959038991926,10.623733333333332,4.566465435955666,3,42;271;314
faster_rcnn,15.441333333333333,5,0.8888059701492537,0.06507959038991926,10.623733333333332,4.566465435955666,3,42;271;314
faster_rcnn,15.446666666666667,5,0.8888059701492537,0.06507959038991926,10.623733333333332,4.566465435955666,3,42;271;314
faster_rcnn,15.454666666666666,5,0.8888059701492537,0.06507959038991926,10.623733333333332,4.566465435955666,3,42;271;314
faster_rcnn,15.462666666666667,5,0.8888059701492537,0.06507959038991926,10.623733333333332,4.566465435955666,3,42;271;314
faster_rcnn,15.481333333333334,5,0.8888059701492537,0.06507959038991926,10.623733333333332,4.566465435955666,3,42;271;314
faster_rcnn,15.482666666666667,5,0.8888059701492537,0.06507959038991926,10.623733333333332,4.566465435955666,3,42;271;314
faster_rcnn,15.494666666666667,5,0.8888059701492537,0.06507959038991926,10.623733333333332,4.566465435955666,3,42;271;314
faster_rcnn,15.508,5,0.8888059701492537,0.06507959038991926,10.623733333333332,4.566465435955666,3,42;271;314
faster_rcnn,15.509333333333334,5,0.8888059701492537,0.06507959038991926,10.623733333333332,4.566465435955666,3,42;271;314
faster_rcnn,15.518666666666666,5,0.8888059701492537,0.06507959038991926,10.623733333333332,4.566465435955666,3,42;271;314
faster_rcnn,15.521333333333333,5,0.8888059701492537,0.06507959038991926,10.623733333333332,4.566465435955666,3,42;271;314
faster_rcnn,15.526666666666667,5,0.8888059701492537,0.06507959038991926,10.623733333333332,4.566465435955666,3,42;271;314
faster_rcnn,15.536,5,0.8888059701492537,0.06507959038991926,10.623733333333332,4.566465435955666,3,42;271;314
faster_rcnn,15.538666666666666,5,0.8888059701492537,0.06507959038991926,10.623733333333332,4.566465435955666,3,42;271;314
faster_rcnn,15.556,5,0.8888059701492537,0.06507959038991926,10.623733333333332,4.566465435955666,3,42;271;314
faster_rcnn,15.561333333333334,5,0.8888059701492537,0.06507959038991926,10.623733333333332,4.566465435955666,3,42;271;314
faster_rcnn,15.564,5,0.8888059701492537,0.06507959038991926,10.623733333333332,4.566465435955666,3,42;271;314
faster_rcnn,15.566666666666666,5,0.8888059701492537,0.06507959038991926,10.623733333333332,4.566465435955666,3,42;271;314
faster_rcnn,15.576,5,0.8888059701492537,0.06507959038991926,10.623733333333332,4.566465435955666,3,42;271;314
faster_rcnn,15.582666666666666,5,0.8895522388059701,0.06556979891489192,10.654933333333332,4.607830571730885,3,42;271;314
faster_rcnn,15.596,5,0.8895522388059701,0.06556979891489192,10.654933333333332,4.607830571730885,3,42;271;314
faster_rcnn,15.597333333333333,5,0.8895522388059701,0.06556979891489192,10.654933333333332,4.607830571730885,3,42;271;314
faster_rcnn,15.608,5,0.8895522388059701,0.06556979891489192,10.654933333333332,4.607830571730885,3,42;271;314
faster_rcnn,15.612,5,0.8895522388059701,0.06556979891489192,10.654933333333332,4.607830571730885,3,42;271;314
faster_rcnn,15.617333333333333,5,0.8895522388059701,0.06556979891489192,10.654933333333332,4.607830571730885,3,42;271;314
faster_rcnn,15.628,5,0.8895522388059701,0.06556979891489192,10.654933333333332,4.607830571730885,3,42;271;314
faster_rcnn,15.637333333333334,5,0.8895522388059701,0.06556979891489192,10.654933333333332,4.607830571730885,3,42;271;314
faster_rcnn,15.644,5,0.8895522388059701,0.06556979891489192,10.654933333333332,4.607830571730885,3,42;271;314
faster_rcnn,15.653333333333334,5,0.8895522388059701,0.06556979891489192,10.654933333333332,4.607830571730885,3,42;271;314
faster_rcnn,15.661333333333333,5,0.8895522388059701,0.06556979891489192,10.654933333333332,4.607830571730885,3,42;271;314
faster_rcnn,15.669333333333332,5,0.8895522388059701,0.06556979891489192,10.654933333333332,4.607830571730885,3,42;271;314
faster_rcnn,15.685333333333332,5,0.8895522388059701,0.06556979891489192,10.654933333333332,4.607830571730885,3,42;271;314
faster_rcnn,15.696,5,0.8895522388059701,0.06556979891489192,10.654933333333332,4.607830571730885,3,42;271;314
faster_rcnn,15.697333333333333,5,0.8895522388059701,0.06556979891489192,10.654933333333332,4.607830571730885,3,42;271;314
faster_rcnn,15.706666666666667,5,0.8895522388059701,0.06556979891489192,10.654933333333332,4.607830571730885,3,42;271;314
faster_rcnn,15.710666666666667,5,0.8895522388059701,0.06556979891489192,10.654933333333332,4.607830571730885,3,42;271;314
faster_rcnn,15.72,5,0.8895522388059701,0.06556979891489192,10.654933333333332,4.607830571730885,3,42;271;314
faster_rcnn,15.724,5,0.8895522388059701,0.06556979891489192,10.654933333333332,4.607830571730885,3,42;271;314
faster_rcnn,15.734666666666667,5,0.8895522388059701,0.06556979891489192,10.654933333333332,4.607830571730885,3,42;271;314
faster_rcnn,15.737333333333334,5,0.8895522388059701,0.06556979891489192,10.654933333333332,4.607830571730885,3,42;271;314
faster_rcnn,15.754666666666667,5,0.8895522388059701,0.06556979891489192,10.654933333333332,4.607830571730885,3,42;271;314
faster_rcnn,15.757333333333333,5,0.8895522388059701,0.06556979891489192,10.654933333333332,4.607830571730885,3,42;271;314
faster_rcnn,15.774666666666667,5,0.8895522388059701,0.06556979891489192,10.654933333333332,4.607830571730885,3,42;271;314
faster_rcnn,15.777333333333333,5,0.8895522388059701,0.06556979891489192,10.654933333333332,4.607830571730885,3,42;271;314
faster_rcnn,15.784,5,0.8895522388059701,0.06556979891489192,10.654933333333332,4.607830571730885,3,42;271;314
faster_rcnn,15.786666666666667,5,0.8895522388059701,0.06556979891489192,10.654933333333332,4.607830571730885,3,42;271;314
faster_rcnn,15.801333333333334,5,0.8895522388059701,0.06556979891489192,10.654933333333332,4.607830571730885,3,42;271;314
faster_rcnn,15.805333333333333,5,0.8895522388059701,0.06556979891489192,10.654933333333332,4.607830571730885,3,42;271;314
faster_rcnn,15.822666666666667,5,0.8895522388059701,0.06556979891489192,10.654933333333332,4.607830571730885,3,42;271;314
faster_rcnn,15.838666666666667,5,0.8895522388059701,0.06556979891489192,10.654933333333332,4.607830571730885,3,42;271;314
faster_rcnn,15.84,5,0.8895522388059701,0.06556979891489192,10.654933333333332,4.607830571730885,3,42;271;314
faster_rcnn,15.853333333333333,5,0.8895522388059701,0.06556979891489192,10.654933333333332,4.607830571730885,3,42;271;314
faster_rcnn,15.858666666666666,5,0.8895522388059701,0.06556979891489192,10.654933333333332,4.607830571730885,3,42;271;314
faster_rcnn,15.862666666666666,5,0.8895522388059701,0.06556979891489192,10.654933333333332,4.607830571730885,3,42;271;314
faster_rcnn,15.881333333333334,5,0.8895522388059701,0.06556979891489192,10.654933333333332,4.607830571730885,3,42;271;314
faster_rcnn,15.884,5,0.8895522388059701,0.06556979891489192,10.654933333333332,4.607830571730885,3,42;271;314
faster_rcnn,15.894666666666666,5,0.8895522388059701,0.06556979891489192,10.654933333333332,4.607830571730885,3,42;271;314
faster_rcnn,15.905333333333333,5,0.8895522388059701,0.06556979891489192,10.654933333333332,4.607830571730885,3,42;271;314
faster_rcnn,15.909333333333333,5,0.8895522388059701,0.06556979891489192,10.654933333333332,4.607830571730885,3,42;271;314
faster_rcnn,15.922666666666666,5,0.8895522388059701,0.06556979891489192,10.654933333333332,4.607830571730885,3,42;271;314
faster_rcnn,15.925333333333333,5,0.8895522388059701,0.06556979891489192,10.654933333333332,4.607830571730885,3,42;271;314
faster_rcnn,15.945333333333334,5,0.8895522388059701,0.06556979891489192,10.654933333333332,4.607830571730885,3,42;271;314
faster_rcnn,15.952,5,0.8895522388059701,0.06556979891489192,10.654933333333332,4.607830571730885,3,42;271;314
faster_rcnn,15.96,5,0.8895522388059701,0.06556979891489192,10.654933333333332,4.607830571730885,3,42;271;314
faster_rcnn,15.976,5,0.8895522388059701,0.06556979891489192,10.654933333333332,4.607830571730885,3,42;271;314
faster_rcnn,15.986666666666666,5,0.8895522388059701,0.06556979891489192,10.654933333333332,4.607830571730885,3,42;271;314
faster_rcnn,15.992,5,0.8895522388059701,0.06556979891489192,10.654933333333332,4.607830571730885,3,42;271;314
faster_rcnn,16.0,5,0.8895522388059701,0.06556979891489192,10.654933333333332,4.607830571730885,3,42;271;314
faster_rcnn,16.008,5,0.8895522388059701,0.06556979891489192,10.654933333333332,4.607830571730885,3,42;271;314
faster_rcnn,16.016,5,0.8895522388059701,0.06556979891489192,10.654933333333332,4.607830571730885,3,42;271;314
faster_rcnn,16.024,5,0.8895522388059701,0.06556979891489192,10.654933333333332,4.607830571730885,3,42;271;314
faster_rcnn,16.037333333333333,5,0.8895522388059701,0.06556979891489192,10.654933333333332,4.607830571730885,3,42;271;314
faster_rcnn,16.038666666666668,5,0.8895522388059701,0.06556979891489192,10.654933333333332,4.607830571730885,3,42;271;314
faster_rcnn,16.052,5,0.8895522388059701,0.06556979891489192,10.654933333333332,4.607830571730885,3,42;271;314
faster_rcnn,16.057333333333332,5,0.8895522388059701,0.06556979891489192,10.654933333333332,4.607830571730885,3,42;271;314
faster_rcnn,16.068,5,0.8895522388059701,0.06556979891489192,10.654933333333332,4.607830571730885,3,42;271;314
faster_rcnn,16.078666666666667,5,0.8895522388059701,0.06556979891489192,10.654933333333332,4.607830571730885,3,42;271;314
faster_rcnn,16.081333333333333,5,0.8895522388059701,0.06556979891489192,10.654933333333332,4.607830571730885,3,42;271;314
faster_rcnn,16.090666666666667,5,0.8895522388059701,0.06556979891489192,10.654933333333332,4.607830571730885,3,42;271;314
faster_rcnn,16.097333333333335,5,0.8895522388059701,0.06556979891489192,10.654933333333332,4.607830571730885,3,42;271;314
faster_rcnn,16.109333333333332,5,0.8895522388059701,0.06556979891489192,10.654933333333332,4.607830571730885,3,42;271;314
faster_rcnn,16.117333333333335,5,0.8895522388059701,0.06556979891489192,10.654933333333332,4.607830571730885,3,42;271;314
faster_rcnn,16.128,5,0.8895522388059701,0.06556979891489192,10.654933333333332,4.607830571730885,3,42;271;314
faster_rcnn,16.137333333333334,5,0.8895522388059701,0.06556979891489192,10.654933333333332,4.607830571730885,3,42;271;314
faster_rcnn,16.14666666666667,5,0.8895522388059701,0.06556979891489192,10.654933333333332,4.607830571730885,3,42;271;314
faster_rcnn,16.153333333333332,5,0.8895522388059701,0.06556979891489192,10.654933333333332,4.607830571730885,3,42;271;314
faster_rcnn,16.158666666666665,5,0.8895522388059701,0.06556979891489192,10.654933333333332,4.607830571730885,3,42;271;314
faster_rcnn,16.165333333333333,5,0.8895522388059701,0.06556979891489192,10.654933333333332,4.607830571730885,3,42;271;314
faster_rcnn,16.17866666666667,5,0.8895522388059701,0.06556979891489192,10.654933333333332,4.607830571730885,3,42;271;314
faster_rcnn,16.184,5,0.8895522388059701,0.06556979891489192,10.654933333333332,4.607830571730885,3,42;271;314
faster_rcnn,16.192,5,0.8895522388059701,0.06556979891489192,10.654933333333332,4.607830571730885,3,42;271;314
faster_rcnn,16.202666666666666,5,0.8895522388059701,0.06556979891489192,10.654933333333332,4.607830571730885,3,42;271;314
faster_rcnn,16.214666666666666,5,0.8895522388059701,0.06556979891489192,10.654933333333332,4.607830571730885,3,42;271;314
faster_rcnn,16.222666666666665,5,0.8895522388059701,0.06556979891489192,10.654933333333332,4.607830571730885,3,42;271;314
faster_rcnn,16.22533333333333,5,0.8895522388059701,0.06556979891489192,10.654933333333332,4.607830571730885,3,42;271;314
faster_rcnn,16.234666666666666,5,0.8895522388059701,0.06556979891489192,10.654933333333332,4.607830571730885,3,42;271;314
faster_rcnn,16.236,5,0.8895522388059701,0.06556979891489192,10.654933333333332,4.607830571730885,3,42;271;314
faster_rcnn,16.249333333333333,5,0.8895522388059701,0.06556979891489192,10.654933333333332,4.607830571730885,3,42;271;314
faster_rcnn,16.261333333333333,5,0.8895522388059701,0.06556979891489192,10.654933333333332,4.607830571730885,3,42;271;314
faster_rcnn,16.262666666666668,5,0.8895522388059701,0.06556979891489192,10.654933333333332,4.607830571730885,3,42;271;314
faster_rcnn,16.272,5,0.8895522388059701,0.06556979891489192,10.654933333333332,4.607830571730885,3,42;271;314
faster_rcnn,16.276,5,0.8895522388059701,0.06556979891489192,10.654933333333332,4.607830571730885,3,42;271;314
faster_rcnn,16.284,5,0.8895522388059701,0.06556979891489192,10.654933333333332,4.607830571730885,3,42;271;314
faster_rcnn,16.293333333333333,5,0.8895522388059701,0.06556979891489192,10.654933333333332,4.607830571730885,3,42;271;314
faster_rcnn,16.297333333333334,5,0.8895522388059701,0.06556979891489192,10.654933333333332,4.607830571730885,3,42;271;314
faster_rcnn,16.308,5,0.8895522388059701,0.06556979891489192,10.654933333333332,4.607830571730885,3,42;271;314
faster_rcnn,16.309333333333335,5,0.8895522388059701,0.06556979891489192,10.654933333333332,4.607830571730885,3,42;271;314
faster_rcnn,16.313333333333333,5,0.8895522388059701,0.06556979891489192,10.654933333333332,4.607830571730885,3,42;271;314
faster_rcnn,16.32133333333333,5,0.8895522388059701,0.06556979891489192,10.654933333333332,4.607830571730885,3,42;271;314
faster_rcnn,16.330666666666666,5,0.8895522388059701,0.06556979891489192,10.654933333333332,4.607830571730885,3,42;271;314
faster_rcnn,16.336,5,0.8895522388059701,0.06556979891489192,10.654933333333332,4.607830571730885,3,42;271;314
faster_rcnn,16.34,5,0.8895522388059701,0.06556979891489192,10.654933333333332,4.607830571730885,3,42;271;314
faster_rcnn,16.344,5,0.8895522388059701,0.06556979891489192,10.654933333333332,4.607830571730885,3,42;271;314
faster_rcnn,16.354666666666667,5,0.8895522388059701,0.06556979891489192,10.654933333333332,4.607830571730885,3,42;271;314
faster_rcnn,16.36,5,0.8895522388059701,0.06556979891489192,10.654933333333332,4.607830571730885,3,42;271;314
faster_rcnn,16.372,5,0.8895522388059701,0.06556979891489192,10.654933333333332,4.607830571730885,3,42;271;314
faster_rcnn,16.378666666666668,5,0.8895522388059701,0.06556979891489192,10.654933333333332,4.607830571730885,3,42;271;314
faster_rcnn,16.390666666666668,5,0.8895522388059701,0.06556979891489192,10.654933333333332,4.607830571730885,3,42;271;314
faster_rcnn,16.397333333333332,5,0.8895522388059701,0.06556979891489192,10.654933333333332,4.607830571730885,3,42;271;314
faster_rcnn,16.404,5,0.8895522388059701,0.06556979891489192,10.654933333333332,4.607830571730885,3,42;271;314
faster_rcnn,16.413333333333334,5,0.8895522388059701,0.06556979891489192,10.654933333333332,4.607830571730885,3,42;271;314
faster_rcnn,16.429333333333332,5,0.8895522388059701,0.06556979891489192,10.654933333333332,4.607830571730885,3,42;271;314
faster_rcnn,16.438666666666666,5,0.8895522388059701,0.06556979891489192,10.654933333333332,4.607830571730885,3,42;271;314
faster_rcnn,16.442666666666668,5,0.8895522388059701,0.06556979891489192,10.654933333333332,4.607830571730885,3,42;271;314
faster_rcnn,16.456,5,0.8895522388059701,0.06556979891489192,10.654933333333332,4.607830571730885,3,42;271;314
faster_rcnn,16.469333333333335,5,0.8902985074626866,0.06609851090031475,10.832266666666666,4.855302933677546,3,42;271;314
faster_rcnn,16.474666666666668,5,0.8902985074626866,0.06609851090031475,10.832266666666666,4.855302933677546,3,42;271;314
faster_rcnn,16.488,5,0.8902985074626866,0.06609851090031475,10.832266666666666,4.855302933677546,3,42;271;314
faster_rcnn,16.489333333333335,5,0.8902985074626866,0.06609851090031475,10.832266666666666,4.855302933677546,3,42;271;314
faster_rcnn,16.5,5,0.8902985074626866,0.06609851090031475,10.832266666666666,4.855302933677546,3,42;271;314
faster_rcnn,16.505333333333333,5,0.8902985074626866,0.06609851090031475,10.832266666666666,4.855302933677546,3,42;271;314
faster_rcnn,16.517333333333333,5,0.8902985074626866,0.06609851090031475,10.832266666666666,4.855302933677546,3,42;271;314
faster_rcnn,16.524,5,0.8902985074626866,0.06609851090031475,10.832266666666666,4.855302933677546,3,42;271;314
faster_rcnn,16.525333333333332,5,0.8902985074626866,0.06609851090031475,10.832266666666666,4.855302933677546,3,42;271;314
faster_rcnn,16.536,5,0.8902985074626866,0.06609851090031475,10.832266666666666,4.855302933677546,3,42;271;314
faster_rcnn,16.54,5,0.8902985074626866,0.06609851090031475,10.832266666666666,4.855302933677546,3,42;271;314
faster_rcnn,16.552,5,0.8902985074626866,0.06609851090031475,10.832266666666666,4.855302933677546,3,42;271;314
faster_rcnn,16.553333333333335,5,0.8902985074626866,0.06609851090031475,10.832266666666666,4.855302933677546,3,42;271;314
faster_rcnn,16.569333333333333,5,0.8902985074626866,0.06609851090031475,10.832266666666666,4.855302933677546,3,42;271;314
faster_rcnn,16.577333333333332,5,0.8902985074626866,0.06609851090031475,10.832266666666666,4.855302933677546,3,42;271;314
faster_rcnn,16.586666666666666,5,0.8902985074626866,0.06609851090031475,10.832266666666666,4.855302933677546,3,42;271;314
faster_rcnn,16.594666666666665,5,0.8902985074626866,0.06609851090031475,10.832266666666666,4.855302933677546,3,42;271;314
faster_rcnn,16.604,5,0.8902985074626866,0.06609851090031475,10.832266666666666,4.855302933677546,3,42;271;314
faster_rcnn,16.606666666666666,5,0.8902985074626866,0.06609851090031475,10.832266666666666,4.855302933677546,3,42;271;314
faster_rcnn,16.622666666666667,5,0.8902985074626866,0.06609851090031475,10.832266666666666,4.855302933677546,3,42;271;314
faster_rcnn,16.625333333333334,5,0.8902985074626866,0.06609851090031475,10.832266666666666,4.855302933677546,3,42;271;314
faster_rcnn,16.641333333333332,5,0.8902985074626866,0.06609851090031475,10.832266666666666,4.855302933677546,3,42;271;314
faster_rcnn,16.652,5,0.8902985074626866,0.06609851090031475,10.832266666666666,4.855302933677546,3,42;271;314
faster_rcnn,16.664,5,0.8902985074626866,0.06609851090031475,10.832266666666666,4.855302933677546,3,42;271;314
faster_rcnn,16.666666666666668,5,0.8902985074626866,0.06609851090031475,10.832266666666666,4.855302933677546,3,42;271;314
faster_rcnn,16.68,5,0.8902985074626866,0.06609851090031475,10.832266666666666,4.855302933677546,3,42;271;314
faster_rcnn,16.681333333333335,5,0.8902985074626866,0.06609851090031475,10.832266666666666,4.855302933677546,3,42;271;314
faster_rcnn,16.690666666666665,5,0.8902985074626866,0.06609851090031475,10.832266666666666,4.855302933677546,3,42;271;314
faster_rcnn,16.698666666666668,5,0.8902985074626866,0.06609851090031475,10.832266666666666,4.855302933677546,3,42;271;314
faster_rcnn,16.712,5,0.8902985074626866,0.06609851090031475,10.832266666666666,4.855302933677546,3,42;271;314
faster_rcnn,16.717333333333332,5,0.8902985074626866,0.06609851090031475,10.832266666666666,4.855302933677546,3,42;271;314
faster_rcnn,16.726666666666667,5,0.8902985074626866,0.06609851090031475,10.832266666666666,4.855302933677546,3,42;271;314
faster_rcnn,16.732,5,0.8902985074626866,0.06609851090031475,10.832266666666666,4.855302933677546,3,42;271;314
faster_rcnn,16.733333333333334,5,0.8902985074626866,0.06609851090031475,10.832266666666666,4.855302933677546,3,42;271;314
faster_rcnn,16.745333333333335,5,0.8902985074626866,0.06609851090031475,10.832266666666666,4.855302933677546,3,42;271;314
faster_rcnn,16.748,5,0.8902985074626866,0.06609851090031475,10.832266666666666,4.855302933677546,3,42;271;314
faster_rcnn,16.761333333333333,5,0.8902985074626866,0.06609851090031475,10.832266666666666,4.855302933677546,3,42;271;314
faster_rcnn,16.768,5,0.8902985074626866,0.06609851090031475,10.832266666666666,4.855302933677546,3,42;271;314
faster_rcnn,16.78,5,0.8902985074626866,0.06609851090031475,10.832266666666666,4.855302933677546,3,42;271;314
faster_rcnn,16.785333333333334,5,0.8902985074626866,0.06609851090031475,10.832266666666666,4.855302933677546,3,42;271;314
faster_rcnn,16.793333333333333,5,0.8902985074626866,0.06609851090031475,10.832266666666666,4.855302933677546,3,42;271;314
faster_rcnn,16.8,5,0.8902985074626866,0.06609851090031475,10.832266666666666,4.855302933677546,3,42;271;314
faster_rcnn,16.810666666666666,5,0.8902985074626866,0.06609851090031475,10.832266666666666,4.855302933677546,3,42;271;314
faster_rcnn,16.824,5,0.8902985074626866,0.06609851090031475,10.832266666666666,4.855302933677546,3,42;271;314
faster_rcnn,16.832,5,0.8902985074626866,0.06609851090031475,10.832266666666666,4.855302933677546,3,42;271;314
faster_rcnn,16.845333333333333,5,0.8902985074626866,0.06609851090031475,10.832266666666666,4.855302933677546,3,42;271;314
faster_rcnn,16.848,5,0.8902985074626866,0.06609851090031475,10.832266666666666,4.855302933677546,3,42;271;314
faster_rcnn,16.866666666666667,5,0.8902985074626866,0.06609851090031475,10.832266666666666,4.855302933677546,3,42;271;314
faster_rcnn,16.876,5,0.8902985074626866,0.06609851090031475,10.832266666666666,4.855302933677546,3,42;271;314
faster_rcnn,16.884,5,0.8902985074626866,0.06609851090031475,10.832266666666666,4.855302933677546,3,42;271;314
faster_rcnn,16.890666666666668,5,0.8902985074626866,0.06609851090031475,10.832266666666666,4.855302933677546,3,42;271;314
faster_rcnn,16.905333333333335,5,0.8902985074626866,0.06609851090031475,10.832266666666666,4.855302933677546,3,42;271;314
faster_rcnn,16.908,5,0.8902985074626866,0.06609851090031475,10.832266666666666,4.855302933677546,3,42;271;314
faster_rcnn,16.918666666666667,5,0.8902985074626866,0.06609851090031475,10.832266666666666,4.855302933677546,3,42;271;314
faster_rcnn,16.926666666666666,5,0.8902985074626866,0.06609851090031475,10.832266666666666,4.855302933677546,3,42;271;314
faster_rcnn,16.934666666666665,5,0.8902985074626866,0.06609851090031475,10.832266666666666,4.855302933677546,3,42;271;314
faster_rcnn,16.938666666666666,5,0.8902985074626866,0.06609851090031475,10.832266666666666,4.855302933677546,3,42;271;314
faster_rcnn,16.953333333333333,5,0.8902985074626866,0.06609851090031475,10.832266666666666,4.855302933677546,3,42;271;314
faster_rcnn,16.954666666666668,5,0.8902985074626866,0.06609851090031475,10.832266666666666,4.855302933677546,3,42;271;314
faster_rcnn,16.961333333333332,5,0.8902985074626866,0.06609851090031475,10.832266666666666,4.855302933677546,3,42;271;314
faster_rcnn,16.968,5,0.8902985074626866,0.06609851090031475,10.832266666666666,4.855302933677546,3,42;271;314
faster_rcnn,16.978666666666665,5,0.8902985074626866,0.06609851090031475,10.832266666666666,4.855302933677546,3,42;271;314
faster_rcnn,16.98,5,0.8902985074626866,0.06609851090031475,10.832266666666666,4.855302933677546,3,42;271;314
faster_rcnn,16.990666666666666,5,0.8902985074626866,0.06609851090031475,10.832266666666666,4.855302933677546,3,42;271;314
faster_rcnn,16.996,5,0.8902985074626866,0.06609851090031475,10.832266666666666,4.855302933677546,3,42;271;314
faster_rcnn,17.001333333333335,5,0.8902985074626866,0.06609851090031475,10.832266666666666,4.855302933677546,3,42;271;314
faster_rcnn,17.02,5,0.8902985074626866,0.06609851090031475,10.832266666666666,4.855302933677546,3,42;271;314
faster_rcnn,17.021333333333335,5,0.8902985074626866,0.06609851090031475,10.832266666666666,4.855302933677546,3,42;271;314
faster_rcnn,17.033333333333335,5,0.8902985074626866,0.06609851090031475,10.832266666666666,4.855302933677546,3,42;271;314
faster_rcnn,17.04,5,0.8902985074626866,0.06609851090031475,10.832266666666666,4.855302933677546,3,42;271;314
faster_rcnn,17.041333333333334,5,0.8902985074626866,0.06609851090031475,10.832266666666666,4.855302933677546,3,42;271;314
faster_rcnn,17.058666666666667,5,0.8902985074626866,0.06609851090031475,10.832266666666666,4.855302933677546,3,42;271;314
faster_rcnn,17.06,5,0.8902985074626866,0.06609851090031475,10.832266666666666,4.855302933677546,3,42;271;314
faster_rcnn,17.081333333333333,5,0.8902985074626866,0.06609851090031475,10.832266666666666,4.855302933677546,3,42;271;314
faster_rcnn,17.082666666666668,5,0.8902985074626866,0.06609851090031475,10.832266666666666,4.855302933677546,3,42;271;314
faster_rcnn,17.102666666666668,5,0.8902985074626866,0.06609851090031475,10.832266666666666,4.855302933677546,3,42;271;314
faster_rcnn,17.108,5,0.8902985074626866,0.06609851090031475,10.832266666666666,4.855302933677546,3,42;271;314
faster_rcnn,17.11466666666667,5,0.8902985074626866,0.06609851090031475,10.832266666666666,4.855302933677546,3,42;271;314
faster_rcnn,17.118666666666666,5,0.8902985074626866,0.06609851090031475,10.832266666666666,4.855302933677546,3,42;271;314
faster_rcnn,17.12,5,0.8902985074626866,0.06609851090031475,10.832266666666666,4.855302933677546,3,42;271;314
faster_rcnn,17.137333333333334,5,0.8902985074626866,0.06609851090031475,10.832266666666666,4.855302933677546,3,42;271;314
faster_rcnn,17.142666666666667,5,0.8902985074626866,0.06609851090031475,10.832266666666666,4.855302933677546,3,42;271;314
faster_rcnn,17.162666666666667,5,0.8902985074626866,0.06609851090031475,10.832266666666666,4.855302933677546,3,42;271;314
faster_rcnn,17.169333333333334,5,0.8902985074626866,0.06609851090031475,10.832266666666666,4.855302933677546,3,42;271;314
faster_rcnn,17.173333333333332,5,0.8902985074626866,0.06609851090031475,10.832266666666666,4.855302933677546,3,42;271;314
faster_rcnn,17.18,5,0.8902985074626866,0.06609851090031475,10.832266666666666,4.855302933677546,3,42;271;314
faster_rcnn,17.19333333333333,5,0.8902985074626866,0.06609851090031475,10.832266666666666,4.855302933677546,3,42;271;314
faster_rcnn,17.201333333333334,5,0.8902985074626866,0.06609851090031475,10.832266666666666,4.855302933677546,3,42;271;314
faster_rcnn,17.204,5,0.8902985074626866,0.06609851090031475,10.832266666666666,4.855302933677546,3,42;271;314
faster_rcnn,17.214666666666666,5,0.8902985074626866,0.06609851090031475,10.832266666666666,4.855302933677546,3,42;271;314
faster_rcnn,17.221333333333334,5,0.8902985074626866,0.06609851090031475,10.832266666666666,4.855302933677546,3,42;271;314
faster_rcnn,17.230666666666668,5,0.8902985074626866,0.06609851090031475,10.832266666666666,4.855302933677546,3,42;271;314
faster_rcnn,17.234666666666666,5,0.8902985074626866,0.06609851090031475,10.832266666666666,4.855302933677546,3,42;271;314
faster_rcnn,17.245333333333335,5,0.8902985074626866,0.06609851090031475,10.832266666666666,4.855302933677546,3,42;271;314
faster_rcnn,17.25733333333333,5,0.8902985074626866,0.06609851090031475,10.832266666666666,4.855302933677546,3,42;271;314
faster_rcnn,17.272,5,0.8902985074626866,0.06609851090031475,10.832266666666666,4.855302933677546,3,42;271;314
faster_rcnn,17.277333333333335,5,0.8902985074626866,0.06609851090031475,10.832266666666666,4.855302933677546,3,42;271;314
faster_rcnn,17.28933333333333,5,0.891044776119403,0.0668212639050517,11.311733333333333,5.4396392364036625,3,42;271;314
faster_rcnn,17.3,5,0.891044776119403,0.0668212639050517,11.311733333333333,5.4396392364036625,3,42;271;314
faster_rcnn,17.301333333333332,5,0.891044776119403,0.0668212639050517,11.311733333333333,5.4396392364036625,3,42;271;314
faster_rcnn,17.313333333333333,5,0.891044776119403,0.0668212639050517,11.311733333333333,5.4396392364036625,3,42;271;314
faster_rcnn,17.317333333333334,5,0.891044776119403,0.0668212639050517,11.311733333333333,5.4396392364036625,3,42;271;314
faster_rcnn,17.329333333333334,5,0.891044776119403,0.0668212639050517,11.311733333333333,5.4396392364036625,3,42;271;314
faster_rcnn,17.330666666666666,5,0.891044776119403,0.0668212639050517,11.311733333333333,5.4396392364036625,3,42;271;314
faster_rcnn,17.344,5,0.8917910447761195,0.06757750103087622,11.322666666666667,5.454691599388957,3,42;271;314
faster_rcnn,17.346666666666668,5,0.8917910447761195,0.06757750103087622,11.322666666666667,5.454691599388957,3,42;271;314
faster_rcnn,17.356,5,0.8917910447761195,0.06757750103087622,11.322666666666667,5.454691599388957,3,42;271;314
faster_rcnn,17.362666666666666,5,0.8917910447761195,0.06757750103087622,11.322666666666667,5.454691599388957,3,42;271;314
faster_rcnn,17.377333333333333,5,0.8917910447761195,0.06757750103087622,11.322666666666667,5.454691599388957,3,42;271;314
faster_rcnn,17.384,5,0.8917910447761195,0.06757750103087622,11.322666666666667,5.454691599388957,3,42;271;314
faster_rcnn,17.401333333333334,5,0.8917910447761195,0.06757750103087622,11.322666666666667,5.454691599388957,3,42;271;314
faster_rcnn,17.409333333333333,5,0.8917910447761195,0.06757750103087622,11.322666666666667,5.454691599388957,3,42;271;314
faster_rcnn,17.42,5,0.8917910447761195,0.06757750103087622,11.322666666666667,5.454691599388957,3,42;271;314
faster_rcnn,17.425333333333334,5,0.8917910447761195,0.06757750103087622,11.322666666666667,5.454691599388957,3,42;271;314
faster_rcnn,17.441333333333333,5,0.8917910447761195,0.06757750103087622,11.322666666666667,5.454691599388957,3,42;271;314
faster_rcnn,17.445333333333334,5,0.8917910447761195,0.06757750103087622,11.322666666666667,5.454691599388957,3,42;271;314
faster_rcnn,17.453333333333333,5,0.8917910447761195,0.06757750103087622,11.322666666666667,5.454691599388957,3,42;271;314
faster_rcnn,17.46,5,0.8917910447761195,0.06757750103087622,11.322666666666667,5.454691599388957,3,42;271;314
faster_rcnn,17.464,5,0.8917910447761195,0.06757750103087622,11.322666666666667,5.454691599388957,3,42;271;314
faster_rcnn,17.477333333333334,5,0.8917910447761195,0.06757750103087622,11.322666666666667,5.454691599388957,3,42;271;314
faster_rcnn,17.481333333333332,5,0.8917910447761195,0.06757750103087622,11.322666666666667,5.454691599388957,3,42;271;314
faster_rcnn,17.5,5,0.8925373134328357,0.06811106990510228,11.5288,5.711248907978788,3,42;271;314
faster_rcnn,17.501333333333335,5,0.8925373134328357,0.06811106990510228,11.5288,5.711248907978788,3,42;271;314
faster_rcnn,17.509333333333334,5,0.8925373134328357,0.06811106990510228,11.5288,5.711248907978788,3,42;271;314
faster_rcnn,17.513333333333332,5,0.8925373134328357,0.06811106990510228,11.5288,5.711248907978788,3,42;271;314
faster_rcnn,17.532,5,0.8925373134328357,0.06811106990510228,11.5288,5.711248907978788,3,42;271;314
faster_rcnn,17.548,5,0.8925373134328357,0.06811106990510228,11.5288,5.711248907978788,3,42;271;314
faster_rcnn,17.554666666666666,5,0.8925373134328357,0.06811106990510228,11.5288,5.711248907978788,3,42;271;314
faster_rcnn,17.564,5,0.8925373134328357,0.06811106990510228,11.5288,5.711248907978788,3,42;271;314
faster_rcnn,17.574666666666666,5,0.8925373134328357,0.06811106990510228,11.5288,5.711248907978788,3,42;271;314
faster_rcnn,17.577333333333332,5,0.8925373134328357,0.06811106990510228,11.5288,5.711248907978788,3,42;271;314
faster_rcnn,17.593333333333334,5,0.8925373134328357,0.06811106990510228,11.5288,5.711248907978788,3,42;271;314
faster_rcnn,17.6,5,0.8925373134328357,0.06811106990510228,11.5288,5.711248907978788,3,42;271;314
faster_rcnn,17.618666666666666,5,0.8925373134328357,0.06811106990510228,11.5288,5.711248907978788,3,42;271;314
faster_rcnn,17.624,5,0.8925373134328357,0.06811106990510228,11.5288,5.711248907978788,3,42;271;314
faster_rcnn,17.634666666666668,5,0.8925373134328357,0.06811106990510228,11.5288,5.711248907978788,3,42;271;314
faster_rcnn,17.644,5,0.8925373134328357,0.06811106990510228,11.5288,5.711248907978788,3,42;271;314
faster_rcnn,17.650666666666666,5,0.8925373134328357,0.06811106990510228,11.5288,5.711248907978788,3,42;271;314
faster_rcnn,17.662666666666667,5,0.8925373134328357,0.06811106990510228,11.5288,5.711248907978788,3,42;271;314
faster_rcnn,17.666666666666668,5,0.8925373134328357,0.06811106990510228,11.5288,5.711248907978788,3,42;271;314
faster_rcnn,17.677333333333333,5,0.8925373134328357,0.06811106990510228,11.5288,5.711248907978788,3,42;271;314
faster_rcnn,17.682666666666666,5,0.8925373134328357,0.06811106990510228,11.5288,5.711248907978788,3,42;271;314
faster_rcnn,17.7,5,0.8925373134328357,0.06811106990510228,11.5288,5.711248907978788,3,42;271;314
faster_rcnn,17.705333333333332,5,0.8925373134328357,0.06811106990510228,11.5288,5.711248907978788,3,42;271;314
faster_rcnn,17.717333333333332,5,0.8925373134328357,0.06811106990510228,11.5288,5.711248907978788,3,42;271;314
faster_rcnn,17.72533333333333,5,0.8925373134328357,0.06811106990510228,11.5288,5.711248907978788,3,42;271;314
faster_rcnn,17.730666666666668,5,0.8925373134328357,0.06811106990510228,11.5288,5.711248907978788,3,42;271;314
faster_rcnn,17.736,5,0.8925373134328357,0.06811106990510228,11.5288,5.711248907978788,3,42;271;314
faster_rcnn,17.749333333333333,5,0.8925373134328357,0.06811106990510228,11.5288,5.711248907978788,3,42;271;314
faster_rcnn,17.750666666666667,5,0.8925373134328357,0.06811106990510228,11.5288,5.711248907978788,3,42;271;314
faster_rcnn,17.761333333333333,5,0.8925373134328357,0.06811106990510228,11.5288,5.711248907978788,3,42;271;314
faster_rcnn,17.764,5,0.8925373134328357,0.06811106990510228,11.5288,5.711248907978788,3,42;271;314
faster_rcnn,17.778666666666666,5,0.8925373134328357,0.06811106990510228,11.5288,5.711248907978788,3,42;271;314
faster_rcnn,17.78,5,0.8925373134328357,0.06811106990510228,11.5288,5.711248907978788,3,42;271;314
faster_rcnn,17.793333333333333,5,0.8925373134328357,0.06811106990510228,11.5288,5.711248907978788,3,42;271;314
faster_rcnn,17.797333333333334,5,0.8925373134328357,0.06811106990510228,11.5288,5.711248907978788,3,42;271;314
faster_rcnn,17.814666666666668,5,0.8925373134328357,0.06811106990510228,11.5288,5.711248907978788,3,42;271;314
faster_rcnn,17.817333333333334,5,0.8925373134328357,0.06811106990510228,11.5288,5.711248907978788,3,42;271;314
faster_rcnn,17.825333333333333,5,0.8925373134328357,0.06811106990510228,11.5288,5.711248907978788,3,42;271;314
faster_rcnn,17.833333333333332,5,0.8925373134328357,0.06811106990510228,11.5288,5.711248907978788,3,42;271;314
faster_rcnn,17.844,5,0.8925373134328357,0.06811106990510228,11.5288,5.711248907978788,3,42;271;314
faster_rcnn,17.846666666666668,5,0.8925373134328357,0.06811106990510228,11.5288,5.711248907978788,3,42;271;314
faster_rcnn,17.858666666666668,5,0.8925373134328357,0.06811106990510228,11.5288,5.711248907978788,3,42;271;314
faster_rcnn,17.865333333333332,5,0.8925373134328357,0.06811106990510228,11.5288,5.711248907978788,3,42;271;314
faster_rcnn,17.868,5,0.8925373134328357,0.06811106990510228,11.5288,5.711248907978788,3,42;271;314
faster_rcnn,17.88,5,0.8925373134328357,0.06811106990510228,11.5288,5.711248907978788,3,42;271;314
faster_rcnn,17.888,5,0.8925373134328357,0.06811106990510228,11.5288,5.711248907978788,3,42;271;314
faster_rcnn,17.9,5,0.8925373134328357,0.06811106990510228,11.5288,5.711248907978788,3,42;271;314
faster_rcnn,17.901333333333334,5,0.8925373134328357,0.06811106990510228,11.5288,5.711248907978788,3,42;271;314
faster_rcnn,17.912,5,0.8925373134328357,0.06811106990510228,11.5288,5.711248907978788,3,42;271;314
faster_rcnn,17.929333333333332,5,0.8925373134328357,0.06811106990510228,11.5288,5.711248907978788,3,42;271;314
faster_rcnn,17.937333333333335,5,0.8925373134328357,0.06811106990510228,11.5288,5.711248907978788,3,42;271;314
faster_rcnn,17.938666666666666,5,0.8925373134328357,0.06811106990510228,11.5288,5.711248907978788,3,42;271;314
faster_rcnn,17.953333333333333,5,0.8925373134328357,0.06811106990510228,11.5288,5.711248907978788,3,42;271;314
faster_rcnn,17.956,5,0.8925373134328357,0.06811106990510228,11.5288,5.711248907978788,3,42;271;314
faster_rcnn,17.969333333333335,5,0.8925373134328357,0.06811106990510228,11.5288,5.711248907978788,3,42;271;314
faster_rcnn,17.972,5,0.8925373134328357,0.06811106990510228,11.5288,5.711248907978788,3,42;271;314
faster_rcnn,17.988,5,0.8925373134328357,0.06811106990510228,11.5288,5.711248907978788,3,42;271;314
faster_rcnn,17.989333333333335,5,0.8925373134328357,0.06811106990510228,11.5288,5.711248907978788,3,42;271;314
faster_rcnn,18.012,5,0.8925373134328357,0.06811106990510228,11.5288,5.711248907978788,3,42;271;314
faster_rcnn,18.022666666666666,5,0.8925373134328357,0.06811106990510228,11.5288,5.711248907978788,3,42;271;314
faster_rcnn,18.029333333333334,5,0.8925373134328357,0.06811106990510228,11.5288,5.711248907978788,3,42;271;314
faster_rcnn,18.038666666666668,5,0.8925373134328357,0.06811106990510228,11.5288,5.711248907978788,3,42;271;314
faster_rcnn,18.046666666666667,5,0.8925373134328357,0.06811106990510228,11.5288,5.711248907978788,3,42;271;314
faster_rcnn,18.053333333333335,5,0.8932835820895523,0.06888346721919,11.670666666666666,5.897580219415794,3,42;271;314
faster_rcnn,18.066666666666666,5,0.8932835820895523,0.06888346721919,11.670666666666666,5.897580219415794,3,42;271;314
faster_rcnn,18.068,5,0.8932835820895523,0.06888346721919,11.670666666666666,5.897580219415794,3,42;271;314
faster_rcnn,18.086666666666666,5,0.8932835820895523,0.06888346721919,11.670666666666666,5.897580219415794,3,42;271;314
faster_rcnn,18.092,5,0.8932835820895523,0.06888346721919,11.670666666666666,5.897580219415794,3,42;271;314
faster_rcnn,18.097333333333335,5,0.8932835820895523,0.06888346721919,11.670666666666666,5.897580219415794,3,42;271;314
faster_rcnn,18.1,5,0.8932835820895523,0.06888346721919,11.670666666666666,5.897580219415794,3,42;271;314
faster_rcnn,18.106666666666666,5,0.8932835820895523,0.06888346721919,11.670666666666666,5.897580219415794,3,42;271;314
faster_rcnn,18.122666666666667,5,0.8932835820895523,0.06888346721919,11.670666666666666,5.897580219415794,3,42;271;314
faster_rcnn,18.132,5,0.8932835820895523,0.06888346721919,11.670666666666666,5.897580219415794,3,42;271;314
faster_rcnn,18.138666666666666,5,0.8932835820895523,0.06888346721919,11.670666666666666,5.897580219415794,3,42;271;314
faster_rcnn,18.148,5,0.8932835820895523,0.06888346721919,11.670666666666666,5.897580219415794,3,42;271;314
faster_rcnn,18.157333333333334,5,0.8932835820895523,0.06888346721919,11.670666666666666,5.897580219415794,3,42;271;314
faster_rcnn,18.172,5,0.8932835820895523,0.06888346721919,11.670666666666666,5.897580219415794,3,42;271;314
faster_rcnn,18.177333333333333,5,0.8932835820895523,0.06888346721919,11.670666666666666,5.897580219415794,3,42;271;314
faster_rcnn,18.190666666666665,5,0.8932835820895523,0.06888346721919,11.670666666666666,5.897580219415794,3,42;271;314
faster_rcnn,18.198666666666668,5,0.8932835820895523,0.06888346721919,11.670666666666666,5.897580219415794,3,42;271;314
faster_rcnn,18.206666666666667,5,0.8932835820895523,0.06888346721919,11.670666666666666,5.897580219415794,3,42;271;314
faster_rcnn,18.214666666666666,5,0.8932835820895523,0.06888346721919,11.670666666666666,5.897580219415794,3,42;271;314
faster_rcnn,18.222666666666665,5,0.8932835820895523,0.06888346721919,11.670666666666666,5.897580219415794,3,42;271;314
faster_rcnn,18.234666666666666,5,0.8932835820895523,0.06888346721919,11.670666666666666,5.897580219415794,3,42;271;314
faster_rcnn,18.241333333333333,5,0.8932835820895523,0.06888346721919,11.670666666666666,5.897580219415794,3,42;271;314
faster_rcnn,18.249333333333333,5,0.8932835820895523,0.06888346721919,11.670666666666666,5.897580219415794,3,42;271;314
faster_rcnn,18.25733333333333,5,0.8932835820895523,0.06888346721919,11.670666666666666,5.897580219415794,3,42;271;314
faster_rcnn,18.269333333333332,5,0.8932835820895523,0.06888346721919,11.670666666666666,5.897580219415794,3,42;271;314
faster_rcnn,18.273333333333333,5,0.8932835820895523,0.06888346721919,11.670666666666666,5.897580219415794,3,42;271;314
faster_rcnn,18.28933333333333,5,0.8932835820895523,0.06888346721919,11.670666666666666,5.897580219415794,3,42;271;314
faster_rcnn,18.298666666666666,5,0.8932835820895523,0.06888346721919,11.670666666666666,5.897580219415794,3,42;271;314
faster_rcnn,18.309333333333335,5,0.8932835820895523,0.06888346721919,11.670666666666666,5.897580219415794,3,42;271;314
faster_rcnn,18.313333333333333,5,0.8932835820895523,0.06888346721919,11.670666666666666,5.897580219415794,3,42;271;314
faster_rcnn,18.328,5,0.8932835820895523,0.06888346721919,11.670666666666666,5.897580219415794,3,42;271;314
faster_rcnn,18.341333333333335,5,0.8932835820895523,0.06888346721919,11.670666666666666,5.897580219415794,3,42;271;314
faster_rcnn,18.346666666666668,5,0.8932835820895523,0.06888346721919,11.670666666666666,5.897580219415794,3,42;271;314
faster_rcnn,18.354666666666667,5,0.8932835820895523,0.06888346721919,11.670666666666666,5.897580219415794,3,42;271;314
faster_rcnn,18.368,5,0.8932835820895523,0.06888346721919,11.670666666666666,5.897580219415794,3,42;271;314
faster_rcnn,18.372,5,0.8932835820895523,0.06888346721919,11.670666666666666,5.897580219415794,3,42;271;314
faster_rcnn,18.389333333333333,5,0.8932835820895523,0.06888346721919,11.670666666666666,5.897580219415794,3,42;271;314
faster_rcnn,18.397333333333332,5,0.8932835820895523,0.06888346721919,11.670666666666666,5.897580219415794,3,42;271;314
faster_rcnn,18.401333333333334,5,0.8932835820895523,0.06888346721919,11.670666666666666,5.897580219415794,3,42;271;314
faster_rcnn,18.414666666666665,5,0.8932835820895523,0.06888346721919,11.670666666666666,5.897580219415794,3,42;271;314
faster_rcnn,18.416,5,0.8932835820895523,0.06888346721919,11.670666666666666,5.897580219415794,3,42;271;314
faster_rcnn,18.429333333333332,5,0.8932835820895523,0.06888346721919,11.670666666666666,5.897580219415794,3,42;271;314
faster_rcnn,18.438666666666666,5,0.8932835820895523,0.06888346721919,11.670666666666666,5.897580219415794,3,42;271;314
faster_rcnn,18.445333333333334,5,0.8932835820895523,0.06888346721919,11.670666666666666,5.897580219415794,3,42;271;314
faster_rcnn,18.466666666666665,5,0.8932835820895523,0.06888346721919,11.670666666666666,5.897580219415794,3,42;271;314
faster_rcnn,18.468,5,0.8932835820895523,0.06888346721919,11.670666666666666,5.897580219415794,3,42;271;314
faster_rcnn,18.481333333333332,5,0.8932835820895523,0.06888346721919,11.670666666666666,5.897580219415794,3,42;271;314
faster_rcnn,18.482666666666667,5,0.8932835820895523,0.06888346721919,11.670666666666666,5.897580219415794,3,42;271;314
faster_rcnn,18.496,5,0.8932835820895523,0.06888346721919,11.670666666666666,5.897580219415794,3,42;271;314
faster_rcnn,18.504,5,0.8932835820895523,0.06888346721919,11.670666666666666,5.897580219415794,3,42;271;314
faster_rcnn,18.509333333333334,5,0.8932835820895523,0.06888346721919,11.670666666666666,5.897580219415794,3,42;271;314
faster_rcnn,18.521333333333335,5,0.8932835820895523,0.06888346721919,11.670666666666666,5.897580219415794,3,42;271;314
faster_rcnn,18.533333333333335,5,0.8932835820895523,0.06888346721919,11.670666666666666,5.897580219415794,3,42;271;314
faster_rcnn,18.538666666666668,5,0.8932835820895523,0.06888346721919,11.670666666666666,5.897580219415794,3,42;271;314
faster_rcnn,18.54,5,0.8932835820895523,0.06888346721919,11.670666666666666,5.897580219415794,3,42;271;314
faster_rcnn,18.557333333333332,5,0.8932835820895523,0.06888346721919,11.670666666666666,5.897580219415794,3,42;271;314
faster_rcnn,18.576,5,0.8932835820895523,0.06888346721919,11.670666666666666,5.897580219415794,3,42;271;314
faster_rcnn,18.578666666666667,5,0.8932835820895523,0.06888346721919,11.670666666666666,5.897580219415794,3,42;271;314
faster_rcnn,18.592,5,0.8932835820895523,0.06888346721919,11.670666666666666,5.897580219415794,3,42;271;314
faster_rcnn,18.596,5,0.8932835820895523,0.06888346721919,11.670666666666666,5.897580219415794,3,42;271;314
faster_rcnn,18.609333333333332,5,0.8932835820895523,0.06888346721919,11.670666666666666,5.897580219415794,3,42;271;314
faster_rcnn,18.612,5,0.8932835820895523,0.06888346721919,11.670666666666666,5.897580219415794,3,42;271;314
faster_rcnn,18.613333333333333,5,0.8932835820895523,0.06888346721919,11.670666666666666,5.897580219415794,3,42;271;314
faster_rcnn,18.634666666666668,5,0.8932835820895523,0.06888346721919,11.670666666666666,5.897580219415794,3,42;271;314
faster_rcnn,18.641333333333332,5,0.8932835820895523,0.06888346721919,11.670666666666666,5.897580219415794,3,42;271;314
faster_rcnn,18.652,5,0.8932835820895523,0.06888346721919,11.670666666666666,5.897580219415794,3,42;271;314
faster_rcnn,18.656,5,0.8932835820895523,0.06888346721919,11.670666666666666,5.897580219415794,3,42;271;314
faster_rcnn,18.665333333333333,5,0.8932835820895523,0.06888346721919,11.670666666666666,5.897580219415794,3,42;271;314
faster_rcnn,18.669333333333334,5,0.8932835820895523,0.06888346721919,11.670666666666666,5.897580219415794,3,42;271;314
faster_rcnn,18.67866666666667,5,0.8932835820895523,0.06888346721919,11.670666666666666,5.897580219415794,3,42;271;314
faster_rcnn,18.692,5,0.8932835820895523,0.06888346721919,11.670666666666666,5.897580219415794,3,42;271;314
faster_rcnn,18.701333333333334,5,0.8932835820895523,0.06888346721919,11.670666666666666,5.897580219415794,3,42;271;314
faster_rcnn,18.708,5,0.8932835820895523,0.06888346721919,11.670666666666666,5.897580219415794,3,42;271;314
faster_rcnn,18.722666666666665,5,0.8932835820895523,0.06888346721919,11.670666666666666,5.897580219415794,3,42;271;314
faster_rcnn,18.724,5,0.8932835820895523,0.06888346721919,11.670666666666666,5.897580219415794,3,42;271;314
faster_rcnn,18.741333333333333,5,0.8932835820895523,0.06888346721919,11.670666666666666,5.897580219415794,3,42;271;314
faster_rcnn,18.744,5,0.8932835820895523,0.06888346721919,11.670666666666666,5.897580219415794,3,42;271;314
faster_rcnn,18.758666666666667,5,0.8932835820895523,0.06888346721919,11.670666666666666,5.897580219415794,3,42;271;314
faster_rcnn,18.766666666666666,5,0.8932835820895523,0.06888346721919,11.670666666666666,5.897580219415794,3,42;271;314
faster_rcnn,18.776,5,0.8932835820895523,0.06888346721919,11.670666666666666,5.897580219415794,3,42;271;314
faster_rcnn,18.790666666666667,5,0.8932835820895523,0.06888346721919,11.670666666666666,5.897580219415794,3,42;271;314
faster_rcnn,18.798666666666666,5,0.8932835820895523,0.06888346721919,11.670666666666666,5.897580219415794,3,42;271;314
faster_rcnn,18.808,5,0.8932835820895523,0.06888346721919,11.670666666666666,5.897580219415794,3,42;271;314
faster_rcnn,18.813333333333333,5,0.8932835820895523,0.06888346721919,11.670666666666666,5.897580219415794,3,42;271;314
faster_rcnn,18.830666666666666,5,0.8932835820895523,0.06888346721919,11.670666666666666,5.897580219415794,3,42;271;314
faster_rcnn,18.833333333333332,5,0.8932835820895523,0.06888346721919,11.670666666666666,5.897580219415794,3,42;271;314
faster_rcnn,18.849333333333334,5,0.8932835820895523,0.06888346721919,11.670666666666666,5.897580219415794,3,42;271;314
faster_rcnn,18.852,5,0.8932835820895523,0.06888346721919,11.670666666666666,5.897580219415794,3,42;271;314
faster_rcnn,18.868,5,0.8932835820895523,0.06888346721919,11.670666666666666,5.897580219415794,3,42;271;314
faster_rcnn,18.869333333333334,5,0.8932835820895523,0.06888346721919,11.670666666666666,5.897580219415794,3,42;271;314
faster_rcnn,18.877333333333333,5,0.8932835820895523,0.06888346721919,11.670666666666666,5.897580219415794,3,42;271;314
faster_rcnn,18.894666666666666,5,0.8932835820895523,0.06888346721919,11.670666666666666,5.897580219415794,3,42;271;314
faster_rcnn,18.901333333333334,5,0.8932835820895523,0.06888346721919,11.670666666666666,5.897580219415794,3,42;271;314
faster_rcnn,18.908,5,0.8932835820895523,0.06888346721919,11.670666666666666,5.897580219415794,3,42;271;314
faster_rcnn,18.921333333333333,5,0.8932835820895523,0.06888346721919,11.670666666666666,5.897580219415794,3,42;271;314
faster_rcnn,18.928,5,0.8932835820895523,0.06888346721919,11.670666666666666,5.897580219415794,3,42;271;314
faster_rcnn,18.944,5,0.8932835820895523,0.06888346721919,11.670666666666666,5.897580219415794,3,42;271;314
faster_rcnn,18.956,5,0.8932835820895523,0.06888346721919,11.670666666666666,5.897580219415794,3,42;271;314
faster_rcnn,18.961333333333332,5,0.8932835820895523,0.06888346721919,11.670666666666666,5.897580219415794,3,42;271;314
faster_rcnn,18.969333333333335,5,0.8932835820895523,0.06888346721919,11.670666666666666,5.897580219415794,3,42;271;314
faster_rcnn,18.973333333333333,5,0.8932835820895523,0.06888346721919,11.670666666666666,5.897580219415794,3,42;271;314
faster_rcnn,18.986666666666668,5,0.8932835820895523,0.06888346721919,11.670666666666666,5.897580219415794,3,42;271;314
faster_rcnn,18.996,5,0.8932835820895523,0.06888346721919,11.670666666666666,5.897580219415794,3,42;271;314
faster_rcnn,19.005333333333333,5,0.8932835820895523,0.06888346721919,11.670666666666666,5.897580219415794,3,42;271;314
faster_rcnn,19.026666666666667,5,0.8932835820895523,0.06888346721919,11.670666666666666,5.897580219415794,3,42;271;314
faster_rcnn,19.029333333333334,5,0.8932835820895523,0.06888346721919,11.670666666666666,5.897580219415794,3,42;271;314
faster_rcnn,19.045333333333332,5,0.8932835820895523,0.06888346721919,11.670666666666666,5.897580219415794,3,42;271;314
faster_rcnn,19.046666666666667,5,0.8932835820895523,0.06888346721919,11.670666666666666,5.897580219415794,3,42;271;314
faster_rcnn,19.058666666666667,5,0.8932835820895523,0.06888346721919,11.670666666666666,5.897580219415794,3,42;271;314
faster_rcnn,19.069333333333333,5,0.8932835820895523,0.06888346721919,11.670666666666666,5.897580219415794,3,42;271;314
faster_rcnn,19.073333333333334,5,0.8932835820895523,0.06888346721919,11.670666666666666,5.897580219415794,3,42;271;314
faster_rcnn,19.086666666666666,5,0.8932835820895523,0.06888346721919,11.670666666666666,5.897580219415794,3,42;271;314
faster_rcnn,19.1,5,0.8932835820895523,0.06888346721919,11.670666666666666,5.897580219415794,3,42;271;314
faster_rcnn,19.108,5,0.8932835820895523,0.06888346721919,11.670666666666666,5.897580219415794,3,42;271;314
faster_rcnn,19.121333333333332,5,0.8932835820895523,0.06888346721919,11.670666666666666,5.897580219415794,3,42;271;314
faster_rcnn,19.122666666666667,5,0.8932835820895523,0.06888346721919,11.670666666666666,5.897580219415794,3,42;271;314
faster_rcnn,19.138666666666666,5,0.8932835820895523,0.06888346721919,11.670666666666666,5.897580219415794,3,42;271;314
faster_rcnn,19.141333333333332,5,0.8932835820895523,0.06888346721919,11.670666666666666,5.897580219415794,3,42;271;314
faster_rcnn,19.158666666666665,5,0.8932835820895523,0.06888346721919,11.670666666666666,5.897580219415794,3,42;271;314
faster_rcnn,19.170666666666666,5,0.8932835820895523,0.06888346721919,11.670666666666666,5.897580219415794,3,42;271;314
faster_rcnn,19.186666666666667,5,0.8932835820895523,0.06888346721919,11.670666666666666,5.897580219415794,3,42;271;314
faster_rcnn,19.198666666666668,5,0.8932835820895523,0.06888346721919,11.670666666666666,5.897580219415794,3,42;271;314
faster_rcnn,19.206666666666667,5,0.8932835820895523,0.06888346721919,11.670666666666666,5.897580219415794,3,42;271;314
faster_rcnn,19.214666666666666,5,0.8932835820895523,0.06888346721919,11.670666666666666,5.897580219415794,3,42;271;314
faster_rcnn,19.228,5,0.8932835820895523,0.06888346721919,11.670666666666666,5.897580219415794,3,42;271;314
faster_rcnn,19.230666666666668,5,0.8932835820895523,0.06888346721919,11.670666666666666,5.897580219415794,3,42;271;314
faster_rcnn,19.236,5,0.8932835820895523,0.06888346721919,11.670666666666666,5.897580219415794,3,42;271;314
faster_rcnn,19.246666666666666,5,0.8932835820895523,0.06888346721919,11.670666666666666,5.897580219415794,3,42;271;314
faster_rcnn,19.26,5,0.8932835820895523,0.06888346721919,11.670666666666666,5.897580219415794,3,42;271;314
faster_rcnn,19.270666666666667,5,0.8932835820895523,0.06888346721919,11.670666666666666,5.897580219415794,3,42;271;314
faster_rcnn,19.284,5,0.8932835820895523,0.06888346721919,11.670666666666666,5.897580219415794,3,42;271;314
faster_rcnn,19.296,5,0.8932835820895523,0.06888346721919,11.670666666666666,5.897580219415794,3,42;271;314
faster_rcnn,19.3,5,0.8932835820895523,0.06888346721919,11.670666666666666,5.897580219415794,3,42;271;314
faster_rcnn,19.313333333333333,5,0.8932835820895523,0.06888346721919,11.670666666666666,5.897580219415794,3,42;271;314
faster_rcnn,19.317333333333334,5,0.8932835820895523,0.06888346721919,11.670666666666666,5.897580219415794,3,42;271;314
faster_rcnn,19.330666666666666,5,0.8932835820895523,0.06888346721919,11.670666666666666,5.897580219415794,3,42;271;314
faster_rcnn,19.336,5,0.8932835820895523,0.06888346721919,11.670666666666666,5.897580219415794,3,42;271;314
faster_rcnn,19.348,5,0.8932835820895523,0.06888346721919,11.670666666666666,5.897580219415794,3,42;271;314
faster_rcnn,19.366666666666667,5,0.8932835820895523,0.06888346721919,11.670666666666666,5.897580219415794,3,42;271;314
faster_rcnn,19.368,5,0.8932835820895523,0.06888346721919,11.670666666666666,5.897580219415794,3,42;271;314
faster_rcnn,19.382666666666665,5,0.8932835820895523,0.06888346721919,11.670666666666666,5.897580219415794,3,42;271;314
faster_rcnn,19.393333333333334,5,0.8932835820895523,0.06888346721919,11.670666666666666,5.897580219415794,3,42;271;314
faster_rcnn,19.394666666666666,5,0.8932835820895523,0.06888346721919,11.670666666666666,5.897580219415794,3,42;271;314
faster_rcnn,19.410666666666668,5,0.8932835820895523,0.06888346721919,11.670666666666666,5.897580219415794,3,42;271;314
faster_rcnn,19.412,5,0.8932835820895523,0.06888346721919,11.670666666666666,5.897580219415794,3,42;271;314
faster_rcnn,19.430666666666667,5,0.8932835820895523,0.06888346721919,11.670666666666666,5.897580219415794,3,42;271;314
faster_rcnn,19.432,5,0.8932835820895523,0.06888346721919,11.670666666666666,5.897580219415794,3,42;271;314
faster_rcnn,19.456,5,0.8932835820895523,0.06888346721919,11.670666666666666,5.897580219415794,3,42;271;314
faster_rcnn,19.476,5,0.8932835820895523,0.06888346721919,11.670666666666666,5.897580219415794,3,42;271;314
faster_rcnn,19.484,5,0.8932835820895523,0.06888346721919,11.670666666666666,5.897580219415794,3,42;271;314
faster_rcnn,19.493333333333332,5,0.8932835820895523,0.06888346721919,11.670666666666666,5.897580219415794,3,42;271;314
faster_rcnn,19.5,5,0.8932835820895523,0.06888346721919,11.670666666666666,5.897580219415794,3,42;271;314
faster_rcnn,19.513333333333332,5,0.8932835820895523,0.06888346721919,11.670666666666666,5.897580219415794,3,42;271;314
faster_rcnn,19.518666666666668,5,0.8932835820895523,0.06888346721919,11.670666666666666,5.897580219415794,3,42;271;314
faster_rcnn,19.528,5,0.8932835820895523,0.06888346721919,11.670666666666666,5.897580219415794,3,42;271;314
faster_rcnn,19.541333333333334,5,0.8932835820895523,0.06888346721919,11.670666666666666,5.897580219415794,3,42;271;314
faster_rcnn,19.549333333333333,5,0.8940298507462685,0.06943708037487503,12.080533333333333,6.449382096156361,3,42;271;314
faster_rcnn,19.56,5,0.8940298507462685,0.06943708037487503,12.080533333333333,6.449382096156361,3,42;271;314
faster_rcnn,19.561333333333334,5,0.8940298507462685,0.06943708037487503,12.080533333333333,6.449382096156361,3,42;271;314
faster_rcnn,19.577333333333332,5,0.8940298507462685,0.06943708037487503,12.080533333333333,6.449382096156361,3,42;271;314
faster_rcnn,19.58,5,0.8940298507462685,0.06943708037487503,12.080533333333333,6.449382096156361,3,42;271;314
faster_rcnn,19.6,5,0.8940298507462685,0.06943708037487503,12.080533333333333,6.449382096156361,3,42;271;314
faster_rcnn,19.602666666666668,5,0.8940298507462685,0.06943708037487503,12.080533333333333,6.449382096156361,3,42;271;314
faster_rcnn,19.61466666666667,5,0.8940298507462685,0.06943708037487503,12.080533333333333,6.449382096156361,3,42;271;314
faster_rcnn,19.628,5,0.8940298507462685,0.06943708037487503,12.080533333333333,6.449382096156361,3,42;271;314
faster_rcnn,19.630666666666666,5,0.8940298507462685,0.06943708037487503,12.080533333333333,6.449382096156361,3,42;271;314
faster_rcnn,19.649333333333335,5,0.8940298507462685,0.06943708037487503,12.080533333333333,6.449382096156361,3,42;271;314
faster_rcnn,19.654666666666667,5,0.8940298507462685,0.06943708037487503,12.080533333333333,6.449382096156361,3,42;271;314
faster_rcnn,19.670666666666666,5,0.8940298507462685,0.06943708037487503,12.080533333333333,6.449382096156361,3,42;271;314
faster_rcnn,19.674666666666667,5,0.8940298507462685,0.06943708037487503,12.080533333333333,6.449382096156361,3,42;271;314
faster_rcnn,19.688,5,0.8940298507462685,0.06943708037487503,12.080533333333333,6.449382096156361,3,42;271;314
faster_rcnn,19.694666666666667,5,0.8940298507462685,0.06943708037487503,12.080533333333333,6.449382096156361,3,42;271;314
faster_rcnn,19.698666666666668,5,0.8940298507462685,0.06943708037487503,12.080533333333333,6.449382096156361,3,42;271;314
faster_rcnn,19.713333333333335,5,0.8940298507462685,0.06943708037487503,12.080533333333333,6.449382096156361,3,42;271;314
faster_rcnn,19.72,5,0.8940298507462685,0.06943708037487503,12.080533333333333,6.449382096156361,3,42;271;314
faster_rcnn,19.722666666666665,5,0.8940298507462685,0.06943708037487503,12.080533333333333,6.449382096156361,3,42;271;314
faster_rcnn,19.734666666666666,5,0.8940298507462685,0.06943708037487503,12.080533333333333,6.449382096156361,3,42;271;314
faster_rcnn,19.741333333333333,5,0.8940298507462685,0.06943708037487503,12.080533333333333,6.449382096156361,3,42;271;314
faster_rcnn,19.748,5,0.8940298507462685,0.06943708037487503,12.080533333333333,6.449382096156361,3,42;271;314
faster_rcnn,19.762666666666668,5,0.8940298507462685,0.06943708037487503,12.080533333333333,6.449382096156361,3,42;271;314
faster_rcnn,19.778666666666666,5,0.8940298507462685,0.06943708037487503,12.080533333333333,6.449382096156361,3,42;271;314
faster_rcnn,19.786666666666665,5,0.8940298507462685,0.06943708037487503,12.080533333333333,6.449382096156361,3,42;271;314
faster_rcnn,19.797333333333334,5,0.8940298507462685,0.06943708037487503,12.080533333333333,6.449382096156361,3,42;271;314
faster_rcnn,19.812,5,0.8947761194029852,0.07002609067280897,12.133066666666666,6.52604248973126,3,42;271;314
faster_rcnn,19.826666666666668,5,0.8947761194029852,0.07002609067280897,12.133066666666666,6.52604248973126,3,42;271;314
faster_rcnn,19.833333333333332,5,0.8947761194029852,0.07002609067280897,12.133066666666666,6.52604248973126,3,42;271;314
faster_rcnn,19.841333333333335,5,0.8947761194029852,0.07002609067280897,12.133066666666666,6.52604248973126,3,42;271;314
faster_rcnn,19.85333333333333,5,0.8947761194029852,0.07002609067280897,12.133066666666666,6.52604248973126,3,42;271;314
faster_rcnn,19.854666666666667,5,0.8947761194029852,0.07002609067280897,12.133066666666666,6.52604248973126,3,42;271;314
faster_rcnn,19.878666666666668,5,0.8947761194029852,0.07002609067280897,12.133066666666666,6.52604248973126,3,42;271;314
faster_rcnn,19.88,5,0.8947761194029852,0.07002609067280897,12.133066666666666,6.52604248973126,3,42;271;314
faster_rcnn,19.897333333333332,5,0.8947761194029852,0.07002609067280897,12.133066666666666,6.52604248973126,3,42;271;314
faster_rcnn,19.902666666666665,5,0.8947761194029852,0.07002609067280897,12.133066666666666,6.52604248973126,3,42;271;314
faster_rcnn,19.913333333333334,5,0.8947761194029852,0.07002609067280897,12.133066666666666,6.52604248973126,3,42;271;314
faster_rcnn,19.926666666666666,5,0.8947761194029852,0.07002609067280897,12.133066666666666,6.52604248973126,3,42;271;314
faster_rcnn,19.941333333333333,5,0.8947761194029852,0.07002609067280897,12.133066666666666,6.52604248973126,3,42;271;314
faster_rcnn,19.953333333333333,5,0.8947761194029852,0.07002609067280897,12.133066666666666,6.52604248973126,3,42;271;314
faster_rcnn,19.966666666666665,5,0.8947761194029852,0.07002609067280897,12.133066666666666,6.52604248973126,3,42;271;314
faster_rcnn,19.973333333333333,5,0.8947761194029852,0.07002609067280897,12.133066666666666,6.52604248973126,3,42;271;314
faster_rcnn,19.982666666666667,5,0.8947761194029852,0.07002609067280897,12.133066666666666,6.52604248973126,3,42;271;314
faster_rcnn,19.984,5,0.8947761194029852,0.07002609067280897,12.133066666666666,6.52604248973126,3,42;271;314
faster_rcnn,19.997333333333334,5,0.8947761194029852,0.07002609067280897,12.133066666666666,6.52604248973126,3,42;271;314
faster_rcnn,20.005333333333333,5,0.8947761194029852,0.07002609067280897,12.133066666666666,6.52604248973126,3,42;271;314
faster_rcnn,20.014666666666667,5,0.8947761194029852,0.07002609067280897,12.133066666666666,6.52604248973126,3,42;271;314
faster_rcnn,20.024,5,0.8947761194029852,0.07002609067280897,12.133066666666666,6.52604248973126,3,42;271;314
faster_rcnn,20.030666666666665,5,0.8947761194029852,0.07002609067280897,12.133066666666666,6.52604248973126,3,42;271;314
faster_rcnn,20.052,5,0.8947761194029852,0.07002609067280897,12.133066666666666,6.52604248973126,3,42;271;314
faster_rcnn,20.054666666666666,5,0.8947761194029852,0.07002609067280897,12.133066666666666,6.52604248973126,3,42;271;314
faster_rcnn,20.064,5,0.8947761194029852,0.07002609067280897,12.133066666666666,6.52604248973126,3,42;271;314
faster_rcnn,20.068,5,0.8947761194029852,0.07002609067280897,12.133066666666666,6.52604248973126,3,42;271;314
faster_rcnn,20.074666666666666,5,0.8947761194029852,0.07002609067280897,12.133066666666666,6.52604248973126,3,42;271;314
faster_rcnn,20.092,5,0.8947761194029852,0.07002609067280897,12.133066666666666,6.52604248973126,3,42;271;314
faster_rcnn,20.096,5,0.8947761194029852,0.07002609067280897,12.133066666666666,6.52604248973126,3,42;271;314
faster_rcnn,20.116,5,0.8947761194029852,0.07002609067280897,12.133066666666666,6.52604248973126,3,42;271;314
faster_rcnn,20.117333333333335,5,0.8947761194029852,0.07002609067280897,12.133066666666666,6.52604248973126,3,42;271;314
faster_rcnn,20.130666666666666,5,0.8947761194029852,0.07002609067280897,12.133066666666666,6.52604248973126,3,42;271;314
faster_rcnn,20.133333333333333,5,0.8947761194029852,0.07002609067280897,12.133066666666666,6.52604248973126,3,42;271;314
faster_rcnn,20.148,5,0.8947761194029852,0.07002609067280897,12.133066666666666,6.52604248973126,3,42;271;314
faster_rcnn,20.162666666666667,5,0.8947761194029852,0.07002609067280897,12.133066666666666,6.52604248973126,3,42;271;314
faster_rcnn,20.172,5,0.8947761194029852,0.07002609067280897,12.133066666666666,6.52604248973126,3,42;271;314
faster_rcnn,20.18,5,0.8947761194029852,0.07002609067280897,12.133066666666666,6.52604248973126,3,42;271;314
faster_rcnn,20.2,5,0.8947761194029852,0.07002609067280897,12.133066666666666,6.52604248973126,3,42;271;314
faster_rcnn,20.202666666666666,5,0.8947761194029852,0.07002609067280897,12.133066666666666,6.52604248973126,3,42;271;314
faster_rcnn,20.216,5,0.8947761194029852,0.07002609067280897,12.133066666666666,6.52604248973126,3,42;271;314
faster_rcnn,20.22533333333333,5,0.8947761194029852,0.07002609067280897,12.133066666666666,6.52604248973126,3,42;271;314
faster_rcnn,20.228,5,0.8947761194029852,0.07002609067280897,12.133066666666666,6.52604248973126,3,42;271;314
faster_rcnn,20.246666666666666,5,0.8947761194029852,0.07002609067280897,12.133066666666666,6.52604248973126,3,42;271;314
faster_rcnn,20.258666666666667,5,0.8947761194029852,0.07002609067280897,12.133066666666666,6.52604248973126,3,42;271;314
faster_rcnn,20.269333333333332,5,0.8947761194029852,0.07002609067280897,12.133066666666666,6.52604248973126,3,42;271;314
faster_rcnn,20.281333333333333,5,0.8947761194029852,0.07002609067280897,12.133066666666666,6.52604248973126,3,42;271;314
faster_rcnn,20.292,5,0.8947761194029852,0.07002609067280897,12.133066666666666,6.52604248973126,3,42;271;314
faster_rcnn,20.30666666666667,5,0.8947761194029852,0.07002609067280897,12.133066666666666,6.52604248973126,3,42;271;314
faster_rcnn,20.309333333333335,5,0.8947761194029852,0.07002609067280897,12.133066666666666,6.52604248973126,3,42;271;314
faster_rcnn,20.325333333333333,5,0.8947761194029852,0.07002609067280897,12.133066666666666,6.52604248973126,3,42;271;314
faster_rcnn,20.333333333333332,5,0.8947761194029852,0.07002609067280897,12.133066666666666,6.52604248973126,3,42;271;314
faster_rcnn,20.348,5,0.8947761194029852,0.07002609067280897,12.133066666666666,6.52604248973126,3,42;271;314
faster_rcnn,20.349333333333334,5,0.8947761194029852,0.07002609067280897,12.133066666666666,6.52604248973126,3,42;271;314
faster_rcnn,20.358666666666668,5,0.8947761194029852,0.07002609067280897,12.133066666666666,6.52604248973126,3,42;271;314
faster_rcnn,20.368,5,0.8947761194029852,0.07002609067280897,12.133066666666666,6.52604248973126,3,42;271;314
faster_rcnn,20.374666666666666,5,0.8947761194029852,0.07002609067280897,12.133066666666666,6.52604248973126,3,42;271;314
faster_rcnn,20.390666666666668,5,0.8947761194029852,0.07002609067280897,12.133066666666666,6.52604248973126,3,42;271;314
faster_rcnn,20.396,5,0.8947761194029852,0.07002609067280897,12.133066666666666,6.52604248973126,3,42;271;314
faster_rcnn,20.405333333333335,5,0.8947761194029852,0.07002609067280897,12.133066666666666,6.52604248973126,3,42;271;314
faster_rcnn,20.416,5,0.8947761194029852,0.07002609067280897,12.133066666666666,6.52604248973126,3,42;271;314
faster_rcnn,20.42,5,0.8947761194029852,0.07002609067280897,12.133066666666666,6.52604248973126,3,42;271;314
faster_rcnn,20.432,5,0.8947761194029852,0.07002609067280897,12.133066666666666,6.52604248973126,3,42;271;314
faster_rcnn,20.433333333333334,5,0.8947761194029852,0.07002609067280897,12.133066666666666,6.52604248973126,3,42;271;314
faster_rcnn,20.448,5,0.8947761194029852,0.07002609067280897,12.133066666666666,6.52604248973126,3,42;271;314
faster_rcnn,20.456,5,0.8947761194029852,0.07002609067280897,12.133066666666666,6.52604248973126,3,42;271;314
faster_rcnn,20.466666666666665,5,0.8947761194029852,0.07002609067280897,12.133066666666666,6.52604248973126,3,42;271;314
faster_rcnn,20.473333333333333,5,0.8947761194029852,0.07002609067280897,12.133066666666666,6.52604248973126,3,42;271;314
faster_rcnn,20.492,5,0.8947761194029852,0.07002609067280897,12.133066666666666,6.52604248973126,3,42;271;314
faster_rcnn,20.505333333333333,5,0.8947761194029852,0.07002609067280897,12.133066666666666,6.52604248973126,3,42;271;314
faster_rcnn,20.516,5,0.8947761194029852,0.07002609067280897,12.133066666666666,6.52604248973126,3,42;271;314
faster_rcnn,20.530666666666665,5,0.8947761194029852,0.07002609067280897,12.133066666666666,6.52604248973126,3,42;271;314
faster_rcnn,20.534666666666666,5,0.8947761194029852,0.07002609067280897,12.133066666666666,6.52604248973126,3,42;271;314
faster_rcnn,20.550666666666668,5,0.8947761194029852,0.07002609067280897,12.133066666666666,6.52604248973126,3,42;271;314
faster_rcnn,20.573333333333334,5,0.8947761194029852,0.07002609067280897,12.133066666666666,6.52604248973126,3,42;271;314
faster_rcnn,20.576,5,0.8947761194029852,0.07002609067280897,12.133066666666666,6.52604248973126,3,42;271;314
faster_rcnn,20.593333333333334,5,0.8947761194029852,0.07002609067280897,12.133066666666666,6.52604248973126,3,42;271;314
faster_rcnn,20.594666666666665,5,0.8947761194029852,0.07002609067280897,12.133066666666666,6.52604248973126,3,42;271;314
faster_rcnn,20.616,5,0.8947761194029852,0.07002609067280897,12.133066666666666,6.52604248973126,3,42;271;314
faster_rcnn,20.618666666666666,5,0.8947761194029852,0.07002609067280897,12.133066666666666,6.52604248973126,3,42;271;314
faster_rcnn,20.64,5,0.8947761194029852,0.07002609067280897,12.133066666666666,6.52604248973126,3,42;271;314
faster_rcnn,20.645333333333333,5,0.8947761194029852,0.07002609067280897,12.133066666666666,6.52604248973126,3,42;271;314
faster_rcnn,20.664,5,0.8947761194029852,0.07002609067280897,12.133066666666666,6.52604248973126,3,42;271;314
faster_rcnn,20.665333333333333,5,0.8947761194029852,0.07002609067280897,12.133066666666666,6.52604248973126,3,42;271;314
faster_rcnn,20.68,5,0.8947761194029852,0.07002609067280897,12.133066666666666,6.52604248973126,3,42;271;314
faster_rcnn,20.682666666666666,5,0.8947761194029852,0.07002609067280897,12.133066666666666,6.52604248973126,3,42;271;314
faster_rcnn,20.701333333333334,5,0.8947761194029852,0.07002609067280897,12.133066666666666,6.52604248973126,3,42;271;314
faster_rcnn,20.712,5,0.8947761194029852,0.07002609067280897,12.133066666666666,6.52604248973126,3,42;271;314
faster_rcnn,20.713333333333335,5,0.8947761194029852,0.07002609067280897,12.133066666666666,6.52604248973126,3,42;271;314
faster_rcnn,20.729333333333333,5,0.8947761194029852,0.07002609067280897,12.133066666666666,6.52604248973126,3,42;271;314
faster_rcnn,20.734666666666666,5,0.8947761194029852,0.07002609067280897,12.133066666666666,6.52604248973126,3,42;271;314
faster_rcnn,20.749333333333333,5,0.8947761194029852,0.07002609067280897,12.133066666666666,6.52604248973126,3,42;271;314
faster_rcnn,20.752,5,0.8947761194029852,0.07002609067280897,12.133066666666666,6.52604248973126,3,42;271;314
faster_rcnn,20.764,5,0.8947761194029852,0.07002609067280897,12.133066666666666,6.52604248973126,3,42;271;314
faster_rcnn,20.77466666666667,5,0.8947761194029852,0.07002609067280897,12.133066666666666,6.52604248973126,3,42;271;314
faster_rcnn,20.782666666666668,5,0.8947761194029852,0.07002609067280897,12.133066666666666,6.52604248973126,3,42;271;314
faster_rcnn,20.805333333333333,5,0.8947761194029852,0.07002609067280897,12.133066666666666,6.52604248973126,3,42;271;314
faster_rcnn,20.808,5,0.8947761194029852,0.07002609067280897,12.133066666666666,6.52604248973126,3,42;271;314
faster_rcnn,20.82133333333333,5,0.8947761194029852,0.07002609067280897,12.133066666666666,6.52604248973126,3,42;271;314
faster_rcnn,20.822666666666667,5,0.8947761194029852,0.07002609067280897,12.133066666666666,6.52604248973126,3,42;271;314
faster_rcnn,20.836,5,0.8947761194029852,0.07002609067280897,12.133066666666666,6.52604248973126,3,42;271;314
faster_rcnn,20.848,5,0.8947761194029852,0.07002609067280897,12.133066666666666,6.52604248973126,3,42;271;314
faster_rcnn,20.850666666666665,5,0.8947761194029852,0.07002609067280897,12.133066666666666,6.52604248973126,3,42;271;314
faster_rcnn,20.862666666666666,5,0.8947761194029852,0.07002609067280897,12.133066666666666,6.52604248973126,3,42;271;314
faster_rcnn,20.868,5,0.8947761194029852,0.07002609067280897,12.133066666666666,6.52604248973126,3,42;271;314
faster_rcnn,20.888,5,0.8947761194029852,0.07002609067280897,12.133066666666666,6.52604248973126,3,42;271;314
faster_rcnn,20.892,5,0.8947761194029852,0.07002609067280897,12.133066666666666,6.52604248973126,3,42;271;314
faster_rcnn,20.904,5,0.8947761194029852,0.07002609067280897,12.133066666666666,6.52604248973126,3,42;271;314
faster_rcnn,20.914666666666665,5,0.8947761194029852,0.07002609067280897,12.133066666666666,6.52604248973126,3,42;271;314
faster_rcnn,20.917333333333332,5,0.8947761194029852,0.07002609067280897,12.133066666666666,6.52604248973126,3,42;271;314
faster_rcnn,20.936,5,0.8947761194029852,0.07002609067280897,12.133066666666666,6.52604248973126,3,42;271;314
faster_rcnn,20.944,5,0.8947761194029852,0.07002609067280897,12.133066666666666,6.52604248973126,3,42;271;314
faster_rcnn,20.952,5,0.8947761194029852,0.07002609067280897,12.133066666666666,6.52604248973126,3,42;271;314
faster_rcnn,20.957333333333334,5,0.8947761194029852,0.07002609067280897,12.133066666666666,6.52604248973126,3,42;271;314
faster_rcnn,20.968,5,0.8947761194029852,0.07002609067280897,12.133066666666666,6.52604248973126,3,42;271;314
faster_rcnn,20.973333333333333,5,0.8947761194029852,0.07002609067280897,12.133066666666666,6.52604248973126,3,42;271;314
faster_rcnn,20.986666666666668,5,0.8947761194029852,0.07002609067280897,12.133066666666666,6.52604248973126,3,42;271;314
faster_rcnn,20.994666666666667,5,0.8947761194029852,0.07002609067280897,12.133066666666666,6.52604248973126,3,42;271;314
faster_rcnn,20.996,5,0.8947761194029852,0.07002609067280897,12.133066666666666,6.52604248973126,3,42;271;314
faster_rcnn,21.013333333333332,5,0.8947761194029852,0.07002609067280897,12.133066666666666,6.52604248973126,3,42;271;314
faster_rcnn,21.014666666666667,5,0.8947761194029852,0.07002609067280897,12.133066666666666,6.52604248973126,3,42;271;314
faster_rcnn,21.033333333333335,5,0.8947761194029852,0.07002609067280897,12.133066666666666,6.52604248973126,3,42;271;314
faster_rcnn,21.044,5,0.8947761194029852,0.07002609067280897,12.133066666666666,6.52604248973126,3,42;271;314
faster_rcnn,21.048,5,0.8947761194029852,0.07002609067280897,12.133066666666666,6.52604248973126,3,42;271;314
faster_rcnn,21.06,5,0.8947761194029852,0.07002609067280897,12.133066666666666,6.52604248973126,3,42;271;314
faster_rcnn,21.068,5,0.8947761194029852,0.07002609067280897,12.133066666666666,6.52604248973126,3,42;271;314
faster_rcnn,21.072,5,0.8947761194029852,0.07002609067280897,12.133066666666666,6.52604248973126,3,42;271;314
faster_rcnn,21.084,5,0.8947761194029852,0.07002609067280897,12.133066666666666,6.52604248973126,3,42;271;314
faster_rcnn,21.094666666666665,5,0.8947761194029852,0.07002609067280897,12.133066666666666,6.52604248973126,3,42;271;314
faster_rcnn,21.098666666666666,5,0.8947761194029852,0.07002609067280897,12.133066666666666,6.52604248973126,3,42;271;314
faster_rcnn,21.110666666666667,5,0.8947761194029852,0.07002609067280897,12.133066666666666,6.52604248973126,3,42;271;314
faster_rcnn,21.118666666666666,5,0.8947761194029852,0.07002609067280897,12.133066666666666,6.52604248973126,3,42;271;314
faster_rcnn,21.125333333333334,5,0.8947761194029852,0.07002609067280897,12.133066666666666,6.52604248973126,3,42;271;314
faster_rcnn,21.138666666666666,5,0.8947761194029852,0.07002609067280897,12.133066666666666,6.52604248973126,3,42;271;314
faster_rcnn,21.142666666666667,5,0.8947761194029852,0.07002609067280897,12.133066666666666,6.52604248973126,3,42;271;314
faster_rcnn,21.161333333333335,5,0.8947761194029852,0.07002609067280897,12.133066666666666,6.52604248973126,3,42;271;314
faster_rcnn,21.162666666666667,5,0.8947761194029852,0.07002609067280897,12.133066666666666,6.52604248973126,3,42;271;314
faster_rcnn,21.174666666666667,5,0.8947761194029852,0.07002609067280897,12.133066666666666,6.52604248973126,3,42;271;314
faster_rcnn,21.176,5,0.8947761194029852,0.07002609067280897,12.133066666666666,6.52604248973126,3,42;271;314
faster_rcnn,21.196,5,0.8947761194029852,0.07002609067280897,12.133066666666666,6.52604248973126,3,42;271;314
faster_rcnn,21.197333333333333,5,0.8947761194029852,0.07002609067280897,12.133066666666666,6.52604248973126,3,42;271;314
faster_rcnn,21.213333333333335,5,0.8947761194029852,0.07002609067280897,12.133066666666666,6.52604248973126,3,42;271;314
faster_rcnn,21.22,5,0.8947761194029852,0.07002609067280897,12.133066666666666,6.52604248973126,3,42;271;314
faster_rcnn,21.232,5,0.8947761194029852,0.07002609067280897,12.133066666666666,6.52604248973126,3,42;271;314
faster_rcnn,21.237333333333332,5,0.8947761194029852,0.07002609067280897,12.133066666666666,6.52604248973126,3,42;271;314
faster_rcnn,21.248,5,0.8947761194029852,0.07002609067280897,12.133066666666666,6.52604248973126,3,42;271;314
faster_rcnn,21.26,5,0.8947761194029852,0.07002609067280897,12.133066666666666,6.52604248973126,3,42;271;314
faster_rcnn,21.261333333333333,5,0.8947761194029852,0.07002609067280897,12.133066666666666,6.52604248973126,3,42;271;314
faster_rcnn,21.278666666666666,5,0.8947761194029852,0.07002609067280897,12.133066666666666,6.52604248973126,3,42;271;314
faster_rcnn,21.28933333333333,5,0.8947761194029852,0.07002609067280897,12.133066666666666,6.52604248973126,3,42;271;314
faster_rcnn,21.293333333333333,5,0.8947761194029852,0.07002609067280897,12.133066666666666,6.52604248973126,3,42;271;314
faster_rcnn,21.308,5,0.8947761194029852,0.07002609067280897,12.133066666666666,6.52604248973126,3,42;271;314
faster_rcnn,21.314666666666668,5,0.8947761194029852,0.07002609067280897,12.133066666666666,6.52604248973126,3,42;271;314
faster_rcnn,21.329333333333334,5,0.8947761194029852,0.07002609067280897,12.133066666666666,6.52604248973126,3,42;271;314
faster_rcnn,21.34,5,0.8947761194029852,0.07002609067280897,12.133066666666666,6.52604248973126,3,42;271;314
faster_rcnn,21.356,5,0.8947761194029852,0.07002609067280897,12.133066666666666,6.52604248973126,3,42;271;314
faster_rcnn,21.36,5,0.8947761194029852,0.07002609067280897,12.133066666666666,6.52604248973126,3,42;271;314
faster_rcnn,21.372,5,0.8947761194029852,0.07002609067280897,12.133066666666666,6.52604248973126,3,42;271;314
faster_rcnn,21.38,5,0.8947761194029852,0.07002609067280897,12.133066666666666,6.52604248973126,3,42;271;314
faster_rcnn,21.386666666666667,5,0.8947761194029852,0.07002609067280897,12.133066666666666,6.52604248973126,3,42;271;314
faster_rcnn,21.405333333333335,5,0.8947761194029852,0.07002609067280897,12.133066666666666,6.52604248973126,3,42;271;314
faster_rcnn,21.413333333333334,5,0.8955223880597014,0.07064961279388614,12.453333333333333,7.017859376064914,3,42;271;314
faster_rcnn,21.426666666666666,5,0.8955223880597014,0.07064961279388614,12.453333333333333,7.017859376064914,3,42;271;314
faster_rcnn,21.44,5,0.8955223880597014,0.07064961279388614,12.453333333333333,7.017859376064914,3,42;271;314
faster_rcnn,21.444,5,0.8955223880597014,0.07064961279388614,12.453333333333333,7.017859376064914,3,42;271;314
faster_rcnn,21.46,5,0.8955223880597014,0.07064961279388614,12.453333333333333,7.017859376064914,3,42;271;314
faster_rcnn,21.468,5,0.8955223880597014,0.07064961279388614,12.453333333333333,7.017859376064914,3,42;271;314
faster_rcnn,21.485333333333333,5,0.8955223880597014,0.07064961279388614,12.453333333333333,7.017859376064914,3,42;271;314
faster_rcnn,21.489333333333335,5,0.8955223880597014,0.07064961279388614,12.453333333333333,7.017859376064914,3,42;271;314
faster_rcnn,21.506666666666668,5,0.8955223880597014,0.07064961279388614,12.453333333333333,7.017859376064914,3,42;271;314
faster_rcnn,21.508,5,0.8955223880597014,0.07064961279388614,12.453333333333333,7.017859376064914,3,42;271;314
faster_rcnn,21.532,5,0.8955223880597014,0.07064961279388614,12.453333333333333,7.017859376064914,3,42;271;314
faster_rcnn,21.534666666666666,5,0.8955223880597014,0.07064961279388614,12.453333333333333,7.017859376064914,3,42;271;314
faster_rcnn,21.558666666666667,5,0.8955223880597014,0.07064961279388614,12.453333333333333,7.017859376064914,3,42;271;314
faster_rcnn,21.566666666666666,5,0.8955223880597014,0.07064961279388614,12.453333333333333,7.017859376064914,3,42;271;314
faster_rcnn,21.570666666666668,5,0.8955223880597014,0.07064961279388614,12.453333333333333,7.017859376064914,3,42;271;314
faster_rcnn,21.586666666666666,5,0.8955223880597014,0.07064961279388614,12.453333333333333,7.017859376064914,3,42;271;314
faster_rcnn,21.590666666666667,5,0.8955223880597014,0.07064961279388614,12.453333333333333,7.017859376064914,3,42;271;314
faster_rcnn,21.604,5,0.8955223880597014,0.07064961279388614,12.453333333333333,7.017859376064914,3,42;271;314
faster_rcnn,21.608,5,0.8955223880597014,0.07064961279388614,12.453333333333333,7.017859376064914,3,42;271;314
faster_rcnn,21.622666666666667,5,0.8955223880597014,0.07064961279388614,12.453333333333333,7.017859376064914,3,42;271;314
faster_rcnn,21.637333333333334,5,0.8955223880597014,0.07064961279388614,12.453333333333333,7.017859376064914,3,42;271;314
faster_rcnn,21.645333333333333,5,0.8955223880597014,0.07064961279388614,12.453333333333333,7.017859376064914,3,42;271;314
faster_rcnn,21.657333333333334,5,0.8955223880597014,0.07064961279388614,12.453333333333333,7.017859376064914,3,42;271;314
faster_rcnn,21.665333333333333,5,0.8955223880597014,0.07064961279388614,12.453333333333333,7.017859376064914,3,42;271;314
faster_rcnn,21.68,5,0.8955223880597014,0.07064961279388614,12.453333333333333,7.017859376064914,3,42;271;314
faster_rcnn,21.690666666666665,5,0.8955223880597014,0.07064961279388614,12.453333333333333,7.017859376064914,3,42;271;314
faster_rcnn,21.705333333333332,5,0.8955223880597014,0.07064961279388614,12.453333333333333,7.017859376064914,3,42;271;314
faster_rcnn,21.722666666666665,5,0.8955223880597014,0.07064961279388614,12.453333333333333,7.017859376064914,3,42;271;314
faster_rcnn,21.729333333333333,5,0.8955223880597014,0.07064961279388614,12.453333333333333,7.017859376064914,3,42;271;314
faster_rcnn,21.74266666666667,5,0.8955223880597014,0.07064961279388614,12.453333333333333,7.017859376064914,3,42;271;314
faster_rcnn,21.750666666666667,5,0.8955223880597014,0.07064961279388614,12.453333333333333,7.017859376064914,3,42;271;314
faster_rcnn,21.76,5,0.8955223880597014,0.07064961279388614,12.453333333333333,7.017859376064914,3,42;271;314
faster_rcnn,21.781333333333333,5,0.8955223880597014,0.07064961279388614,12.453333333333333,7.017859376064914,3,42;271;314
faster_rcnn,21.784,5,0.8955223880597014,0.07064961279388614,12.453333333333333,7.017859376064914,3,42;271;314
faster_rcnn,21.808,5,0.8955223880597014,0.07064961279388614,12.453333333333333,7.017859376064914,3,42;271;314
faster_rcnn,21.814666666666668,5,0.8955223880597014,0.07064961279388614,12.453333333333333,7.017859376064914,3,42;271;314
faster_rcnn,21.825333333333333,5,0.8955223880597014,0.07064961279388614,12.453333333333333,7.017859376064914,3,42;271;314
faster_rcnn,21.838666666666665,5,0.8955223880597014,0.07064961279388614,12.453333333333333,7.017859376064914,3,42;271;314
faster_rcnn,21.844,5,0.8955223880597014,0.07064961279388614,12.453333333333333,7.017859376064914,3,42;271;314
faster_rcnn,21.862666666666666,5,0.8955223880597014,0.07064961279388614,12.453333333333333,7.017859376064914,3,42;271;314
faster_rcnn,21.865333333333332,5,0.8955223880597014,0.07064961279388614,12.453333333333333,7.017859376064914,3,42;271;314
faster_rcnn,21.888,5,0.8955223880597014,0.07064961279388614,12.453333333333333,7.017859376064914,3,42;271;314
faster_rcnn,21.910666666666668,5,0.8955223880597014,0.07064961279388614,12.453333333333333,7.017859376064914,3,42;271;314
faster_rcnn,21.912,5,0.8955223880597014,0.07064961279388614,12.453333333333333,7.017859376064914,3,42;271;314
faster_rcnn,21.932,5,0.8955223880597014,0.07064961279388614,12.453333333333333,7.017859376064914,3,42;271;314
faster_rcnn,21.938666666666666,5,0.8955223880597014,0.07064961279388614,12.453333333333333,7.017859376064914,3,42;271;314
faster_rcnn,21.956,5,0.8955223880597014,0.07064961279388614,12.453333333333333,7.017859376064914,3,42;271;314
faster_rcnn,21.962666666666667,5,0.8955223880597014,0.07064961279388614,12.453333333333333,7.017859376064914,3,42;271;314
faster_rcnn,21.976,5,0.8955223880597014,0.07064961279388614,12.453333333333333,7.017859376064914,3,42;271;314
faster_rcnn,21.982666666666667,5,0.8955223880597014,0.07064961279388614,12.453333333333333,7.017859376064914,3,42;271;314
faster_rcnn,21.986666666666668,5,0.8955223880597014,0.07064961279388614,12.453333333333333,7.017859376064914,3,42;271;314
faster_rcnn,22.005333333333333,5,0.8955223880597014,0.07064961279388614,12.453333333333333,7.017859376064914,3,42;271;314
faster_rcnn,22.017333333333333,5,0.896268656716418,0.07130674140651494,12.574133333333332,7.213129239256858,3,42;271;314
faster_rcnn,22.02,5,0.896268656716418,0.07130674140651494,12.574133333333332,7.213129239256858,3,42;271;314
faster_rcnn,22.037333333333333,5,0.896268656716418,0.07130674140651494,12.574133333333332,7.213129239256858,3,42;271;314
faster_rcnn,22.044,5,0.896268656716418,0.07130674140651494,12.574133333333332,7.213129239256858,3,42;271;314
faster_rcnn,22.061333333333334,5,0.896268656716418,0.07130674140651494,12.574133333333332,7.213129239256858,3,42;271;314
faster_rcnn,22.069333333333333,5,0.896268656716418,0.07130674140651494,12.574133333333332,7.213129239256858,3,42;271;314
faster_rcnn,22.08,5,0.896268656716418,0.07130674140651494,12.574133333333332,7.213129239256858,3,42;271;314
faster_rcnn,22.092,5,0.896268656716418,0.07130674140651494,12.574133333333332,7.213129239256858,3,42;271;314
faster_rcnn,22.096,5,0.896268656716418,0.07130674140651494,12.574133333333332,7.213129239256858,3,42;271;314
faster_rcnn,22.11466666666667,5,0.896268656716418,0.07130674140651494,12.574133333333332,7.213129239256858,3,42;271;314
faster_rcnn,22.130666666666666,5,0.896268656716418,0.07130674140651494,12.574133333333332,7.213129239256858,3,42;271;314
faster_rcnn,22.134666666666668,5,0.896268656716418,0.07130674140651494,12.574133333333332,7.213129239256858,3,42;271;314
faster_rcnn,22.14,5,0.896268656716418,0.07130674140651494,12.574133333333332,7.213129239256858,3,42;271;314
faster_rcnn,22.157333333333334,5,0.896268656716418,0.07130674140651494,12.574133333333332,7.213129239256858,3,42;271;314
faster_rcnn,22.184,5,0.896268656716418,0.07130674140651494,12.574133333333332,7.213129239256858,3,42;271;314
faster_rcnn,22.185333333333332,5,0.896268656716418,0.07130674140651494,12.574133333333332,7.213129239256858,3,42;271;314
faster_rcnn,22.201333333333334,5,0.896268656716418,0.07130674140651494,12.574133333333332,7.213129239256858,3,42;271;314
faster_rcnn,22.213333333333335,5,0.896268656716418,0.07130674140651494,12.574133333333332,7.213129239256858,3,42;271;314
faster_rcnn,22.22,5,0.896268656716418,0.07130674140651494,12.574133333333332,7.213129239256858,3,42;271;314
faster_rcnn,22.232,5,0.896268656716418,0.07130674140651494,12.574133333333332,7.213129239256858,3,42;271;314
faster_rcnn,22.24,5,0.896268656716418,0.07130674140651494,12.574133333333332,7.213129239256858,3,42;271;314
faster_rcnn,22.252,5,0.896268656716418,0.07130674140651494,12.574133333333332,7.213129239256858,3,42;271;314
faster_rcnn,22.266666666666666,5,0.896268656716418,0.07130674140651494,12.574133333333332,7.213129239256858,3,42;271;314
faster_rcnn,22.276,5,0.896268656716418,0.07130674140651494,12.574133333333332,7.213129239256858,3,42;271;314
faster_rcnn,22.281333333333333,5,0.896268656716418,0.07130674140651494,12.574133333333332,7.213129239256858,3,42;271;314
faster_rcnn,22.294666666666668,5,0.896268656716418,0.07130674140651494,12.574133333333332,7.213129239256858,3,42;271;314
faster_rcnn,22.296,5,0.8970149253731343,0.07199655631476494,12.629866666666667,7.304828333217542,3,42;271;314
faster_rcnn,22.302666666666667,5,0.8970149253731343,0.07199655631476494,12.629866666666667,7.304828333217542,3,42;271;314
faster_rcnn,22.317333333333334,5,0.8970149253731343,0.07199655631476494,12.629866666666667,7.304828333217542,3,42;271;314
faster_rcnn,22.330666666666666,5,0.8970149253731343,0.07199655631476494,12.629866666666667,7.304828333217542,3,42;271;314
faster_rcnn,22.338666666666665,5,0.8970149253731343,0.07199655631476494,12.629866666666667,7.304828333217542,3,42;271;314
faster_rcnn,22.348,5,0.8970149253731343,0.07199655631476494,12.629866666666667,7.304828333217542,3,42;271;314
faster_rcnn,22.35333333333333,5,0.8970149253731343,0.07199655631476494,12.629866666666667,7.304828333217542,3,42;271;314
faster_rcnn,22.364,5,0.8970149253731343,0.07199655631476494,12.629866666666667,7.304828333217542,3,42;271;314
faster_rcnn,22.377333333333333,5,0.8970149253731343,0.07199655631476494,12.629866666666667,7.304828333217542,3,42;271;314
faster_rcnn,22.393333333333334,5,0.8970149253731343,0.07199655631476494,12.629866666666667,7.304828333217542,3,42;271;314
faster_rcnn,22.4,5,0.8970149253731343,0.07199655631476494,12.629866666666667,7.304828333217542,3,42;271;314
faster_rcnn,22.408,5,0.8970149253731343,0.07199655631476494,12.629866666666667,7.304828333217542,3,42;271;314
faster_rcnn,22.412,5,0.8970149253731343,0.07199655631476494,12.629866666666667,7.304828333217542,3,42;271;314
faster_rcnn,22.426666666666666,5,0.8970149253731343,0.07199655631476494,12.629866666666667,7.304828333217542,3,42;271;314
faster_rcnn,22.432,5,0.8970149253731343,0.07199655631476494,12.629866666666667,7.304828333217542,3,42;271;314
faster_rcnn,22.444,5,0.8970149253731343,0.07199655631476494,12.629866666666667,7.304828333217542,3,42;271;314
faster_rcnn,22.452,5,0.8970149253731343,0.07199655631476494,12.629866666666667,7.304828333217542,3,42;271;314
faster_rcnn,22.461333333333332,5,0.8970149253731343,0.07199655631476494,12.629866666666667,7.304828333217542,3,42;271;314
faster_rcnn,22.470666666666666,5,0.8970149253731343,0.07199655631476494,12.629866666666667,7.304828333217542,3,42;271;314
faster_rcnn,22.485333333333333,5,0.8970149253731343,0.07199655631476494,12.629866666666667,7.304828333217542,3,42;271;314
faster_rcnn,22.489333333333335,5,0.8970149253731343,0.07199655631476494,12.629866666666667,7.304828333217542,3,42;271;314
faster_rcnn,22.502666666666666,5,0.8970149253731343,0.07199655631476494,12.629866666666667,7.304828333217542,3,42;271;314
faster_rcnn,22.508,5,0.8970149253731343,0.07199655631476494,12.629866666666667,7.304828333217542,3,42;271;314
faster_rcnn,22.525333333333332,5,0.8970149253731343,0.07199655631476494,12.629866666666667,7.304828333217542,3,42;271;314
faster_rcnn,22.533333333333335,5,0.8970149253731343,0.07199655631476494,12.629866666666667,7.304828333217542,3,42;271;314
faster_rcnn,22.537333333333333,5,0.8970149253731343,0.07199655631476494,12.629866666666667,7.304828333217542,3,42;271;314
faster_rcnn,22.556,5,0.8970149253731343,0.07199655631476494,12.629866666666667,7.304828333217542,3,42;271;314
faster_rcnn,22.558666666666667,5,0.8970149253731343,0.07199655631476494,12.629866666666667,7.304828333217542,3,42;271;314
faster_rcnn,22.577333333333332,5,0.8970149253731343,0.07199655631476494,12.629866666666667,7.304828333217542,3,42;271;314
faster_rcnn,22.578666666666667,5,0.8970149253731343,0.07199655631476494,12.629866666666667,7.304828333217542,3,42;271;314
faster_rcnn,22.598666666666666,5,0.8970149253731343,0.07199655631476494,12.629866666666667,7.304828333217542,3,42;271;314
faster_rcnn,22.602666666666668,5,0.8970149253731343,0.07199655631476494,12.629866666666667,7.304828333217542,3,42;271;314
faster_rcnn,22.618666666666666,5,0.8970149253731343,0.07199655631476494,12.629866666666667,7.304828333217542,3,42;271;314
faster_rcnn,22.626666666666665,5,0.8970149253731343,0.07199655631476494,12.629866666666667,7.304828333217542,3,42;271;314
faster_rcnn,22.642666666666667,5,0.8970149253731343,0.07199655631476494,12.629866666666667,7.304828333217542,3,42;271;314
faster_rcnn,22.644,5,0.8970149253731343,0.07199655631476494,12.629866666666667,7.304828333217542,3,42;271;314
faster_rcnn,22.665333333333333,5,0.8970149253731343,0.07199655631476494,12.629866666666667,7.304828333217542,3,42;271;314
faster_rcnn,22.666666666666668,5,0.8970149253731343,0.07199655631476494,12.629866666666667,7.304828333217542,3,42;271;314
faster_rcnn,22.684,5,0.8970149253731343,0.07199655631476494,12.629866666666667,7.304828333217542,3,42;271;314
faster_rcnn,22.692,5,0.8970149253731343,0.07199655631476494,12.629866666666667,7.304828333217542,3,42;271;314
faster_rcnn,22.702666666666666,5,0.8970149253731343,0.07199655631476494,12.629866666666667,7.304828333217542,3,42;271;314
faster_rcnn,22.705333333333332,5,0.8970149253731343,0.07199655631476494,12.629866666666667,7.304828333217542,3,42;271;314
faster_rcnn,22.724,5,0.8970149253731343,0.07199655631476494,12.629866666666667,7.304828333217542,3,42;271;314
faster_rcnn,22.738666666666667,5,0.8970149253731343,0.07199655631476494,12.629866666666667,7.304828333217542,3,42;271;314
faster_rcnn,22.74,5,0.8970149253731343,0.07199655631476494,12.629866666666667,7.304828333217542,3,42;271;314
faster_rcnn,22.758666666666667,5,0.8970149253731343,0.07199655631476494,12.629866666666667,7.304828333217542,3,42;271;314
faster_rcnn,22.766666666666666,5,0.8970149253731343,0.07199655631476494,12.629866666666667,7.304828333217542,3,42;271;314
faster_rcnn,22.78,5,0.8970149253731343,0.07199655631476494,12.629866666666667,7.304828333217542,3,42;271;314
faster_rcnn,22.790666666666667,5,0.8970149253731343,0.07199655631476494,12.629866666666667,7.304828333217542,3,42;271;314
faster_rcnn,22.805333333333333,5,0.8970149253731343,0.07199655631476494,12.629866666666667,7.304828333217542,3,42;271;314
faster_rcnn,22.830666666666666,5,0.8970149253731343,0.07199655631476494,12.629866666666667,7.304828333217542,3,42;271;314
faster_rcnn,22.833333333333332,5,0.8970149253731343,0.07199655631476494,12.629866666666667,7.304828333217542,3,42;271;314
faster_rcnn,22.846666666666668,5,0.8970149253731343,0.07199655631476494,12.629866666666667,7.304828333217542,3,42;271;314
faster_rcnn,22.852,5,0.8970149253731343,0.07199655631476494,12.629866666666667,7.304828333217542,3,42;271;314
faster_rcnn,22.858666666666668,5,0.8970149253731343,0.07199655631476494,12.629866666666667,7.304828333217542,3,42;271;314
faster_rcnn,22.874666666666666,5,0.8970149253731343,0.07199655631476494,12.629866666666667,7.304828333217542,3,42;271;314
faster_rcnn,22.88,5,0.8970149253731343,0.07199655631476494,12.629866666666667,7.304828333217542,3,42;271;314
faster_rcnn,22.894666666666666,5,0.8970149253731343,0.07199655631476494,12.629866666666667,7.304828333217542,3,42;271;314
faster_rcnn,22.906666666666666,5,0.8970149253731343,0.07199655631476494,12.629866666666667,7.304828333217542,3,42;271;314
faster_rcnn,22.92,5,0.8970149253731343,0.07199655631476494,12.629866666666667,7.304828333217542,3,42;271;314
faster_rcnn,22.930666666666667,5,0.8970149253731343,0.07199655631476494,12.629866666666667,7.304828333217542,3,42;271;314
faster_rcnn,22.945333333333334,5,0.8970149253731343,0.07199655631476494,12.629866666666667,7.304828333217542,3,42;271;314
faster_rcnn,22.953333333333333,5,0.8970149253731343,0.07199655631476494,12.629866666666667,7.304828333217542,3,42;271;314
faster_rcnn,22.962666666666667,5,0.8970149253731343,0.07199655631476494,12.629866666666667,7.304828333217542,3,42;271;314
faster_rcnn,22.98,5,0.8970149253731343,0.07199655631476494,12.629866666666667,7.304828333217542,3,42;271;314
faster_rcnn,22.988,5,0.8970149253731343,0.07199655631476494,12.629866666666667,7.304828333217542,3,42;271;314
faster_rcnn,23.0,5,0.8970149253731343,0.07199655631476494,12.629866666666667,7.304828333217542,3,42;271;314
faster_rcnn,23.008,5,0.8970149253731343,0.07199655631476494,12.629866666666667,7.304828333217542,3,42;271;314
faster_rcnn,23.021333333333335,5,0.8970149253731343,0.07199655631476494,12.629866666666667,7.304828333217542,3,42;271;314
faster_rcnn,23.038666666666668,5,0.8970149253731343,0.07199655631476494,12.629866666666667,7.304828333217542,3,42;271;314
faster_rcnn,23.041333333333334,5,0.8970149253731343,0.07199655631476494,12.629866666666667,7.304828333217542,3,42;271;314
faster_rcnn,23.066666666666666,5,0.8970149253731343,0.07199655631476494,12.629866666666667,7.304828333217542,3,42;271;314
faster_rcnn,23.070666666666668,5,0.8970149253731343,0.07199655631476494,12.629866666666667,7.304828333217542,3,42;271;314
faster_rcnn,23.090666666666667,5,0.8970149253731343,0.07199655631476494,12.629866666666667,7.304828333217542,3,42;271;314
faster_rcnn,23.112,5,0.8970149253731343,0.07199655631476494,12.629866666666667,7.304828333217542,3,42;271;314
faster_rcnn,23.11466666666667,5,0.8970149253731343,0.07199655631476494,12.629866666666667,7.304828333217542,3,42;271;314
faster_rcnn,23.133333333333333,5,0.8970149253731343,0.07199655631476494,12.629866666666667,7.304828333217542,3,42;271;314
faster_rcnn,23.14,5,0.8970149253731343,0.07199655631476494,12.629866666666667,7.304828333217542,3,42;271;314
faster_rcnn,23.156,5,0.8970149253731343,0.07199655631476494,12.629866666666667,7.304828333217542,3,42;271;314
faster_rcnn,23.161333333333335,5,0.8970149253731343,0.07199655631476494,12.629866666666667,7.304828333217542,3,42;271;314
faster_rcnn,23.17866666666667,5,0.8970149253731343,0.07199655631476494,12.629866666666667,7.304828333217542,3,42;271;314
faster_rcnn,23.198666666666668,5,0.8970149253731343,0.07199655631476494,12.629866666666667,7.304828333217542,3,42;271;314
faster_rcnn,23.2,5,0.8970149253731343,0.07199655631476494,12.629866666666667,7.304828333217542,3,42;271;314
faster_rcnn,23.22,5,0.8970149253731343,0.07199655631476494,12.629866666666667,7.304828333217542,3,42;271;314
faster_rcnn,23.222666666666665,5,0.8970149253731343,0.07199655631476494,12.629866666666667,7.304828333217542,3,42;271;314
faster_rcnn,23.241333333333333,5,0.8970149253731343,0.07199655631476494,12.629866666666667,7.304828333217542,3,42;271;314
faster_rcnn,23.24266666666667,5,0.8970149253731343,0.07199655631476494,12.629866666666667,7.304828333217542,3,42;271;314
faster_rcnn,23.254666666666665,5,0.8970149253731343,0.07199655631476494,12.629866666666667,7.304828333217542,3,42;271;314
faster_rcnn,23.26,5,0.8970149253731343,0.07199655631476494,12.629866666666667,7.304828333217542,3,42;271;314
faster_rcnn,23.272,5,0.8970149253731343,0.07199655631476494,12.629866666666667,7.304828333217542,3,42;271;314
faster_rcnn,23.282666666666668,5,0.8970149253731343,0.07199655631476494,12.629866666666667,7.304828333217542,3,42;271;314
faster_rcnn,23.292,5,0.8970149253731343,0.07199655631476494,12.629866666666667,7.304828333217542,3,42;271;314
faster_rcnn,23.301333333333332,5,0.8970149253731343,0.07199655631476494,12.629866666666667,7.304828333217542,3,42;271;314
faster_rcnn,23.30666666666667,5,0.8970149253731343,0.07199655631476494,12.629866666666667,7.304828333217542,3,42;271;314
faster_rcnn,23.326666666666668,5,0.8970149253731343,0.07199655631476494,12.629866666666667,7.304828333217542,3,42;271;314
faster_rcnn,23.330666666666666,5,0.8970149253731343,0.07199655631476494,12.629866666666667,7.304828333217542,3,42;271;314
faster_rcnn,23.342666666666666,5,0.8970149253731343,0.07199655631476494,12.629866666666667,7.304828333217542,3,42;271;314
faster_rcnn,23.362666666666666,5,0.8970149253731343,0.07199655631476494,12.629866666666667,7.304828333217542,3,42;271;314
faster_rcnn,23.365333333333332,5,0.8970149253731343,0.07199655631476494,12.629866666666667,7.304828333217542,3,42;271;314
faster_rcnn,23.38533333333333,5,0.8970149253731343,0.07199655631476494,12.629866666666667,7.304828333217542,3,42;271;314
faster_rcnn,23.388,5,0.8970149253731343,0.07199655631476494,12.629866666666667,7.304828333217542,3,42;271;314
faster_rcnn,23.405333333333335,5,0.8977611940298507,0.07271812732348529,12.851733333333334,7.679070453005509,3,42;271;314
faster_rcnn,23.412,5,0.8977611940298507,0.07271812732348529,12.851733333333334,7.679070453005509,3,42;271;314
faster_rcnn,23.426666666666666,5,0.8977611940298507,0.07271812732348529,12.851733333333334,7.679070453005509,3,42;271;314
faster_rcnn,23.432,5,0.8977611940298507,0.07271812732348529,12.851733333333334,7.679070453005509,3,42;271;314
faster_rcnn,23.44,5,0.8977611940298507,0.07271812732348529,12.851733333333334,7.679070453005509,3,42;271;314
faster_rcnn,23.448,5,0.8977611940298507,0.07271812732348529,12.851733333333334,7.679070453005509,3,42;271;314
faster_rcnn,23.461333333333332,5,0.8977611940298507,0.07271812732348529,12.851733333333334,7.679070453005509,3,42;271;314
faster_rcnn,23.465333333333334,5,0.8977611940298507,0.07271812732348529,12.851733333333334,7.679070453005509,3,42;271;314
faster_rcnn,23.482666666666667,5,0.8977611940298507,0.07271812732348529,12.851733333333334,7.679070453005509,3,42;271;314
faster_rcnn,23.493333333333332,5,0.8977611940298507,0.07271812732348529,12.851733333333334,7.679070453005509,3,42;271;314
faster_rcnn,23.501333333333335,5,0.8977611940298507,0.07271812732348529,12.851733333333334,7.679070453005509,3,42;271;314
faster_rcnn,23.518666666666668,5,0.8977611940298507,0.07271812732348529,12.851733333333334,7.679070453005509,3,42;271;314
faster_rcnn,23.525333333333332,5,0.8977611940298507,0.07271812732348529,12.851733333333334,7.679070453005509,3,42;271;314
faster_rcnn,23.549333333333333,5,0.8977611940298507,0.07271812732348529,12.851733333333334,7.679070453005509,3,42;271;314
faster_rcnn,23.552,5,0.8977611940298507,0.07271812732348529,12.851733333333334,7.679070453005509,3,42;271;314
faster_rcnn,23.573333333333334,5,0.8977611940298507,0.07271812732348529,12.851733333333334,7.679070453005509,3,42;271;314
faster_rcnn,23.585333333333335,5,0.8977611940298507,0.07271812732348529,12.851733333333334,7.679070453005509,3,42;271;314
faster_rcnn,23.592,5,0.8977611940298507,0.07271812732348529,12.851733333333334,7.679070453005509,3,42;271;314
faster_rcnn,23.604,5,0.8977611940298507,0.07271812732348529,12.851733333333334,7.679070453005509,3,42;271;314
faster_rcnn,23.62,5,0.8977611940298507,0.07271812732348529,12.851733333333334,7.679070453005509,3,42;271;314
faster_rcnn,23.633333333333333,5,0.8977611940298507,0.07271812732348529,12.851733333333334,7.679070453005509,3,42;271;314
faster_rcnn,23.648,5,0.8977611940298507,0.07271812732348529,12.851733333333334,7.679070453005509,3,42;271;314
faster_rcnn,23.649333333333335,5,0.8977611940298507,0.07271812732348529,12.851733333333334,7.679070453005509,3,42;271;314
faster_rcnn,23.668,5,0.8977611940298507,0.07271812732348529,12.851733333333334,7.679070453005509,3,42;271;314
faster_rcnn,23.669333333333334,5,0.8977611940298507,0.07271812732348529,12.851733333333334,7.679070453005509,3,42;271;314
faster_rcnn,23.69333333333333,5,0.8977611940298507,0.07271812732348529,12.851733333333334,7.679070453005509,3,42;271;314
faster_rcnn,23.698666666666668,5,0.8977611940298507,0.07271812732348529,12.851733333333334,7.679070453005509,3,42;271;314
faster_rcnn,23.72,5,0.8977611940298507,0.07271812732348529,12.851733333333334,7.679070453005509,3,42;271;314
faster_rcnn,23.722666666666665,5,0.8977611940298507,0.07271812732348529,12.851733333333334,7.679070453005509,3,42;271;314
faster_rcnn,23.737333333333332,5,0.8977611940298507,0.07271812732348529,12.851733333333334,7.679070453005509,3,42;271;314
faster_rcnn,23.74,5,0.8977611940298507,0.07271812732348529,12.851733333333334,7.679070453005509,3,42;271;314
faster_rcnn,23.76,5,0.8977611940298507,0.07271812732348529,12.851733333333334,7.679070453005509,3,42;271;314
faster_rcnn,23.766666666666666,5,0.8977611940298507,0.07271812732348529,12.851733333333334,7.679070453005509,3,42;271;314
faster_rcnn,23.776,5,0.8977611940298507,0.07271812732348529,12.851733333333334,7.679070453005509,3,42;271;314
faster_rcnn,23.785333333333334,5,0.8977611940298507,0.07271812732348529,12.851733333333334,7.679070453005509,3,42;271;314
faster_rcnn,23.794666666666668,5,0.8985074626865671,0.0734705187865452,12.929600000000002,7.813633805371509,3,42;271;314
faster_rcnn,23.808,5,0.8985074626865671,0.0734705187865452,12.929600000000002,7.813633805371509,3,42;271;314
faster_rcnn,23.818666666666665,5,0.8985074626865671,0.0734705187865452,12.929600000000002,7.813633805371509,3,42;271;314
faster_rcnn,23.822666666666667,5,0.8985074626865671,0.0734705187865452,12.929600000000002,7.813633805371509,3,42;271;314
faster_rcnn,23.841333333333335,5,0.8985074626865671,0.0734705187865452,12.929600000000002,7.813633805371509,3,42;271;314
faster_rcnn,23.864,5,0.8985074626865671,0.0734705187865452,12.929600000000002,7.813633805371509,3,42;271;314
faster_rcnn,23.870666666666665,5,0.8985074626865671,0.0734705187865452,12.929600000000002,7.813633805371509,3,42;271;314
faster_rcnn,23.886666666666667,5,0.8985074626865671,0.0734705187865452,12.929600000000002,7.813633805371509,3,42;271;314
faster_rcnn,23.897333333333332,5,0.8985074626865671,0.0734705187865452,12.929600000000002,7.813633805371509,3,42;271;314
faster_rcnn,23.916,5,0.8985074626865671,0.0734705187865452,12.929600000000002,7.813633805371509,3,42;271;314
faster_rcnn,23.924,5,0.8985074626865671,0.0734705187865452,12.929600000000002,7.813633805371509,3,42;271;314
faster_rcnn,23.929333333333332,5,0.8985074626865671,0.0734705187865452,12.929600000000002,7.813633805371509,3,42;271;314
faster_rcnn,23.954666666666668,5,0.8985074626865671,0.0734705187865452,12.929600000000002,7.813633805371509,3,42;271;314
faster_rcnn,23.969333333333335,5,0.8985074626865671,0.0734705187865452,12.929600000000002,7.813633805371509,3,42;271;314
faster_rcnn,23.990666666666666,5,0.8985074626865671,0.0734705187865452,12.929600000000002,7.813633805371509,3,42;271;314
faster_rcnn,23.994666666666667,5,0.8985074626865671,0.0734705187865452,12.929600000000002,7.813633805371509,3,42;271;314
faster_rcnn,24.006666666666668,5,0.8985074626865671,0.0734705187865452,12.929600000000002,7.813633805371509,3,42;271;314
faster_rcnn,24.022666666666666,5,0.8985074626865671,0.0734705187865452,12.929600000000002,7.813633805371509,4,17;42;271;314
faster_rcnn,24.046666666666667,5,0.8985074626865671,0.0734705187865452,12.929600000000002,7.813633805371509,4,17;42;271;314
faster_rcnn,24.077333333333332,5,0.8985074626865671,0.0734705187865452,12.929600000000002,7.813633805371509,4,17;42;271;314
faster_rcnn,24.1,5,0.8985074626865671,0.0734705187865452,12.929600000000002,7.813633805371509,4,17;42;271;314
faster_rcnn,24.133333333333333,5,0.8985074626865671,0.0734705187865452,12.929600000000002,7.813633805371509,4,17;42;271;314
faster_rcnn,24.157333333333334,5,0.8985074626865671,0.0734705187865452,12.929600000000002,7.813633805371509,4,17;42;271;314
faster_rcnn,24.184,5,0.8985074626865671,0.0734705187865452,12.929600000000002,7.813633805371509,4,17;42;271;314
faster_rcnn,24.205333333333332,5,0.8985074626865671,0.0734705187865452,12.929600000000002,7.813633805371509,4,17;42;271;314
faster_rcnn,24.237333333333332,5,0.8985074626865671,0.0734705187865452,12.929600000000002,7.813633805371509,4,17;42;271;314
faster_rcnn,24.262666666666668,5,0.8985074626865671,0.0734705187865452,12.929600000000002,7.813633805371509,4,17;42;271;314
faster_rcnn,24.28,5,0.8985074626865671,0.0734705187865452,12.929600000000002,7.813633805371509,4,17;42;271;314
faster_rcnn,24.3,5,0.8985074626865671,0.0734705187865452,12.929600000000002,7.813633805371509,4,17;42;271;314
faster_rcnn,24.318666666666665,5,0.8985074626865671,0.0734705187865452,12.929600000000002,7.813633805371509,4,17;42;271;314
faster_rcnn,24.356,5,0.8985074626865671,0.0734705187865452,12.929600000000002,7.813633805371509,4,17;42;271;314
faster_rcnn,24.377333333333333,5,0.8985074626865671,0.0734705187865452,12.929600000000002,7.813633805371509,4,17;42;271;314
faster_rcnn,24.402666666666665,5,0.8985074626865671,0.0734705187865452,12.929600000000002,7.813633805371509,4,17;42;271;314
faster_rcnn,24.437333333333335,5,0.8985074626865671,0.0734705187865452,12.929600000000002,7.813633805371509,4,17;42;271;314
faster_rcnn,24.462666666666667,5,0.8985074626865671,0.0734705187865452,12.929600000000002,7.813633805371509,4,17;42;271;314
faster_rcnn,24.493333333333332,5,0.8985074626865671,0.0734705187865452,12.929600000000002,7.813633805371509,4,17;42;271;314
faster_rcnn,24.526666666666667,5,0.8985074626865671,0.0734705187865452,12.929600000000002,7.813633805371509,4,17;42;271;314
faster_rcnn,24.554666666666666,5,0.8985074626865671,0.0734705187865452,12.929600000000002,7.813633805371509,4,17;42;271;314
faster_rcnn,24.574666666666666,5,0.8985074626865671,0.0734705187865452,12.929600000000002,7.813633805371509,4,17;42;271;314
faster_rcnn,24.6,5,0.8985074626865671,0.0734705187865452,12.929600000000002,7.813633805371509,4,17;42;271;314
faster_rcnn,24.632,5,0.8985074626865671,0.0734705187865452,12.929600000000002,7.813633805371509,4,17;42;271;314
faster_rcnn,24.649333333333335,5,0.8985074626865671,0.0734705187865452,12.929600000000002,7.813633805371509,4,17;42;271;314
faster_rcnn,24.676,5,0.8985074626865671,0.0734705187865452,12.929600000000002,7.813633805371509,4,17;42;271;314
faster_rcnn,24.701333333333334,5,0.8985074626865671,0.0734705187865452,12.929600000000002,7.813633805371509,4,17;42;271;314
faster_rcnn,24.726666666666667,5,0.8985074626865671,0.0734705187865452,12.929600000000002,7.813633805371509,4,17;42;271;314
faster_rcnn,24.74266666666667,5,0.8985074626865671,0.0734705187865452,12.929600000000002,7.813633805371509,4,17;42;271;314
faster_rcnn,24.765333333333334,5,0.8985074626865671,0.0734705187865452,12.929600000000002,7.813633805371509,4,17;42;271;314
faster_rcnn,24.793333333333333,5,0.8985074626865671,0.0734705187865452,12.929600000000002,7.813633805371509,4,17;42;271;314
faster_rcnn,24.817333333333334,5,0.8985074626865671,0.0734705187865452,12.929600000000002,7.813633805371509,4,17;42;271;314
faster_rcnn,24.844,5,0.8985074626865671,0.0734705187865452,12.929600000000002,7.813633805371509,4,17;42;271;314
faster_rcnn,24.86,5,0.8985074626865671,0.0734705187865452,12.929600000000002,7.813633805371509,4,17;42;271;314
faster_rcnn,24.888,5,0.8985074626865671,0.0734705187865452,12.929600000000002,7.813633805371509,4,17;42;271;314
faster_rcnn,24.912,5,0.8985074626865671,0.0734705187865452,12.929600000000002,7.813633805371509,4,17;42;271;314
faster_rcnn,24.942666666666668,5,0.8985074626865671,0.0734705187865452,12.929600000000002,7.813633805371509,4,17;42;271;314
faster_rcnn,24.965333333333334,5,0.8985074626865671,0.0734705187865452,12.929600000000002,7.813633805371509,4,17;42;271;314
faster_rcnn,24.994666666666667,5,0.8985074626865671,0.0734705187865452,12.929600000000002,7.813633805371509,4,17;42;271;314
faster_rcnn,25.024,5,0.8985074626865671,0.0734705187865452,12.929600000000002,7.813633805371509,4,17;42;271;314
faster_rcnn,25.062666666666665,5,0.8985074626865671,0.0734705187865452,12.929600000000002,7.813633805371509,4,17;42;271;314
faster_rcnn,25.096,5,0.8985074626865671,0.0734705187865452,12.929600000000002,7.813633805371509,4,17;42;271;314
faster_rcnn,25.12,5,0.8985074626865671,0.0734705187865452,12.929600000000002,7.813633805371509,4,17;42;271;314
faster_rcnn,25.152,5,0.8985074626865671,0.0734705187865452,12.929600000000002,7.813633805371509,4,17;42;271;314
faster_rcnn,25.173333333333332,5,0.8985074626865671,0.0734705187865452,12.929600000000002,7.813633805371509,4,17;42;271;314
faster_rcnn,25.201333333333334,5,0.8985074626865671,0.0734705187865452,12.929600000000002,7.813633805371509,4,17;42;271;314
faster_rcnn,25.232,5,0.8985074626865671,0.0734705187865452,12.929600000000002,7.813633805371509,4,17;42;271;314
faster_rcnn,25.265333333333334,5,0.8985074626865671,0.0734705187865452,12.929600000000002,7.813633805371509,4,17;42;271;314
faster_rcnn,25.297333333333334,5,0.8985074626865671,0.0734705187865452,12.929600000000002,7.813633805371509,4,17;42;271;314
faster_rcnn,25.326666666666668,5,0.8985074626865671,0.0734705187865452,12.929600000000002,7.813633805371509,4,17;42;271;314
faster_rcnn,25.345333333333333,5,0.8985074626865671,0.0734705187865452,12.929600000000002,7.813633805371509,4,17;42;271;314
faster_rcnn,25.368,5,0.8985074626865671,0.0734705187865452,12.929600000000002,7.813633805371509,4,17;42;271;314
faster_rcnn,25.405333333333335,5,0.8985074626865671,0.0734705187865452,12.929600000000002,7.813633805371509,4,17;42;271;314
faster_rcnn,25.430666666666667,5,0.8985074626865671,0.0734705187865452,12.929600000000002,7.813633805371509,4,17;42;271;314
faster_rcnn,25.452,5,0.8985074626865671,0.0734705187865452,12.929600000000002,7.813633805371509,4,17;42;271;314
faster_rcnn,25.490666666666666,5,0.8985074626865671,0.0734705187865452,12.929600000000002,7.813633805371509,4,17;42;271;314
faster_rcnn,25.514666666666667,5,0.8985074626865671,0.0734705187865452,12.929600000000002,7.813633805371509,4,17;42;271;314
faster_rcnn,25.537333333333333,5,0.8985074626865671,0.0734705187865452,12.929600000000002,7.813633805371509,4,17;42;271;314
faster_rcnn,25.564,5,0.8985074626865671,0.0734705187865452,12.929600000000002,7.813633805371509,4,17;42;271;314
faster_rcnn,25.594666666666665,5,0.8985074626865671,0.0734705187865452,12.929600000000002,7.813633805371509,4,17;42;271;314
faster_rcnn,25.618666666666666,5,0.8985074626865671,0.0734705187865452,12.929600000000002,7.813633805371509,4,17;42;271;314
faster_rcnn,25.641333333333332,5,0.8985074626865671,0.0734705187865452,12.929600000000002,7.813633805371509,4,17;42;271;314
faster_rcnn,25.666666666666668,5,0.8985074626865671,0.0734705187865452,12.929600000000002,7.813633805371509,4,17;42;271;314
faster_rcnn,25.7,5,0.8985074626865671,0.0734705187865452,12.929600000000002,7.813633805371509,4,17;42;271;314
faster_rcnn,25.72533333333333,5,0.8985074626865671,0.0734705187865452,12.929600000000002,7.813633805371509,4,17;42;271;314
faster_rcnn,25.752,5,0.8985074626865671,0.0734705187865452,12.929600000000002,7.813633805371509,4,17;42;271;314
faster_rcnn,25.776,5,0.8985074626865671,0.0734705187865452,12.929600000000002,7.813633805371509,4,17;42;271;314
faster_rcnn,25.796,5,0.8985074626865671,0.0734705187865452,12.929600000000002,7.813633805371509,4,17;42;271;314
faster_rcnn,25.836,5,0.8985074626865671,0.0734705187865452,12.929600000000002,7.813633805371509,4,17;42;271;314
faster_rcnn,25.869333333333334,5,0.8985074626865671,0.0734705187865452,12.929600000000002,7.813633805371509,4,17;42;271;314
faster_rcnn,25.896,5,0.8985074626865671,0.0734705187865452,12.929600000000002,7.813633805371509,4,17;42;271;314
faster_rcnn,25.917333333333332,5,0.8985074626865671,0.0734705187865452,12.929600000000002,7.813633805371509,4,17;42;271;314
faster_rcnn,25.942666666666668,5,0.8985074626865671,0.0734705187865452,12.929600000000002,7.813633805371509,4,17;42;271;314
faster_rcnn,25.974666666666668,5,0.8985074626865671,0.0734705187865452,12.929600000000002,7.813633805371509,4,17;42;271;314
faster_rcnn,26.006666666666668,5,0.8985074626865671,0.0734705187865452,12.929600000000002,7.813633805371509,4,17;42;271;314
faster_rcnn,26.032,5,0.8985074626865671,0.0734705187865452,12.929600000000002,7.813633805371509,4,17;42;271;314
faster_rcnn,26.057333333333332,5,0.8985074626865671,0.0734705187865452,12.929600000000002,7.813633805371509,4,17;42;271;314
faster_rcnn,26.092,5,0.8985074626865671,0.0734705187865452,12.929600000000002,7.813633805371509,4,17;42;271;314
faster_rcnn,26.116,5,0.8985074626865671,0.0734705187865452,12.929600000000002,7.813633805371509,4,17;42;271;314
faster_rcnn,26.134666666666668,5,0.8985074626865671,0.0734705187865452,12.929600000000002,7.813633805371509,4,17;42;271;314
faster_rcnn,26.162666666666667,5,0.8985074626865671,0.0734705187865452,12.929600000000002,7.813633805371509,4,17;42;271;314
faster_rcnn,26.18,5,0.8985074626865671,0.0734705187865452,12.929600000000002,7.813633805371509,4,17;42;271;314
faster_rcnn,26.217333333333332,5,0.8985074626865671,0.0734705187865452,12.929600000000002,7.813633805371509,4,17;42;271;314
faster_rcnn,26.248,5,0.8985074626865671,0.0734705187865452,12.929600000000002,7.813633805371509,4,17;42;271;314
faster_rcnn,26.286666666666665,5,0.8985074626865671,0.0734705187865452,12.929600000000002,7.813633805371509,4,17;42;271;314
faster_rcnn,26.32,5,0.8985074626865671,0.0734705187865452,12.929600000000002,7.813633805371509,4,17;42;271;314
faster_rcnn,26.348,5,0.8985074626865671,0.0734705187865452,12.929600000000002,7.813633805371509,4,17;42;271;314
faster_rcnn,26.378666666666668,5,0.8985074626865671,0.0734705187865452,12.929600000000002,7.813633805371509,4,17;42;271;314
faster_rcnn,26.409333333333333,5,0.8985074626865671,0.0734705187865452,12.929600000000002,7.813633805371509,4,17;42;271;314
faster_rcnn,26.426666666666666,5,0.8985074626865671,0.0734705187865452,12.929600000000002,7.813633805371509,4,17;42;271;314
faster_rcnn,26.462666666666667,5,0.8985074626865671,0.0734705187865452,12.929600000000002,7.813633805371509,4,17;42;271;314
faster_rcnn,26.485333333333333,5,0.8985074626865671,0.0734705187865452,12.929600000000002,7.813633805371509,4,17;42;271;314
faster_rcnn,26.517333333333333,5,0.8985074626865671,0.0734705187865452,12.929600000000002,7.813633805371509,4,17;42;271;314
faster_rcnn,26.541333333333334,5,0.8985074626865671,0.0734705187865452,12.929600000000002,7.813633805371509,4,17;42;271;314
faster_rcnn,26.564,5,0.8985074626865671,0.0734705187865452,12.929600000000002,7.813633805371509,4,17;42;271;314
faster_rcnn,26.584,5,0.8985074626865671,0.0734705187865452,12.929600000000002,7.813633805371509,4,17;42;271;314
faster_rcnn,26.613333333333333,5,0.8992537313432836,0.07425279381392685,13.493333333333334,8.829176078333823,4,17;42;271;314
faster_rcnn,26.637333333333334,5,0.8992537313432836,0.07425279381392685,13.493333333333334,8.829176078333823,4,17;42;271;314
faster_rcnn,26.669333333333334,5,0.8992537313432836,0.07425279381392685,13.493333333333334,8.829176078333823,4,17;42;271;314
faster_rcnn,26.682666666666666,5,0.8992537313432836,0.07425279381392685,13.493333333333334,8.829176078333823,4,17;42;271;314
faster_rcnn,26.714666666666666,5,0.8992537313432836,0.07425279381392685,13.493333333333334,8.829176078333823,4,17;42;271;314
faster_rcnn,26.736,5,0.8992537313432836,0.07425279381392685,13.493333333333334,8.829176078333823,4,17;42;271;314
faster_rcnn,26.76,5,0.8992537313432836,0.07425279381392685,13.493333333333334,8.829176078333823,4,17;42;271;314
faster_rcnn,26.78933333333333,5,0.8992537313432836,0.07425279381392685,13.493333333333334,8.829176078333823,4,17;42;271;314
faster_rcnn,26.813333333333333,5,0.8992537313432836,0.07425279381392685,13.493333333333334,8.829176078333823,4,17;42;271;314
faster_rcnn,26.828,5,0.8992537313432836,0.07425279381392685,13.493333333333334,8.829176078333823,4,17;42;271;314
faster_rcnn,26.861333333333334,5,0.8992537313432836,0.07425279381392685,13.493333333333334,8.829176078333823,4,17;42;271;314
faster_rcnn,26.892,5,0.8992537313432836,0.07425279381392685,13.493333333333334,8.829176078333823,4,17;42;271;314
faster_rcnn,26.917333333333332,5,0.8992537313432836,0.07425279381392685,13.493333333333334,8.829176078333823,4,17;42;271;314
faster_rcnn,26.952,5,0.8992537313432836,0.07425279381392685,13.493333333333334,8.829176078333823,4,17;42;271;314
faster_rcnn,26.985333333333333,5,0.8992537313432836,0.07425279381392685,13.493333333333334,8.829176078333823,4,17;42;271;314
faster_rcnn,27.016,5,0.8992537313432836,0.07425279381392685,13.493333333333334,8.829176078333823,4,17;42;271;314
faster_rcnn,27.037333333333333,5,0.8992537313432836,0.07425279381392685,13.493333333333334,8.829176078333823,4,17;42;271;314
faster_rcnn,27.074666666666666,5,0.8992537313432836,0.07425279381392685,13.493333333333334,8.829176078333823,4,17;42;271;314
faster_rcnn,27.102666666666668,5,0.8992537313432836,0.07425279381392685,13.493333333333334,8.829176078333823,4,17;42;271;314
faster_rcnn,27.128,5,0.8992537313432836,0.07425279381392685,13.493333333333334,8.829176078333823,4,17;42;271;314
faster_rcnn,27.16,5,0.8992537313432836,0.07425279381392685,13.493333333333334,8.829176078333823,4,17;42;271;314
faster_rcnn,27.185333333333332,5,0.8992537313432836,0.07425279381392685,13.493333333333334,8.829176078333823,4,17;42;271;314
faster_rcnn,27.204,5,0.8992537313432836,0.07425279381392685,13.493333333333334,8.829176078333823,4,17;42;271;314
faster_rcnn,27.228,5,0.8992537313432836,0.07425279381392685,13.493333333333334,8.829176078333823,4,17;42;271;314
faster_rcnn,27.264,5,0.8992537313432836,0.07425279381392685,13.493333333333334,8.829176078333823,4,17;42;271;314
faster_rcnn,27.28933333333333,5,0.8992537313432836,0.07425279381392685,13.493333333333334,8.829176078333823,4,17;42;271;314
faster_rcnn,27.312,5,0.8992537313432836,0.07425279381392685,13.493333333333334,8.829176078333823,4,17;42;271;314
faster_rcnn,27.348,5,0.8992537313432836,0.07425279381392685,13.493333333333334,8.829176078333823,4,17;42;271;314
faster_rcnn,27.384,5,0.8992537313432836,0.07425279381392685,13.493333333333334,8.829176078333823,4,17;42;271;314
faster_rcnn,27.4,5,0.8992537313432836,0.07425279381392685,13.493333333333334,8.829176078333823,4,17;42;271;314
faster_rcnn,27.429333333333332,5,0.8992537313432836,0.07425279381392685,13.493333333333334,8.829176078333823,4,17;42;271;314
faster_rcnn,27.472,5,0.8992537313432836,0.07425279381392685,13.493333333333334,8.829176078333823,4,17;42;271;314
faster_rcnn,27.505333333333333,5,0.8992537313432836,0.07425279381392685,13.493333333333334,8.829176078333823,4,17;42;271;314
faster_rcnn,27.528,5,0.8992537313432836,0.07425279381392685,13.493333333333334,8.829176078333823,4,17;42;271;314
faster_rcnn,27.553333333333335,5,0.8992537313432836,0.07425279381392685,13.493333333333334,8.829176078333823,4,17;42;271;314
faster_rcnn,27.576,5,0.8992537313432836,0.07425279381392685,13.493333333333334,8.829176078333823,4,17;42;271;314
faster_rcnn,27.601333333333333,5,0.8992537313432836,0.07425279381392685,13.493333333333334,8.829176078333823,4,17;42;271;314
faster_rcnn,27.642666666666667,5,0.8992537313432836,0.07425279381392685,13.493333333333334,8.829176078333823,4,17;42;271;314
faster_rcnn,27.689333333333334,5,0.8992537313432836,0.07425279381392685,13.493333333333334,8.829176078333823,4,17;42;271;314
faster_rcnn,27.709333333333333,5,0.8992537313432836,0.07425279381392685,13.493333333333334,8.829176078333823,4,17;42;271;314
faster_rcnn,27.741333333333333,5,0.8992537313432836,0.07425279381392685,13.493333333333334,8.829176078333823,4,17;42;271;314
faster_rcnn,27.768,5,0.8992537313432836,0.07425279381392685,13.493333333333334,8.829176078333823,4,17;42;271;314
faster_rcnn,27.793333333333333,5,0.8992537313432836,0.07425279381392685,13.493333333333334,8.829176078333823,4,17;42;271;314
faster_rcnn,27.824,5,0.8992537313432836,0.07425279381392685,13.493333333333334,8.829176078333823,4,17;42;271;314
faster_rcnn,27.852,5,0.8992537313432836,0.07425279381392685,13.493333333333334,8.829176078333823,4,17;42;271;314
faster_rcnn,27.877333333333333,5,0.8992537313432836,0.07425279381392685,13.493333333333334,8.829176078333823,4,17;42;271;314
faster_rcnn,27.898666666666667,5,0.8992537313432836,0.07425279381392685,13.493333333333334,8.829176078333823,4,17;42;271;314
faster_rcnn,27.925333333333334,5,0.8992537313432836,0.07425279381392685,13.493333333333334,8.829176078333823,4,17;42;271;314
faster_rcnn,27.944,5,0.8992537313432836,0.07425279381392685,13.493333333333334,8.829176078333823,4,17;42;271;314
faster_rcnn,27.969333333333335,5,0.8992537313432836,0.07425279381392685,13.493333333333334,8.829176078333823,4,17;42;271;314
faster_rcnn,27.996,5,0.8992537313432836,0.07425279381392685,13.493333333333334,8.829176078333823,4,17;42;271;314
faster_rcnn,28.021333333333335,5,0.8992537313432836,0.07425279381392685,13.493333333333334,8.829176078333823,4,17;42;271;314
faster_rcnn,28.062666666666665,5,0.8992537313432836,0.07425279381392685,13.493333333333334,8.829176078333823,4,17;42;271;314
faster_rcnn,28.085333333333335,5,0.8992537313432836,0.07425279381392685,13.493333333333334,8.829176078333823,4,17;42;271;314
faster_rcnn,28.109333333333332,5,0.8992537313432836,0.07425279381392685,13.493333333333334,8.829176078333823,4,17;42;271;314
faster_rcnn,28.145333333333333,5,0.8992537313432836,0.07425279381392685,13.493333333333334,8.829176078333823,4,17;42;271;314
faster_rcnn,28.17866666666667,5,0.8992537313432836,0.07425279381392685,13.493333333333334,8.829176078333823,4,17;42;271;314
faster_rcnn,28.206666666666667,5,0.8992537313432836,0.07425279381392685,13.493333333333334,8.829176078333823,4,17;42;271;314
faster_rcnn,28.237333333333332,5,0.9,0.07506401812228647,13.818133333333336,9.44114746321771,4,17;42;271;314
faster_rcnn,28.268,5,0.9,0.07506401812228647,13.818133333333336,9.44114746321771,4,17;42;271;314
faster_rcnn,28.308,5,0.9,0.07506401812228647,13.818133333333336,9.44114746321771,4,17;42;271;314
faster_rcnn,28.334666666666667,5,0.9,0.07506401812228647,13.818133333333336,9.44114746321771,4,17;42;271;314
faster_rcnn,28.364,5,0.9,0.07506401812228647,13.818133333333336,9.44114746321771,4,17;42;271;314
faster_rcnn,28.408,5,0.9,0.07506401812228647,13.818133333333336,9.44114746321771,4,17;42;271;314
faster_rcnn,28.441333333333333,5,0.9,0.07506401812228647,13.818133333333336,9.44114746321771,4,17;42;271;314
faster_rcnn,28.469333333333335,5,0.9,0.07506401812228647,13.818133333333336,9.44114746321771,4,17;42;271;314
faster_rcnn,28.497333333333334,5,0.9,0.07506401812228647,13.818133333333336,9.44114746321771,4,17;42;271;314
faster_rcnn,28.530666666666665,5,0.9,0.07506401812228647,13.818133333333336,9.44114746321771,4,17;42;271;314
faster_rcnn,28.568,5,0.9,0.07506401812228647,13.818133333333336,9.44114746321771,4,17;42;271;314
faster_rcnn,28.593333333333334,5,0.9,0.07506401812228647,13.818133333333336,9.44114746321771,4,17;42;271;314
faster_rcnn,28.616,5,0.9,0.07506401812228647,13.818133333333336,9.44114746321771,4,17;42;271;314
faster_rcnn,28.637333333333334,5,0.9,0.07506401812228647,13.818133333333336,9.44114746321771,4,17;42;271;314
faster_rcnn,28.658666666666665,5,0.9,0.07506401812228647,13.818133333333336,9.44114746321771,4,17;42;271;314
faster_rcnn,28.685333333333332,5,0.9,0.07506401812228647,13.818133333333336,9.44114746321771,4,17;42;271;314
faster_rcnn,28.717333333333332,5,0.9,0.07506401812228647,13.818133333333336,9.44114746321771,4,17;42;271;314
faster_rcnn,28.746666666666666,5,0.9,0.07506401812228647,13.818133333333336,9.44114746321771,4,17;42;271;314
faster_rcnn,28.761333333333333,5,0.9,0.07506401812228647,13.818133333333336,9.44114746321771,4,17;42;271;314
faster_rcnn,28.785333333333334,5,0.9,0.07506401812228647,13.818133333333336,9.44114746321771,4,17;42;271;314
faster_rcnn,28.816,5,0.9,0.07506401812228647,13.818133333333336,9.44114746321771,4,17;42;271;314
faster_rcnn,28.842666666666666,5,0.9,0.07506401812228647,13.818133333333336,9.44114746321771,4,17;42;271;314
faster_rcnn,28.869333333333334,5,0.9,0.07506401812228647,13.818133333333336,9.44114746321771,4,17;42;271;314
faster_rcnn,28.910666666666668,5,0.9,0.07506401812228647,13.818133333333336,9.44114746321771,4,17;42;271;314
faster_rcnn,28.941333333333333,5,0.9,0.07506401812228647,13.818133333333336,9.44114746321771,4,17;42;271;314
faster_rcnn,28.985333333333333,5,0.9,0.07506401812228647,13.818133333333336,9.44114746321771,4,17;42;271;314
faster_rcnn,29.022666666666666,5,0.9,0.07506401812228647,13.818133333333336,9.44114746321771,4,17;42;271;314
faster_rcnn,29.054666666666666,5,0.9,0.07506401812228647,13.818133333333336,9.44114746321771,4,17;42;271;314
faster_rcnn,29.085333333333335,5,0.9,0.07506401812228647,13.818133333333336,9.44114746321771,4,17;42;271;314
faster_rcnn,29.118666666666666,5,0.9,0.07506401812228647,13.818133333333336,9.44114746321771,4,17;42;271;314
faster_rcnn,29.150666666666666,5,0.9,0.07506401812228647,13.818133333333336,9.44114746321771,4,17;42;271;314
faster_rcnn,29.184,5,0.9,0.07506401812228647,13.818133333333336,9.44114746321771,4,17;42;271;314
faster_rcnn,29.213333333333335,5,0.9,0.07506401812228647,13.818133333333336,9.44114746321771,4,17;42;271;314
faster_rcnn,29.238666666666667,5,0.9,0.07506401812228647,13.818133333333336,9.44114746321771,4,17;42;271;314
faster_rcnn,29.27466666666667,5,0.9,0.07506401812228647,13.818133333333336,9.44114746321771,4,17;42;271;314
faster_rcnn,29.301333333333332,5,0.9,0.07506401812228647,13.818133333333336,9.44114746321771,4,17;42;271;314
faster_rcnn,29.333333333333332,5,0.9,0.07506401812228647,13.818133333333336,9.44114746321771,4,17;42;271;314
faster_rcnn,29.362666666666666,5,0.9,0.07506401812228647,13.818133333333336,9.44114746321771,4,17;42;271;314
faster_rcnn,29.393333333333334,5,0.9,0.07506401812228647,13.818133333333336,9.44114746321771,4,17;42;271;314
faster_rcnn,29.418666666666667,5,0.9,0.07506401812228647,13.818133333333336,9.44114746321771,4,17;42;271;314
faster_rcnn,29.453333333333333,5,0.9,0.07506401812228647,13.818133333333336,9.44114746321771,4,17;42;271;314
faster_rcnn,29.477333333333334,5,0.9,0.07506401812228647,13.818133333333336,9.44114746321771,4,17;42;271;314
faster_rcnn,29.504,5,0.9,0.07506401812228647,13.818133333333336,9.44114746321771,4,17;42;271;314
faster_rcnn,29.528,5,0.9,0.07506401812228647,13.818133333333336,9.44114746321771,4,17;42;271;314
faster_rcnn,29.549333333333333,5,0.9,0.07506401812228647,13.818133333333336,9.44114746321771,4,17;42;271;314
faster_rcnn,29.58,5,0.9,0.07506401812228647,13.818133333333336,9.44114746321771,4,17;42;271;314
faster_rcnn,29.61466666666667,5,0.9,0.07506401812228647,13.818133333333336,9.44114746321771,4,17;42;271;314
faster_rcnn,29.641333333333332,5,0.9,0.07506401812228647,13.818133333333336,9.44114746321771,4,17;42;271;314
faster_rcnn,29.676,5,0.9,0.07506401812228647,13.818133333333336,9.44114746321771,4,17;42;271;314
faster_rcnn,29.704,5,0.9,0.07506401812228647,13.818133333333336,9.44114746321771,4,17;42;271;314
faster_rcnn,29.741333333333333,5,0.9,0.07506401812228647,13.818133333333336,9.44114746321771,4,17;42;271;314
faster_rcnn,29.768,5,0.9,0.07506401812228647,13.818133333333336,9.44114746321771,4,17;42;271;314
faster_rcnn,29.8,5,0.9,0.07506401812228647,13.818133333333336,9.44114746321771,4,17;42;271;314
faster_rcnn,29.829333333333334,5,0.9,0.07506401812228647,13.818133333333336,9.44114746321771,4,17;42;271;314
faster_rcnn,29.854666666666667,5,0.9,0.07506401812228647,13.818133333333336,9.44114746321771,4,17;42;271;314
faster_rcnn,29.88533333333333,5,0.9,0.07506401812228647,13.818133333333336,9.44114746321771,4,17;42;271;314
faster_rcnn,29.906666666666666,5,0.9,0.07506401812228647,13.818133333333336,9.44114746321771,4,17;42;271;314
faster_rcnn,29.946666666666665,5,0.9,0.07506401812228647,13.818133333333336,9.44114746321771,4,17;42;271;314
faster_rcnn,29.974666666666668,5,0.9,0.07506401812228647,13.818133333333336,9.44114746321771,4,17;42;271;314
faster_rcnn,30.018666666666668,5,0.9,0.07506401812228647,13.818133333333336,9.44114746321771,4,17;42;271;314
faster_rcnn,30.049333333333333,5,0.9,0.07506401812228647,13.818133333333336,9.44114746321771,4,17;42;271;314
faster_rcnn,30.081333333333333,5,0.9,0.07506401812228647,13.818133333333336,9.44114746321771,4,17;42;271;314
faster_rcnn,30.12,5,0.9,0.07506401812228647,13.818133333333336,9.44114746321771,4,17;42;271;314
faster_rcnn,30.161333333333335,5,0.9,0.07506401812228647,13.818133333333336,9.44114746321771,4,17;42;271;314
faster_rcnn,30.181333333333335,5,0.9,0.07506401812228647,13.818133333333336,9.44114746321771,4,17;42;271;314
faster_rcnn,30.206666666666667,5,0.9,0.07506401812228647,13.818133333333336,9.44114746321771,4,17;42;271;314
faster_rcnn,30.224,5,0.9,0.07506401812228647,13.818133333333336,9.44114746321771,4,17;42;271;314
faster_rcnn,30.248,5,0.9,0.07506401812228647,13.818133333333336,9.44114746321771,4,17;42;271;314
faster_rcnn,30.28,5,0.9,0.07506401812228647,13.818133333333336,9.44114746321771,4,17;42;271;314
faster_rcnn,30.317333333333334,5,0.9,0.07506401812228647,13.818133333333336,9.44114746321771,4,17;42;271;314
faster_rcnn,30.352,5,0.9,0.07506401812228647,13.818133333333336,9.44114746321771,4,17;42;271;314
faster_rcnn,30.372,5,0.9,0.07506401812228647,13.818133333333336,9.44114746321771,4,17;42;271;314
faster_rcnn,30.401333333333334,5,0.9,0.07506401812228647,13.818133333333336,9.44114746321771,4,17;42;271;314
faster_rcnn,30.437333333333335,5,0.9,0.07506401812228647,13.818133333333336,9.44114746321771,4,17;42;271;314
faster_rcnn,30.470666666666666,5,0.9,0.07506401812228647,13.818133333333336,9.44114746321771,4,17;42;271;314
faster_rcnn,30.516,5,0.9,0.07506401812228647,13.818133333333336,9.44114746321771,4,17;42;271;314
faster_rcnn,30.553333333333335,5,0.9,0.07506401812228647,13.818133333333336,9.44114746321771,4,17;42;271;314
faster_rcnn,30.582666666666668,5,0.9,0.07506401812228647,13.818133333333336,9.44114746321771,4,17;42;271;314
faster_rcnn,30.624,5,0.9,0.07506401812228647,13.818133333333336,9.44114746321771,4,17;42;271;314
faster_rcnn,30.64666666666667,5,0.9,0.07506401812228647,13.818133333333336,9.44114746321771,4,17;42;271;314
faster_rcnn,30.669333333333334,5,0.9,0.07506401812228647,13.818133333333336,9.44114746321771,4,17;42;271;314
faster_rcnn,30.716,5,0.9,0.07506401812228647,13.818133333333336,9.44114746321771,4,17;42;271;314
faster_rcnn,30.736,5,0.9,0.07506401812228647,13.818133333333336,9.44114746321771,4,17;42;271;314
faster_rcnn,30.770666666666667,5,0.9,0.07506401812228647,13.818133333333336,9.44114746321771,4,17;42;271;314
faster_rcnn,30.798666666666666,5,0.9,0.07506401812228647,13.818133333333336,9.44114746321771,4,17;42;271;314
faster_rcnn,30.834666666666667,5,0.9,0.07506401812228647,13.818133333333336,9.44114746321771,4,17;42;271;314
faster_rcnn,30.861333333333334,5,0.9,0.07506401812228647,13.818133333333336,9.44114746321771,4,17;42;271;314
faster_rcnn,30.897333333333332,5,0.9,0.07506401812228647,13.818133333333336,9.44114746321771,4,17;42;271;314
faster_rcnn,30.929333333333332,5,0.9,0.07506401812228647,13.818133333333336,9.44114746321771,4,17;42;271;314
faster_rcnn,30.969333333333335,5,0.9,0.07506401812228647,13.818133333333336,9.44114746321771,4,17;42;271;314
faster_rcnn,31.004,5,0.9,0.07506401812228647,13.818133333333336,9.44114746321771,4,17;42;271;314
faster_rcnn,31.042666666666666,5,0.9,0.07506401812228647,13.818133333333336,9.44114746321771,4,17;42;271;314
faster_rcnn,31.070666666666668,5,0.9,0.07506401812228647,13.818133333333336,9.44114746321771,4,17;42;271;314
faster_rcnn,31.101333333333333,5,0.9,0.07506401812228647,13.818133333333336,9.44114746321771,4,17;42;271;314
faster_rcnn,31.126666666666665,5,0.9,0.07506401812228647,13.818133333333336,9.44114746321771,4,17;42;271;314
faster_rcnn,31.164,5,0.9,0.07506401812228647,13.818133333333336,9.44114746321771,4,17;42;271;314
faster_rcnn,31.209333333333333,5,0.9,0.07506401812228647,13.818133333333336,9.44114746321771,4,17;42;271;314
faster_rcnn,31.252,5,0.9,0.07506401812228647,13.818133333333336,9.44114746321771,4,17;42;271;314
faster_rcnn,31.286666666666665,5,0.9,0.07506401812228647,13.818133333333336,9.44114746321771,4,17;42;271;314
faster_rcnn,31.305333333333333,5,0.9,0.07506401812228647,13.818133333333336,9.44114746321771,4,17;42;271;314
faster_rcnn,31.337333333333333,5,0.9,0.07506401812228647,13.818133333333336,9.44114746321771,4,17;42;271;314
faster_rcnn,31.378666666666668,5,0.9,0.07506401812228647,13.818133333333336,9.44114746321771,4,17;42;271;314
faster_rcnn,31.406666666666666,5,0.9,0.07506401812228647,13.818133333333336,9.44114746321771,4,17;42;271;314
faster_rcnn,31.437333333333335,5,0.9,0.07506401812228647,13.818133333333336,9.44114746321771,4,17;42;271;314
faster_rcnn,31.469333333333335,5,0.9,0.07506401812228647,13.818133333333336,9.44114746321771,4,17;42;271;314
faster_rcnn,31.505333333333333,5,0.9,0.07506401812228647,13.818133333333336,9.44114746321771,4,17;42;271;314
faster_rcnn,31.542666666666666,5,0.9,0.07506401812228647,13.818133333333336,9.44114746321771,4,17;42;271;314
faster_rcnn,31.581333333333333,5,0.9,0.07506401812228647,13.818133333333336,9.44114746321771,4,17;42;271;314
faster_rcnn,31.608,5,0.9,0.07506401812228647,13.818133333333336,9.44114746321771,4,17;42;271;314
faster_rcnn,31.638666666666666,5,0.9,0.07506401812228647,13.818133333333336,9.44114746321771,4,17;42;271;314
faster_rcnn,31.672,5,0.9,0.07506401812228647,13.818133333333336,9.44114746321771,4,17;42;271;314
faster_rcnn,31.706666666666667,5,0.9,0.07506401812228647,13.818133333333336,9.44114746321771,4,17;42;271;314
faster_rcnn,31.74,5,0.9,0.07506401812228647,13.818133333333336,9.44114746321771,4,17;42;271;314
faster_rcnn,31.764,5,0.9,0.07506401812228647,13.818133333333336,9.44114746321771,4,17;42;271;314
faster_rcnn,31.809333333333335,5,0.9,0.07506401812228647,13.818133333333336,9.44114746321771,4,17;42;271;314
faster_rcnn,31.836,5,0.9,0.07506401812228647,13.818133333333336,9.44114746321771,4,17;42;271;314
faster_rcnn,31.872,5,0.9,0.07506401812228647,13.818133333333336,9.44114746321771,4,17;42;271;314
faster_rcnn,31.898666666666667,5,0.9,0.07506401812228647,13.818133333333336,9.44114746321771,4,17;42;271;314
faster_rcnn,31.928,5,0.9,0.07506401812228647,13.818133333333336,9.44114746321771,4,17;42;271;314
faster_rcnn,31.962666666666667,5,0.9,0.07506401812228647,13.818133333333336,9.44114746321771,4,17;42;271;314
faster_rcnn,31.984,5,0.9,0.07506401812228647,13.818133333333336,9.44114746321771,4,17;42;271;314
faster_rcnn,32.022666666666666,5,0.9,0.07506401812228647,13.818133333333336,9.44114746321771,4,17;42;271;314
faster_rcnn,32.05733333333333,5,0.9,0.07506401812228647,13.818133333333336,9.44114746321771,4,17;42;271;314
faster_rcnn,32.090666666666664,5,0.9,0.07506401812228647,13.818133333333336,9.44114746321771,4,17;42;271;314
faster_rcnn,32.12266666666667,5,0.9,0.07506401812228647,13.818133333333336,9.44114746321771,4,17;42;271;314
faster_rcnn,32.150666666666666,5,0.9,0.07506401812228647,13.818133333333336,9.44114746321771,4,17;42;271;314
faster_rcnn,32.17733333333333,5,0.9,0.07506401812228647,13.818133333333336,9.44114746321771,4,17;42;271;314
faster_rcnn,32.22666666666667,5,0.9,0.07506401812228647,13.818133333333336,9.44114746321771,4,17;42;271;314
faster_rcnn,32.26133333333333,5,0.9,0.07506401812228647,13.818133333333336,9.44114746321771,4,17;42;271;314
faster_rcnn,32.306666666666665,5,0.9,0.07506401812228647,13.818133333333336,9.44114746321771,4,17;42;271;314
faster_rcnn,32.336,5,0.9,0.07506401812228647,13.818133333333336,9.44114746321771,4,17;42;271;314
faster_rcnn,32.370666666666665,5,0.9,0.07506401812228647,13.818133333333336,9.44114746321771,4,17;42;271;314
faster_rcnn,32.408,5,0.9,0.07506401812228647,13.818133333333336,9.44114746321771,4,17;42;271;314
faster_rcnn,32.44266666666667,5,0.9,0.07506401812228647,13.818133333333336,9.44114746321771,4,17;42;271;314
faster_rcnn,32.486666666666665,5,0.9,0.07506401812228647,13.818133333333336,9.44114746321771,4,17;42;271;314
faster_rcnn,32.52133333333333,5,0.9,0.07506401812228647,13.818133333333336,9.44114746321771,4,17;42;271;314
faster_rcnn,32.562666666666665,5,0.9,0.07506401812228647,13.818133333333336,9.44114746321771,4,17;42;271;314
faster_rcnn,32.59733333333333,5,0.9,0.07506401812228647,13.818133333333336,9.44114746321771,4,17;42;271;314
faster_rcnn,32.63066666666667,5,0.9,0.07506401812228647,13.818133333333336,9.44114746321771,4,17;42;271;314
faster_rcnn,32.666666666666664,5,0.9,0.07506401812228647,13.818133333333336,9.44114746321771,4,17;42;271;314
faster_rcnn,32.69866666666667,5,0.9,0.07506401812228647,13.818133333333336,9.44114746321771,4,17;42;271;314
faster_rcnn,32.732,5,0.9,0.07506401812228647,13.818133333333336,9.44114746321771,4,17;42;271;314
faster_rcnn,32.76533333333333,5,0.9,0.07506401812228647,13.818133333333336,9.44114746321771,4,17;42;271;314
faster_rcnn,32.80533333333333,5,0.9,0.07506401812228647,13.818133333333336,9.44114746321771,4,17;42;271;314
faster_rcnn,32.82666666666667,5,0.9,0.07506401812228647,13.818133333333336,9.44114746321771,4,17;42;271;314
faster_rcnn,32.858666666666664,5,0.9,0.07506401812228647,13.818133333333336,9.44114746321771,4,17;42;271;314
faster_rcnn,32.9,5,0.9,0.07506401812228647,13.818133333333336,9.44114746321771,4,17;42;271;314
faster_rcnn,32.932,5,0.9,0.07506401812228647,13.818133333333336,9.44114746321771,4,17;42;271;314
faster_rcnn,32.961333333333336,5,0.9,0.07506401812228647,13.818133333333336,9.44114746321771,4,17;42;271;314
faster_rcnn,33.0,5,0.9,0.07506401812228647,13.818133333333336,9.44114746321771,4,17;42;271;314
faster_rcnn,33.028,5,0.9,0.07506401812228647,13.818133333333336,9.44114746321771,4,17;42;271;314
yolo11s,0.0,5,0.008955223880597014,0.006778321688277966,0.0,0.0,0,
yolo11s,0.0013333333333333333,5,0.012686567164179102,0.007273727122991763,0.0008,0.0007302967433402214,0,
yolo11s,0.0026666666666666666,5,0.013432835820895519,0.006778321688277966,0.0010666666666666667,0.0011155467020454342,0,
yolo11s,0.004,5,0.01417910447761194,0.005534476482907211,0.0018666666666666669,0.001520233900132184,0,
yolo11s,0.005333333333333333,5,0.01791044776119403,0.006131222658639919,0.004,0.0018856180831641268,0,
yolo11s,0.006666666666666667,5,0.020895522388059702,0.008174963544853227,0.005333333333333334,0.002309401076758503,0,
yolo11s,0.008,5,0.023880597014925373,0.006778321688277966,0.0061333333333333335,0.002764858847110363,0,
yolo11s,0.009333333333333334,5,0.026865671641791045,0.007177382112563934,0.0072,0.003476907949441413,0,
yolo11s,0.010666666666666666,5,0.0291044776119403,0.00613122265863992,0.009333333333333332,0.0016329931618554517,0,
yolo11s,0.012,5,0.030597014925373135,0.006674829783581462,0.010933333333333333,0.001115546702045434,0,
yolo11s,0.013333333333333334,5,0.03283582089552239,0.004087481772426613,0.012000000000000002,0.0016329931618554521,0,
yolo11s,0.014666666666666666,5,0.03880597014925373,0.007273727122991764,0.013600000000000001,0.0023851391759997756,0,
yolo11s,0.016,5,0.039552238805970155,0.006778321688277967,0.014933333333333335,0.0005962847939999442,0,
yolo11s,0.017333333333333333,5,0.041044776119402986,0.008343537229476828,0.015999999999999997,0.001333333333333333,0,
yolo11s,0.018666666666666668,5,0.041791044776119404,0.008508771829098044,0.0168,0.0015202339001321842,0,
yolo11s,0.02,5,0.043283582089552235,0.00859019733822488,0.017866666666666663,0.0022310934040908684,0,
yolo11s,0.021333333333333333,5,0.04626865671641791,0.011975228758120309,0.018933333333333333,0.002890597785157173,0,
yolo11s,0.02266666666666667,5,0.05074626865671641,0.01435476422512787,0.021066666666666668,0.0035777087639996645,0,
yolo11s,0.024,5,0.05671641791044776,0.013556643376555932,0.023733333333333335,0.0005962847939999434,0,
yolo11s,0.025333333333333333,5,0.0582089552238806,0.01360789740956005,0.024533333333333334,0.0007302967433402208,0,
yolo11s,0.02666666666666667,5,0.05895522388059702,0.012205542711788153,0.025066666666666664,0.0011155467020454344,0,
yolo11s,0.028,5,0.06119402985074627,0.014595229265379064,0.0264,0.0017384539747207065,0,
yolo11s,0.029333333333333333,5,0.06119402985074627,0.014595229265379064,0.0264,0.0017384539747207065,0,
yolo11s,0.030666666666666665,5,0.06417910447761195,0.012205542711788154,0.0288,0.0029211869733608846,0,
yolo11s,0.032,5,0.06567164179104476,0.013086326803544912,0.029066666666666668,0.0031832897030168853,0,
yolo11s,0.03333333333333333,5,0.0664179104477612,0.014306186203493143,0.030133333333333335,0.0036024682896283453,0,
yolo11s,0.034666666666666665,5,0.07089552238805971,0.011500772393598832,0.03333333333333334,0.0018856180831641263,0,
yolo11s,0.036,5,0.07164179104477612,0.011005881495337776,0.0344,0.0014605934866804417,0,
yolo11s,0.037333333333333336,5,0.07388059701492537,0.011317724543360524,0.036,0.002309401076758504,0,
yolo11s,0.03866666666666667,5,0.07537313432835821,0.010684941091997281,0.03626666666666667,0.0025647178748895135,0,
yolo11s,0.04,5,0.07537313432835821,0.010684941091997281,0.03626666666666667,0.0025647178748895135,0,
yolo11s,0.04133333333333333,5,0.07686567164179106,0.01074989573946861,0.03866666666666667,0.002494438257849294,0,
yolo11s,0.042666666666666665,5,0.07835820895522388,0.010218704431066535,0.039999999999999994,0.0031269438398822858,0,
yolo11s,0.044,5,0.08358208955223881,0.006243731541299071,0.042133333333333335,0.0029211869733608833,0,
yolo11s,0.04533333333333334,5,0.09104477611940298,0.006778321688277966,0.045066666666666665,0.0005962847939999465,0,
yolo11s,0.04666666666666667,5,0.09328358208955223,0.005899771754045486,0.04586666666666667,0.0007302967433402208,0,
yolo11s,0.048,5,0.09776119402985076,0.003121865770649533,0.04746666666666667,0.0011925695879998867,0,
yolo11s,0.04933333333333333,5,0.1,0.0055344764829072055,0.048,0.0016329931618554506,0,
yolo11s,0.050666666666666665,5,0.1007462686567164,0.005899771754045479,0.048266666666666666,0.001977652929892175,0,
yolo11s,0.052,5,0.10223880597014925,0.005658862271680256,0.049333333333333326,0.0028284271247461874,0,
yolo11s,0.05333333333333334,5,0.10522388059701493,0.007177382112563933,0.0528,0.0007302967433402247,0,
yolo11s,0.05466666666666667,5,0.10671641791044775,0.007737478116913329,0.053066666666666665,0.0011155467020454366,0,
yolo11s,0.056,5,0.10746268656716418,0.00890845998978606,0.053599999999999995,0.001738453974720708,0,
yolo11s,0.05733333333333333,5,0.10895522388059702,0.007177382112563935,0.055466666666666664,0.002231093404090869,0,
yolo11s,0.058666666666666666,5,0.10970149253731343,0.006243731541299072,0.055733333333333336,0.002564717874889513,0,
yolo11s,0.06,5,0.11119402985074626,0.005534476482907212,0.057866666666666663,0.0024221202832779916,0,
yolo11s,0.06133333333333333,5,0.1126865671641791,0.004087481772426614,0.058666666666666666,0.0031269438398822836,0,
yolo11s,0.06266666666666666,5,0.11492537313432835,0.006131222658639917,0.06053333333333333,0.003346640106136299,0,
yolo11s,0.064,5,0.11641791044776117,0.0048650764217930175,0.0616,0.003932768321000699,0,
yolo11s,0.06533333333333333,5,0.1171641791044776,0.004254385914549019,0.06186666666666667,0.004173993557999605,0,
yolo11s,0.06666666666666667,5,0.12014925373134329,0.006131222658639918,0.06293333333333333,0.004935134806219131,0,
yolo11s,0.068,5,0.12238805970149254,0.00890845998978606,0.064,0.00541602560309064,0,
yolo11s,0.06933333333333333,5,0.12313432835820896,0.008343537229476826,0.06506666666666668,0.005917957605645905,0,
yolo11s,0.07066666666666667,5,0.12537313432835823,0.008590197338224878,0.06613333333333334,0.006639946452260658,0,
yolo11s,0.072,5,0.1291044776119403,0.005658862271680263,0.07013333333333334,0.00259914515861572,0,
yolo11s,0.07333333333333333,5,0.13358208955223883,0.004087481772426614,0.07226666666666667,0.0023851391759997734,0,
yolo11s,0.07466666666666667,5,0.13507462686567165,0.005534476482907208,0.07253333333333334,0.002599145158615723,0,
yolo11s,0.076,5,0.1373134328358209,0.006674829783581456,0.07360000000000001,0.003319973226130326,0,
yolo11s,0.07733333333333334,5,0.13955223880597017,0.00859019733822488,0.07466666666666669,0.004109609335312651,0,
yolo11s,0.07866666666666666,5,0.14328358208955222,0.010081534392616638,0.07653333333333333,0.004770278351999548,0,
yolo11s,0.08,5,0.14402985074626865,0.010749895739468609,0.07680000000000001,0.00495311349893512,0,
yolo11s,0.08133333333333333,5,0.14402985074626865,0.010749895739468609,0.07680000000000001,0.00495311349893512,0,
yolo11s,0.08266666666666667,5,0.14626865671641792,0.010354057407098221,0.08053333333333333,0.002022100118413748,0,
yolo11s,0.084,5,0.14850746268656717,0.010354057407098213,0.08293333333333333,0.001738453974720708,0,
yolo11s,0.08533333333333333,5,0.15074626865671642,0.010421074659529055,0.08426666666666667,0.0011155467020454322,0,
yolo11s,0.08666666666666667,5,0.15074626865671642,0.010421074659529055,0.08426666666666667,0.0011155467020454322,0,
yolo11s,0.088,5,0.15074626865671642,0.010421074659529055,0.08426666666666667,0.0011155467020454322,0,
yolo11s,0.08933333333333333,5,0.15298507462686567,0.011500772393598833,0.08746666666666666,0.0025991451586157227,0,
yolo11s,0.09066666666666667,5,0.15522388059701492,0.014354764225127867,0.088,0.003126943839882288,0,
yolo11s,0.092,5,0.15671641791044777,0.014451430396296329,0.08959999999999999,0.0025647178748895148,0,
yolo11s,0.09333333333333334,5,0.15671641791044777,0.014451430396296329,0.08959999999999999,0.0025647178748895148,0,
yolo11s,0.09466666666666666,5,0.1582089552238806,0.01617871894677522,0.0904,0.003451247761478609,0,
yolo11s,0.096,5,0.158955223880597,0.015064648685213696,0.09253333333333333,0.0027648588471103613,0,
yolo11s,0.09733333333333333,5,0.16044776119402987,0.01626454829679356,0.09413333333333332,0.0038412960775701115,0,
yolo11s,0.09866666666666667,5,0.16044776119402987,0.01626454829679356,0.09413333333333332,0.0038412960775701115,0,
yolo11s,0.1,5,0.1611940298507463,0.01524837070276309,0.09493333333333333,0.004657133119086126,0,
yolo11s,0.10133333333333333,5,0.1619402985074627,0.016392449728722978,0.09573333333333332,0.0054487511311206785,0,
yolo11s,0.10266666666666667,5,0.16343283582089554,0.018165166335280727,0.09840000000000002,0.005529717694220728,0,
yolo11s,0.104,5,0.16417910447761194,0.018279774199874466,0.09973333333333334,0.005992588014465129,0,
yolo11s,0.10533333333333333,5,0.16417910447761194,0.018279774199874466,0.09973333333333334,0.005992588014465129,0,
yolo11s,0.10666666666666667,5,0.1664179104477612,0.01913564388799714,0.1048,0.002921186973360887,0,
yolo11s,0.108,5,0.16865671641791047,0.019099229689656307,0.10613333333333333,0.00347690794944141,0,
yolo11s,0.10933333333333334,5,0.16940298507462687,0.01801122147186145,0.10800000000000001,0.0009428090415820625,0,
yolo11s,0.11066666666666666,5,0.1701492537313433,0.0172208668047975,0.10853333333333334,0.0015202339001321814,0,
yolo11s,0.112,5,0.1701492537313433,0.0172208668047975,0.10853333333333334,0.0015202339001321814,0,
yolo11s,0.11333333333333333,5,0.1701492537313433,0.0172208668047975,0.10853333333333334,0.0015202339001321814,0,
yolo11s,0.11466666666666667,5,0.1701492537313433,0.0172208668047975,0.10853333333333334,0.0015202339001321814,0,
yolo11s,0.116,5,0.17238805970149254,0.01835578190484902,0.11173333333333335,0.004152643067305984,0,
yolo11s,0.11733333333333333,5,0.17313432835820897,0.018768322895461632,0.11200000000000002,0.00452155332208351,0,
yolo11s,0.11866666666666667,5,0.17313432835820897,0.018768322895461632,0.11200000000000002,0.00452155332208351,0,
yolo11s,0.12,5,0.1746268656716418,0.019989694382058023,0.11253333333333333,0.005383101130183024,0,
yolo11s,0.12133333333333333,5,0.17686567164179104,0.016811761680699713,0.11493333333333333,0.006211101172721127,0,
yolo11s,0.12266666666666666,5,0.1783582089552239,0.018544438268342053,0.11813333333333334,0.004862555341016124,0,
yolo11s,0.124,5,0.1798507462686567,0.018165166335280727,0.12160000000000001,0.0033199732261303253,0,
yolo11s,0.125,5,0.1798507462686567,0.018165166335280727,0.12160000000000001,0.0033199732261303253,0,
yolo11s,0.12533333333333332,5,0.18134328358208956,0.017620476049429245,0.12373333333333333,0.0017384539747207026,0,
yolo11s,0.12666666666666668,5,0.18208955223880596,0.018544438268342057,0.12453333333333334,0.0020221001184137478,0,
yolo11s,0.128,5,0.18507462686567167,0.016178718946775226,0.12693333333333334,0.0017384539747207074,0,
yolo11s,0.12933333333333333,5,0.18582089552238806,0.016770302279286737,0.1272,0.0020221001184137456,0,
yolo11s,0.13066666666666665,5,0.18880597014925374,0.016603429448721632,0.12906666666666666,0.001738453974720696,0,
yolo11s,0.132,5,0.19029850746268656,0.01789489374370418,0.12960000000000002,0.002190890230020659,0,
yolo11s,0.13333333333333333,5,0.1940298507462687,0.016477165795387775,0.13146666666666668,0.002921186973360881,0,
yolo11s,0.13466666666666666,5,0.19850746268656713,0.016135633067492272,0.13306666666666667,0.003577708763999654,0,
yolo11s,0.136,5,0.19850746268656713,0.016135633067492272,0.13306666666666667,0.003577708763999654,0,
yolo11s,0.13733333333333334,5,0.20149253731343286,0.017501551342624735,0.13679999999999998,0.001192569587999893,0,
yolo11s,0.13866666666666666,5,0.20298507462686569,0.01913564388799714,0.13733333333333336,0.0016329931618554536,0,
yolo11s,0.14,5,0.2044776119402985,0.02033496506483389,0.13813333333333336,0.002231093404090877,0,
yolo11s,0.14133333333333334,5,0.20522388059701493,0.01991992211199871,0.13893333333333335,0.002564717874889521,0,
yolo11s,0.14266666666666666,5,0.20522388059701493,0.01991992211199871,0.13893333333333335,0.002564717874889521,0,
yolo11s,0.144,5,0.20522388059701493,0.01991992211199871,0.13893333333333335,0.002564717874889521,0,
yolo11s,0.14533333333333334,5,0.20522388059701493,0.01991992211199871,0.13893333333333335,0.002564717874889521,0,
yolo11s,0.14666666666666667,5,0.20522388059701493,0.01991992211199871,0.13893333333333335,0.002564717874889521,0,
yolo11s,0.148,5,0.20671641791044776,0.019849904594433407,0.14186666666666667,0.00593295878967653,0,
yolo11s,0.14933333333333335,5,0.20671641791044776,0.019849904594433407,0.14186666666666667,0.00593295878967653,0,
yolo11s,0.15066666666666667,5,0.2082089552238806,0.020163068785233274,0.14479999999999998,0.007155417527999329,0,
yolo11s,0.152,5,0.2082089552238806,0.020163068785233274,0.14479999999999998,0.007155417527999329,0,
yolo11s,0.15333333333333332,5,0.2104477611940298,0.021206376475198237,0.14906666666666668,0.008132240363721016,0,
yolo11s,0.15466666666666667,5,0.21119402985074626,0.01967377063651354,0.15306666666666668,0.0014605934866804417,0,
yolo11s,0.156,5,0.21194029850746268,0.018165166335280723,0.15333333333333332,0.001885618083164125,0,
yolo11s,0.15733333333333333,5,0.2126865671641791,0.01865671641791045,0.15466666666666667,0.00188561808316413,0,
yolo11s,0.15866666666666668,5,0.2126865671641791,0.01865671641791045,0.15466666666666667,0.00188561808316413,0,
yolo11s,0.16,5,0.2134328358208955,0.019280612959348974,0.1552,0.002921186973360893,0,
yolo11s,0.16133333333333333,5,0.2164179104477612,0.016894375257719065,0.15813333333333332,0.004381780460041332,0,
yolo11s,0.16266666666666665,5,0.217910447761194,0.017620476049429252,0.15866666666666665,0.004898979485566357,0,
yolo11s,0.164,5,0.217910447761194,0.017620476049429252,0.15866666666666665,0.004898979485566357,0,
yolo11s,0.16533333333333333,5,0.22089552238805968,0.01718039467644976,0.16053333333333333,0.006572670690062,0,
yolo11s,0.16666666666666666,5,0.22089552238805968,0.01718039467644976,0.16053333333333333,0.006572670690062,0,
yolo11s,0.168,5,0.22089552238805968,0.01718039467644976,0.16053333333333333,0.006572670690062,0,
yolo11s,0.16933333333333334,5,0.2216417910447761,0.015742554559499248,0.16133333333333333,0.00748331477354789,0,
yolo11s,0.17066666666666666,5,0.22238805970149253,0.016392449728722988,0.1648,0.006837803415977649,0,
yolo11s,0.172,5,0.22238805970149253,0.016392449728722988,0.1648,0.006837803415977649,0,
yolo11s,0.17333333333333334,5,0.2238805970149254,0.01604911430418401,0.1672,0.008411632157646676,0,
yolo11s,0.17466666666666666,5,0.22462686567164178,0.015698271617882564,0.17146666666666666,0.0037237973450050528,0,
yolo11s,0.176,5,0.2253731343283582,0.01435476422512787,0.172,0.004216370213557838,0,
yolo11s,0.17733333333333334,5,0.22686567164179103,0.014547454245983528,0.17439999999999997,0.002564717874889515,0,
yolo11s,0.17866666666666667,5,0.22761194029850745,0.014208531913925201,0.17519999999999997,0.0032110918876779478,0,
yolo11s,0.18,5,0.2283582089552239,0.014784785638924585,0.17706666666666665,0.00256471787488951,0,
yolo11s,0.18133333333333335,5,0.22910447761194028,0.01459522926537906,0.17759999999999998,0.0031832897030168875,0,
yolo11s,0.18266666666666667,5,0.22910447761194028,0.01459522926537906,0.17759999999999998,0.0031832897030168875,0,
yolo11s,0.184,5,0.22910447761194028,0.01459522926537906,0.17759999999999998,0.0031832897030168875,0,
yolo11s,0.18533333333333332,5,0.22910447761194028,0.01459522926537906,0.17759999999999998,0.0031832897030168875,0,
yolo11s,0.18666666666666668,5,0.22910447761194028,0.01459522926537906,0.17759999999999998,0.0031832897030168875,0,
yolo11s,0.188,5,0.22910447761194028,0.01459522926537906,0.17759999999999998,0.0031832897030168875,0,
yolo11s,0.18933333333333333,5,0.23208955223880595,0.018165166335280727,0.17946666666666666,0.006225396015961998,0,
yolo11s,0.19066666666666668,5,0.23208955223880595,0.018165166335280727,0.17946666666666666,0.006225396015961998,0,
yolo11s,0.192,5,0.23208955223880595,0.018165166335280727,0.17946666666666666,0.006225396015961998,0,
yolo11s,0.19333333333333333,5,0.2328358208955224,0.018203449130821597,0.18266666666666667,0.008537498983243796,0,
yolo11s,0.19466666666666665,5,0.23358208955223883,0.01801122147186145,0.18533333333333335,0.009977753031397174,0,
yolo11s,0.196,5,0.2343283582089552,0.018165166335280723,0.18586666666666668,0.010566193469951439,0,
yolo11s,0.19733333333333333,5,0.2343283582089552,0.018165166335280723,0.18586666666666668,0.010566193469951439,0,
yolo11s,0.19866666666666666,5,0.23656716417910445,0.019496045488974822,0.18639999999999998,0.011250678991855455,0,
yolo11s,0.2,5,0.23805970149253733,0.02133728127685939,0.1885333333333333,0.012844367550711782,0,
yolo11s,0.20133333333333334,5,0.2388059701492537,0.02238805970149253,0.1888,0.013152101648701538,0,
yolo11s,0.20266666666666666,5,0.2388059701492537,0.02238805970149253,0.1888,0.013152101648701538,0,
yolo11s,0.204,5,0.24029850746268658,0.022325784032315797,0.1968,0.011835915211291811,0,
yolo11s,0.20533333333333334,5,0.241044776119403,0.023391683609936532,0.1976,0.012343239265101993,0,
yolo11s,0.20666666666666667,5,0.241044776119403,0.023391683609936532,0.1976,0.012343239265101993,0,
yolo11s,0.208,5,0.2417910447761194,0.024524890634559673,0.19813333333333333,0.012809718532773812,0,
yolo11s,0.20933333333333334,5,0.24402985074626865,0.02324240522745887,0.20800000000000002,0.002309401076758513,0,
yolo11s,0.21066666666666667,5,0.24402985074626865,0.02324240522745887,0.20800000000000002,0.002309401076758513,0,
yolo11s,0.212,5,0.2462686567164179,0.025444368837660176,0.20933333333333332,0.0032659863237109073,0,
yolo11s,0.21333333333333335,5,0.2462686567164179,0.025444368837660176,0.20933333333333332,0.0032659863237109073,0,
yolo11s,0.21466666666666667,5,0.24701492537313433,0.025362157414875266,0.2098666666666667,0.003955305859784358,0,
yolo11s,0.216,5,0.24776119402985075,0.025389590800304472,0.2122666666666667,0.0030404678002643637,0,
yolo11s,0.21733333333333332,5,0.25,0.02516928649856724,0.21546666666666664,0.003476907949441404,0,
yolo11s,0.21866666666666668,5,0.25,0.02516928649856724,0.21546666666666664,0.003476907949441404,0,
yolo11s,0.22,5,0.25149253731343285,0.02659482041970964,0.21813333333333335,0.0017888543819998353,0,
yolo11s,0.22133333333333333,5,0.2529850746268657,0.026829370167533652,0.2192,0.0024221202832779933,0,
yolo11s,0.22266666666666668,5,0.25373134328358204,0.026907099070626782,0.21946666666666664,0.002764858847110368,0,
yolo11s,0.224,5,0.25522388059701495,0.02736883704610783,0.22026666666666667,0.0036998498468031006,0,
yolo11s,0.22533333333333333,5,0.25597014925373135,0.02724136156484176,0.22213333333333335,0.003346640106136306,0,
yolo11s,0.22666666666666666,5,0.2567164179104478,0.0272157948191201,0.2224,0.0036998498468030967,0,
yolo11s,0.228,5,0.2567164179104478,0.0272157948191201,0.2224,0.0036998498468030967,0,
yolo11s,0.22933333333333333,5,0.2574626865671642,0.027546311679539925,0.22346666666666665,0.004862555341016127,0,
yolo11s,0.23066666666666666,5,0.2574626865671642,0.027546311679539925,0.22346666666666665,0.004862555341016127,0,
yolo11s,0.232,5,0.2582089552238806,0.027596809085224765,0.22453333333333333,0.006153589738247647,0,
yolo11s,0.23333333333333334,5,0.25895522388059705,0.02774774991429583,0.22480000000000003,0.006572670690061997,0,
yolo11s,0.23466666666666666,5,0.25970149253731345,0.02812155773345787,0.22586666666666666,0.007808826914318041,0,
yolo11s,0.236,5,0.25970149253731345,0.02812155773345787,0.22586666666666666,0.007808826914318041,0,
yolo11s,0.23733333333333334,5,0.2619402985074627,0.029780701401843152,0.22640000000000002,0.008610071621846908,0,
yolo11s,0.23866666666666667,5,0.2619402985074627,0.029780701401843152,0.22640000000000002,0.008610071621846908,0,
yolo11s,0.24,5,0.2619402985074627,0.029780701401843152,0.22640000000000002,0.008610071621846908,0,
yolo11s,0.24133333333333334,5,0.2626865671641791,0.028245060996679946,0.23120000000000002,0.008974036624247384,0,
yolo11s,0.24266666666666667,5,0.26343283582089555,0.02909490849196706,0.23573333333333335,0.007507033738804933,0,
yolo11s,0.244,5,0.26417910447761195,0.029070971911615607,0.23973333333333335,0.004361447262345631,0,
yolo11s,0.24533333333333332,5,0.26492537313432835,0.029733913153935133,0.24133333333333334,0.004714045207910312,0,
yolo11s,0.24666666666666667,5,0.26492537313432835,0.029733913153935133,0.24133333333333334,0.004714045207910312,0,
yolo11s,0.248,5,0.26492537313432835,0.029733913153935133,0.24133333333333334,0.004714045207910312,0,
yolo11s,0.24933333333333332,5,0.2664179104477612,0.030610663137304015,0.24586666666666668,0.0034769079494414053,0,
yolo11s,0.25,5,0.2664179104477612,0.030610663137304015,0.24586666666666668,0.0034769079494414053,0,
yolo11s,0.25066666666666665,5,0.2664179104477612,0.030610663137304015,0.24586666666666668,0.0034769079494414053,0,
yolo11s,0.252,5,0.2686567164179105,0.031329954521915435,0.2488,0.0043817804600413245,0,
yolo11s,0.25333333333333335,5,0.26940298507462684,0.03214157532441497,0.24960000000000004,0.004844240566555987,0,
yolo11s,0.25466666666666665,5,0.2708955223880597,0.02909490849196705,0.2522666666666667,0.0019776529298921788,0,
yolo11s,0.256,5,0.2708955223880597,0.02909490849196705,0.2522666666666667,0.0019776529298921788,0,
yolo11s,0.25733333333333336,5,0.27238805970149255,0.02914272267129348,0.2538666666666667,0.0022310934040908744,0,
yolo11s,0.25866666666666666,5,0.27238805970149255,0.02914272267129348,0.2538666666666667,0.0022310934040908744,0,
yolo11s,0.26,5,0.27313432835820894,0.027596809085224768,0.25493333333333335,0.0035777087639996675,0,
yolo11s,0.2613333333333333,5,0.27313432835820894,0.027596809085224768,0.25493333333333335,0.0035777087639996675,0,
yolo11s,0.26266666666666666,5,0.27388059701492534,0.028245060996679946,0.25706666666666667,0.004462186808181731,0,
yolo11s,0.264,5,0.2746268656716418,0.029094908491967057,0.2592,0.00477027835199955,0,
yolo11s,0.2653333333333333,5,0.2746268656716418,0.029094908491967057,0.2592,0.00477027835199955,0,
yolo11s,0.26666666666666666,5,0.2761194029850746,0.02914272267129349,0.26213333333333333,0.0036024682896283362,0,
yolo11s,0.268,5,0.2791044776119403,0.030473905953873753,0.2634666666666667,0.0047702783519995495,0,
yolo11s,0.2693333333333333,5,0.282089552238806,0.030152393807219284,0.26799999999999996,0.0023094010767584893,0,
yolo11s,0.27066666666666667,5,0.28283582089552234,0.028588031805041714,0.2682666666666667,0.0025647178748895026,0,
yolo11s,0.272,5,0.2843283582089552,0.030244603177849914,0.2688,0.0030695638488590217,0,
yolo11s,0.2733333333333333,5,0.2873134328358209,0.027036150645875816,0.27013333333333334,0.0040661201818604975,0,
yolo11s,0.27466666666666667,5,0.28955223880597014,0.024124223694394948,0.2717333333333333,0.004462186808181731,0,
yolo11s,0.276,5,0.291044776119403,0.022542996219392857,0.27253333333333335,0.005042045440317079,0,
yolo11s,0.2773333333333333,5,0.2917910447761194,0.021008489940685438,0.27280000000000004,0.005299895177160473,0,
yolo11s,0.2786666666666667,5,0.2917910447761194,0.021008489940685438,0.27280000000000004,0.005299895177160473,0,
yolo11s,0.28,5,0.2917910447761194,0.021008489940685438,0.27280000000000004,0.005299895177160473,0,
yolo11s,0.2813333333333333,5,0.2917910447761194,0.021008489940685438,0.27280000000000004,0.005299895177160473,0,
yolo11s,0.2826666666666667,5,0.2917910447761194,0.021008489940685438,0.27280000000000004,0.005299895177160473,0,
yolo11s,0.284,5,0.2940298507462687,0.02229458096461142,0.2786666666666667,0.00524933858267452,0,
yolo11s,0.2853333333333333,5,0.2955223880597015,0.02229458096461142,0.28053333333333336,0.005703799902988635,0,
yolo11s,0.2866666666666667,5,0.2962686567164179,0.020708114814196443,0.2824,0.005917957605645895,0,
yolo11s,0.288,5,0.29701492537313434,0.021369882183994573,0.2832,0.006436009805945145,0,
yolo11s,0.28933333333333333,5,0.29776119402985074,0.02213790593162886,0.2866666666666666,0.0021081851067789245,0,
yolo11s,0.2906666666666667,5,0.29776119402985074,0.02213790593162886,0.2866666666666666,0.0021081851067789245,0,
yolo11s,0.292,5,0.29776119402985074,0.02213790593162886,0.2866666666666666,0.0021081851067789245,0,
yolo11s,0.29333333333333333,5,0.29776119402985074,0.02213790593162886,0.2866666666666666,0.0021081851067789245,0,
yolo11s,0.2946666666666667,5,0.29776119402985074,0.02213790593162886,0.2866666666666666,0.0021081851067789245,0,
yolo11s,0.296,5,0.29776119402985074,0.02213790593162886,0.2866666666666666,0.0021081851067789245,0,
yolo11s,0.29733333333333334,5,0.29850746268656714,0.02300154478719768,0.2882666666666666,0.005283096734975727,0,
yolo11s,0.2986666666666667,5,0.29850746268656714,0.02300154478719768,0.2882666666666666,0.005283096734975727,0,
yolo11s,0.3,5,0.2992537313432836,0.023658011170369204,0.29066666666666663,0.0074236858171066985,0,
yolo11s,0.30133333333333334,5,0.2992537313432836,0.023658011170369204,0.29066666666666663,0.0074236858171066985,0,
yolo11s,0.30266666666666664,5,0.2992537313432836,0.023658011170369204,0.29066666666666663,0.0074236858171066985,0,
yolo11s,0.304,5,0.3022388059701493,0.020607016823110565,0.30186666666666667,0.0030695638488590195,0,
yolo11s,0.30533333333333335,5,0.3037313432835821,0.01762047604942924,0.3021333333333333,0.003346640106136303,0,
yolo11s,0.30666666666666664,5,0.3037313432835821,0.01762047604942924,0.3021333333333333,0.003346640106136303,0,
yolo11s,0.308,5,0.3044776119402985,0.018393667975919743,0.3037333333333333,0.003932768321000698,0,
yolo11s,0.30933333333333335,5,0.30522388059701494,0.01697658681504079,0.3045333333333333,0.00467618077780005,0,
yolo11s,0.31066666666666665,5,0.30522388059701494,0.01697658681504079,0.3045333333333333,0.00467618077780005,0,
yolo11s,0.312,5,0.30522388059701494,0.01697658681504079,0.3045333333333333,0.00467618077780005,0,
yolo11s,0.31333333333333335,5,0.30671641791044774,0.016561448523262797,0.3064,0.006889605697474043,0,
yolo11s,0.31466666666666665,5,0.30671641791044774,0.016561448523262797,0.3064,0.006889605697474043,0,
yolo11s,0.316,5,0.3082089552238806,0.018393667975919764,0.3101333333333333,0.00570379990298866,0,
yolo11s,0.31733333333333336,5,0.308955223880597,0.019280612959348985,0.31093333333333334,0.006491019437140325,0,
yolo11s,0.31866666666666665,5,0.308955223880597,0.019280612959348985,0.31093333333333334,0.006491019437140325,0,
yolo11s,0.32,5,0.308955223880597,0.019280612959348985,0.31093333333333334,0.006491019437140325,0,
yolo11s,0.32133333333333336,5,0.30970149253731344,0.018088357676926608,0.31253333333333333,0.00803326417674245,0,
yolo11s,0.32266666666666666,5,0.3111940298507463,0.020197565078693087,0.3138666666666667,0.009218339209303265,0,
yolo11s,0.324,5,0.3111940298507463,0.020197565078693087,0.3138666666666667,0.009218339209303265,0,
yolo11s,0.3253333333333333,5,0.3126865671641791,0.022604673478896956,0.31439999999999996,0.009906226997870249,0,
yolo11s,0.32666666666666666,5,0.3126865671641791,0.022604673478896956,0.31439999999999996,0.009906226997870249,0,
yolo11s,0.328,5,0.3126865671641791,0.022604673478896956,0.31439999999999996,0.009906226997870249,0,
yolo11s,0.3293333333333333,5,0.3126865671641791,0.022604673478896956,0.31439999999999996,0.009906226997870249,0,
yolo11s,0.33066666666666666,5,0.31567164179104473,0.01984990459443341,0.3216,0.011250678991855457,0,
yolo11s,0.332,5,0.31567164179104473,0.01984990459443341,0.3216,0.011250678991855457,0,
yolo11s,0.3333333333333333,5,0.3164179104477612,0.019638354279016067,0.32213333333333327,0.011835915211291804,0,
yolo11s,0.33466666666666667,5,0.31791044776119404,0.018916107247218764,0.32853333333333334,0.007339391437078866,0,
yolo11s,0.336,5,0.31940298507462683,0.019135643887997152,0.3317333333333333,0.00807740332312584,0,
yolo11s,0.3373333333333333,5,0.3201492537313433,0.018544438268342064,0.3322666666666667,0.008401058134412453,0,
yolo11s,0.33866666666666667,5,0.3201492537313433,0.018544438268342064,0.3322666666666667,0.008401058134412453,0,
yolo11s,0.34,5,0.3201492537313433,0.018544438268342064,0.3322666666666667,0.008401058134412453,0,
yolo11s,0.3413333333333333,5,0.32089552238805974,0.018088357676926608,0.33306666666666673,0.009160300819902748,0,
yolo11s,0.3426666666666667,5,0.32164179104477614,0.017777804850106865,0.33333333333333337,0.009475113602367925,0,
yolo11s,0.344,5,0.32164179104477614,0.017777804850106865,0.33333333333333337,0.009475113602367925,0,
yolo11s,0.3453333333333333,5,0.32238805970149254,0.019135643887997152,0.33520000000000005,0.010938210294396622,0,
yolo11s,0.3466666666666667,5,0.323134328358209,0.018011221471861454,0.3373333333333334,0.01211060141638996,0,
yolo11s,0.348,5,0.3238805970149254,0.016976586815040787,0.3376,0.012379194014330823,0,
yolo11s,0.34933333333333333,5,0.3238805970149254,0.016976586815040787,0.3376,0.012379194014330823,0,
yolo11s,0.3506666666666667,5,0.32537313432835824,0.018731194623897218,0.3453333333333333,0.006798692684790382,0,
yolo11s,0.352,5,0.32537313432835824,0.018731194623897218,0.3453333333333333,0.006798692684790382,0,
yolo11s,0.35333333333333333,5,0.32686567164179103,0.01876832289546164,0.348,0.0077746025264604016,0,
yolo11s,0.3546666666666667,5,0.3291044776119403,0.018544438268342064,0.3525333333333333,0.00306956384885904,0,
yolo11s,0.356,5,0.3291044776119403,0.018544438268342064,0.3525333333333333,0.00306956384885904,0,
yolo11s,0.35733333333333334,5,0.3291044776119403,0.018544438268342064,0.3525333333333333,0.00306956384885904,0,
yolo11s,0.3586666666666667,5,0.3291044776119403,0.018544438268342064,0.3525333333333333,0.00306956384885904,0,
yolo11s,0.36,5,0.32985074626865674,0.019135643887997152,0.35359999999999997,0.0045607017003965545,0,
yolo11s,0.36133333333333334,5,0.32985074626865674,0.019135643887997152,0.35359999999999997,0.0045607017003965545,0,
yolo11s,0.3626666666666667,5,0.33059701492537313,0.019849904594433424,0.3541333333333333,0.005545769158156127,0,
yolo11s,0.364,5,0.33059701492537313,0.019849904594433424,0.3541333333333333,0.005545769158156127,0,
yolo11s,0.36533333333333334,5,0.3313432835820896,0.019460305687172098,0.3562666666666666,0.007507033738804943,0,
yolo11s,0.36666666666666664,5,0.33283582089552244,0.01998969438205803,0.35733333333333334,0.008844332774281054,0,
yolo11s,0.368,5,0.33358208955223884,0.018768322895461636,0.36133333333333334,0.008055363982396363,0,
yolo11s,0.36933333333333335,5,0.33358208955223884,0.018768322895461636,0.36133333333333334,0.008055363982396363,0,
yolo11s,0.37066666666666664,5,0.33358208955223884,0.018768322895461636,0.36133333333333334,0.008055363982396363,0,
yolo11s,0.372,5,0.33432835820895523,0.019849904594433407,0.3656,0.006491019437140301,0,
yolo11s,0.37333333333333335,5,0.33507462686567163,0.018731194623897204,0.36666666666666664,0.007363574011458169,0,
yolo11s,0.37466666666666665,5,0.3358208955223881,0.018279774199874456,0.37066666666666664,0.0037712361663282653,0,
yolo11s,0.376,5,0.3358208955223881,0.018279774199874456,0.37066666666666664,0.0037712361663282653,0,
yolo11s,0.37733333333333335,5,0.3365671641791045,0.017972529222078044,0.37279999999999996,0.003955305859784368,0,
yolo11s,0.37866666666666665,5,0.3365671641791045,0.017972529222078044,0.37279999999999996,0.003955305859784368,0,
yolo11s,0.38,5,0.3365671641791045,0.017972529222078044,0.37279999999999996,0.003955305859784368,0,
yolo11s,0.38133333333333336,5,0.3365671641791045,0.017972529222078044,0.37279999999999996,0.003955305859784368,0,
yolo11s,0.38266666666666665,5,0.33731343283582094,0.017620476049429235,0.37439999999999996,0.005992588014465135,0,
yolo11s,0.384,5,0.3380597014925373,0.01839366797591975,0.37786666666666663,0.005383101130183023,0,
yolo11s,0.38533333333333336,5,0.3380597014925373,0.01839366797591975,0.37786666666666663,0.005383101130183023,0,
yolo11s,0.38666666666666666,5,0.3380597014925373,0.01839366797591975,0.37786666666666663,0.005383101130183023,0,
yolo11s,0.388,5,0.3380597014925373,0.01839366797591975,0.37786666666666663,0.005383101130183023,0,
yolo11s,0.3893333333333333,5,0.33880597014925373,0.019280612959348957,0.37893333333333334,0.007142984125855385,0,
yolo11s,0.39066666666666666,5,0.33880597014925373,0.019280612959348957,0.37893333333333334,0.007142984125855385,0,
yolo11s,0.392,5,0.33955223880597013,0.019026192214898433,0.38079999999999997,0.009266426855410155,0,
yolo11s,0.3933333333333333,5,0.3402985074626866,0.019989694382058006,0.3850666666666666,0.009111653100410592,0,
yolo11s,0.39466666666666667,5,0.3402985074626866,0.019989694382058006,0.3850666666666666,0.009111653100410592,0,
yolo11s,0.396,5,0.34328358208955223,0.01750155134262473,0.3909333333333333,0.007797435475847167,0,
yolo11s,0.3973333333333333,5,0.34328358208955223,0.01750155134262473,0.3909333333333333,0.007797435475847167,1,137
yolo11s,0.39866666666666667,5,0.34402985074626863,0.016561448523262783,0.3914666666666667,0.008305286134611959,1,137
yolo11s,0.4,5,0.34402985074626863,0.016561448523262783,0.3914666666666667,0.008305286134611959,1,137
yolo11s,0.4013333333333333,5,0.34402985074626863,0.016561448523262783,0.3914666666666667,0.008305286134611959,1,137
yolo11s,0.4026666666666667,5,0.3447761194029851,0.016178718946775215,0.3936,0.009725110682032245,1,137
yolo11s,0.404,5,0.3447761194029851,0.016178718946775215,0.3936,0.009725110682032245,1,137
yolo11s,0.4053333333333333,5,0.3447761194029851,0.016178718946775215,0.3936,0.009725110682032245,1,137
yolo11s,0.4066666666666667,5,0.3447761194029851,0.016178718946775215,0.3936,0.009725110682032245,1,137
yolo11s,0.408,5,0.3447761194029851,0.016178718946775215,0.3936,0.009725110682032245,1,137
yolo11s,0.4093333333333333,5,0.3455223880597015,0.017220866804797497,0.39626666666666666,0.012088562087086004,1,137
yolo11s,0.4106666666666667,5,0.3455223880597015,0.017220866804797497,0.39626666666666666,0.012088562087086004,1,137
yolo11s,0.412,5,0.3455223880597015,0.017220866804797497,0.39626666666666666,0.012088562087086004,1,137
yolo11s,0.41333333333333333,5,0.3455223880597015,0.017220866804797497,0.39626666666666666,0.012088562087086004,1,137
yolo11s,0.4146666666666667,5,0.3455223880597015,0.017220866804797497,0.39626666666666666,0.012088562087086004,1,137
yolo11s,0.416,5,0.3470149253731344,0.016049114304183997,0.4024,0.01679682509682508,1,137
yolo11s,0.41733333333333333,5,0.3477611940298508,0.01591845448335935,0.4026666666666666,0.017074997966487586,1,137
yolo11s,0.4186666666666667,5,0.3477611940298508,0.01591845448335935,0.4026666666666666,0.017074997966487586,1,137
yolo11s,0.42,5,0.3485074626865672,0.015064648685213683,0.4112,0.010733126291998995,1,137
yolo11s,0.42133333333333334,5,0.35,0.013297410209854817,0.41226666666666667,0.0115623911406287,1,137
yolo11s,0.4226666666666667,5,0.35,0.013297410209854817,0.41226666666666667,0.0115623911406287,1,137
yolo11s,0.424,5,0.35149253731343283,0.012487463082598134,0.4141333333333333,0.013084341787036904,1,137
yolo11s,0.42533333333333334,5,0.3544776119402985,0.01560932885324766,0.4176,0.013740451229854143,1,137
yolo11s,0.4266666666666667,5,0.3559701492537313,0.015064648685213674,0.4184,0.014279744784522992,1,137
yolo11s,0.428,5,0.3559701492537313,0.015064648685213674,0.4184,0.014279744784522992,1,137
yolo11s,0.42933333333333334,5,0.35820895522388063,0.015156788068350672,0.42160000000000003,0.01584368082934716,1,137
yolo11s,0.43066666666666664,5,0.35820895522388063,0.015156788068350672,0.42160000000000003,0.01584368082934716,1,137
yolo11s,0.432,5,0.3611940298507462,0.013297410209854815,0.42266666666666663,0.016546231527987818,1,137
yolo11s,0.43333333333333335,5,0.3611940298507462,0.013297410209854815,0.42266666666666663,0.016546231527987818,1,137
yolo11s,0.43466666666666665,5,0.36268656716417913,0.013811011584568463,0.4242666666666667,0.017597979682022848,1,137
yolo11s,0.436,5,0.36268656716417913,0.013811011584568463,0.4242666666666667,0.017597979682022848,1,137
yolo11s,0.43733333333333335,5,0.36268656716417913,0.013811011584568463,0.4242666666666667,0.017597979682022848,1,137
yolo11s,0.43866666666666665,5,0.36268656716417913,0.013811011584568463,0.4242666666666667,0.017597979682022848,1,137
yolo11s,0.44,5,0.3641791044776119,0.012543086801471351,0.4269333333333333,0.019006431659952496,1,137
yolo11s,0.44133333333333336,5,0.3641791044776119,0.012543086801471351,0.4269333333333333,0.019006431659952496,1,137
yolo11s,0.44266666666666665,5,0.3656716417910447,0.010878641594860643,0.4285333333333333,0.020124059674374303,1,137
yolo11s,0.444,5,0.3656716417910447,0.010878641594860643,0.4285333333333333,0.020124059674374303,1,137
yolo11s,0.44533333333333336,5,0.3656716417910447,0.010878641594860643,0.4285333333333333,0.020124059674374303,1,137
yolo11s,0.44666666666666666,5,0.3664179104477612,0.01100588149533779,0.43146666666666667,0.021758267904918867,1,137
yolo11s,0.448,5,0.3664179104477612,0.01100588149533779,0.43146666666666667,0.021758267904918867,1,137
yolo11s,0.4493333333333333,5,0.3664179104477612,0.01100588149533779,0.43146666666666667,0.021758267904918867,1,137
yolo11s,0.45066666666666666,5,0.3664179104477612,0.01100588149533779,0.43146666666666667,0.021758267904918867,1,137
yolo11s,0.452,5,0.36716417910447763,0.01042107465952907,0.4338666666666667,0.023524927677300574,1,137
yolo11s,0.4533333333333333,5,0.36716417910447763,0.01042107465952907,0.4338666666666667,0.023524927677300574,1,137
yolo11s,0.45466666666666666,5,0.367910447761194,0.010081534392616645,0.4344,0.024062880588620775,1,137
yolo11s,0.456,5,0.367910447761194,0.010081534392616645,0.4344,0.024062880588620775,1,137
yolo11s,0.4573333333333333,5,0.367910447761194,0.010081534392616645,0.4344,0.024062880588620775,1,137
yolo11s,0.45866666666666667,5,0.3686567164179105,0.009290969849245325,0.43760000000000004,0.026388549705422537,1,137
yolo11s,0.46,5,0.3694029850746269,0.010878641594860643,0.44266666666666665,0.02806342023979893,1,137
yolo11s,0.4613333333333333,5,0.3694029850746269,0.010878641594860643,0.44266666666666665,0.02806342023979893,1,137
yolo11s,0.46266666666666667,5,0.3694029850746269,0.010878641594860643,0.44266666666666665,0.02806342023979893,1,137
yolo11s,0.464,5,0.3701492537313433,0.01100588149533779,0.4461333333333334,0.02970372217603565,1,137
yolo11s,0.4653333333333333,5,0.3701492537313433,0.01100588149533779,0.4461333333333334,0.02970372217603565,1,137
yolo11s,0.4666666666666667,5,0.37089552238805973,0.01042107465952907,0.4477333333333334,0.03074482792998597,1,137
yolo11s,0.468,5,0.37089552238805973,0.01042107465952907,0.4477333333333334,0.03074482792998597,1,137
yolo11s,0.4693333333333333,5,0.37089552238805973,0.01042107465952907,0.4477333333333334,0.03074482792998597,1,137
yolo11s,0.4706666666666667,5,0.3716417910447761,0.011975228758120317,0.4498666666666667,0.032146885109170735,1,137
yolo11s,0.472,5,0.3716417910447761,0.011975228758120317,0.4498666666666667,0.032146885109170735,1,137
yolo11s,0.47333333333333333,5,0.3716417910447761,0.011975228758120317,0.4498666666666667,0.032146885109170735,1,137
yolo11s,0.4746666666666667,5,0.3716417910447761,0.011975228758120317,0.4498666666666667,0.032146885109170735,1,137
yolo11s,0.476,5,0.3716417910447761,0.011975228758120317,0.4498666666666667,0.032146885109170735,1,137
yolo11s,0.47733333333333333,5,0.3716417910447761,0.011975228758120317,0.4498666666666667,0.032146885109170735,1,137
yolo11s,0.4786666666666667,5,0.3716417910447761,0.011975228758120317,0.4498666666666667,0.032146885109170735,1,137
yolo11s,0.48,5,0.3723880597014926,0.013556643376555925,0.4517333333333333,0.03388083693049969,1,137
yolo11s,0.48133333333333334,5,0.3723880597014926,0.013556643376555925,0.4517333333333333,0.03388083693049969,1,137
yolo11s,0.4826666666666667,5,0.373134328358209,0.013709830649905838,0.4554666666666667,0.03649779293174986,1,137
yolo11s,0.484,5,0.3746268656716418,0.013086326803544903,0.4613333333333333,0.03863216851853446,1,137
yolo11s,0.48533333333333334,5,0.3746268656716418,0.013086326803544903,0.4613333333333333,0.03863216851853446,1,137
yolo11s,0.4866666666666667,5,0.3746268656716418,0.013086326803544903,0.4613333333333333,0.03863216851853446,1,137
yolo11s,0.488,5,0.3746268656716418,0.013086326803544903,0.4613333333333333,0.03863216851853446,1,137
yolo11s,0.48933333333333334,5,0.3753731343283582,0.01254308680147134,0.4658666666666666,0.04068961101367824,1,137
yolo11s,0.49066666666666664,5,0.3753731343283582,0.01254308680147134,0.4658666666666666,0.04068961101367824,1,137
yolo11s,0.492,5,0.3753731343283582,0.01254308680147134,0.4658666666666666,0.04068961101367824,1,137
yolo11s,0.49333333333333335,5,0.3753731343283582,0.01254308680147134,0.4658666666666666,0.04068961101367824,1,137
yolo11s,0.49466666666666664,5,0.3753731343283582,0.01254308680147134,0.4658666666666666,0.04068961101367824,1,137
yolo11s,0.496,5,0.3753731343283582,0.01254308680147134,0.4658666666666666,0.04068961101367824,1,137
yolo11s,0.49733333333333335,5,0.3761194029850746,0.012205542711788144,0.4674666666666666,0.04197988936516046,1,137
yolo11s,0.49866666666666665,5,0.3761194029850746,0.012205542711788144,0.4674666666666666,0.04197988936516046,1,137
yolo11s,0.5,5,0.376865671641791,0.012375465635654467,0.4709333333333333,0.04420558034155116,1,137
yolo11s,0.5013333333333333,5,0.376865671641791,0.012375465635654467,0.4709333333333333,0.04420558034155116,1,137
yolo11s,0.5026666666666667,5,0.376865671641791,0.012375465635654467,0.4709333333333333,0.04420558034155116,1,137
yolo11s,0.504,5,0.3783582089552239,0.011975228758120304,0.4762666666666666,0.047416827767740394,1,137
yolo11s,0.5053333333333333,5,0.3783582089552239,0.011975228758120304,0.4762666666666666,0.047416827767740394,1,137
yolo11s,0.5066666666666667,5,0.3783582089552239,0.011975228758120304,0.4762666666666666,0.047416827767740394,1,137
yolo11s,0.508,5,0.3783582089552239,0.011975228758120304,0.4762666666666666,0.047416827767740394,1,137
yolo11s,0.5093333333333333,5,0.3783582089552239,0.011975228758120304,0.4762666666666666,0.047416827767740394,1,137
yolo11s,0.5106666666666667,5,0.3798507462686567,0.01220554271178815,0.47973333333333334,0.04991904557492174,1,137
yolo11s,0.512,5,0.3798507462686567,0.01220554271178815,0.47973333333333334,0.04991904557492174,1,137
yolo11s,0.5133333333333333,5,0.3798507462686567,0.01220554271178815,0.47973333333333334,0.04991904557492174,1,137
yolo11s,0.5146666666666667,5,0.3798507462686567,0.01220554271178815,0.47973333333333334,0.04991904557492174,1,137
yolo11s,0.516,5,0.3798507462686567,0.01220554271178815,0.47973333333333334,0.04991904557492174,1,137
yolo11s,0.5173333333333333,5,0.3798507462686567,0.01220554271178815,0.47973333333333334,0.04991904557492174,1,137
yolo11s,0.5186666666666667,5,0.3813432835820896,0.013811011584568472,0.4890666666666667,0.05386732672862922,1,137
yolo11s,0.52,5,0.38208955223880603,0.014354764225127875,0.48933333333333334,0.05405347146833198,1,137
yolo11s,0.5213333333333333,5,0.38208955223880603,0.014354764225127875,0.48933333333333334,0.05405347146833198,1,137
yolo11s,0.5226666666666666,5,0.38283582089552237,0.015064648685213691,0.4898666666666666,0.05444344670287592,1,137
yolo11s,0.524,5,0.38358208955223877,0.015018367013058287,0.49253333333333327,0.05602063112024991,1,137
yolo11s,0.5253333333333333,5,0.38358208955223877,0.015018367013058287,0.49253333333333327,0.05602063112024991,1,137
yolo11s,0.5266666666666666,5,0.38358208955223877,0.015018367013058287,0.49253333333333327,0.05602063112024991,1,137
yolo11s,0.528,5,0.38358208955223877,0.015018367013058287,0.49253333333333327,0.05602063112024991,1,137
yolo11s,0.5293333333333333,5,0.38358208955223877,0.015018367013058287,0.49253333333333327,0.05602063112024991,1,137
yolo11s,0.5306666666666666,5,0.3843283582089552,0.016049114304184008,0.49493333333333334,0.05765337033609666,1,137
yolo11s,0.532,5,0.3843283582089552,0.016049114304184008,0.49493333333333334,0.05765337033609666,1,137
yolo11s,0.5333333333333333,5,0.3843283582089552,0.016049114304184008,0.49493333333333334,0.05765337033609666,1,137
yolo11s,0.5346666666666666,5,0.3850746268656716,0.01613563306749228,0.49706666666666666,0.059175069825804914,1,137
yolo11s,0.536,5,0.3850746268656716,0.01613563306749228,0.49706666666666666,0.059175069825804914,1,137
yolo11s,0.5373333333333333,5,0.3858208955223881,0.016392449728722988,0.4976,0.05960909699403644,1,137
yolo11s,0.5386666666666666,5,0.3865671641791045,0.017017543658196094,0.5008,0.06168450192534408,1,137
yolo11s,0.54,5,0.38731343283582087,0.017972529222078062,0.5026666666666666,0.06294265467691824,1,137
yolo11s,0.5413333333333333,5,0.38805970149253727,0.018279774199874466,0.5034666666666666,0.06351622714795892,1,137
yolo11s,0.5426666666666666,5,0.38805970149253727,0.018279774199874466,0.5034666666666666,0.06351622714795892,1,137
yolo11s,0.544,5,0.38805970149253727,0.018279774199874466,0.5034666666666666,0.06351622714795892,1,137
yolo11s,0.5453333333333333,5,0.38805970149253727,0.018279774199874466,0.5034666666666666,0.06351622714795892,1,137
yolo11s,0.5466666666666666,5,0.38805970149253727,0.018279774199874466,0.5034666666666666,0.06351622714795892,1,137
yolo11s,0.548,5,0.3888059701492537,0.018916107247218775,0.5053333333333334,0.06493073232299172,1,137
yolo11s,0.5493333333333333,5,0.391044776119403,0.019460305687172094,0.5162666666666667,0.06884055652173524,1,137
yolo11s,0.5506666666666666,5,0.391044776119403,0.019460305687172094,0.5162666666666667,0.06884055652173524,1,137
yolo11s,0.552,5,0.3932835820895523,0.01949604548897483,0.5173333333333334,0.06949340496286921,1,137
yolo11s,0.5533333333333333,5,0.3932835820895523,0.01949604548897483,0.5173333333333334,0.06949340496286921,1,137
yolo11s,0.5546666666666666,5,0.3947761194029851,0.01998969438205803,0.5208,0.07129032971666713,1,137
yolo11s,0.556,5,0.3947761194029851,0.01998969438205803,0.5208,0.07129032971666713,1,137
yolo11s,0.5573333333333333,5,0.3947761194029851,0.01998969438205803,0.5208,0.07129032971666713,1,137
yolo11s,0.5586666666666666,5,0.3947761194029851,0.01998969438205803,0.5208,0.07129032971666713,1,137
yolo11s,0.56,5,0.3947761194029851,0.01998969438205803,0.5208,0.07129032971666713,1,137
yolo11s,0.5613333333333334,5,0.3947761194029851,0.01998969438205803,0.5208,0.07129032971666713,1,137
yolo11s,0.5626666666666666,5,0.3947761194029851,0.01998969438205803,0.5208,0.07129032971666713,1,137
yolo11s,0.564,5,0.3955223880597015,0.020266381513433247,0.5237333333333334,0.07303819396574492,1,137
yolo11s,0.5653333333333334,5,0.3955223880597015,0.020266381513433247,0.5237333333333334,0.07303819396574492,1,137
yolo11s,0.5666666666666667,5,0.3955223880597015,0.020266381513433247,0.5237333333333334,0.07303819396574492,1,137
yolo11s,0.568,5,0.3955223880597015,0.020266381513433247,0.5237333333333334,0.07303819396574492,1,137
yolo11s,0.5693333333333334,5,0.3970149253731343,0.021693196796639745,0.5301333333333333,0.07670781504441963,1,137
yolo11s,0.5706666666666667,5,0.3977611940298508,0.022481149748346366,0.5304,0.07688028211302153,1,137
yolo11s,0.572,5,0.3977611940298508,0.022481149748346366,0.5304,0.07688028211302153,1,137
yolo11s,0.5733333333333334,5,0.39925373134328357,0.02315237620520682,0.5322666666666667,0.07800512803655925,1,137
yolo11s,0.5746666666666667,5,0.39925373134328357,0.02315237620520682,0.5322666666666667,0.07800512803655925,1,137
yolo11s,0.576,5,0.39925373134328357,0.02315237620520682,0.5322666666666667,0.07800512803655925,1,137
yolo11s,0.5773333333333334,5,0.39925373134328357,0.02315237620520682,0.5322666666666667,0.07800512803655925,1,137
yolo11s,0.5786666666666667,5,0.39925373134328357,0.02315237620520682,0.5322666666666667,0.07800512803655925,1,137
yolo11s,0.58,5,0.4,0.023804683444382958,0.5344,0.07940556935407267,1,137
yolo11s,0.5813333333333334,5,0.4,0.023804683444382958,0.5344,0.07940556935407267,1,137
yolo11s,0.5826666666666667,5,0.4,0.023804683444382958,0.5344,0.07940556935407267,1,137
yolo11s,0.584,5,0.4007462686567164,0.02455325951695836,0.5370666666666667,0.08113308682515277,1,137
yolo11s,0.5853333333333334,5,0.4007462686567164,0.02455325951695836,0.5370666666666667,0.08113308682515277,1,137
yolo11s,0.5866666666666667,5,0.40223880597014927,0.024947036791711615,0.5448000000000001,0.08485071858531573,1,137
yolo11s,0.588,5,0.4029850746268656,0.025716508865839975,0.5456,0.08533020827611079,1,137
yolo11s,0.5893333333333334,5,0.4029850746268656,0.025716508865839975,0.5456,0.08533020827611079,1,137
yolo11s,0.5906666666666667,5,0.4029850746268656,0.025716508865839975,0.5456,0.08533020827611079,1,137
yolo11s,0.592,5,0.4029850746268656,0.025716508865839975,0.5456,0.08533020827611079,1,137
yolo11s,0.5933333333333334,5,0.40373134328358207,0.02603932286920583,0.5496000000000001,0.08739895753255744,1,137
yolo11s,0.5946666666666667,5,0.4044776119402985,0.026463616755965893,0.5498666666666667,0.08756762466168014,1,137
yolo11s,0.596,5,0.4044776119402985,0.026463616755965893,0.5498666666666667,0.08756762466168014,1,137
yolo11s,0.5973333333333334,5,0.4044776119402985,0.026463616755965893,0.5498666666666667,0.08756762466168014,1,137
yolo11s,0.5986666666666667,5,0.4044776119402985,0.026463616755965893,0.5498666666666667,0.08756762466168014,1,137
yolo11s,0.6,5,0.4044776119402985,0.026463616755965893,0.5498666666666667,0.08756762466168014,1,137
yolo11s,0.6013333333333334,5,0.4052238805970149,0.027113286753111872,0.5528000000000001,0.08933631835808872,1,137
yolo11s,0.6026666666666667,5,0.4052238805970149,0.027113286753111872,0.5528000000000001,0.08933631835808872,1,137
yolo11s,0.604,5,0.40597014925373137,0.027847922622455664,0.5533333333333333,0.08970569163164126,1,137
yolo11s,0.6053333333333333,5,0.40597014925373137,0.027847922622455664,0.5533333333333333,0.08970569163164126,1,137
yolo11s,0.6066666666666667,5,0.40597014925373137,0.027847922622455664,0.5533333333333333,0.08970569163164126,1,137
yolo11s,0.608,5,0.40597014925373137,0.027847922622455664,0.5533333333333333,0.08970569163164126,1,137
yolo11s,0.6093333333333333,5,0.40597014925373137,0.027847922622455664,0.5533333333333333,0.08970569163164126,1,137
yolo11s,0.6106666666666667,5,0.40597014925373137,0.027847922622455664,0.5533333333333333,0.08970569163164126,1,137
yolo11s,0.612,5,0.40597014925373137,0.027847922622455664,0.5533333333333333,0.08970569163164126,1,137
yolo11s,0.6133333333333333,5,0.4067164179104477,0.02853928832234769,0.5584,0.09281474978567673,1,137
yolo11s,0.6146666666666667,5,0.4067164179104477,0.02853928832234769,0.5584,0.09281474978567673,1,137
yolo11s,0.616,5,0.4074626865671641,0.028220403583864247,0.5642666666666667,0.0959231173620022,1,137
yolo11s,0.6173333333333333,5,0.4074626865671641,0.028220403583864247,0.5642666666666667,0.0959231173620022,1,137
yolo11s,0.6186666666666667,5,0.40820895522388057,0.0286123724069863,0.5690666666666667,0.09839331503940928,1,137
yolo11s,0.62,5,0.40820895522388057,0.0286123724069863,0.5690666666666667,0.09839331503940928,1,137
yolo11s,0.6213333333333333,5,0.40820895522388057,0.0286123724069863,0.5690666666666667,0.09839331503940928,1,137
yolo11s,0.6226666666666667,5,0.40820895522388057,0.0286123724069863,0.5690666666666667,0.09839331503940928,1,137
yolo11s,0.624,5,0.40820895522388057,0.0286123724069863,0.5690666666666667,0.09839331503940928,1,137
yolo11s,0.6253333333333333,5,0.40820895522388057,0.0286123724069863,0.5690666666666667,0.09839331503940928,1,137
yolo11s,0.6266666666666667,5,0.40820895522388057,0.0286123724069863,0.5690666666666667,0.09839331503940928,1,137
yolo11s,0.628,5,0.408955223880597,0.02909490849196707,0.5709333333333333,0.09965005435690105,1,137
yolo11s,0.6293333333333333,5,0.408955223880597,0.02909490849196707,0.5709333333333333,0.09965005435690105,1,137
yolo11s,0.6306666666666667,5,0.4097014925373134,0.0288305130926595,0.5738666666666667,0.10150686895202929,1,137
yolo11s,0.632,5,0.4097014925373134,0.0288305130926595,0.5738666666666667,0.10150686895202929,1,137
yolo11s,0.6333333333333333,5,0.4111940298507462,0.03001354858535852,0.5749333333333333,0.1022432828546154,1,137
yolo11s,0.6346666666666667,5,0.4111940298507462,0.03001354858535852,0.5749333333333333,0.1022432828546154,1,137
yolo11s,0.636,5,0.41268656716417906,0.031285483307842664,0.5800000000000001,0.10518977559101879,1,137
yolo11s,0.6373333333333333,5,0.41268656716417906,0.031285483307842664,0.5800000000000001,0.10518977559101879,1,137
yolo11s,0.6386666666666667,5,0.4134328358208955,0.03192425318836931,0.5805333333333333,0.10555083030359251,1,137
yolo11s,0.64,5,0.4134328358208955,0.03192425318836931,0.5805333333333333,0.10555083030359251,1,137
yolo11s,0.6413333333333333,5,0.4134328358208955,0.03192425318836931,0.5805333333333333,0.10555083030359251,1,137
yolo11s,0.6426666666666667,5,0.4134328358208955,0.03192425318836931,0.5805333333333333,0.10555083030359251,1,137
yolo11s,0.644,5,0.4134328358208955,0.03192425318836931,0.5805333333333333,0.10555083030359251,1,137
yolo11s,0.6453333333333333,5,0.4141791044776119,0.0326359247845819,0.5824,0.10685150651462266,1,137
yolo11s,0.6466666666666666,5,0.4141791044776119,0.0326359247845819,0.5824,0.10685150651462266,1,137
yolo11s,0.648,5,0.41492537313432837,0.032357437893550445,0.5858666666666668,0.1090671556631255,1,137
yolo11s,0.6493333333333333,5,0.41492537313432837,0.032357437893550445,0.5858666666666668,0.1090671556631255,1,137
yolo11s,0.6506666666666666,5,0.41492537313432837,0.032357437893550445,0.5858666666666668,0.1090671556631255,1,137
yolo11s,0.652,5,0.41567164179104477,0.032806126328855614,0.5954666666666667,0.11310015227418772,1,137
yolo11s,0.6533333333333333,5,0.4164179104477612,0.033332405125563125,0.5957333333333333,0.11326821658739442,1,137
yolo11s,0.6546666666666666,5,0.4164179104477612,0.033332405125563125,0.5957333333333333,0.11326821658739442,1,137
yolo11s,0.656,5,0.4171641791044777,0.034035087316392175,0.5978666666666668,0.11452937517413504,1,137
yolo11s,0.6573333333333333,5,0.4171641791044777,0.034035087316392175,0.5978666666666668,0.11452937517413504,1,137
yolo11s,0.6586666666666666,5,0.4171641791044777,0.034035087316392175,0.5978666666666668,0.11452937517413504,1,137
yolo11s,0.66,5,0.4171641791044777,0.034035087316392175,0.5978666666666668,0.11452937517413504,1,137
yolo11s,0.6613333333333333,5,0.4171641791044777,0.034035087316392175,0.5978666666666668,0.11452937517413504,1,137
yolo11s,0.6626666666666666,5,0.4171641791044777,0.034035087316392175,0.5978666666666668,0.11452937517413504,1,137
yolo11s,0.664,5,0.4171641791044777,0.034035087316392175,0.5978666666666668,0.11452937517413504,1,137
yolo11s,0.6653333333333333,5,0.4171641791044777,0.034035087316392175,0.5978666666666668,0.11452937517413504,1,137
yolo11s,0.6666666666666666,5,0.4171641791044777,0.034035087316392175,0.5978666666666668,0.11452937517413504,1,137
yolo11s,0.668,5,0.4171641791044777,0.034035087316392175,0.5978666666666668,0.11452937517413504,1,137
yolo11s,0.6693333333333333,5,0.41791044776119407,0.03460305408767054,0.604,0.11802824520709723,1,137
yolo11s,0.6706666666666666,5,0.4186567164179104,0.03533958355985545,0.6069333333333333,0.11981244602386776,1,137
yolo11s,0.672,5,0.4186567164179104,0.03533958355985545,0.6069333333333333,0.11981244602386776,1,137
yolo11s,0.6733333333333333,5,0.42014925373134326,0.03661662813536447,0.6114666666666667,0.12239317337535166,1,137
yolo11s,0.6746666666666666,5,0.42014925373134326,0.03661662813536447,0.6114666666666667,0.12239317337535166,1,137
yolo11s,0.676,5,0.42014925373134326,0.03661662813536447,0.6114666666666667,0.12239317337535166,1,137
yolo11s,0.6773333333333333,5,0.42014925373134326,0.03661662813536447,0.6114666666666667,0.12239317337535166,1,137
yolo11s,0.6786666666666666,5,0.42014925373134326,0.03661662813536447,0.6114666666666667,0.12239317337535166,1,137
yolo11s,0.68,5,0.4208955223880597,0.036311166046874226,0.6178666666666668,0.12557636012491452,1,137
yolo11s,0.6813333333333333,5,0.4208955223880597,0.036311166046874226,0.6178666666666668,0.12557636012491452,1,137
yolo11s,0.6826666666666666,5,0.4208955223880597,0.036311166046874226,0.6178666666666668,0.12557636012491452,1,137
yolo11s,0.684,5,0.4208955223880597,0.036311166046874226,0.6178666666666668,0.12557636012491452,1,137
yolo11s,0.6853333333333333,5,0.4208955223880597,0.036311166046874226,0.6178666666666668,0.12557636012491452,1,137
yolo11s,0.6866666666666666,5,0.4208955223880597,0.036311166046874226,0.6178666666666668,0.12557636012491452,1,137
yolo11s,0.688,5,0.4223880597014925,0.03659761144847532,0.6224000000000001,0.1283308224862601,1,137
yolo11s,0.6893333333333334,5,0.4223880597014925,0.03659761144847532,0.6224000000000001,0.1283308224862601,1,137
yolo11s,0.6906666666666667,5,0.4223880597014925,0.03659761144847532,0.6224000000000001,0.1283308224862601,1,137
yolo11s,0.692,5,0.4223880597014925,0.03659761144847532,0.6224000000000001,0.1283308224862601,1,137
yolo11s,0.6933333333333334,5,0.4231343283582089,0.03708887653668413,0.6272,0.13094731765103096,1,137
yolo11s,0.6946666666666667,5,0.42388059701492536,0.03783221449443754,0.6314666666666666,0.13315521435945013,1,137
yolo11s,0.696,5,0.42388059701492536,0.03783221449443754,0.6314666666666666,0.13315521435945013,1,137
yolo11s,0.6973333333333334,5,0.42388059701492536,0.03783221449443754,0.6314666666666666,0.13315521435945013,1,137
yolo11s,0.6986666666666667,5,0.42388059701492536,0.03783221449443754,0.6314666666666666,0.13315521435945013,1,137
yolo11s,0.7,5,0.42388059701492536,0.03783221449443754,0.6314666666666666,0.13315521435945013,1,137
yolo11s,0.7013333333333334,5,0.42388059701492536,0.03783221449443754,0.6314666666666666,0.13315521435945013,1,137
yolo11s,0.7026666666666667,5,0.42462686567164176,0.037629260404414056,0.6344,0.13486256378666064,1,137
yolo11s,0.704,5,0.4253731343283582,0.03841653037681717,0.6362666666666665,0.13596535506436108,1,137
yolo11s,0.7053333333333334,5,0.4253731343283582,0.03841653037681717,0.6362666666666665,0.13596535506436108,1,137
yolo11s,0.7066666666666667,5,0.4253731343283582,0.03841653037681717,0.6362666666666665,0.13596535506436108,1,137
yolo11s,0.708,5,0.4253731343283582,0.03841653037681717,0.6362666666666665,0.13596535506436108,1,137
yolo11s,0.7093333333333334,5,0.4253731343283582,0.03841653037681717,0.6362666666666665,0.13596535506436108,1,137
yolo11s,0.7106666666666667,5,0.4253731343283582,0.03841653037681717,0.6362666666666665,0.13596535506436108,1,137
yolo11s,0.712,5,0.4253731343283582,0.03841653037681717,0.6362666666666665,0.13596535506436108,1,137
yolo11s,0.7133333333333334,5,0.42611940298507467,0.038271287775994284,0.6384,0.13734433612882138,1,137
yolo11s,0.7146666666666667,5,0.42611940298507467,0.038271287775994284,0.6384,0.13734433612882138,1,137
yolo11s,0.716,5,0.426865671641791,0.03819845937931263,0.6389333333333334,0.1377127445082698,1,137
yolo11s,0.7173333333333334,5,0.426865671641791,0.03819845937931263,0.6389333333333334,0.1377127445082698,1,137
yolo11s,0.7186666666666667,5,0.426865671641791,0.03819845937931263,0.6389333333333334,0.1377127445082698,1,137
yolo11s,0.72,5,0.426865671641791,0.03819845937931263,0.6389333333333334,0.1377127445082698,1,137
yolo11s,0.7213333333333334,5,0.426865671641791,0.03819845937931263,0.6389333333333334,0.1377127445082698,1,137
yolo11s,0.7226666666666667,5,0.426865671641791,0.03819845937931263,0.6389333333333334,0.1377127445082698,1,137
yolo11s,0.724,5,0.426865671641791,0.03819845937931263,0.6389333333333334,0.1377127445082698,1,137
yolo11s,0.7253333333333334,5,0.426865671641791,0.03819845937931263,0.6389333333333334,0.1377127445082698,1,137
yolo11s,0.7266666666666667,5,0.426865671641791,0.03819845937931263,0.6389333333333334,0.1377127445082698,1,137
yolo11s,0.728,5,0.4276119402985074,0.038651385559936004,0.6469333333333334,0.14235917017647068,1,137
yolo11s,0.7293333333333333,5,0.4276119402985074,0.038651385559936004,0.6469333333333334,0.14235917017647068,1,137
yolo11s,0.7306666666666667,5,0.4276119402985074,0.038651385559936004,0.6469333333333334,0.14235917017647068,1,137
yolo11s,0.732,5,0.4276119402985074,0.038651385559936004,0.6469333333333334,0.14235917017647068,1,137
yolo11s,0.7333333333333333,5,0.4276119402985074,0.038651385559936004,0.6469333333333334,0.14235917017647068,1,137
yolo11s,0.7346666666666667,5,0.4276119402985074,0.038651385559936004,0.6469333333333334,0.14235917017647068,1,137
yolo11s,0.736,5,0.4276119402985074,0.038651385559936004,0.6469333333333334,0.14235917017647068,1,137
yolo11s,0.7373333333333333,5,0.4276119402985074,0.038651385559936004,0.6469333333333334,0.14235917017647068,1,137
yolo11s,0.7386666666666667,5,0.42835820895522386,0.039435903255568214,0.6538666666666666,0.1466139299126943,1,137
yolo11s,0.74,5,0.42910447761194026,0.04027431556888603,0.6541333333333335,0.14680781087303676,1,137
yolo11s,0.7413333333333333,5,0.42910447761194026,0.04027431556888603,0.6541333333333335,0.14680781087303676,1,137
yolo11s,0.7426666666666667,5,0.42910447761194026,0.04027431556888603,0.6541333333333335,0.14680781087303676,1,137
yolo11s,0.744,5,0.42910447761194026,0.04027431556888603,0.6541333333333335,0.14680781087303676,1,137
yolo11s,0.7453333333333333,5,0.43059701492537317,0.04160071263333952,0.6586666666666666,0.14992738983328638,1,137
yolo11s,0.7466666666666667,5,0.43059701492537317,0.04160071263333952,0.6586666666666666,0.14992738983328638,1,137
yolo11s,0.748,5,0.43134328358208956,0.04251112050336153,0.6592,0.15031699837343745,1,137
yolo11s,0.7493333333333333,5,0.43134328358208956,0.04251112050336153,0.6592,0.15031699837343745,1,137
yolo11s,0.7506666666666667,5,0.43134328358208956,0.04251112050336153,0.6592,0.15031699837343745,1,137
yolo11s,0.752,5,0.43134328358208956,0.04251112050336153,0.6592,0.15031699837343745,1,137
yolo11s,0.7533333333333333,5,0.43134328358208956,0.04251112050336153,0.6592,0.15031699837343745,1,137
yolo11s,0.7546666666666667,5,0.43134328358208956,0.04251112050336153,0.6592,0.15031699837343745,1,137
yolo11s,0.756,5,0.43134328358208956,0.04251112050336153,0.6592,0.15031699837343745,1,137
yolo11s,0.7573333333333333,5,0.43134328358208956,0.04251112050336153,0.6592,0.15031699837343745,1,137
yolo11s,0.7586666666666667,5,0.43134328358208956,0.04251112050336153,0.6592,0.15031699837343745,1,137
yolo11s,0.76,5,0.43134328358208956,0.04251112050336153,0.6592,0.15031699837343745,1,137
yolo11s,0.7613333333333333,5,0.43134328358208956,0.04251112050336153,0.6592,0.15031699837343745,1,137
yolo11s,0.7626666666666667,5,0.43134328358208956,0.04251112050336153,0.6592,0.15031699837343745,1,137
yolo11s,0.764,5,0.43134328358208956,0.04251112050336153,0.6592,0.15031699837343745,1,137
yolo11s,0.7653333333333333,5,0.43134328358208956,0.04251112050336153,0.6592,0.15031699837343745,1,137
yolo11s,0.7666666666666667,5,0.4328358208955224,0.04351456637944254,0.6634666666666666,0.15363911538985697,1,137
yolo11s,0.768,5,0.4328358208955224,0.04351456637944254,0.6634666666666666,0.15363911538985697,1,137
yolo11s,0.7693333333333333,5,0.4328358208955224,0.04351456637944254,0.6634666666666666,0.15363911538985697,1,137
yolo11s,0.7706666666666667,5,0.4328358208955224,0.04351456637944254,0.6634666666666666,0.15363911538985697,1,137
yolo11s,0.772,5,0.43358208955223887,0.044417092955083524,0.6682666666666666,0.15727230454780583,1,137
yolo11s,0.7733333333333333,5,0.43358208955223887,0.044417092955083524,0.6682666666666666,0.15727230454780583,1,137
yolo11s,0.7746666666666666,5,0.43358208955223887,0.044417092955083524,0.6682666666666666,0.15727230454780583,1,137
yolo11s,0.776,5,0.43582089552238806,0.04572989164135382,0.6829333333333333,0.1658014877295537,1,137
yolo11s,0.7773333333333333,5,0.43582089552238806,0.04572989164135382,0.6829333333333333,0.1658014877295537,1,137
yolo11s,0.7786666666666666,5,0.4365671641791045,0.04562320619640852,0.6834666666666667,0.16617955483285074,1,137
yolo11s,0.78,5,0.43805970149253726,0.04649978381992353,0.6845333333333334,0.16693471777913665,1,137
yolo11s,0.7813333333333333,5,0.43805970149253726,0.04649978381992353,0.6845333333333334,0.16693471777913665,1,137
yolo11s,0.7826666666666666,5,0.43805970149253726,0.04649978381992353,0.6845333333333334,0.16693471777913665,1,137
yolo11s,0.784,5,0.4388059701492537,0.04649978381992353,0.6853333333333333,0.16751517344208952,1,137
yolo11s,0.7853333333333333,5,0.44029850746268656,0.04792997230845199,0.6882666666666667,0.16957305865679909,1,137
yolo11s,0.7866666666666666,5,0.441044776119403,0.0480315343433762,0.7069333333333333,0.1753102646421164,1,137
yolo11s,0.788,5,0.441044776119403,0.0480315343433762,0.7069333333333333,0.1753102646421164,1,137
yolo11s,0.7893333333333333,5,0.4417910447761194,0.048046025680059334,0.708,0.17591159395812686,1,137
yolo11s,0.7906666666666666,5,0.4417910447761194,0.048046025680059334,0.708,0.17591159395812686,1,137
yolo11s,0.792,5,0.4417910447761194,0.048046025680059334,0.708,0.17591159395812686,1,137
yolo11s,0.7933333333333333,5,0.4417910447761194,0.048046025680059334,0.708,0.17591159395812686,1,137
yolo11s,0.7946666666666666,5,0.4417910447761194,0.048046025680059334,0.708,0.17591159395812686,1,137
yolo11s,0.796,5,0.4417910447761194,0.048046025680059334,0.708,0.17591159395812686,1,137
yolo11s,0.7973333333333333,5,0.4417910447761194,0.048046025680059334,0.708,0.17591159395812686,1,137
yolo11s,0.7986666666666666,5,0.4417910447761194,0.048046025680059334,0.708,0.17591159395812686,1,137
yolo11s,0.8,5,0.44253731343283575,0.04897876663615046,0.7109333333333334,0.1776373334133966,1,137
yolo11s,0.8013333333333333,5,0.44253731343283575,0.04897876663615046,0.7109333333333334,0.1776373334133966,1,137
yolo11s,0.8026666666666666,5,0.4432835820895522,0.049106519033916725,0.7141333333333334,0.17947726566027492,1,137
yolo11s,0.804,5,0.4432835820895522,0.049106519033916725,0.7141333333333334,0.17947726566027492,1,137
yolo11s,0.8053333333333333,5,0.4432835820895522,0.049106519033916725,0.7141333333333334,0.17947726566027492,1,137
yolo11s,0.8066666666666666,5,0.4432835820895522,0.049106519033916725,0.7141333333333334,0.17947726566027492,1,137
yolo11s,0.808,5,0.4432835820895522,0.049106519033916725,0.7141333333333334,0.17947726566027492,1,137
yolo11s,0.8093333333333333,5,0.44402985074626866,0.05006122337686097,0.716,0.18063837416845355,1,137
yolo11s,0.8106666666666666,5,0.44402985074626866,0.05006122337686097,0.716,0.18063837416845355,1,137
yolo11s,0.812,5,0.44477611940298506,0.05105263097458828,0.7165333333333334,0.1809864328862495,1,137
yolo11s,0.8133333333333334,5,0.4455223880597015,0.052078645738411644,0.7168,0.18116315543975517,1,137
yolo11s,0.8146666666666667,5,0.4455223880597015,0.052078645738411644,0.7168,0.18116315543975517,1,137
yolo11s,0.816,5,0.4455223880597015,0.052078645738411644,0.7168,0.18116315543975517,1,137
yolo11s,0.8173333333333334,5,0.4455223880597015,0.052078645738411644,0.7168,0.18116315543975517,1,137
yolo11s,0.8186666666666667,5,0.44626865671641786,0.05221214671555762,0.72,0.18318903412110188,1,137
yolo11s,0.82,5,0.44626865671641786,0.05221214671555762,0.72,0.18318903412110188,1,137
yolo11s,0.8213333333333334,5,0.44626865671641786,0.05221214671555762,0.72,0.18318903412110188,1,137
yolo11s,0.8226666666666667,5,0.44626865671641786,0.05221214671555762,0.72,0.18318903412110188,1,137
yolo11s,0.824,5,0.44701492537313425,0.0521988119824285,0.7269333333333333,0.1870838195984772,1,137
yolo11s,0.8253333333333334,5,0.4477611940298507,0.052238805970149245,0.7272000000000001,0.18725763595170752,1,137
yolo11s,0.8266666666666667,5,0.4477611940298507,0.052238805970149245,0.7272000000000001,0.18725763595170752,1,137
yolo11s,0.828,5,0.44925373134328356,0.05267673579576358,0.7362666666666666,0.19180870099601263,1,137
yolo11s,0.8293333333333334,5,0.4507462686567164,0.053189640839419274,0.7368,0.19212866059550363,1,137
yolo11s,0.8306666666666667,5,0.4507462686567164,0.053189640839419274,0.7368,0.19212866059550363,1,137
yolo11s,0.832,5,0.4507462686567164,0.053189640839419274,0.7368,0.19212866059550363,1,137
yolo11s,0.8333333333333334,5,0.4507462686567164,0.053189640839419274,0.7368,0.19212866059550363,1,137
yolo11s,0.8346666666666667,5,0.4507462686567164,0.053189640839419274,0.7368,0.19212866059550363,1,137
yolo11s,0.836,5,0.4507462686567164,0.053189640839419274,0.7368,0.19212866059550363,1,137
yolo11s,0.8373333333333334,5,0.4507462686567164,0.053189640839419274,0.7368,0.19212866059550363,1,137
yolo11s,0.8386666666666667,5,0.4507462686567164,0.053189640839419274,0.7368,0.19212866059550363,1,137
yolo11s,0.84,5,0.45149253731343286,0.053619805459701166,0.7389333333333333,0.19346753962587337,1,137
yolo11s,0.8413333333333334,5,0.4522388059701493,0.054546572586879546,0.7445333333333333,0.1965402983840436,1,137
yolo11s,0.8426666666666667,5,0.4529850746268657,0.05462309341840389,0.7493333333333333,0.1990801067130739,1,137
yolo11s,0.844,5,0.4529850746268657,0.05462309341840389,0.7493333333333333,0.1990801067130739,1,137
yolo11s,0.8453333333333334,5,0.4529850746268657,0.05462309341840389,0.7493333333333333,0.1990801067130739,1,137
yolo11s,0.8466666666666667,5,0.4529850746268657,0.05462309341840389,0.7493333333333333,0.1990801067130739,1,137
yolo11s,0.848,5,0.4529850746268657,0.05462309341840389,0.7493333333333333,0.1990801067130739,1,137
yolo11s,0.8493333333333334,5,0.4529850746268657,0.05462309341840389,0.7493333333333333,0.1990801067130739,1,137
yolo11s,0.8506666666666667,5,0.45373134328358206,0.05557071400337751,0.7512,0.20019901209657467,1,137
yolo11s,0.852,5,0.45373134328358206,0.05557071400337751,0.7512,0.20019901209657467,1,137
yolo11s,0.8533333333333334,5,0.4544776119402985,0.0559950193501614,0.7538666666666667,0.20176025376669213,1,137
yolo11s,0.8546666666666667,5,0.4552238805970149,0.056094389471540704,0.7562666666666668,0.20314723724431993,1,137
yolo11s,0.856,5,0.4552238805970149,0.056094389471540704,0.7562666666666668,0.20314723724431993,1,137
yolo11s,0.8573333333333333,5,0.4552238805970149,0.056094389471540704,0.7562666666666668,0.20314723724431993,1,137
yolo11s,0.8586666666666667,5,0.4552238805970149,0.056094389471540704,0.7562666666666668,0.20314723724431993,1,137
yolo11s,0.86,5,0.4552238805970149,0.056094389471540704,0.7562666666666668,0.20314723724431993,1,137
yolo11s,0.8613333333333333,5,0.45597014925373136,0.05655170505099426,0.7578666666666667,0.20413198344861755,1,137
yolo11s,0.8626666666666667,5,0.45597014925373136,0.05655170505099426,0.7578666666666667,0.20413198344861755,1,137
yolo11s,0.864,5,0.45597014925373136,0.05655170505099426,0.7578666666666667,0.20413198344861755,1,137
yolo11s,0.8653333333333333,5,0.45597014925373136,0.05655170505099426,0.7578666666666667,0.20413198344861755,1,137
yolo11s,0.8666666666666667,5,0.4567164179104478,0.0570541788762609,0.7589333333333333,0.20482057188345776,2,42;137
yolo11s,0.868,5,0.4567164179104478,0.0570541788762609,0.7589333333333333,0.20482057188345776,2,42;137
yolo11s,0.8693333333333333,5,0.45746268656716416,0.05760062915797078,0.7594666666666667,0.20517439736315382,2,42;137
yolo11s,0.8706666666666667,5,0.45746268656716416,0.05760062915797078,0.7594666666666667,0.20517439736315382,2,42;137
yolo11s,0.872,5,0.45746268656716416,0.05760062915797078,0.7594666666666667,0.20517439736315382,2,42;137
yolo11s,0.8733333333333333,5,0.45746268656716416,0.05760062915797078,0.7594666666666667,0.20517439736315382,2,42;137
yolo11s,0.8746666666666667,5,0.45746268656716416,0.05760062915797078,0.7594666666666667,0.20517439736315382,2,42;137
yolo11s,0.876,5,0.45746268656716416,0.05760062915797078,0.7594666666666667,0.20517439736315382,2,42;137
yolo11s,0.8773333333333333,5,0.45746268656716416,0.05760062915797078,0.7594666666666667,0.20517439736315382,2,42;137
yolo11s,0.8786666666666667,5,0.45746268656716416,0.05760062915797078,0.7594666666666667,0.20517439736315382,2,42;137
yolo11s,0.88,5,0.45820895522388055,0.05848813646692448,0.7653333333333333,0.208821029166658,2,42;137
yolo11s,0.8813333333333333,5,0.45820895522388055,0.05848813646692448,0.7653333333333333,0.208821029166658,2,42;137
yolo11s,0.8826666666666667,5,0.45820895522388055,0.05848813646692448,0.7653333333333333,0.208821029166658,2,42;137
yolo11s,0.884,5,0.45820895522388055,0.05848813646692448,0.7653333333333333,0.208821029166658,2,42;137
yolo11s,0.8853333333333333,5,0.45820895522388055,0.05848813646692448,0.7653333333333333,0.208821029166658,2,42;137
yolo11s,0.8866666666666667,5,0.458955223880597,0.05905668578859857,0.7688,0.21111050292310057,2,42;137
yolo11s,0.888,5,0.458955223880597,0.05905668578859857,0.7688,0.21111050292310057,2,42;137
yolo11s,0.8893333333333333,5,0.458955223880597,0.05905668578859857,0.7688,0.21111050292310057,2,42;137
yolo11s,0.8906666666666667,5,0.4597014925373134,0.05995747360523745,0.7709333333333335,0.21256402956913167,2,42;137
yolo11s,0.892,5,0.4597014925373134,0.05995747360523745,0.7709333333333335,0.21256402956913167,2,42;137
yolo11s,0.8933333333333333,5,0.4597014925373134,0.05995747360523745,0.7709333333333335,0.21256402956913167,2,42;137
yolo11s,0.8946666666666667,5,0.4597014925373134,0.05995747360523745,0.7709333333333335,0.21256402956913167,2,42;137
yolo11s,0.896,5,0.4597014925373134,0.05995747360523745,0.7709333333333335,0.21256402956913167,2,42;137
yolo11s,0.8973333333333333,5,0.4597014925373134,0.05995747360523745,0.7709333333333335,0.21256402956913167,2,42;137
yolo11s,0.8986666666666666,5,0.46044776119402986,0.059969083146174065,0.7848,0.21947533397223074,2,42;137
yolo11s,0.9,5,0.46044776119402986,0.059969083146174065,0.7848,0.21947533397223074,2,42;137
yolo11s,0.9013333333333333,5,0.46044776119402986,0.059969083146174065,0.7848,0.21947533397223074,2,42;137
yolo11s,0.9026666666666666,5,0.46044776119402986,0.059969083146174065,0.7848,0.21947533397223074,2,42;137
yolo11s,0.904,5,0.46044776119402986,0.059969083146174065,0.7848,0.21947533397223074,2,42;137
yolo11s,0.9053333333333333,5,0.4611940298507463,0.06054672201607948,0.7885333333333333,0.22178788665449398,2,42;137
yolo11s,0.9066666666666666,5,0.4619402985074627,0.06144832492608627,0.7917333333333334,0.22373675007323526,2,42;137
yolo11s,0.908,5,0.46268656716417905,0.06148230243762716,0.7936,0.2248879227032385,2,42;137
yolo11s,0.9093333333333333,5,0.46268656716417905,0.06148230243762716,0.7936,0.2248879227032385,2,42;137
yolo11s,0.9106666666666666,5,0.46268656716417905,0.06148230243762716,0.7936,0.2248879227032385,2,42;137
yolo11s,0.912,5,0.46268656716417905,0.06148230243762716,0.7936,0.2248879227032385,2,42;137
yolo11s,0.9133333333333333,5,0.46268656716417905,0.06148230243762716,0.7936,0.2248879227032385,2,42;137
yolo11s,0.9146666666666666,5,0.46268656716417905,0.06148230243762716,0.7936,0.2248879227032385,2,42;137
yolo11s,0.916,5,0.4634328358208955,0.061561510369075645,0.7952,0.2259313563403225,2,42;137
yolo11s,0.9173333333333333,5,0.46492537313432836,0.06258209133203525,0.7976000000000001,0.22746799530678793,2,42;137
yolo11s,0.9186666666666666,5,0.4656716417910448,0.06273763023314723,0.7978666666666667,0.2276441667749619,2,42;137
yolo11s,0.92,5,0.4656716417910448,0.06273763023314723,0.7978666666666667,0.2276441667749619,2,42;137
yolo11s,0.9213333333333333,5,0.4656716417910448,0.06273763023314723,0.7978666666666667,0.2276441667749619,2,42;137
yolo11s,0.9226666666666666,5,0.4656716417910448,0.06273763023314723,0.7978666666666667,0.2276441667749619,2,42;137
yolo11s,0.924,5,0.4656716417910448,0.06273763023314723,0.7978666666666667,0.2276441667749619,2,42;137
yolo11s,0.9253333333333333,5,0.4664179104477612,0.06326800357392974,0.8018666666666666,0.23016631667846912,2,42;137
yolo11s,0.9266666666666666,5,0.467910447761194,0.06444538650198371,0.8021333333333335,0.2303458269645882,2,42;137
yolo11s,0.928,5,0.467910447761194,0.06444538650198371,0.8021333333333335,0.2303458269645882,2,42;137
yolo11s,0.9293333333333333,5,0.467910447761194,0.06444538650198371,0.8021333333333335,0.2303458269645882,2,42;137
yolo11s,0.9306666666666666,5,0.467910447761194,0.06444538650198371,0.8021333333333335,0.2303458269645882,2,42;137
yolo11s,0.932,5,0.467910447761194,0.06444538650198371,0.8021333333333335,0.2303458269645882,2,42;137
yolo11s,0.9333333333333333,5,0.467910447761194,0.06444538650198371,0.8021333333333335,0.2303458269645882,2,42;137
yolo11s,0.9346666666666666,5,0.467910447761194,0.06444538650198371,0.8021333333333335,0.2303458269645882,2,42;137
yolo11s,0.936,5,0.467910447761194,0.06444538650198371,0.8021333333333335,0.2303458269645882,2,42;137
yolo11s,0.9373333333333334,5,0.4686567164179104,0.06509028635356942,0.8042666666666667,0.23183212316961888,2,42;137
yolo11s,0.9386666666666666,5,0.46940298507462686,0.06523984571846848,0.8082666666666667,0.23445710339704648,2,42;137
yolo11s,0.94,5,0.46940298507462686,0.06523984571846848,0.8082666666666667,0.23445710339704648,2,42;137
yolo11s,0.9413333333333334,5,0.46940298507462686,0.06523984571846848,0.8082666666666667,0.23445710339704648,2,42;137
yolo11s,0.9426666666666667,5,0.46940298507462686,0.06523984571846848,0.8082666666666667,0.23445710339704648,2,42;137
yolo11s,0.944,5,0.46940298507462686,0.06523984571846848,0.8082666666666667,0.23445710339704648,2,42;137
yolo11s,0.9453333333333334,5,0.46940298507462686,0.06523984571846848,0.8082666666666667,0.23445710339704648,2,42;137
yolo11s,0.9466666666666667,5,0.46940298507462686,0.06523984571846848,0.8082666666666667,0.23445710339704648,2,42;137
yolo11s,0.948,5,0.46940298507462686,0.06523984571846848,0.8082666666666667,0.23445710339704648,2,42;137
yolo11s,0.9493333333333334,5,0.46940298507462686,0.06523984571846848,0.8082666666666667,0.23445710339704648,2,42;137
yolo11s,0.9506666666666667,5,0.4701492537313433,0.06606690749860364,0.8149333333333333,0.23876794871450677,2,42;137
yolo11s,0.952,5,0.4701492537313433,0.06606690749860364,0.8149333333333333,0.23876794871450677,2,42;137
yolo11s,0.9533333333333334,5,0.4701492537313433,0.06606690749860364,0.8149333333333333,0.23876794871450677,2,42;137
yolo11s,0.9546666666666667,5,0.4701492537313433,0.06606690749860364,0.8149333333333333,0.23876794871450677,2,42;137
yolo11s,0.956,5,0.4701492537313433,0.06606690749860364,0.8149333333333333,0.23876794871450677,2,42;137
yolo11s,0.9573333333333334,5,0.4701492537313433,0.06606690749860364,0.8149333333333333,0.23876794871450677,2,42;137
yolo11s,0.9586666666666667,5,0.4701492537313433,0.06606690749860364,0.8149333333333333,0.23876794871450677,2,42;137
yolo11s,0.96,5,0.4701492537313433,0.06606690749860364,0.8149333333333333,0.23876794871450677,2,42;137
yolo11s,0.9613333333333334,5,0.4701492537313433,0.06606690749860364,0.8149333333333333,0.23876794871450677,2,42;137
yolo11s,0.9626666666666667,5,0.4708955223880597,0.06624579409305119,0.8197333333333333,0.2420952980405306,2,42;137
yolo11s,0.964,5,0.4708955223880597,0.06624579409305119,0.8197333333333333,0.2420952980405306,2,42;137
yolo11s,0.9653333333333334,5,0.4708955223880597,0.06624579409305119,0.8197333333333333,0.2420952980405306,2,42;137
yolo11s,0.9666666666666667,5,0.4708955223880597,0.06624579409305119,0.8197333333333333,0.2420952980405306,2,42;137
yolo11s,0.968,5,0.47164179104477616,0.06646610694699062,0.8208,0.24289293480415972,2,42;137
yolo11s,0.9693333333333334,5,0.47164179104477616,0.06646610694699062,0.8208,0.24289293480415972,2,42;137
yolo11s,0.9706666666666667,5,0.47238805970149256,0.06729878716803345,0.8248000000000001,0.24571455887766286,2,42;137
yolo11s,0.972,5,0.47238805970149256,0.06729878716803345,0.8248000000000001,0.24571455887766286,2,42;137
yolo11s,0.9733333333333334,5,0.47238805970149256,0.06729878716803345,0.8248000000000001,0.24571455887766286,2,42;137
yolo11s,0.9746666666666667,5,0.47238805970149256,0.06729878716803345,0.8248000000000001,0.24571455887766286,2,42;137
yolo11s,0.976,5,0.47238805970149256,0.06729878716803345,0.8248000000000001,0.24571455887766286,2,42;137
yolo11s,0.9773333333333334,5,0.47238805970149256,0.06729878716803345,0.8248000000000001,0.24571455887766286,2,42;137
yolo11s,0.9786666666666667,5,0.473134328358209,0.06790634726016316,0.8330666666666666,0.2510836956519125,2,42;137
yolo11s,0.98,5,0.473134328358209,0.06790634726016316,0.8330666666666666,0.2510836956519125,2,42;137
yolo11s,0.9813333333333333,5,0.473134328358209,0.06790634726016316,0.8330666666666666,0.2510836956519125,2,42;137
yolo11s,0.9826666666666667,5,0.473134328358209,0.06790634726016316,0.8330666666666666,0.2510836956519125,2,42;137
yolo11s,0.984,5,0.473134328358209,0.06790634726016316,0.8330666666666666,0.2510836956519125,2,42;137
yolo11s,0.9853333333333333,5,0.473134328358209,0.06790634726016316,0.8330666666666666,0.2510836956519125,2,42;137
yolo11s,0.9866666666666667,5,0.47388059701492546,0.06854915324952925,0.8346666666666668,0.25226617336103985,2,42;137
yolo11s,0.988,5,0.47388059701492546,0.06854915324952925,0.8346666666666668,0.25226617336103985,2,42;137
yolo11s,0.9893333333333333,5,0.47388059701492546,0.06854915324952925,0.8346666666666668,0.25226617336103985,2,42;137
yolo11s,0.9906666666666667,5,0.47388059701492546,0.06854915324952925,0.8346666666666668,0.25226617336103985,2,42;137
yolo11s,0.992,5,0.47388059701492546,0.06854915324952925,0.8346666666666668,0.25226617336103985,2,42;137
yolo11s,0.9933333333333333,5,0.47388059701492546,0.06854915324952925,0.8346666666666668,0.25226617336103985,2,42;137
yolo11s,0.9946666666666667,5,0.47388059701492546,0.06854915324952925,0.8346666666666668,0.25226617336103985,2,42;137
yolo11s,0.996,5,0.47388059701492546,0.06854915324952925,0.8346666666666668,0.25226617336103985,2,42;137
yolo11s,0.9973333333333333,5,0.47388059701492546,0.06854915324952925,0.8346666666666668,0.25226617336103985,2,42;137
yolo11s,0.9986666666666667,5,0.47388059701492546,0.06854915324952925,0.8346666666666668,0.25226617336103985,2,42;137
yolo11s,1.0,5,0.47388059701492546,0.06854915324952925,0.8346666666666668,0.25226617336103985,2,42;137
yolo11s,1.0013333333333334,5,0.47388059701492546,0.06854915324952925,0.8346666666666668,0.25226617336103985,2,42;137
yolo11s,1.0026666666666666,5,0.47388059701492546,0.06854915324952925,0.8346666666666668,0.25226617336103985,2,42;137
yolo11s,1.004,5,0.47388059701492546,0.06854915324952925,0.8346666666666668,0.25226617336103985,2,42;137
yolo11s,1.0053333333333334,5,0.47388059701492546,0.06854915324952925,0.8346666666666668,0.25226617336103985,2,42;137
yolo11s,1.0066666666666666,5,0.47388059701492546,0.06854915324952925,0.8346666666666668,0.25226617336103985,2,42;137
yolo11s,1.008,5,0.47388059701492546,0.06854915324952925,0.8346666666666668,0.25226617336103985,2,42;137
yolo11s,1.0093333333333334,5,0.47388059701492546,0.06854915324952925,0.8346666666666668,0.25226617336103985,2,42;137
yolo11s,1.0106666666666666,5,0.47388059701492546,0.06854915324952925,0.8346666666666668,0.25226617336103985,2,42;137
yolo11s,1.012,5,0.4746268656716418,0.06877220980285058,0.8434666666666667,0.25876389925094956,2,42;137
yolo11s,1.0133333333333334,5,0.4746268656716418,0.06877220980285058,0.8434666666666667,0.25876389925094956,2,42;137
yolo11s,1.0146666666666666,5,0.4746268656716418,0.06877220980285058,0.8434666666666667,0.25876389925094956,2,42;137
yolo11s,1.016,5,0.4746268656716418,0.06877220980285058,0.8434666666666667,0.25876389925094956,2,42;137
yolo11s,1.0173333333333334,5,0.4746268656716418,0.06877220980285058,0.8434666666666667,0.25876389925094956,2,42;137
yolo11s,1.0186666666666666,5,0.4746268656716418,0.06877220980285058,0.8434666666666667,0.25876389925094956,2,42;137
yolo11s,1.02,5,0.4746268656716418,0.06877220980285058,0.8434666666666667,0.25876389925094956,2,42;137
yolo11s,1.0213333333333334,5,0.4746268656716418,0.06877220980285058,0.8434666666666667,0.25876389925094956,2,42;137
yolo11s,1.0226666666666666,5,0.4746268656716418,0.06877220980285058,0.8434666666666667,0.25876389925094956,2,42;137
yolo11s,1.024,5,0.4746268656716418,0.06877220980285058,0.8434666666666667,0.25876389925094956,2,42;137
yolo11s,1.0253333333333334,5,0.4753731343283582,0.06943708037487506,0.8512000000000001,0.26462484976114986,2,42;137
yolo11s,1.0266666666666666,5,0.4753731343283582,0.06943708037487506,0.8512000000000001,0.26462484976114986,2,42;137
yolo11s,1.028,5,0.4753731343283582,0.06943708037487506,0.8512000000000001,0.26462484976114986,2,42;137
yolo11s,1.0293333333333334,5,0.47611940298507466,0.07013535905580287,0.852,0.26528810334762054,2,42;137
yolo11s,1.0306666666666666,5,0.47686567164179106,0.07091515831763939,0.8640000000000001,0.2732357549402673,2,42;137
yolo11s,1.032,5,0.47686567164179106,0.07091515831763939,0.8640000000000001,0.2732357549402673,3,42;137;314
yolo11s,1.0333333333333334,5,0.47686567164179106,0.07091515831763939,0.8640000000000001,0.2732357549402673,3,42;137;314
yolo11s,1.0346666666666666,5,0.47686567164179106,0.07091515831763939,0.8640000000000001,0.2732357549402673,3,42;137;314
yolo11s,1.036,5,0.47686567164179106,0.07091515831763939,0.8640000000000001,0.2732357549402673,3,42;137;314
yolo11s,1.0373333333333334,5,0.47686567164179106,0.07091515831763939,0.8640000000000001,0.2732357549402673,3,42;137;314
yolo11s,1.0386666666666666,5,0.47686567164179106,0.07091515831763939,0.8640000000000001,0.2732357549402673,3,42;137;314
yolo11s,1.04,5,0.47686567164179106,0.07091515831763939,0.8640000000000001,0.2732357549402673,3,42;137;314
yolo11s,1.0413333333333334,5,0.4776119402985075,0.0716281858972107,0.8664000000000002,0.27509739689385976,3,42;137;314
yolo11s,1.0426666666666666,5,0.4776119402985075,0.0716281858972107,0.8664000000000002,0.27509739689385976,3,42;137;314
yolo11s,1.044,5,0.4776119402985075,0.0716281858972107,0.8664000000000002,0.27509739689385976,3,42;137;314
yolo11s,1.0453333333333332,5,0.4776119402985075,0.0716281858972107,0.8664000000000002,0.27509739689385976,3,42;137;314
yolo11s,1.0466666666666666,5,0.4776119402985075,0.0716281858972107,0.8664000000000002,0.27509739689385976,3,42;137;314
yolo11s,1.048,5,0.4776119402985075,0.0716281858972107,0.8664000000000002,0.27509739689385976,3,42;137;314
yolo11s,1.0493333333333332,5,0.4776119402985075,0.0716281858972107,0.8664000000000002,0.27509739689385976,3,42;137;314
yolo11s,1.0506666666666666,5,0.4776119402985075,0.0716281858972107,0.8664000000000002,0.27509739689385976,3,42;137;314
yolo11s,1.052,5,0.4776119402985075,0.0716281858972107,0.8664000000000002,0.27509739689385976,3,42;137;314
yolo11s,1.0533333333333332,5,0.4776119402985075,0.0716281858972107,0.8664000000000002,0.27509739689385976,3,42;137;314
yolo11s,1.0546666666666666,5,0.4776119402985075,0.0716281858972107,0.8664000000000002,0.27509739689385976,3,42;137;314
yolo11s,1.056,5,0.4776119402985075,0.0716281858972107,0.8664000000000002,0.27509739689385976,3,42;137;314
yolo11s,1.0573333333333332,5,0.4776119402985075,0.0716281858972107,0.8664000000000002,0.27509739689385976,3,42;137;314
yolo11s,1.0586666666666666,5,0.4776119402985075,0.0716281858972107,0.8664000000000002,0.27509739689385976,3,42;137;314
yolo11s,1.06,5,0.4776119402985075,0.0716281858972107,0.8664000000000002,0.27509739689385976,3,42;137;314
yolo11s,1.0613333333333332,5,0.4776119402985075,0.0716281858972107,0.8664000000000002,0.27509739689385976,3,42;137;314
yolo11s,1.0626666666666666,5,0.4776119402985075,0.0716281858972107,0.8664000000000002,0.27509739689385976,3,42;137;314
yolo11s,1.064,5,0.4776119402985075,0.0716281858972107,0.8664000000000002,0.27509739689385976,3,42;137;314
yolo11s,1.0653333333333332,5,0.4776119402985075,0.0716281858972107,0.8664000000000002,0.27509739689385976,3,42;137;314
yolo11s,1.0666666666666667,5,0.4776119402985075,0.0716281858972107,0.8664000000000002,0.27509739689385976,3,42;137;314
yolo11s,1.068,5,0.4776119402985075,0.0716281858972107,0.8664000000000002,0.27509739689385976,3,42;137;314
yolo11s,1.0693333333333332,5,0.4776119402985075,0.0716281858972107,0.8664000000000002,0.27509739689385976,3,42;137;314
yolo11s,1.0706666666666667,5,0.4776119402985075,0.0716281858972107,0.8664000000000002,0.27509739689385976,3,42;137;314
yolo11s,1.072,5,0.4776119402985075,0.0716281858972107,0.8664000000000002,0.27509739689385976,3,42;137;314
yolo11s,1.0733333333333333,5,0.4776119402985075,0.0716281858972107,0.8664000000000002,0.27509739689385976,3,42;137;314
yolo11s,1.0746666666666667,5,0.4776119402985075,0.0716281858972107,0.8664000000000002,0.27509739689385976,3,42;137;314
yolo11s,1.076,5,0.4776119402985075,0.0716281858972107,0.8664000000000002,0.27509739689385976,3,42;137;314
yolo11s,1.0773333333333333,5,0.4776119402985075,0.0716281858972107,0.8664000000000002,0.27509739689385976,3,42;137;314
yolo11s,1.0786666666666667,5,0.4776119402985075,0.0716281858972107,0.8664000000000002,0.27509739689385976,3,42;137;314
yolo11s,1.08,5,0.4776119402985075,0.0716281858972107,0.8664000000000002,0.27509739689385976,3,42;137;314
yolo11s,1.0813333333333333,5,0.4776119402985075,0.0716281858972107,0.8664000000000002,0.27509739689385976,3,42;137;314
yolo11s,1.0826666666666667,5,0.4776119402985075,0.0716281858972107,0.8664000000000002,0.27509739689385976,3,42;137;314
yolo11s,1.084,5,0.4776119402985075,0.0716281858972107,0.8664000000000002,0.27509739689385976,3,42;137;314
yolo11s,1.0853333333333333,5,0.47835820895522385,0.07242074965826317,0.8773333333333333,0.28419398695648407,3,42;137;314
yolo11s,1.0866666666666667,5,0.47835820895522385,0.07242074965826317,0.8773333333333333,0.28419398695648407,3,42;137;314
yolo11s,1.088,5,0.47835820895522385,0.07242074965826317,0.8773333333333333,0.28419398695648407,3,42;137;314
yolo11s,1.0893333333333333,5,0.47835820895522385,0.07242074965826317,0.8773333333333333,0.28419398695648407,3,42;137;314
yolo11s,1.0906666666666667,5,0.47835820895522385,0.07242074965826317,0.8773333333333333,0.28419398695648407,4,42;137;271;314
yolo11s,1.092,5,0.47835820895522385,0.07242074965826317,0.8773333333333333,0.28419398695648407,4,42;137;271;314
yolo11s,1.0933333333333333,5,0.4791044776119403,0.07314765337031884,0.8877333333333333,0.2925252505720185,4,42;137;271;314
yolo11s,1.0946666666666667,5,0.4791044776119403,0.07314765337031884,0.8877333333333333,0.2925252505720185,4,42;137;271;314
yolo11s,1.096,5,0.4791044776119403,0.07314765337031884,0.8877333333333333,0.2925252505720185,4,42;137;271;314
yolo11s,1.0973333333333333,5,0.4791044776119403,0.07314765337031884,0.8877333333333333,0.2925252505720185,4,42;137;271;314
yolo11s,1.0986666666666667,5,0.4791044776119403,0.07314765337031884,0.8877333333333333,0.2925252505720185,4,42;137;271;314
yolo11s,1.1,5,0.4791044776119403,0.07314765337031884,0.8877333333333333,0.2925252505720185,4,42;137;271;314
yolo11s,1.1013333333333333,5,0.4791044776119403,0.07314765337031884,0.8877333333333333,0.2925252505720185,4,42;137;271;314
yolo11s,1.1026666666666667,5,0.4791044776119403,0.07314765337031884,0.8877333333333333,0.2925252505720185,4,42;137;271;314
yolo11s,1.104,5,0.4791044776119403,0.07314765337031884,0.8877333333333333,0.2925252505720185,4,42;137;271;314
yolo11s,1.1053333333333333,5,0.4791044776119403,0.07314765337031884,0.8877333333333333,0.2925252505720185,4,42;137;271;314
yolo11s,1.1066666666666667,5,0.4791044776119403,0.07314765337031884,0.8877333333333333,0.2925252505720185,4,42;137;271;314
yolo11s,1.108,5,0.4791044776119403,0.07314765337031884,0.8877333333333333,0.2925252505720185,4,42;137;271;314
yolo11s,1.1093333333333333,5,0.4791044776119403,0.07314765337031884,0.8877333333333333,0.2925252505720185,4,42;137;271;314
yolo11s,1.1106666666666667,5,0.4791044776119403,0.07314765337031884,0.8877333333333333,0.2925252505720185,4,42;137;271;314
yolo11s,1.112,5,0.4791044776119403,0.07314765337031884,0.8877333333333333,0.2925252505720185,4,42;137;271;314
yolo11s,1.1133333333333333,5,0.4791044776119403,0.07314765337031884,0.8877333333333333,0.2925252505720185,4,42;137;271;314
yolo11s,1.1146666666666667,5,0.4791044776119403,0.07314765337031884,0.8877333333333333,0.2925252505720185,4,42;137;271;314
yolo11s,1.116,5,0.4791044776119403,0.07314765337031884,0.8877333333333333,0.2925252505720185,4,42;137;271;314
yolo11s,1.1173333333333333,5,0.4791044776119403,0.07314765337031884,0.8877333333333333,0.2925252505720185,4,42;137;271;314
yolo11s,1.1186666666666667,5,0.4791044776119403,0.07314765337031884,0.8877333333333333,0.2925252505720185,4,42;137;271;314
yolo11s,1.12,5,0.4791044776119403,0.07314765337031884,0.8877333333333333,0.2925252505720185,4,42;137;271;314
yolo11s,1.1213333333333333,5,0.4791044776119403,0.07314765337031884,0.8877333333333333,0.2925252505720185,4,42;137;271;314
yolo11s,1.1226666666666667,5,0.4791044776119403,0.07314765337031884,0.8877333333333333,0.2925252505720185,4,42;137;271;314
yolo11s,1.124,5,0.4791044776119403,0.07314765337031884,0.8877333333333333,0.2925252505720185,4,42;137;271;314
yolo11s,1.1253333333333333,5,0.4791044776119403,0.07314765337031884,0.8877333333333333,0.2925252505720185,4,42;137;271;314
yolo11s,1.1266666666666667,5,0.4791044776119403,0.07314765337031884,0.8877333333333333,0.2925252505720185,4,42;137;271;314
yolo11s,1.128,5,0.4791044776119403,0.07314765337031884,0.8877333333333333,0.2925252505720185,4,42;137;271;314
yolo11s,1.1293333333333333,5,0.4791044776119403,0.07314765337031884,0.8877333333333333,0.2925252505720185,4,42;137;271;314
yolo11s,1.1306666666666667,5,0.4791044776119403,0.07314765337031884,0.8877333333333333,0.2925252505720185,4,42;137;271;314
yolo11s,1.132,5,0.4791044776119403,0.07314765337031884,0.8877333333333333,0.2925252505720185,4,42;137;271;314
yolo11s,1.1333333333333333,5,0.4791044776119403,0.07314765337031884,0.8877333333333333,0.2925252505720185,4,42;137;271;314
yolo11s,1.1346666666666667,5,0.4791044776119403,0.07314765337031884,0.8877333333333333,0.2925252505720185,4,42;137;271;314
yolo11s,1.136,5,0.4791044776119403,0.07314765337031884,0.8877333333333333,0.2925252505720185,4,42;137;271;314
yolo11s,1.1373333333333333,5,0.4791044776119403,0.07314765337031884,0.8877333333333333,0.2925252505720185,4,42;137;271;314
yolo11s,1.1386666666666667,5,0.4798507462686567,0.07390509167292725,0.8968,0.3010686152874642,4,42;137;271;314
yolo11s,1.14,5,0.4798507462686567,0.07390509167292725,0.8968,0.3010686152874642,4,42;137;271;314
yolo11s,1.1413333333333333,5,0.4798507462686567,0.07390509167292725,0.8968,0.3010686152874642,4,42;137;271;314
yolo11s,1.1426666666666667,5,0.4798507462686567,0.07390509167292725,0.8968,0.3010686152874642,4,42;137;271;314
yolo11s,1.144,5,0.4798507462686567,0.07390509167292725,0.8968,0.3010686152874642,4,42;137;271;314
yolo11s,1.1453333333333333,5,0.4798507462686567,0.07390509167292725,0.8968,0.3010686152874642,4,42;137;271;314
yolo11s,1.1466666666666667,5,0.4798507462686567,0.07390509167292725,0.8968,0.3010686152874642,4,42;137;271;314
yolo11s,1.148,5,0.4798507462686567,0.07390509167292725,0.8968,0.3010686152874642,4,42;137;271;314
yolo11s,1.1493333333333333,5,0.4798507462686567,0.07390509167292725,0.8968,0.3010686152874642,4,42;137;271;314
yolo11s,1.1506666666666667,5,0.4798507462686567,0.07390509167292725,0.8968,0.3010686152874642,4,42;137;271;314
yolo11s,1.152,5,0.4798507462686567,0.07390509167292725,0.8968,0.3010686152874642,4,42;137;271;314
yolo11s,1.1533333333333333,5,0.4798507462686567,0.07390509167292725,0.8968,0.3010686152874642,4,42;137;271;314
yolo11s,1.1546666666666667,5,0.4798507462686567,0.07390509167292725,0.8968,0.3010686152874642,4,42;137;271;314
yolo11s,1.156,5,0.4798507462686567,0.07390509167292725,0.8968,0.3010686152874642,4,42;137;271;314
yolo11s,1.1573333333333333,5,0.4798507462686567,0.07390509167292725,0.8968,0.3010686152874642,4,42;137;271;314
yolo11s,1.1586666666666667,5,0.4798507462686567,0.07390509167292725,0.8968,0.3010686152874642,4,42;137;271;314
yolo11s,1.16,5,0.4798507462686567,0.07390509167292725,0.8968,0.3010686152874642,4,42;137;271;314
yolo11s,1.1613333333333333,5,0.4798507462686567,0.07390509167292725,0.8968,0.3010686152874642,4,42;137;271;314
yolo11s,1.1626666666666667,5,0.4798507462686567,0.07390509167292725,0.8968,0.3010686152874642,4,42;137;271;314
yolo11s,1.164,5,0.4798507462686567,0.07390509167292725,0.8968,0.3010686152874642,4,42;137;271;314
yolo11s,1.1653333333333333,5,0.4798507462686567,0.07390509167292725,0.8968,0.3010686152874642,4,42;137;271;314
yolo11s,2.0,5,0.4798507462686567,0.07390509167292725,0.8968,0.3010686152874642,5,17;42;137;271;314
