detector,selection_split,beta,recall_to_precision_weight,candidate_threshold,canonical_selected_threshold,canonical_selection_rule,f_beta_ci_lower,near_optimal_lcb_tolerance,in_near_optimal_plateau,near_optimal_plateau_start,near_optimal_plateau_end,near_optimal_plateau_width,near_optimal_plateau_candidate_count,bootstrap_selection_count,bootstrap_selection_frequency,bootstrap_resamples,bootstrap_selection_rule,tie_breaker
faster_rcnn,validation,1.0,1.0,0.01,0.69,maximum_lower_confidence_bound_f_beta,0.054577444130650875,0.01,False,0.64,0.7,0.06,7,0,0.0,2000,maximum_bootstrap_mean_f_beta,highest_threshold
faster_rcnn,validation,1.0,1.0,0.02,0.69,maximum_lower_confidence_bound_f_beta,0.07255847013475962,0.01,False,0.64,0.7,0.06,7,0,0.0,2000,maximum_bootstrap_mean_f_beta,highest_threshold
faster_rcnn,validation,1.0,1.0,0.03,0.69,maximum_lower_confidence_bound_f_beta,0.0859175164324771,0.01,False,0.64,0.7,0.06,7,0,0.0,2000,maximum_bootstrap_mean_f_beta,highest_threshold
faster_rcnn,validation,1.0,1.0,0.04,0.69,maximum_lower_confidence_bound_f_beta,0.0956113144367332,0.01,False,0.64,0.7,0.06,7,0,0.0,2000,maximum_bootstrap_mean_f_beta,highest_threshold
faster_rcnn,validation,1.0,1.0,0.05,0.69,maximum_lower_confidence_bound_f_beta,0.1045749939300368,0.01,False,0.64,0.7,0.06,7,0,0.0,2000,maximum_bootstrap_mean_f_beta,highest_threshold
faster_rcnn,validation,1.0,1.0,0.06,0.69,maximum_lower_confidence_bound_f_beta,0.11035263680619281,0.01,False,0.64,0.7,0.06,7,0,0.0,2000,maximum_bootstrap_mean_f_beta,highest_threshold
faster_rcnn,validation,1.0,1.0,0.07,0.69,maximum_lower_confidence_bound_f_beta,0.11752913793462563,0.01,False,0.64,0.7,0.06,7,0,0.0,2000,maximum_bootstrap_mean_f_beta,highest_threshold
faster_rcnn,validation,1.0,1.0,0.08,0.69,maximum_lower_confidence_bound_f_beta,0.12446237996060619,0.01,False,0.64,0.7,0.06,7,0,0.0,2000,maximum_bootstrap_mean_f_beta,highest_threshold
faster_rcnn,validation,1.0,1.0,0.09,0.69,maximum_lower_confidence_bound_f_beta,0.1305698717314604,0.01,False,0.64,0.7,0.06,7,0,0.0,2000,maximum_bootstrap_mean_f_beta,highest_threshold
faster_rcnn,validation,1.0,1.0,0.1,0.69,maximum_lower_confidence_bound_f_beta,0.13529885530771932,0.01,False,0.64,0.7,0.06,7,0,0.0,2000,maximum_bootstrap_mean_f_beta,highest_threshold
faster_rcnn,validation,1.0,1.0,0.11,0.69,maximum_lower_confidence_bound_f_beta,0.1399745751349018,0.01,False,0.64,0.7,0.06,7,0,0.0,2000,maximum_bootstrap_mean_f_beta,highest_threshold
faster_rcnn,validation,1.0,1.0,0.12,0.69,maximum_lower_confidence_bound_f_beta,0.14440495781962864,0.01,False,0.64,0.7,0.06,7,0,0.0,2000,maximum_bootstrap_mean_f_beta,highest_threshold
faster_rcnn,validation,1.0,1.0,0.13,0.69,maximum_lower_confidence_bound_f_beta,0.14999783362218372,0.01,False,0.64,0.7,0.06,7,0,0.0,2000,maximum_bootstrap_mean_f_beta,highest_threshold
faster_rcnn,validation,1.0,1.0,0.14,0.69,maximum_lower_confidence_bound_f_beta,0.15551863046937633,0.01,False,0.64,0.7,0.06,7,0,0.0,2000,maximum_bootstrap_mean_f_beta,highest_threshold
faster_rcnn,validation,1.0,1.0,0.15,0.69,maximum_lower_confidence_bound_f_beta,0.15779205427128648,0.01,False,0.64,0.7,0.06,7,0,0.0,2000,maximum_bootstrap_mean_f_beta,highest_threshold
faster_rcnn,validation,1.0,1.0,0.16,0.69,maximum_lower_confidence_bound_f_beta,0.16304923734836524,0.01,False,0.64,0.7,0.06,7,0,0.0,2000,maximum_bootstrap_mean_f_beta,highest_threshold
faster_rcnn,validation,1.0,1.0,0.17,0.69,maximum_lower_confidence_bound_f_beta,0.1656122589287764,0.01,False,0.64,0.7,0.06,7,0,0.0,2000,maximum_bootstrap_mean_f_beta,highest_threshold
faster_rcnn,validation,1.0,1.0,0.18,0.69,maximum_lower_confidence_bound_f_beta,0.17013082806152677,0.01,False,0.64,0.7,0.06,7,0,0.0,2000,maximum_bootstrap_mean_f_beta,highest_threshold
faster_rcnn,validation,1.0,1.0,0.19,0.69,maximum_lower_confidence_bound_f_beta,0.17414900891580568,0.01,False,0.64,0.7,0.06,7,0,0.0,2000,maximum_bootstrap_mean_f_beta,highest_threshold
faster_rcnn,validation,1.0,1.0,0.2,0.69,maximum_lower_confidence_bound_f_beta,0.17923815270974092,0.01,False,0.64,0.7,0.06,7,0,0.0,2000,maximum_bootstrap_mean_f_beta,highest_threshold
faster_rcnn,validation,1.0,1.0,0.21,0.69,maximum_lower_confidence_bound_f_beta,0.184992304755319,0.01,False,0.64,0.7,0.06,7,0,0.0,2000,maximum_bootstrap_mean_f_beta,highest_threshold
faster_rcnn,validation,1.0,1.0,0.22,0.69,maximum_lower_confidence_bound_f_beta,0.18717424210343628,0.01,False,0.64,0.7,0.06,7,0,0.0,2000,maximum_bootstrap_mean_f_beta,highest_threshold
faster_rcnn,validation,1.0,1.0,0.23,0.69,maximum_lower_confidence_bound_f_beta,0.19230933891180182,0.01,False,0.64,0.7,0.06,7,0,0.0,2000,maximum_bootstrap_mean_f_beta,highest_threshold
faster_rcnn,validation,1.0,1.0,0.24,0.69,maximum_lower_confidence_bound_f_beta,0.19358463272359036,0.01,False,0.64,0.7,0.06,7,0,0.0,2000,maximum_bootstrap_mean_f_beta,highest_threshold
faster_rcnn,validation,1.0,1.0,0.25,0.69,maximum_lower_confidence_bound_f_beta,0.19647396263392897,0.01,False,0.64,0.7,0.06,7,0,0.0,2000,maximum_bootstrap_mean_f_beta,highest_threshold
faster_rcnn,validation,1.0,1.0,0.26,0.69,maximum_lower_confidence_bound_f_beta,0.19847181970948674,0.01,False,0.64,0.7,0.06,7,0,0.0,2000,maximum_bootstrap_mean_f_beta,highest_threshold
faster_rcnn,validation,1.0,1.0,0.27,0.69,maximum_lower_confidence_bound_f_beta,0.2010761509415927,0.01,False,0.64,0.7,0.06,7,0,0.0,2000,maximum_bootstrap_mean_f_beta,highest_threshold
faster_rcnn,validation,1.0,1.0,0.28,0.69,maximum_lower_confidence_bound_f_beta,0.2064124779745791,0.01,False,0.64,0.7,0.06,7,0,0.0,2000,maximum_bootstrap_mean_f_beta,highest_threshold
faster_rcnn,validation,1.0,1.0,0.29,0.69,maximum_lower_confidence_bound_f_beta,0.20940812434654646,0.01,False,0.64,0.7,0.06,7,0,0.0,2000,maximum_bootstrap_mean_f_beta,highest_threshold
faster_rcnn,validation,1.0,1.0,0.3,0.69,maximum_lower_confidence_bound_f_beta,0.21151914577751063,0.01,False,0.64,0.7,0.06,7,0,0.0,2000,maximum_bootstrap_mean_f_beta,highest_threshold
faster_rcnn,validation,1.0,1.0,0.31,0.69,maximum_lower_confidence_bound_f_beta,0.21639974968956313,0.01,False,0.64,0.7,0.06,7,0,0.0,2000,maximum_bootstrap_mean_f_beta,highest_threshold
faster_rcnn,validation,1.0,1.0,0.32,0.69,maximum_lower_confidence_bound_f_beta,0.22035130953669935,0.01,False,0.64,0.7,0.06,7,0,0.0,2000,maximum_bootstrap_mean_f_beta,highest_threshold
faster_rcnn,validation,1.0,1.0,0.33,0.69,maximum_lower_confidence_bound_f_beta,0.22381289156566986,0.01,False,0.64,0.7,0.06,7,0,0.0,2000,maximum_bootstrap_mean_f_beta,highest_threshold
faster_rcnn,validation,1.0,1.0,0.34,0.69,maximum_lower_confidence_bound_f_beta,0.22636729592624522,0.01,False,0.64,0.7,0.06,7,0,0.0,2000,maximum_bootstrap_mean_f_beta,highest_threshold
faster_rcnn,validation,1.0,1.0,0.35,0.69,maximum_lower_confidence_bound_f_beta,0.2299290151066894,0.01,False,0.64,0.7,0.06,7,0,0.0,2000,maximum_bootstrap_mean_f_beta,highest_threshold
faster_rcnn,validation,1.0,1.0,0.36,0.69,maximum_lower_confidence_bound_f_beta,0.23238025080090458,0.01,False,0.64,0.7,0.06,7,0,0.0,2000,maximum_bootstrap_mean_f_beta,highest_threshold
faster_rcnn,validation,1.0,1.0,0.37,0.69,maximum_lower_confidence_bound_f_beta,0.236640398934685,0.01,False,0.64,0.7,0.06,7,0,0.0,2000,maximum_bootstrap_mean_f_beta,highest_threshold
faster_rcnn,validation,1.0,1.0,0.38,0.69,maximum_lower_confidence_bound_f_beta,0.23985688608073671,0.01,False,0.64,0.7,0.06,7,0,0.0,2000,maximum_bootstrap_mean_f_beta,highest_threshold
faster_rcnn,validation,1.0,1.0,0.39,0.69,maximum_lower_confidence_bound_f_beta,0.2419003439361079,0.01,False,0.64,0.7,0.06,7,0,0.0,2000,maximum_bootstrap_mean_f_beta,highest_threshold
faster_rcnn,validation,1.0,1.0,0.4,0.69,maximum_lower_confidence_bound_f_beta,0.24020116085518287,0.01,False,0.64,0.7,0.06,7,0,0.0,2000,maximum_bootstrap_mean_f_beta,highest_threshold
faster_rcnn,validation,1.0,1.0,0.41,0.69,maximum_lower_confidence_bound_f_beta,0.24191388279827328,0.01,False,0.64,0.7,0.06,7,0,0.0,2000,maximum_bootstrap_mean_f_beta,highest_threshold
faster_rcnn,validation,1.0,1.0,0.42,0.69,maximum_lower_confidence_bound_f_beta,0.24687911435993784,0.01,False,0.64,0.7,0.06,7,0,0.0,2000,maximum_bootstrap_mean_f_beta,highest_threshold
faster_rcnn,validation,1.0,1.0,0.43,0.69,maximum_lower_confidence_bound_f_beta,0.2483121757678227,0.01,False,0.64,0.7,0.06,7,0,0.0,2000,maximum_bootstrap_mean_f_beta,highest_threshold
faster_rcnn,validation,1.0,1.0,0.44,0.69,maximum_lower_confidence_bound_f_beta,0.25322015069546105,0.01,False,0.64,0.7,0.06,7,0,0.0,2000,maximum_bootstrap_mean_f_beta,highest_threshold
faster_rcnn,validation,1.0,1.0,0.45,0.69,maximum_lower_confidence_bound_f_beta,0.2557570436409405,0.01,False,0.64,0.7,0.06,7,0,0.0,2000,maximum_bootstrap_mean_f_beta,highest_threshold
faster_rcnn,validation,1.0,1.0,0.46,0.69,maximum_lower_confidence_bound_f_beta,0.26101245082862895,0.01,False,0.64,0.7,0.06,7,0,0.0,2000,maximum_bootstrap_mean_f_beta,highest_threshold
faster_rcnn,validation,1.0,1.0,0.47,0.69,maximum_lower_confidence_bound_f_beta,0.26346541150330455,0.01,False,0.64,0.7,0.06,7,0,0.0,2000,maximum_bootstrap_mean_f_beta,highest_threshold
faster_rcnn,validation,1.0,1.0,0.48,0.69,maximum_lower_confidence_bound_f_beta,0.26771519912020303,0.01,False,0.64,0.7,0.06,7,0,0.0,2000,maximum_bootstrap_mean_f_beta,highest_threshold
faster_rcnn,validation,1.0,1.0,0.49,0.69,maximum_lower_confidence_bound_f_beta,0.27234621920503266,0.01,False,0.64,0.7,0.06,7,0,0.0,2000,maximum_bootstrap_mean_f_beta,highest_threshold
faster_rcnn,validation,1.0,1.0,0.5,0.69,maximum_lower_confidence_bound_f_beta,0.2726582723816274,0.01,False,0.64,0.7,0.06,7,0,0.0,2000,maximum_bootstrap_mean_f_beta,highest_threshold
faster_rcnn,validation,1.0,1.0,0.51,0.69,maximum_lower_confidence_bound_f_beta,0.2737010010509855,0.01,False,0.64,0.7,0.06,7,0,0.0,2000,maximum_bootstrap_mean_f_beta,highest_threshold
faster_rcnn,validation,1.0,1.0,0.52,0.69,maximum_lower_confidence_bound_f_beta,0.2780857527870723,0.01,False,0.64,0.7,0.06,7,0,0.0,2000,maximum_bootstrap_mean_f_beta,highest_threshold
faster_rcnn,validation,1.0,1.0,0.53,0.69,maximum_lower_confidence_bound_f_beta,0.2810382849356444,0.01,False,0.64,0.7,0.06,7,0,0.0,2000,maximum_bootstrap_mean_f_beta,highest_threshold
faster_rcnn,validation,1.0,1.0,0.54,0.69,maximum_lower_confidence_bound_f_beta,0.2849648121781537,0.01,False,0.64,0.7,0.06,7,0,0.0,2000,maximum_bootstrap_mean_f_beta,highest_threshold
faster_rcnn,validation,1.0,1.0,0.55,0.69,maximum_lower_confidence_bound_f_beta,0.28885410781164733,0.01,False,0.64,0.7,0.06,7,0,0.0,2000,maximum_bootstrap_mean_f_beta,highest_threshold
faster_rcnn,validation,1.0,1.0,0.56,0.69,maximum_lower_confidence_bound_f_beta,0.28952338905221137,0.01,False,0.64,0.7,0.06,7,0,0.0,2000,maximum_bootstrap_mean_f_beta,highest_threshold
faster_rcnn,validation,1.0,1.0,0.57,0.69,maximum_lower_confidence_bound_f_beta,0.2881510438997247,0.01,False,0.64,0.7,0.06,7,0,0.0,2000,maximum_bootstrap_mean_f_beta,highest_threshold
faster_rcnn,validation,1.0,1.0,0.58,0.69,maximum_lower_confidence_bound_f_beta,0.29606576214304803,0.01,False,0.64,0.7,0.06,7,0,0.0,2000,maximum_bootstrap_mean_f_beta,highest_threshold
faster_rcnn,validation,1.0,1.0,0.59,0.69,maximum_lower_confidence_bound_f_beta,0.2995948907140968,0.01,False,0.64,0.7,0.06,7,0,0.0,2000,maximum_bootstrap_mean_f_beta,highest_threshold
faster_rcnn,validation,1.0,1.0,0.6,0.69,maximum_lower_confidence_bound_f_beta,0.30790539497336616,0.01,False,0.64,0.7,0.06,7,16,0.008,2000,maximum_bootstrap_mean_f_beta,highest_threshold
faster_rcnn,validation,1.0,1.0,0.61,0.69,maximum_lower_confidence_bound_f_beta,0.31658866209799,0.01,False,0.64,0.7,0.06,7,32,0.016,2000,maximum_bootstrap_mean_f_beta,highest_threshold
faster_rcnn,validation,1.0,1.0,0.62,0.69,maximum_lower_confidence_bound_f_beta,0.3138152558666698,0.01,False,0.64,0.7,0.06,7,1,0.0005,2000,maximum_bootstrap_mean_f_beta,highest_threshold
faster_rcnn,validation,1.0,1.0,0.63,0.69,maximum_lower_confidence_bound_f_beta,0.31942773281694886,0.01,False,0.64,0.7,0.06,7,3,0.0015,2000,maximum_bootstrap_mean_f_beta,highest_threshold
faster_rcnn,validation,1.0,1.0,0.64,0.69,maximum_lower_confidence_bound_f_beta,0.32297182666182905,0.01,True,0.64,0.7,0.06,7,63,0.0315,2000,maximum_bootstrap_mean_f_beta,highest_threshold
faster_rcnn,validation,1.0,1.0,0.65,0.69,maximum_lower_confidence_bound_f_beta,0.32431574204349634,0.01,True,0.64,0.7,0.06,7,334,0.167,2000,maximum_bootstrap_mean_f_beta,highest_threshold
faster_rcnn,validation,1.0,1.0,0.66,0.69,maximum_lower_confidence_bound_f_beta,0.3288085844850944,0.01,True,0.64,0.7,0.06,7,99,0.0495,2000,maximum_bootstrap_mean_f_beta,highest_threshold
faster_rcnn,validation,1.0,1.0,0.67,0.69,maximum_lower_confidence_bound_f_beta,0.32307584269662926,0.01,True,0.64,0.7,0.06,7,6,0.003,2000,maximum_bootstrap_mean_f_beta,highest_threshold
faster_rcnn,validation,1.0,1.0,0.68,0.69,maximum_lower_confidence_bound_f_beta,0.32737245484281063,0.01,True,0.64,0.7,0.06,7,60,0.03,2000,maximum_bootstrap_mean_f_beta,highest_threshold
faster_rcnn,validation,1.0,1.0,0.69,0.69,maximum_lower_confidence_bound_f_beta,0.3321769481040093,0.01,True,0.64,0.7,0.06,7,495,0.2475,2000,maximum_bootstrap_mean_f_beta,highest_threshold
faster_rcnn,validation,1.0,1.0,0.7,0.69,maximum_lower_confidence_bound_f_beta,0.3296225043991223,0.01,True,0.64,0.7,0.06,7,570,0.285,2000,maximum_bootstrap_mean_f_beta,highest_threshold
faster_rcnn,validation,1.0,1.0,0.71,0.69,maximum_lower_confidence_bound_f_beta,0.31366367403930034,0.01,False,0.64,0.7,0.06,7,21,0.0105,2000,maximum_bootstrap_mean_f_beta,highest_threshold
faster_rcnn,validation,1.0,1.0,0.72,0.69,maximum_lower_confidence_bound_f_beta,0.2750924872119368,0.01,False,0.64,0.7,0.06,7,13,0.0065,2000,maximum_bootstrap_mean_f_beta,highest_threshold
faster_rcnn,validation,1.0,1.0,0.73,0.69,maximum_lower_confidence_bound_f_beta,0.26139630477159076,0.01,False,0.64,0.7,0.06,7,11,0.0055,2000,maximum_bootstrap_mean_f_beta,highest_threshold
faster_rcnn,validation,1.0,1.0,0.74,0.69,maximum_lower_confidence_bound_f_beta,0.22857204484151103,0.01,False,0.64,0.7,0.06,7,138,0.069,2000,maximum_bootstrap_mean_f_beta,highest_threshold
faster_rcnn,validation,1.0,1.0,0.75,0.69,maximum_lower_confidence_bound_f_beta,0.18577961482763694,0.01,False,0.64,0.7,0.06,7,90,0.045,2000,maximum_bootstrap_mean_f_beta,highest_threshold
faster_rcnn,validation,1.0,1.0,0.76,0.69,maximum_lower_confidence_bound_f_beta,0.13423034330011077,0.01,False,0.64,0.7,0.06,7,12,0.006,2000,maximum_bootstrap_mean_f_beta,highest_threshold
faster_rcnn,validation,1.0,1.0,0.77,0.69,maximum_lower_confidence_bound_f_beta,0.10711446239273101,0.01,False,0.64,0.7,0.06,7,2,0.001,2000,maximum_bootstrap_mean_f_beta,highest_threshold
faster_rcnn,validation,1.0,1.0,0.78,0.69,maximum_lower_confidence_bound_f_beta,0.06618509762717802,0.01,False,0.64,0.7,0.06,7,9,0.0045,2000,maximum_bootstrap_mean_f_beta,highest_threshold
faster_rcnn,validation,1.0,1.0,0.79,0.69,maximum_lower_confidence_bound_f_beta,0.02629281537176278,0.01,False,0.64,0.7,0.06,7,0,0.0,2000,maximum_bootstrap_mean_f_beta,highest_threshold
faster_rcnn,validation,1.0,1.0,0.8,0.69,maximum_lower_confidence_bound_f_beta,0.02009674306695573,0.01,False,0.64,0.7,0.06,7,17,0.0085,2000,maximum_bootstrap_mean_f_beta,highest_threshold
faster_rcnn,validation,1.0,1.0,0.81,0.69,maximum_lower_confidence_bound_f_beta,0.0,0.01,False,0.64,0.7,0.06,7,8,0.004,2000,maximum_bootstrap_mean_f_beta,highest_threshold
faster_rcnn,validation,1.0,1.0,0.82,0.69,maximum_lower_confidence_bound_f_beta,0.0,0.01,False,0.64,0.7,0.06,7,0,0.0,2000,maximum_bootstrap_mean_f_beta,highest_threshold
faster_rcnn,validation,1.0,1.0,0.83,0.69,maximum_lower_confidence_bound_f_beta,0.0,0.01,False,0.64,0.7,0.06,7,0,0.0,2000,maximum_bootstrap_mean_f_beta,highest_threshold
faster_rcnn,validation,1.0,1.0,0.84,0.69,maximum_lower_confidence_bound_f_beta,0.0,0.01,False,0.64,0.7,0.06,7,0,0.0,2000,maximum_bootstrap_mean_f_beta,highest_threshold
faster_rcnn,validation,1.0,1.0,0.85,0.69,maximum_lower_confidence_bound_f_beta,0.0,0.01,False,0.64,0.7,0.06,7,0,0.0,2000,maximum_bootstrap_mean_f_beta,highest_threshold
faster_rcnn,validation,1.0,1.0,0.86,0.69,maximum_lower_confidence_bound_f_beta,0.0,0.01,False,0.64,0.7,0.06,7,0,0.0,2000,maximum_bootstrap_mean_f_beta,highest_threshold
faster_rcnn,validation,1.0,1.0,0.87,0.69,maximum_lower_confidence_bound_f_beta,0.0,0.01,False,0.64,0.7,0.06,7,0,0.0,2000,maximum_bootstrap_mean_f_beta,highest_threshold
faster_rcnn,validation,1.0,1.0,0.88,0.69,maximum_lower_confidence_bound_f_beta,0.0,0.01,False,0.64,0.7,0.06,7,0,0.0,2000,maximum_bootstrap_mean_f_beta,highest_threshold
faster_rcnn,validation,1.0,1.0,0.89,0.69,maximum_lower_confidence_bound_f_beta,0.0,0.01,False,0.64,0.7,0.06,7,0,0.0,2000,maximum_bootstrap_mean_f_beta,highest_threshold
faster_rcnn,validation,1.0,1.0,0.9,0.69,maximum_lower_confidence_bound_f_beta,0.0,0.01,False,0.64,0.7,0.06,7,0,0.0,2000,maximum_bootstrap_mean_f_beta,highest_threshold
faster_rcnn,validation,1.0,1.0,0.91,0.69,maximum_lower_confidence_bound_f_beta,0.0,0.01,False,0.64,0.7,0.06,7,0,0.0,2000,maximum_bootstrap_mean_f_beta,highest_threshold
faster_rcnn,validation,1.0,1.0,0.92,0.69,maximum_lower_confidence_bound_f_beta,0.0,0.01,False,0.64,0.7,0.06,7,0,0.0,2000,maximum_bootstrap_mean_f_beta,highest_threshold
faster_rcnn,validation,1.0,1.0,0.93,0.69,maximum_lower_confidence_bound_f_beta,0.0,0.01,False,0.64,0.7,0.06,7,0,0.0,2000,maximum_bootstrap_mean_f_beta,highest_threshold
faster_rcnn,validation,1.0,1.0,0.94,0.69,maximum_lower_confidence_bound_f_beta,0.0,0.01,False,0.64,0.7,0.06,7,0,0.0,2000,maximum_bootstrap_mean_f_beta,highest_threshold
faster_rcnn,validation,1.0,1.0,0.95,0.69,maximum_lower_confidence_bound_f_beta,0.0,0.01,False,0.64,0.7,0.06,7,0,0.0,2000,maximum_bootstrap_mean_f_beta,highest_threshold
faster_rcnn,validation,1.0,1.0,0.96,0.69,maximum_lower_confidence_bound_f_beta,0.0,0.01,False,0.64,0.7,0.06,7,0,0.0,2000,maximum_bootstrap_mean_f_beta,highest_threshold
faster_rcnn,validation,1.0,1.0,0.97,0.69,maximum_lower_confidence_bound_f_beta,0.0,0.01,False,0.64,0.7,0.06,7,0,0.0,2000,maximum_bootstrap_mean_f_beta,highest_threshold
faster_rcnn,validation,1.0,1.0,0.98,0.69,maximum_lower_confidence_bound_f_beta,0.0,0.01,False,0.64,0.7,0.06,7,0,0.0,2000,maximum_bootstrap_mean_f_beta,highest_threshold
faster_rcnn,validation,1.0,1.0,0.99,0.69,maximum_lower_confidence_bound_f_beta,0.0,0.01,False,0.64,0.7,0.06,7,0,0.0,2000,maximum_bootstrap_mean_f_beta,highest_threshold
faster_rcnn,validation,3.0,9.0,0.01,0.33,maximum_lower_confidence_bound_f_beta,0.2173061007690976,0.01,False,0.27,0.39,0.12,13,0,0.0,2000,maximum_bootstrap_mean_f_beta,highest_threshold
faster_rcnn,validation,3.0,9.0,0.02,0.33,maximum_lower_confidence_bound_f_beta,0.26722823577994176,0.01,False,0.27,0.39,0.12,13,0,0.0,2000,maximum_bootstrap_mean_f_beta,highest_threshold
faster_rcnn,validation,3.0,9.0,0.03,0.33,maximum_lower_confidence_bound_f_beta,0.2999611480497265,0.01,False,0.27,0.39,0.12,13,0,0.0,2000,maximum_bootstrap_mean_f_beta,highest_threshold
faster_rcnn,validation,3.0,9.0,0.04,0.33,maximum_lower_confidence_bound_f_beta,0.3207615435107414,0.01,False,0.27,0.39,0.12,13,0,0.0,2000,maximum_bootstrap_mean_f_beta,highest_threshold
faster_rcnn,validation,3.0,9.0,0.05,0.33,maximum_lower_confidence_bound_f_beta,0.3384330437260597,0.01,False,0.27,0.39,0.12,13,0,0.0,2000,maximum_bootstrap_mean_f_beta,highest_threshold
faster_rcnn,validation,3.0,9.0,0.06,0.33,maximum_lower_confidence_bound_f_beta,0.349139073929384,0.01,False,0.27,0.39,0.12,13,5,0.0025,2000,maximum_bootstrap_mean_f_beta,highest_threshold
faster_rcnn,validation,3.0,9.0,0.07,0.33,maximum_lower_confidence_bound_f_beta,0.36061853930149174,0.01,False,0.27,0.39,0.12,13,12,0.006,2000,maximum_bootstrap_mean_f_beta,highest_threshold
faster_rcnn,validation,3.0,9.0,0.08,0.33,maximum_lower_confidence_bound_f_beta,0.3715162872061939,0.01,False,0.27,0.39,0.12,13,2,0.001,2000,maximum_bootstrap_mean_f_beta,highest_threshold
faster_rcnn,validation,3.0,9.0,0.09,0.33,maximum_lower_confidence_bound_f_beta,0.37998042295589585,0.01,False,0.27,0.39,0.12,13,1,0.0005,2000,maximum_bootstrap_mean_f_beta,highest_threshold
faster_rcnn,validation,3.0,9.0,0.1,0.33,maximum_lower_confidence_bound_f_beta,0.38643494626698444,0.01,False,0.27,0.39,0.12,13,0,0.0,2000,maximum_bootstrap_mean_f_beta,highest_threshold
faster_rcnn,validation,3.0,9.0,0.11,0.33,maximum_lower_confidence_bound_f_beta,0.3934539188152473,0.01,False,0.27,0.39,0.12,13,0,0.0,2000,maximum_bootstrap_mean_f_beta,highest_threshold
faster_rcnn,validation,3.0,9.0,0.12,0.33,maximum_lower_confidence_bound_f_beta,0.3975325387966699,0.01,False,0.27,0.39,0.12,13,15,0.0075,2000,maximum_bootstrap_mean_f_beta,highest_threshold
faster_rcnn,validation,3.0,9.0,0.13,0.33,maximum_lower_confidence_bound_f_beta,0.40181977479919306,0.01,False,0.27,0.39,0.12,13,22,0.011,2000,maximum_bootstrap_mean_f_beta,highest_threshold
faster_rcnn,validation,3.0,9.0,0.14,0.33,maximum_lower_confidence_bound_f_beta,0.40934926990831844,0.01,False,0.27,0.39,0.12,13,12,0.006,2000,maximum_bootstrap_mean_f_beta,highest_threshold
faster_rcnn,validation,3.0,9.0,0.15,0.33,maximum_lower_confidence_bound_f_beta,0.4090812414447445,0.01,False,0.27,0.39,0.12,13,5,0.0025,2000,maximum_bootstrap_mean_f_beta,highest_threshold
faster_rcnn,validation,3.0,9.0,0.16,0.33,maximum_lower_confidence_bound_f_beta,0.41345679421490117,0.01,False,0.27,0.39,0.12,13,0,0.0,2000,maximum_bootstrap_mean_f_beta,highest_threshold
faster_rcnn,validation,3.0,9.0,0.17,0.33,maximum_lower_confidence_bound_f_beta,0.41310463684885546,0.01,False,0.27,0.39,0.12,13,5,0.0025,2000,maximum_bootstrap_mean_f_beta,highest_threshold
faster_rcnn,validation,3.0,9.0,0.18,0.33,maximum_lower_confidence_bound_f_beta,0.41627277384273614,0.01,False,0.27,0.39,0.12,13,9,0.0045,2000,maximum_bootstrap_mean_f_beta,highest_threshold
faster_rcnn,validation,3.0,9.0,0.19,0.33,maximum_lower_confidence_bound_f_beta,0.419448510031144,0.01,False,0.27,0.39,0.12,13,1,0.0005,2000,maximum_bootstrap_mean_f_beta,highest_threshold
faster_rcnn,validation,3.0,9.0,0.2,0.33,maximum_lower_confidence_bound_f_beta,0.4244333374883795,0.01,False,0.27,0.39,0.12,13,0,0.0,2000,maximum_bootstrap_mean_f_beta,highest_threshold
faster_rcnn,validation,3.0,9.0,0.21,0.33,maximum_lower_confidence_bound_f_beta,0.4290982452328571,0.01,False,0.27,0.39,0.12,13,10,0.005,2000,maximum_bootstrap_mean_f_beta,highest_threshold
faster_rcnn,validation,3.0,9.0,0.22,0.33,maximum_lower_confidence_bound_f_beta,0.4314335253956046,0.01,False,0.27,0.39,0.12,13,85,0.0425,2000,maximum_bootstrap_mean_f_beta,highest_threshold
faster_rcnn,validation,3.0,9.0,0.23,0.33,maximum_lower_confidence_bound_f_beta,0.43278895427453895,0.01,False,0.27,0.39,0.12,13,134,0.067,2000,maximum_bootstrap_mean_f_beta,highest_threshold
faster_rcnn,validation,3.0,9.0,0.24,0.33,maximum_lower_confidence_bound_f_beta,0.4288309967908682,0.01,False,0.27,0.39,0.12,13,29,0.0145,2000,maximum_bootstrap_mean_f_beta,highest_threshold
faster_rcnn,validation,3.0,9.0,0.25,0.33,maximum_lower_confidence_bound_f_beta,0.42684948683246077,0.01,False,0.27,0.39,0.12,13,4,0.002,2000,maximum_bootstrap_mean_f_beta,highest_threshold
faster_rcnn,validation,3.0,9.0,0.26,0.33,maximum_lower_confidence_bound_f_beta,0.4214499506276431,0.01,False,0.27,0.39,0.12,13,0,0.0,2000,maximum_bootstrap_mean_f_beta,highest_threshold
faster_rcnn,validation,3.0,9.0,0.27,0.33,maximum_lower_confidence_bound_f_beta,0.4243562885532795,0.01,True,0.27,0.39,0.12,13,0,0.0,2000,maximum_bootstrap_mean_f_beta,highest_threshold
faster_rcnn,validation,3.0,9.0,0.28,0.33,maximum_lower_confidence_bound_f_beta,0.42871328478434134,0.01,True,0.27,0.39,0.12,13,67,0.0335,2000,maximum_bootstrap_mean_f_beta,highest_threshold
faster_rcnn,validation,3.0,9.0,0.29,0.33,maximum_lower_confidence_bound_f_beta,0.4288282414147331,0.01,True,0.27,0.39,0.12,13,68,0.034,2000,maximum_bootstrap_mean_f_beta,highest_threshold
faster_rcnn,validation,3.0,9.0,0.3,0.33,maximum_lower_confidence_bound_f_beta,0.4287228842834947,0.01,True,0.27,0.39,0.12,13,55,0.0275,2000,maximum_bootstrap_mean_f_beta,highest_threshold
faster_rcnn,validation,3.0,9.0,0.31,0.33,maximum_lower_confidence_bound_f_beta,0.4308757001034976,0.01,True,0.27,0.39,0.12,13,22,0.011,2000,maximum_bootstrap_mean_f_beta,highest_threshold
faster_rcnn,validation,3.0,9.0,0.32,0.33,maximum_lower_confidence_bound_f_beta,0.4323133880494837,0.01,True,0.27,0.39,0.12,13,22,0.011,2000,maximum_bootstrap_mean_f_beta,highest_threshold
faster_rcnn,validation,3.0,9.0,0.33,0.33,maximum_lower_confidence_bound_f_beta,0.4342204380708152,0.01,True,0.27,0.39,0.12,13,278,0.139,2000,maximum_bootstrap_mean_f_beta,highest_threshold
faster_rcnn,validation,3.0,9.0,0.34,0.33,maximum_lower_confidence_bound_f_beta,0.4320044539269688,0.01,True,0.27,0.39,0.12,13,75,0.0375,2000,maximum_bootstrap_mean_f_beta,highest_threshold
faster_rcnn,validation,3.0,9.0,0.35,0.33,maximum_lower_confidence_bound_f_beta,0.4331965131720393,0.01,True,0.27,0.39,0.12,13,90,0.045,2000,maximum_bootstrap_mean_f_beta,highest_threshold
faster_rcnn,validation,3.0,9.0,0.36,0.33,maximum_lower_confidence_bound_f_beta,0.431631861137553,0.01,True,0.27,0.39,0.12,13,153,0.0765,2000,maximum_bootstrap_mean_f_beta,highest_threshold
faster_rcnn,validation,3.0,9.0,0.37,0.33,maximum_lower_confidence_bound_f_beta,0.4325019932467454,0.01,True,0.27,0.39,0.12,13,69,0.0345,2000,maximum_bootstrap_mean_f_beta,highest_threshold
faster_rcnn,validation,3.0,9.0,0.38,0.33,maximum_lower_confidence_bound_f_beta,0.43227262492880913,0.01,True,0.27,0.39,0.12,13,327,0.1635,2000,maximum_bootstrap_mean_f_beta,highest_threshold
faster_rcnn,validation,3.0,9.0,0.39,0.33,maximum_lower_confidence_bound_f_beta,0.4290901217172443,0.01,True,0.27,0.39,0.12,13,227,0.1135,2000,maximum_bootstrap_mean_f_beta,highest_threshold
faster_rcnn,validation,3.0,9.0,0.4,0.33,maximum_lower_confidence_bound_f_beta,0.4207041451653807,0.01,False,0.27,0.39,0.12,13,13,0.0065,2000,maximum_bootstrap_mean_f_beta,highest_threshold
faster_rcnn,validation,3.0,9.0,0.41,0.33,maximum_lower_confidence_bound_f_beta,0.4175330448991686,0.01,False,0.27,0.39,0.12,13,2,0.001,2000,maximum_bootstrap_mean_f_beta,highest_threshold
faster_rcnn,validation,3.0,9.0,0.42,0.33,maximum_lower_confidence_bound_f_beta,0.4180097307486034,0.01,False,0.27,0.39,0.12,13,16,0.008,2000,maximum_bootstrap_mean_f_beta,highest_threshold
faster_rcnn,validation,3.0,9.0,0.43,0.33,maximum_lower_confidence_bound_f_beta,0.41153196434656736,0.01,False,0.27,0.39,0.12,13,35,0.0175,2000,maximum_bootstrap_mean_f_beta,highest_threshold
faster_rcnn,validation,3.0,9.0,0.44,0.33,maximum_lower_confidence_bound_f_beta,0.4120430972255724,0.01,False,0.27,0.39,0.12,13,21,0.0105,2000,maximum_bootstrap_mean_f_beta,highest_threshold
faster_rcnn,validation,3.0,9.0,0.45,0.33,maximum_lower_confidence_bound_f_beta,0.4115410535969952,0.01,False,0.27,0.39,0.12,13,9,0.0045,2000,maximum_bootstrap_mean_f_beta,highest_threshold
faster_rcnn,validation,3.0,9.0,0.46,0.33,maximum_lower_confidence_bound_f_beta,0.4118545248654743,0.01,False,0.27,0.39,0.12,13,9,0.0045,2000,maximum_bootstrap_mean_f_beta,highest_threshold
faster_rcnn,validation,3.0,9.0,0.47,0.33,maximum_lower_confidence_bound_f_beta,0.4092121558704626,0.01,False,0.27,0.39,0.12,13,5,0.0025,2000,maximum_bootstrap_mean_f_beta,highest_threshold
faster_rcnn,validation,3.0,9.0,0.48,0.33,maximum_lower_confidence_bound_f_beta,0.408406451956882,0.01,False,0.27,0.39,0.12,13,8,0.004,2000,maximum_bootstrap_mean_f_beta,highest_threshold
faster_rcnn,validation,3.0,9.0,0.49,0.33,maximum_lower_confidence_bound_f_beta,0.40749224221619207,0.01,False,0.27,0.39,0.12,13,8,0.004,2000,maximum_bootstrap_mean_f_beta,highest_threshold
faster_rcnn,validation,3.0,9.0,0.5,0.33,maximum_lower_confidence_bound_f_beta,0.3990408315741137,0.01,False,0.27,0.39,0.12,13,17,0.0085,2000,maximum_bootstrap_mean_f_beta,highest_threshold
faster_rcnn,validation,3.0,9.0,0.51,0.33,maximum_lower_confidence_bound_f_beta,0.3939630761525681,0.01,False,0.27,0.39,0.12,13,8,0.004,2000,maximum_bootstrap_mean_f_beta,highest_threshold
faster_rcnn,validation,3.0,9.0,0.52,0.33,maximum_lower_confidence_bound_f_beta,0.3933706004918782,0.01,False,0.27,0.39,0.12,13,7,0.0035,2000,maximum_bootstrap_mean_f_beta,highest_threshold
faster_rcnn,validation,3.0,9.0,0.53,0.33,maximum_lower_confidence_bound_f_beta,0.3912761928167473,0.01,False,0.27,0.39,0.12,13,1,0.0005,2000,maximum_bootstrap_mean_f_beta,highest_threshold
faster_rcnn,validation,3.0,9.0,0.54,0.33,maximum_lower_confidence_bound_f_beta,0.3904849342177507,0.01,False,0.27,0.39,0.12,13,6,0.003,2000,maximum_bootstrap_mean_f_beta,highest_threshold
faster_rcnn,validation,3.0,9.0,0.55,0.33,maximum_lower_confidence_bound_f_beta,0.3890357595430439,0.01,False,0.27,0.39,0.12,13,30,0.015,2000,maximum_bootstrap_mean_f_beta,highest_threshold
faster_rcnn,validation,3.0,9.0,0.56,0.33,maximum_lower_confidence_bound_f_beta,0.3806729515848527,0.01,False,0.27,0.39,0.12,13,1,0.0005,2000,maximum_bootstrap_mean_f_beta,highest_threshold
faster_rcnn,validation,3.0,9.0,0.57,0.33,maximum_lower_confidence_bound_f_beta,0.37190912726416697,0.01,False,0.27,0.39,0.12,13,0,0.0,2000,maximum_bootstrap_mean_f_beta,highest_threshold
faster_rcnn,validation,3.0,9.0,0.58,0.33,maximum_lower_confidence_bound_f_beta,0.37357494000043884,0.01,False,0.27,0.39,0.12,13,0,0.0,2000,maximum_bootstrap_mean_f_beta,highest_threshold
faster_rcnn,validation,3.0,9.0,0.59,0.33,maximum_lower_confidence_bound_f_beta,0.3713410396338797,0.01,False,0.27,0.39,0.12,13,0,0.0,2000,maximum_bootstrap_mean_f_beta,highest_threshold
faster_rcnn,validation,3.0,9.0,0.6,0.33,maximum_lower_confidence_bound_f_beta,0.37437239071849865,0.01,False,0.27,0.39,0.12,13,0,0.0,2000,maximum_bootstrap_mean_f_beta,highest_threshold
faster_rcnn,validation,3.0,9.0,0.61,0.33,maximum_lower_confidence_bound_f_beta,0.3720767934073423,0.01,False,0.27,0.39,0.12,13,0,0.0,2000,maximum_bootstrap_mean_f_beta,highest_threshold
faster_rcnn,validation,3.0,9.0,0.62,0.33,maximum_lower_confidence_bound_f_beta,0.3611583383225276,0.01,False,0.27,0.39,0.12,13,0,0.0,2000,maximum_bootstrap_mean_f_beta,highest_threshold
faster_rcnn,validation,3.0,9.0,0.63,0.33,maximum_lower_confidence_bound_f_beta,0.358376650804125,0.01,False,0.27,0.39,0.12,13,0,0.0,2000,maximum_bootstrap_mean_f_beta,highest_threshold
faster_rcnn,validation,3.0,9.0,0.64,0.33,maximum_lower_confidence_bound_f_beta,0.35534633687452627,0.01,False,0.27,0.39,0.12,13,0,0.0,2000,maximum_bootstrap_mean_f_beta,highest_threshold
faster_rcnn,validation,3.0,9.0,0.65,0.33,maximum_lower_confidence_bound_f_beta,0.34633338489833104,0.01,False,0.27,0.39,0.12,13,0,0.0,2000,maximum_bootstrap_mean_f_beta,highest_threshold
faster_rcnn,validation,3.0,9.0,0.66,0.33,maximum_lower_confidence_bound_f_beta,0.33756711851911725,0.01,False,0.27,0.39,0.12,13,0,0.0,2000,maximum_bootstrap_mean_f_beta,highest_threshold
faster_rcnn,validation,3.0,9.0,0.67,0.33,maximum_lower_confidence_bound_f_beta,0.32532952167257406,0.01,False,0.27,0.39,0.12,13,0,0.0,2000,maximum_bootstrap_mean_f_beta,highest_threshold
faster_rcnn,validation,3.0,9.0,0.68,0.33,maximum_lower_confidence_bound_f_beta,0.3179412242175174,0.01,False,0.27,0.39,0.12,13,0,0.0,2000,maximum_bootstrap_mean_f_beta,highest_threshold
faster_rcnn,validation,3.0,9.0,0.69,0.33,maximum_lower_confidence_bound_f_beta,0.31174312387425285,0.01,False,0.27,0.39,0.12,13,0,0.0,2000,maximum_bootstrap_mean_f_beta,highest_threshold
faster_rcnn,validation,3.0,9.0,0.7,0.33,maximum_lower_confidence_bound_f_beta,0.3024717739575587,0.01,False,0.27,0.39,0.12,13,0,0.0,2000,maximum_bootstrap_mean_f_beta,highest_threshold
faster_rcnn,validation,3.0,9.0,0.71,0.33,maximum_lower_confidence_bound_f_beta,0.2773649774689932,0.01,False,0.27,0.39,0.12,13,0,0.0,2000,maximum_bootstrap_mean_f_beta,highest_threshold
faster_rcnn,validation,3.0,9.0,0.72,0.33,maximum_lower_confidence_bound_f_beta,0.22795808825768188,0.01,False,0.27,0.39,0.12,13,0,0.0,2000,maximum_bootstrap_mean_f_beta,highest_threshold
faster_rcnn,validation,3.0,9.0,0.73,0.33,maximum_lower_confidence_bound_f_beta,0.2083901646276497,0.01,False,0.27,0.39,0.12,13,0,0.0,2000,maximum_bootstrap_mean_f_beta,highest_threshold
faster_rcnn,validation,3.0,9.0,0.74,0.33,maximum_lower_confidence_bound_f_beta,0.17347060120248348,0.01,False,0.27,0.39,0.12,13,0,0.0,2000,maximum_bootstrap_mean_f_beta,highest_threshold
faster_rcnn,validation,3.0,9.0,0.75,0.33,maximum_lower_confidence_bound_f_beta,0.13330687830687835,0.01,False,0.27,0.39,0.12,13,0,0.0,2000,maximum_bootstrap_mean_f_beta,highest_threshold
faster_rcnn,validation,3.0,9.0,0.76,0.33,maximum_lower_confidence_bound_f_beta,0.09680659712969662,0.01,False,0.27,0.39,0.12,13,0,0.0,2000,maximum_bootstrap_mean_f_beta,highest_threshold
faster_rcnn,validation,3.0,9.0,0.77,0.33,maximum_lower_confidence_bound_f_beta,0.06504470556041118,0.01,False,0.27,0.39,0.12,13,0,0.0,2000,maximum_bootstrap_mean_f_beta,highest_threshold
faster_rcnn,validation,3.0,9.0,0.78,0.33,maximum_lower_confidence_bound_f_beta,0.03907137238628342,0.01,False,0.27,0.39,0.12,13,0,0.0,2000,maximum_bootstrap_mean_f_beta,highest_threshold
faster_rcnn,validation,3.0,9.0,0.79,0.33,maximum_lower_confidence_bound_f_beta,0.0150942629162099,0.01,False,0.27,0.39,0.12,13,0,0.0,2000,maximum_bootstrap_mean_f_beta,highest_threshold
faster_rcnn,validation,3.0,9.0,0.8,0.33,maximum_lower_confidence_bound_f_beta,0.011265479373304408,0.01,False,0.27,0.39,0.12,13,0,0.0,2000,maximum_bootstrap_mean_f_beta,highest_threshold
faster_rcnn,validation,3.0,9.0,0.81,0.33,maximum_lower_confidence_bound_f_beta,0.0,0.01,False,0.27,0.39,0.12,13,0,0.0,2000,maximum_bootstrap_mean_f_beta,highest_threshold
faster_rcnn,validation,3.0,9.0,0.82,0.33,maximum_lower_confidence_bound_f_beta,0.0,0.01,False,0.27,0.39,0.12,13,0,0.0,2000,maximum_bootstrap_mean_f_beta,highest_threshold
faster_rcnn,validation,3.0,9.0,0.83,0.33,maximum_lower_confidence_bound_f_beta,0.0,0.01,False,0.27,0.39,0.12,13,0,0.0,2000,maximum_bootstrap_mean_f_beta,highest_threshold
faster_rcnn,validation,3.0,9.0,0.84,0.33,maximum_lower_confidence_bound_f_beta,0.0,0.01,False,0.27,0.39,0.12,13,0,0.0,2000,maximum_bootstrap_mean_f_beta,highest_threshold
faster_rcnn,validation,3.0,9.0,0.85,0.33,maximum_lower_confidence_bound_f_beta,0.0,0.01,False,0.27,0.39,0.12,13,0,0.0,2000,maximum_bootstrap_mean_f_beta,highest_threshold
faster_rcnn,validation,3.0,9.0,0.86,0.33,maximum_lower_confidence_bound_f_beta,0.0,0.01,False,0.27,0.39,0.12,13,0,0.0,2000,maximum_bootstrap_mean_f_beta,highest_threshold
faster_rcnn,validation,3.0,9.0,0.87,0.33,maximum_lower_confidence_bound_f_beta,0.0,0.01,False,0.27,0.39,0.12,13,0,0.0,2000,maximum_bootstrap_mean_f_beta,highest_threshold
faster_rcnn,validation,3.0,9.0,0.88,0.33,maximum_lower_confidence_bound_f_beta,0.0,0.01,False,0.27,0.39,0.12,13,0,0.0,2000,maximum_bootstrap_mean_f_beta,highest_threshold
faster_rcnn,validation,3.0,9.0,0.89,0.33,maximum_lower_confidence_bound_f_beta,0.0,0.01,False,0.27,0.39,0.12,13,0,0.0,2000,maximum_bootstrap_mean_f_beta,highest_threshold
faster_rcnn,validation,3.0,9.0,0.9,0.33,maximum_lower_confidence_bound_f_beta,0.0,0.01,False,0.27,0.39,0.12,13,0,0.0,2000,maximum_bootstrap_mean_f_beta,highest_threshold
faster_rcnn,validation,3.0,9.0,0.91,0.33,maximum_lower_confidence_bound_f_beta,0.0,0.01,False,0.27,0.39,0.12,13,0,0.0,2000,maximum_bootstrap_mean_f_beta,highest_threshold
faster_rcnn,validation,3.0,9.0,0.92,0.33,maximum_lower_confidence_bound_f_beta,0.0,0.01,False,0.27,0.39,0.12,13,0,0.0,2000,maximum_bootstrap_mean_f_beta,highest_threshold
faster_rcnn,validation,3.0,9.0,0.93,0.33,maximum_lower_confidence_bound_f_beta,0.0,0.01,False,0.27,0.39,0.12,13,0,0.0,2000,maximum_bootstrap_mean_f_beta,highest_threshold
faster_rcnn,validation,3.0,9.0,0.94,0.33,maximum_lower_confidence_bound_f_beta,0.0,0.01,False,0.27,0.39,0.12,13,0,0.0,2000,maximum_bootstrap_mean_f_beta,highest_threshold
faster_rcnn,validation,3.0,9.0,0.95,0.33,maximum_lower_confidence_bound_f_beta,0.0,0.01,False,0.27,0.39,0.12,13,0,0.0,2000,maximum_bootstrap_mean_f_beta,highest_threshold
faster_rcnn,validation,3.0,9.0,0.96,0.33,maximum_lower_confidence_bound_f_beta,0.0,0.01,False,0.27,0.39,0.12,13,0,0.0,2000,maximum_bootstrap_mean_f_beta,highest_threshold
faster_rcnn,validation,3.0,9.0,0.97,0.33,maximum_lower_confidence_bound_f_beta,0.0,0.01,False,0.27,0.39,0.12,13,0,0.0,2000,maximum_bootstrap_mean_f_beta,highest_threshold
faster_rcnn,validation,3.0,9.0,0.98,0.33,maximum_lower_confidence_bound_f_beta,0.0,0.01,False,0.27,0.39,0.12,13,0,0.0,2000,maximum_bootstrap_mean_f_beta,highest_threshold
faster_rcnn,validation,3.0,9.0,0.99,0.33,maximum_lower_confidence_bound_f_beta,0.0,0.01,False,0.27,0.39,0.12,13,0,0.0,2000,maximum_bootstrap_mean_f_beta,highest_threshold
faster_rcnn,validation,5.0,25.0,0.01,0.12,maximum_lower_confidence_bound_f_beta,0.39915988304501665,0.01,False,0.07,0.16,0.09,10,0,0.0,2000,maximum_bootstrap_mean_f_beta,highest_threshold
faster_rcnn,validation,5.0,25.0,0.02,0.12,maximum_lower_confidence_bound_f_beta,0.45379676217785586,0.01,False,0.07,0.16,0.09,10,0,0.0,2000,maximum_bootstrap_mean_f_beta,highest_threshold
faster_rcnn,validation,5.0,25.0,0.03,0.12,maximum_lower_confidence_bound_f_beta,0.48860398427994833,0.01,False,0.07,0.16,0.09,10,39,0.0195,2000,maximum_bootstrap_mean_f_beta,highest_threshold
faster_rcnn,validation,5.0,25.0,0.04,0.12,maximum_lower_confidence_bound_f_beta,0.504861474864705,0.01,False,0.07,0.16,0.09,10,104,0.052,2000,maximum_bootstrap_mean_f_beta,highest_threshold
faster_rcnn,validation,5.0,25.0,0.05,0.12,maximum_lower_confidence_bound_f_beta,0.516207635230306,0.01,False,0.07,0.16,0.09,10,4,0.002,2000,maximum_bootstrap_mean_f_beta,highest_threshold
faster_rcnn,validation,5.0,25.0,0.06,0.12,maximum_lower_confidence_bound_f_beta,0.5192588899388083,0.01,False,0.07,0.16,0.09,10,124,0.062,2000,maximum_bootstrap_mean_f_beta,highest_threshold
faster_rcnn,validation,5.0,25.0,0.07,0.12,maximum_lower_confidence_bound_f_beta,0.5268214511563225,0.01,True,0.07,0.16,0.09,10,178,0.089,2000,maximum_bootstrap_mean_f_beta,highest_threshold
faster_rcnn,validation,5.0,25.0,0.08,0.12,maximum_lower_confidence_bound_f_beta,0.5301926867734074,0.01,True,0.07,0.16,0.09,10,31,0.0155,2000,maximum_bootstrap_mean_f_beta,highest_threshold
faster_rcnn,validation,5.0,25.0,0.09,0.12,maximum_lower_confidence_bound_f_beta,0.5337840510309574,0.01,True,0.07,0.16,0.09,10,83,0.0415,2000,maximum_bootstrap_mean_f_beta,highest_threshold
faster_rcnn,validation,5.0,25.0,0.1,0.12,maximum_lower_confidence_bound_f_beta,0.5322186765845159,0.01,True,0.07,0.16,0.09,10,37,0.0185,2000,maximum_bootstrap_mean_f_beta,highest_threshold
faster_rcnn,validation,5.0,25.0,0.11,0.12,maximum_lower_confidence_bound_f_beta,0.535801787521515,0.01,True,0.07,0.16,0.09,10,84,0.042,2000,maximum_bootstrap_mean_f_beta,highest_threshold
faster_rcnn,validation,5.0,25.0,0.12,0.12,maximum_lower_confidence_bound_f_beta,0.5358701554575724,0.01,True,0.07,0.16,0.09,10,118,0.059,2000,maximum_bootstrap_mean_f_beta,highest_threshold
faster_rcnn,validation,5.0,25.0,0.13,0.12,maximum_lower_confidence_bound_f_beta,0.5338282141888823,0.01,True,0.07,0.16,0.09,10,44,0.022,2000,maximum_bootstrap_mean_f_beta,highest_threshold
faster_rcnn,validation,5.0,25.0,0.14,0.12,maximum_lower_confidence_bound_f_beta,0.5352812142866412,0.01,True,0.07,0.16,0.09,10,266,0.133,2000,maximum_bootstrap_mean_f_beta,highest_threshold
faster_rcnn,validation,5.0,25.0,0.15,0.12,maximum_lower_confidence_bound_f_beta,0.528814368501536,0.01,True,0.07,0.16,0.09,10,34,0.017,2000,maximum_bootstrap_mean_f_beta,highest_threshold
faster_rcnn,validation,5.0,25.0,0.16,0.12,maximum_lower_confidence_bound_f_beta,0.5276722772298987,0.01,True,0.07,0.16,0.09,10,68,0.034,2000,maximum_bootstrap_mean_f_beta,highest_threshold
faster_rcnn,validation,5.0,25.0,0.17,0.12,maximum_lower_confidence_bound_f_beta,0.5248438654847775,0.01,False,0.07,0.16,0.09,10,15,0.0075,2000,maximum_bootstrap_mean_f_beta,highest_threshold
faster_rcnn,validation,5.0,25.0,0.18,0.12,maximum_lower_confidence_bound_f_beta,0.5257015094802845,0.01,False,0.07,0.16,0.09,10,14,0.007,2000,maximum_bootstrap_mean_f_beta,highest_threshold
faster_rcnn,validation,5.0,25.0,0.19,0.12,maximum_lower_confidence_bound_f_beta,0.5232397389590624,0.01,False,0.07,0.16,0.09,10,22,0.011,2000,maximum_bootstrap_mean_f_beta,highest_threshold
faster_rcnn,validation,5.0,25.0,0.2,0.12,maximum_lower_confidence_bound_f_beta,0.5238419237874355,0.01,False,0.07,0.16,0.09,10,86,0.043,2000,maximum_bootstrap_mean_f_beta,highest_threshold
faster_rcnn,validation,5.0,25.0,0.21,0.12,maximum_lower_confidence_bound_f_beta,0.5258777824823103,0.01,False,0.07,0.16,0.09,10,105,0.0525,2000,maximum_bootstrap_mean_f_beta,highest_threshold
faster_rcnn,validation,5.0,25.0,0.22,0.12,maximum_lower_confidence_bound_f_beta,0.5260960070803317,0.01,False,0.07,0.16,0.09,10,156,0.078,2000,maximum_bootstrap_mean_f_beta,highest_threshold
faster_rcnn,validation,5.0,25.0,0.23,0.12,maximum_lower_confidence_bound_f_beta,0.5243516984498415,0.01,False,0.07,0.16,0.09,10,305,0.1525,2000,maximum_bootstrap_mean_f_beta,highest_threshold
faster_rcnn,validation,5.0,25.0,0.24,0.12,maximum_lower_confidence_bound_f_beta,0.5175743437731938,0.01,False,0.07,0.16,0.09,10,14,0.007,2000,maximum_bootstrap_mean_f_beta,highest_threshold
faster_rcnn,validation,5.0,25.0,0.25,0.12,maximum_lower_confidence_bound_f_beta,0.5115564444577131,0.01,False,0.07,0.16,0.09,10,3,0.0015,2000,maximum_bootstrap_mean_f_beta,highest_threshold
faster_rcnn,validation,5.0,25.0,0.26,0.12,maximum_lower_confidence_bound_f_beta,0.5029087342666267,0.01,False,0.07,0.16,0.09,10,0,0.0,2000,maximum_bootstrap_mean_f_beta,highest_threshold
faster_rcnn,validation,5.0,25.0,0.27,0.12,maximum_lower_confidence_bound_f_beta,0.5041470657116889,0.01,False,0.07,0.16,0.09,10,0,0.0,2000,maximum_bootstrap_mean_f_beta,highest_threshold
faster_rcnn,validation,5.0,25.0,0.28,0.12,maximum_lower_confidence_bound_f_beta,0.5068724833492902,0.01,False,0.07,0.16,0.09,10,14,0.007,2000,maximum_bootstrap_mean_f_beta,highest_threshold
faster_rcnn,validation,5.0,25.0,0.29,0.12,maximum_lower_confidence_bound_f_beta,0.5033556184823648,0.01,False,0.07,0.16,0.09,10,3,0.0015,2000,maximum_bootstrap_mean_f_beta,highest_threshold
faster_rcnn,validation,5.0,25.0,0.3,0.12,maximum_lower_confidence_bound_f_beta,0.5008997347165022,0.01,False,0.07,0.16,0.09,10,2,0.001,2000,maximum_bootstrap_mean_f_beta,highest_threshold
faster_rcnn,validation,5.0,25.0,0.31,0.12,maximum_lower_confidence_bound_f_beta,0.5015083519116588,0.01,False,0.07,0.16,0.09,10,1,0.0005,2000,maximum_bootstrap_mean_f_beta,highest_threshold
faster_rcnn,validation,5.0,25.0,0.32,0.12,maximum_lower_confidence_bound_f_beta,0.5000971099653417,0.01,False,0.07,0.16,0.09,10,0,0.0,2000,maximum_bootstrap_mean_f_beta,highest_threshold
faster_rcnn,validation,5.0,25.0,0.33,0.12,maximum_lower_confidence_bound_f_beta,0.5007613921439675,0.01,False,0.07,0.16,0.09,10,34,0.017,2000,maximum_bootstrap_mean_f_beta,highest_threshold
faster_rcnn,validation,5.0,25.0,0.34,0.12,maximum_lower_confidence_bound_f_beta,0.496335083924201,0.01,False,0.07,0.16,0.09,10,5,0.0025,2000,maximum_bootstrap_mean_f_beta,highest_threshold
faster_rcnn,validation,5.0,25.0,0.35,0.12,maximum_lower_confidence_bound_f_beta,0.4953654070381482,0.01,False,0.07,0.16,0.09,10,2,0.001,2000,maximum_bootstrap_mean_f_beta,highest_threshold
faster_rcnn,validation,5.0,25.0,0.36,0.12,maximum_lower_confidence_bound_f_beta,0.4930827857381234,0.01,False,0.07,0.16,0.09,10,2,0.001,2000,maximum_bootstrap_mean_f_beta,highest_threshold
faster_rcnn,validation,5.0,25.0,0.37,0.12,maximum_lower_confidence_bound_f_beta,0.48944941931399544,0.01,False,0.07,0.16,0.09,10,0,0.0,2000,maximum_bootstrap_mean_f_beta,highest_threshold
faster_rcnn,validation,5.0,25.0,0.38,0.12,maximum_lower_confidence_bound_f_beta,0.4890846610954063,0.01,False,0.07,0.16,0.09,10,1,0.0005,2000,maximum_bootstrap_mean_f_beta,highest_threshold
faster_rcnn,validation,5.0,25.0,0.39,0.12,maximum_lower_confidence_bound_f_beta,0.4818717487305199,0.01,False,0.07,0.16,0.09,10,2,0.001,2000,maximum_bootstrap_mean_f_beta,highest_threshold
faster_rcnn,validation,5.0,25.0,0.4,0.12,maximum_lower_confidence_bound_f_beta,0.47177881789059967,0.01,False,0.07,0.16,0.09,10,0,0.0,2000,maximum_bootstrap_mean_f_beta,highest_threshold
faster_rcnn,validation,5.0,25.0,0.41,0.12,maximum_lower_confidence_bound_f_beta,0.4657534938410794,0.01,False,0.07,0.16,0.09,10,0,0.0,2000,maximum_bootstrap_mean_f_beta,highest_threshold
faster_rcnn,validation,5.0,25.0,0.42,0.12,maximum_lower_confidence_bound_f_beta,0.4634832640249312,0.01,False,0.07,0.16,0.09,10,0,0.0,2000,maximum_bootstrap_mean_f_beta,highest_threshold
faster_rcnn,validation,5.0,25.0,0.43,0.12,maximum_lower_confidence_bound_f_beta,0.4539763559868656,0.01,False,0.07,0.16,0.09,10,0,0.0,2000,maximum_bootstrap_mean_f_beta,highest_threshold
faster_rcnn,validation,5.0,25.0,0.44,0.12,maximum_lower_confidence_bound_f_beta,0.45242526462679433,0.01,False,0.07,0.16,0.09,10,0,0.0,2000,maximum_bootstrap_mean_f_beta,highest_threshold
faster_rcnn,validation,5.0,25.0,0.45,0.12,maximum_lower_confidence_bound_f_beta,0.44868922663452265,0.01,False,0.07,0.16,0.09,10,0,0.0,2000,maximum_bootstrap_mean_f_beta,highest_threshold
faster_rcnn,validation,5.0,25.0,0.46,0.12,maximum_lower_confidence_bound_f_beta,0.445975967318902,0.01,False,0.07,0.16,0.09,10,0,0.0,2000,maximum_bootstrap_mean_f_beta,highest_threshold
faster_rcnn,validation,5.0,25.0,0.47,0.12,maximum_lower_confidence_bound_f_beta,0.4426906065686038,0.01,False,0.07,0.16,0.09,10,0,0.0,2000,maximum_bootstrap_mean_f_beta,highest_threshold
faster_rcnn,validation,5.0,25.0,0.48,0.12,maximum_lower_confidence_bound_f_beta,0.4426647806766712,0.01,False,0.07,0.16,0.09,10,0,0.0,2000,maximum_bootstrap_mean_f_beta,highest_threshold
faster_rcnn,validation,5.0,25.0,0.49,0.12,maximum_lower_confidence_bound_f_beta,0.43854361332883873,0.01,False,0.07,0.16,0.09,10,0,0.0,2000,maximum_bootstrap_mean_f_beta,highest_threshold
faster_rcnn,validation,5.0,25.0,0.5,0.12,maximum_lower_confidence_bound_f_beta,0.42582137884364357,0.01,False,0.07,0.16,0.09,10,0,0.0,2000,maximum_bootstrap_mean_f_beta,highest_threshold
faster_rcnn,validation,5.0,25.0,0.51,0.12,maximum_lower_confidence_bound_f_beta,0.4183137497113977,0.01,False,0.07,0.16,0.09,10,0,0.0,2000,maximum_bootstrap_mean_f_beta,highest_threshold
faster_rcnn,validation,5.0,25.0,0.52,0.12,maximum_lower_confidence_bound_f_beta,0.41737251885438803,0.01,False,0.07,0.16,0.09,10,0,0.0,2000,maximum_bootstrap_mean_f_beta,highest_threshold
faster_rcnn,validation,5.0,25.0,0.53,0.12,maximum_lower_confidence_bound_f_beta,0.4148278393537696,0.01,False,0.07,0.16,0.09,10,0,0.0,2000,maximum_bootstrap_mean_f_beta,highest_threshold
faster_rcnn,validation,5.0,25.0,0.54,0.12,maximum_lower_confidence_bound_f_beta,0.41166285566352945,0.01,False,0.07,0.16,0.09,10,0,0.0,2000,maximum_bootstrap_mean_f_beta,highest_threshold
faster_rcnn,validation,5.0,25.0,0.55,0.12,maximum_lower_confidence_bound_f_beta,0.40887937228286236,0.01,False,0.07,0.16,0.09,10,0,0.0,2000,maximum_bootstrap_mean_f_beta,highest_threshold
faster_rcnn,validation,5.0,25.0,0.56,0.12,maximum_lower_confidence_bound_f_beta,0.40036646057928416,0.01,False,0.07,0.16,0.09,10,0,0.0,2000,maximum_bootstrap_mean_f_beta,highest_threshold
faster_rcnn,validation,5.0,25.0,0.57,0.12,maximum_lower_confidence_bound_f_beta,0.3862966458201491,0.01,False,0.07,0.16,0.09,10,0,0.0,2000,maximum_bootstrap_mean_f_beta,highest_threshold
faster_rcnn,validation,5.0,25.0,0.58,0.12,maximum_lower_confidence_bound_f_beta,0.3871881282205555,0.01,False,0.07,0.16,0.09,10,0,0.0,2000,maximum_bootstrap_mean_f_beta,highest_threshold
faster_rcnn,validation,5.0,25.0,0.59,0.12,maximum_lower_confidence_bound_f_beta,0.3827452564670326,0.01,False,0.07,0.16,0.09,10,0,0.0,2000,maximum_bootstrap_mean_f_beta,highest_threshold
faster_rcnn,validation,5.0,25.0,0.6,0.12,maximum_lower_confidence_bound_f_beta,0.38390737766914723,0.01,False,0.07,0.16,0.09,10,0,0.0,2000,maximum_bootstrap_mean_f_beta,highest_threshold
faster_rcnn,validation,5.0,25.0,0.61,0.12,maximum_lower_confidence_bound_f_beta,0.38326151330289027,0.01,False,0.07,0.16,0.09,10,0,0.0,2000,maximum_bootstrap_mean_f_beta,highest_threshold
faster_rcnn,validation,5.0,25.0,0.62,0.12,maximum_lower_confidence_bound_f_beta,0.36843742353467285,0.01,False,0.07,0.16,0.09,10,0,0.0,2000,maximum_bootstrap_mean_f_beta,highest_threshold
faster_rcnn,validation,5.0,25.0,0.63,0.12,maximum_lower_confidence_bound_f_beta,0.36449567578553743,0.01,False,0.07,0.16,0.09,10,0,0.0,2000,maximum_bootstrap_mean_f_beta,highest_threshold
faster_rcnn,validation,5.0,25.0,0.64,0.12,maximum_lower_confidence_bound_f_beta,0.3621598369546268,0.01,False,0.07,0.16,0.09,10,0,0.0,2000,maximum_bootstrap_mean_f_beta,highest_threshold
faster_rcnn,validation,5.0,25.0,0.65,0.12,maximum_lower_confidence_bound_f_beta,0.3500753531706476,0.01,False,0.07,0.16,0.09,10,0,0.0,2000,maximum_bootstrap_mean_f_beta,highest_threshold
faster_rcnn,validation,5.0,25.0,0.66,0.12,maximum_lower_confidence_bound_f_beta,0.3379555547794967,0.01,False,0.07,0.16,0.09,10,0,0.0,2000,maximum_bootstrap_mean_f_beta,highest_threshold
faster_rcnn,validation,5.0,25.0,0.67,0.12,maximum_lower_confidence_bound_f_beta,0.32351039772504303,0.01,False,0.07,0.16,0.09,10,0,0.0,2000,maximum_bootstrap_mean_f_beta,highest_threshold
faster_rcnn,validation,5.0,25.0,0.68,0.12,maximum_lower_confidence_bound_f_beta,0.3158680123950703,0.01,False,0.07,0.16,0.09,10,0,0.0,2000,maximum_bootstrap_mean_f_beta,highest_threshold
faster_rcnn,validation,5.0,25.0,0.69,0.12,maximum_lower_confidence_bound_f_beta,0.30870329274416825,0.01,False,0.07,0.16,0.09,10,0,0.0,2000,maximum_bootstrap_mean_f_beta,highest_threshold
faster_rcnn,validation,5.0,25.0,0.7,0.12,maximum_lower_confidence_bound_f_beta,0.29697726437375793,0.01,False,0.07,0.16,0.09,10,0,0.0,2000,maximum_bootstrap_mean_f_beta,highest_threshold
faster_rcnn,validation,5.0,25.0,0.71,0.12,maximum_lower_confidence_bound_f_beta,0.27297823175464886,0.01,False,0.07,0.16,0.09,10,0,0.0,2000,maximum_bootstrap_mean_f_beta,highest_threshold
faster_rcnn,validation,5.0,25.0,0.72,0.12,maximum_lower_confidence_bound_f_beta,0.2220035501726447,0.01,False,0.07,0.16,0.09,10,0,0.0,2000,maximum_bootstrap_mean_f_beta,highest_threshold
faster_rcnn,validation,5.0,25.0,0.73,0.12,maximum_lower_confidence_bound_f_beta,0.20087356596304257,0.01,False,0.07,0.16,0.09,10,0,0.0,2000,maximum_bootstrap_mean_f_beta,highest_threshold
faster_rcnn,validation,5.0,25.0,0.74,0.12,maximum_lower_confidence_bound_f_beta,0.1667524505152991,0.01,False,0.07,0.16,0.09,10,0,0.0,2000,maximum_bootstrap_mean_f_beta,highest_threshold
faster_rcnn,validation,5.0,25.0,0.75,0.12,maximum_lower_confidence_bound_f_beta,0.1270094281230857,0.01,False,0.07,0.16,0.09,10,0,0.0,2000,maximum_bootstrap_mean_f_beta,highest_threshold
faster_rcnn,validation,5.0,25.0,0.76,0.12,maximum_lower_confidence_bound_f_beta,0.09376395985997157,0.01,False,0.07,0.16,0.09,10,0,0.0,2000,maximum_bootstrap_mean_f_beta,highest_threshold
faster_rcnn,validation,5.0,25.0,0.77,0.12,maximum_lower_confidence_bound_f_beta,0.06127914637075121,0.01,False,0.07,0.16,0.09,10,0,0.0,2000,maximum_bootstrap_mean_f_beta,highest_threshold
faster_rcnn,validation,5.0,25.0,0.78,0.12,maximum_lower_confidence_bound_f_beta,0.03672543771343339,0.01,False,0.07,0.16,0.09,10,0,0.0,2000,maximum_bootstrap_mean_f_beta,highest_threshold
faster_rcnn,validation,5.0,25.0,0.79,0.12,maximum_lower_confidence_bound_f_beta,0.014166025379541787,0.01,False,0.07,0.16,0.09,10,0,0.0,2000,maximum_bootstrap_mean_f_beta,highest_threshold
faster_rcnn,validation,5.0,25.0,0.8,0.12,maximum_lower_confidence_bound_f_beta,0.01055209666734076,0.01,False,0.07,0.16,0.09,10,0,0.0,2000,maximum_bootstrap_mean_f_beta,highest_threshold
faster_rcnn,validation,5.0,25.0,0.81,0.12,maximum_lower_confidence_bound_f_beta,0.0,0.01,False,0.07,0.16,0.09,10,0,0.0,2000,maximum_bootstrap_mean_f_beta,highest_threshold
faster_rcnn,validation,5.0,25.0,0.82,0.12,maximum_lower_confidence_bound_f_beta,0.0,0.01,False,0.07,0.16,0.09,10,0,0.0,2000,maximum_bootstrap_mean_f_beta,highest_threshold
faster_rcnn,validation,5.0,25.0,0.83,0.12,maximum_lower_confidence_bound_f_beta,0.0,0.01,False,0.07,0.16,0.09,10,0,0.0,2000,maximum_bootstrap_mean_f_beta,highest_threshold
faster_rcnn,validation,5.0,25.0,0.84,0.12,maximum_lower_confidence_bound_f_beta,0.0,0.01,False,0.07,0.16,0.09,10,0,0.0,2000,maximum_bootstrap_mean_f_beta,highest_threshold
faster_rcnn,validation,5.0,25.0,0.85,0.12,maximum_lower_confidence_bound_f_beta,0.0,0.01,False,0.07,0.16,0.09,10,0,0.0,2000,maximum_bootstrap_mean_f_beta,highest_threshold
faster_rcnn,validation,5.0,25.0,0.86,0.12,maximum_lower_confidence_bound_f_beta,0.0,0.01,False,0.07,0.16,0.09,10,0,0.0,2000,maximum_bootstrap_mean_f_beta,highest_threshold
faster_rcnn,validation,5.0,25.0,0.87,0.12,maximum_lower_confidence_bound_f_beta,0.0,0.01,False,0.07,0.16,0.09,10,0,0.0,2000,maximum_bootstrap_mean_f_beta,highest_threshold
faster_rcnn,validation,5.0,25.0,0.88,0.12,maximum_lower_confidence_bound_f_beta,0.0,0.01,False,0.07,0.16,0.09,10,0,0.0,2000,maximum_bootstrap_mean_f_beta,highest_threshold
faster_rcnn,validation,5.0,25.0,0.89,0.12,maximum_lower_confidence_bound_f_beta,0.0,0.01,False,0.07,0.16,0.09,10,0,0.0,2000,maximum_bootstrap_mean_f_beta,highest_threshold
faster_rcnn,validation,5.0,25.0,0.9,0.12,maximum_lower_confidence_bound_f_beta,0.0,0.01,False,0.07,0.16,0.09,10,0,0.0,2000,maximum_bootstrap_mean_f_beta,highest_threshold
faster_rcnn,validation,5.0,25.0,0.91,0.12,maximum_lower_confidence_bound_f_beta,0.0,0.01,False,0.07,0.16,0.09,10,0,0.0,2000,maximum_bootstrap_mean_f_beta,highest_threshold
faster_rcnn,validation,5.0,25.0,0.92,0.12,maximum_lower_confidence_bound_f_beta,0.0,0.01,False,0.07,0.16,0.09,10,0,0.0,2000,maximum_bootstrap_mean_f_beta,highest_threshold
faster_rcnn,validation,5.0,25.0,0.93,0.12,maximum_lower_confidence_bound_f_beta,0.0,0.01,False,0.07,0.16,0.09,10,0,0.0,2000,maximum_bootstrap_mean_f_beta,highest_threshold
faster_rcnn,validation,5.0,25.0,0.94,0.12,maximum_lower_confidence_bound_f_beta,0.0,0.01,False,0.07,0.16,0.09,10,0,0.0,2000,maximum_bootstrap_mean_f_beta,highest_threshold
faster_rcnn,validation,5.0,25.0,0.95,0.12,maximum_lower_confidence_bound_f_beta,0.0,0.01,False,0.07,0.16,0.09,10,0,0.0,2000,maximum_bootstrap_mean_f_beta,highest_threshold
faster_rcnn,validation,5.0,25.0,0.96,0.12,maximum_lower_confidence_bound_f_beta,0.0,0.01,False,0.07,0.16,0.09,10,0,0.0,2000,maximum_bootstrap_mean_f_beta,highest_threshold
faster_rcnn,validation,5.0,25.0,0.97,0.12,maximum_lower_confidence_bound_f_beta,0.0,0.01,False,0.07,0.16,0.09,10,0,0.0,2000,maximum_bootstrap_mean_f_beta,highest_threshold
faster_rcnn,validation,5.0,25.0,0.98,0.12,maximum_lower_confidence_bound_f_beta,0.0,0.01,False,0.07,0.16,0.09,10,0,0.0,2000,maximum_bootstrap_mean_f_beta,highest_threshold
faster_rcnn,validation,5.0,25.0,0.99,0.12,maximum_lower_confidence_bound_f_beta,0.0,0.01,False,0.07,0.16,0.09,10,0,0.0,2000,maximum_bootstrap_mean_f_beta,highest_threshold
faster_rcnn,validation,10.0,100.0,0.01,0.03,maximum_lower_confidence_bound_f_beta,0.6454778105667756,0.01,False,0.03,0.04,0.01,2,54,0.027,2000,maximum_bootstrap_mean_f_beta,highest_threshold
faster_rcnn,validation,10.0,100.0,0.02,0.03,maximum_lower_confidence_bound_f_beta,0.667329442090973,0.01,False,0.03,0.04,0.01,2,184,0.092,2000,maximum_bootstrap_mean_f_beta,highest_threshold
faster_rcnn,validation,10.0,100.0,0.03,0.03,maximum_lower_confidence_bound_f_beta,0.6780820105182307,0.01,True,0.03,0.04,0.01,2,994,0.497,2000,maximum_bootstrap_mean_f_beta,highest_threshold
faster_rcnn,validation,10.0,100.0,0.04,0.03,maximum_lower_confidence_bound_f_beta,0.6750145405380111,0.01,True,0.03,0.04,0.01,2,297,0.1485,2000,maximum_bootstrap_mean_f_beta,highest_threshold
faster_rcnn,validation,10.0,100.0,0.05,0.03,maximum_lower_confidence_bound_f_beta,0.6668052531163058,0.01,False,0.03,0.04,0.01,2,299,0.1495,2000,maximum_bootstrap_mean_f_beta,highest_threshold
faster_rcnn,validation,10.0,100.0,0.06,0.03,maximum_lower_confidence_bound_f_beta,0.6585240174805773,0.01,False,0.03,0.04,0.01,2,40,0.02,2000,maximum_bootstrap_mean_f_beta,highest_threshold
faster_rcnn,validation,10.0,100.0,0.07,0.03,maximum_lower_confidence_bound_f_beta,0.6544160914622398,0.01,False,0.03,0.04,0.01,2,24,0.012,2000,maximum_bootstrap_mean_f_beta,highest_threshold
faster_rcnn,validation,10.0,100.0,0.08,0.03,maximum_lower_confidence_bound_f_beta,0.646472314732356,0.01,False,0.03,0.04,0.01,2,19,0.0095,2000,maximum_bootstrap_mean_f_beta,highest_threshold
faster_rcnn,validation,10.0,100.0,0.09,0.03,maximum_lower_confidence_bound_f_beta,0.6386901482208627,0.01,False,0.03,0.04,0.01,2,51,0.0255,2000,maximum_bootstrap_mean_f_beta,highest_threshold
faster_rcnn,validation,10.0,100.0,0.1,0.03,maximum_lower_confidence_bound_f_beta,0.630168260332385,0.01,False,0.03,0.04,0.01,2,22,0.011,2000,maximum_bootstrap_mean_f_beta,highest_threshold
faster_rcnn,validation,10.0,100.0,0.11,0.03,maximum_lower_confidence_bound_f_beta,0.6277122741970895,0.01,False,0.03,0.04,0.01,2,12,0.006,2000,maximum_bootstrap_mean_f_beta,highest_threshold
faster_rcnn,validation,10.0,100.0,0.12,0.03,maximum_lower_confidence_bound_f_beta,0.6239816901422719,0.01,False,0.03,0.04,0.01,2,1,0.0005,2000,maximum_bootstrap_mean_f_beta,highest_threshold
faster_rcnn,validation,10.0,100.0,0.13,0.03,maximum_lower_confidence_bound_f_beta,0.6154504556863221,0.01,False,0.03,0.04,0.01,2,0,0.0,2000,maximum_bootstrap_mean_f_beta,highest_threshold
faster_rcnn,validation,10.0,100.0,0.14,0.03,maximum_lower_confidence_bound_f_beta,0.6120406633028307,0.01,False,0.03,0.04,0.01,2,2,0.001,2000,maximum_bootstrap_mean_f_beta,highest_threshold
faster_rcnn,validation,10.0,100.0,0.15,0.03,maximum_lower_confidence_bound_f_beta,0.5996371961286485,0.01,False,0.03,0.04,0.01,2,1,0.0005,2000,maximum_bootstrap_mean_f_beta,highest_threshold
faster_rcnn,validation,10.0,100.0,0.16,0.03,maximum_lower_confidence_bound_f_beta,0.5917888879800843,0.01,False,0.03,0.04,0.01,2,0,0.0,2000,maximum_bootstrap_mean_f_beta,highest_threshold
faster_rcnn,validation,10.0,100.0,0.17,0.03,maximum_lower_confidence_bound_f_beta,0.5886093313132795,0.01,False,0.03,0.04,0.01,2,0,0.0,2000,maximum_bootstrap_mean_f_beta,highest_threshold
faster_rcnn,validation,10.0,100.0,0.18,0.03,maximum_lower_confidence_bound_f_beta,0.5850400339637556,0.01,False,0.03,0.04,0.01,2,0,0.0,2000,maximum_bootstrap_mean_f_beta,highest_threshold
faster_rcnn,validation,10.0,100.0,0.19,0.03,maximum_lower_confidence_bound_f_beta,0.581085818532688,0.01,False,0.03,0.04,0.01,2,0,0.0,2000,maximum_bootstrap_mean_f_beta,highest_threshold
faster_rcnn,validation,10.0,100.0,0.2,0.03,maximum_lower_confidence_bound_f_beta,0.5770171052974151,0.01,False,0.03,0.04,0.01,2,0,0.0,2000,maximum_bootstrap_mean_f_beta,highest_threshold
faster_rcnn,validation,10.0,100.0,0.21,0.03,maximum_lower_confidence_bound_f_beta,0.5768614186347998,0.01,False,0.03,0.04,0.01,2,0,0.0,2000,maximum_bootstrap_mean_f_beta,highest_threshold
faster_rcnn,validation,10.0,100.0,0.22,0.03,maximum_lower_confidence_bound_f_beta,0.57574519275257,0.01,False,0.03,0.04,0.01,2,0,0.0,2000,maximum_bootstrap_mean_f_beta,highest_threshold
faster_rcnn,validation,10.0,100.0,0.23,0.03,maximum_lower_confidence_bound_f_beta,0.5728205723738496,0.01,False,0.03,0.04,0.01,2,0,0.0,2000,maximum_bootstrap_mean_f_beta,highest_threshold
faster_rcnn,validation,10.0,100.0,0.24,0.03,maximum_lower_confidence_bound_f_beta,0.566803839707785,0.01,False,0.03,0.04,0.01,2,0,0.0,2000,maximum_bootstrap_mean_f_beta,highest_threshold
faster_rcnn,validation,10.0,100.0,0.25,0.03,maximum_lower_confidence_bound_f_beta,0.5578963419174027,0.01,False,0.03,0.04,0.01,2,0,0.0,2000,maximum_bootstrap_mean_f_beta,highest_threshold
faster_rcnn,validation,10.0,100.0,0.26,0.03,maximum_lower_confidence_bound_f_beta,0.5478721512925269,0.01,False,0.03,0.04,0.01,2,0,0.0,2000,maximum_bootstrap_mean_f_beta,highest_threshold
faster_rcnn,validation,10.0,100.0,0.27,0.03,maximum_lower_confidence_bound_f_beta,0.5483666057322446,0.01,False,0.03,0.04,0.01,2,0,0.0,2000,maximum_bootstrap_mean_f_beta,highest_threshold
faster_rcnn,validation,10.0,100.0,0.28,0.03,maximum_lower_confidence_bound_f_beta,0.5491922335870963,0.01,False,0.03,0.04,0.01,2,0,0.0,2000,maximum_bootstrap_mean_f_beta,highest_threshold
faster_rcnn,validation,10.0,100.0,0.29,0.03,maximum_lower_confidence_bound_f_beta,0.5455675095794754,0.01,False,0.03,0.04,0.01,2,0,0.0,2000,maximum_bootstrap_mean_f_beta,highest_threshold
faster_rcnn,validation,10.0,100.0,0.3,0.03,maximum_lower_confidence_bound_f_beta,0.5424564696794697,0.01,False,0.03,0.04,0.01,2,0,0.0,2000,maximum_bootstrap_mean_f_beta,highest_threshold
faster_rcnn,validation,10.0,100.0,0.31,0.03,maximum_lower_confidence_bound_f_beta,0.5394645563775593,0.01,False,0.03,0.04,0.01,2,0,0.0,2000,maximum_bootstrap_mean_f_beta,highest_threshold
faster_rcnn,validation,10.0,100.0,0.32,0.03,maximum_lower_confidence_bound_f_beta,0.534391132400387,0.01,False,0.03,0.04,0.01,2,0,0.0,2000,maximum_bootstrap_mean_f_beta,highest_threshold
faster_rcnn,validation,10.0,100.0,0.33,0.03,maximum_lower_confidence_bound_f_beta,0.5339188612779959,0.01,False,0.03,0.04,0.01,2,0,0.0,2000,maximum_bootstrap_mean_f_beta,highest_threshold
faster_rcnn,validation,10.0,100.0,0.34,0.03,maximum_lower_confidence_bound_f_beta,0.5289254987393253,0.01,False,0.03,0.04,0.01,2,0,0.0,2000,maximum_bootstrap_mean_f_beta,highest_threshold
faster_rcnn,validation,10.0,100.0,0.35,0.03,maximum_lower_confidence_bound_f_beta,0.5255927654297475,0.01,False,0.03,0.04,0.01,2,0,0.0,2000,maximum_bootstrap_mean_f_beta,highest_threshold
faster_rcnn,validation,10.0,100.0,0.36,0.03,maximum_lower_confidence_bound_f_beta,0.5206919630183134,0.01,False,0.03,0.04,0.01,2,0,0.0,2000,maximum_bootstrap_mean_f_beta,highest_threshold
faster_rcnn,validation,10.0,100.0,0.37,0.03,maximum_lower_confidence_bound_f_beta,0.5166538258650932,0.01,False,0.03,0.04,0.01,2,0,0.0,2000,maximum_bootstrap_mean_f_beta,highest_threshold
faster_rcnn,validation,10.0,100.0,0.38,0.03,maximum_lower_confidence_bound_f_beta,0.5164545851718659,0.01,False,0.03,0.04,0.01,2,0,0.0,2000,maximum_bootstrap_mean_f_beta,highest_threshold
faster_rcnn,validation,10.0,100.0,0.39,0.03,maximum_lower_confidence_bound_f_beta,0.5106265441720077,0.01,False,0.03,0.04,0.01,2,0,0.0,2000,maximum_bootstrap_mean_f_beta,highest_threshold
faster_rcnn,validation,10.0,100.0,0.4,0.03,maximum_lower_confidence_bound_f_beta,0.4988599108341557,0.01,False,0.03,0.04,0.01,2,0,0.0,2000,maximum_bootstrap_mean_f_beta,highest_threshold
faster_rcnn,validation,10.0,100.0,0.41,0.03,maximum_lower_confidence_bound_f_beta,0.4919094814494498,0.01,False,0.03,0.04,0.01,2,0,0.0,2000,maximum_bootstrap_mean_f_beta,highest_threshold
faster_rcnn,validation,10.0,100.0,0.42,0.03,maximum_lower_confidence_bound_f_beta,0.4878300285810389,0.01,False,0.03,0.04,0.01,2,0,0.0,2000,maximum_bootstrap_mean_f_beta,highest_threshold
faster_rcnn,validation,10.0,100.0,0.43,0.03,maximum_lower_confidence_bound_f_beta,0.47594586522398535,0.01,False,0.03,0.04,0.01,2,0,0.0,2000,maximum_bootstrap_mean_f_beta,highest_threshold
faster_rcnn,validation,10.0,100.0,0.44,0.03,maximum_lower_confidence_bound_f_beta,0.4725739379922657,0.01,False,0.03,0.04,0.01,2,0,0.0,2000,maximum_bootstrap_mean_f_beta,highest_threshold
faster_rcnn,validation,10.0,100.0,0.45,0.03,maximum_lower_confidence_bound_f_beta,0.47072955627614155,0.01,False,0.03,0.04,0.01,2,0,0.0,2000,maximum_bootstrap_mean_f_beta,highest_threshold
faster_rcnn,validation,10.0,100.0,0.46,0.03,maximum_lower_confidence_bound_f_beta,0.4647454818125401,0.01,False,0.03,0.04,0.01,2,0,0.0,2000,maximum_bootstrap_mean_f_beta,highest_threshold
faster_rcnn,validation,10.0,100.0,0.47,0.03,maximum_lower_confidence_bound_f_beta,0.4605769507838905,0.01,False,0.03,0.04,0.01,2,0,0.0,2000,maximum_bootstrap_mean_f_beta,highest_threshold
faster_rcnn,validation,10.0,100.0,0.48,0.03,maximum_lower_confidence_bound_f_beta,0.4581212445269132,0.01,False,0.03,0.04,0.01,2,0,0.0,2000,maximum_bootstrap_mean_f_beta,highest_threshold
faster_rcnn,validation,10.0,100.0,0.49,0.03,maximum_lower_confidence_bound_f_beta,0.45368257262998346,0.01,False,0.03,0.04,0.01,2,0,0.0,2000,maximum_bootstrap_mean_f_beta,highest_threshold
faster_rcnn,validation,10.0,100.0,0.5,0.03,maximum_lower_confidence_bound_f_beta,0.44205505871389267,0.01,False,0.03,0.04,0.01,2,0,0.0,2000,maximum_bootstrap_mean_f_beta,highest_threshold
faster_rcnn,validation,10.0,100.0,0.51,0.03,maximum_lower_confidence_bound_f_beta,0.4330438702306813,0.01,False,0.03,0.04,0.01,2,0,0.0,2000,maximum_bootstrap_mean_f_beta,highest_threshold
faster_rcnn,validation,10.0,100.0,0.52,0.03,maximum_lower_confidence_bound_f_beta,0.4312995472447048,0.01,False,0.03,0.04,0.01,2,0,0.0,2000,maximum_bootstrap_mean_f_beta,highest_threshold
faster_rcnn,validation,10.0,100.0,0.53,0.03,maximum_lower_confidence_bound_f_beta,0.42537945412753975,0.01,False,0.03,0.04,0.01,2,0,0.0,2000,maximum_bootstrap_mean_f_beta,highest_threshold
faster_rcnn,validation,10.0,100.0,0.54,0.03,maximum_lower_confidence_bound_f_beta,0.4232452402874299,0.01,False,0.03,0.04,0.01,2,0,0.0,2000,maximum_bootstrap_mean_f_beta,highest_threshold
faster_rcnn,validation,10.0,100.0,0.55,0.03,maximum_lower_confidence_bound_f_beta,0.41862588541496276,0.01,False,0.03,0.04,0.01,2,0,0.0,2000,maximum_bootstrap_mean_f_beta,highest_threshold
faster_rcnn,validation,10.0,100.0,0.56,0.03,maximum_lower_confidence_bound_f_beta,0.40636959395665156,0.01,False,0.03,0.04,0.01,2,0,0.0,2000,maximum_bootstrap_mean_f_beta,highest_threshold
faster_rcnn,validation,10.0,100.0,0.57,0.03,maximum_lower_confidence_bound_f_beta,0.39136981298757423,0.01,False,0.03,0.04,0.01,2,0,0.0,2000,maximum_bootstrap_mean_f_beta,highest_threshold
faster_rcnn,validation,10.0,100.0,0.58,0.03,maximum_lower_confidence_bound_f_beta,0.39132462537973317,0.01,False,0.03,0.04,0.01,2,0,0.0,2000,maximum_bootstrap_mean_f_beta,highest_threshold
faster_rcnn,validation,10.0,100.0,0.59,0.03,maximum_lower_confidence_bound_f_beta,0.3890631217538265,0.01,False,0.03,0.04,0.01,2,0,0.0,2000,maximum_bootstrap_mean_f_beta,highest_threshold
faster_rcnn,validation,10.0,100.0,0.6,0.03,maximum_lower_confidence_bound_f_beta,0.38936899863504604,0.01,False,0.03,0.04,0.01,2,0,0.0,2000,maximum_bootstrap_mean_f_beta,highest_threshold
faster_rcnn,validation,10.0,100.0,0.61,0.03,maximum_lower_confidence_bound_f_beta,0.38712950104511973,0.01,False,0.03,0.04,0.01,2,0,0.0,2000,maximum_bootstrap_mean_f_beta,highest_threshold
faster_rcnn,validation,10.0,100.0,0.62,0.03,maximum_lower_confidence_bound_f_beta,0.37045302511549444,0.01,False,0.03,0.04,0.01,2,0,0.0,2000,maximum_bootstrap_mean_f_beta,highest_threshold
faster_rcnn,validation,10.0,100.0,0.63,0.03,maximum_lower_confidence_bound_f_beta,0.36611272980719267,0.01,False,0.03,0.04,0.01,2,0,0.0,2000,maximum_bootstrap_mean_f_beta,highest_threshold
faster_rcnn,validation,10.0,100.0,0.64,0.03,maximum_lower_confidence_bound_f_beta,0.36511422386342923,0.01,False,0.03,0.04,0.01,2,0,0.0,2000,maximum_bootstrap_mean_f_beta,highest_threshold
faster_rcnn,validation,10.0,100.0,0.65,0.03,maximum_lower_confidence_bound_f_beta,0.3501229748515958,0.01,False,0.03,0.04,0.01,2,0,0.0,2000,maximum_bootstrap_mean_f_beta,highest_threshold
faster_rcnn,validation,10.0,100.0,0.66,0.03,maximum_lower_confidence_bound_f_beta,0.3388584171131942,0.01,False,0.03,0.04,0.01,2,0,0.0,2000,maximum_bootstrap_mean_f_beta,highest_threshold
faster_rcnn,validation,10.0,100.0,0.67,0.03,maximum_lower_confidence_bound_f_beta,0.32368819205924493,0.01,False,0.03,0.04,0.01,2,0,0.0,2000,maximum_bootstrap_mean_f_beta,highest_threshold
faster_rcnn,validation,10.0,100.0,0.68,0.03,maximum_lower_confidence_bound_f_beta,0.3146183050351508,0.01,False,0.03,0.04,0.01,2,0,0.0,2000,maximum_bootstrap_mean_f_beta,highest_threshold
faster_rcnn,validation,10.0,100.0,0.69,0.03,maximum_lower_confidence_bound_f_beta,0.3078112834765902,0.01,False,0.03,0.04,0.01,2,0,0.0,2000,maximum_bootstrap_mean_f_beta,highest_threshold
faster_rcnn,validation,10.0,100.0,0.7,0.03,maximum_lower_confidence_bound_f_beta,0.29461094601789506,0.01,False,0.03,0.04,0.01,2,0,0.0,2000,maximum_bootstrap_mean_f_beta,highest_threshold
faster_rcnn,validation,10.0,100.0,0.71,0.03,maximum_lower_confidence_bound_f_beta,0.26972791898087695,0.01,False,0.03,0.04,0.01,2,0,0.0,2000,maximum_bootstrap_mean_f_beta,highest_threshold
faster_rcnn,validation,10.0,100.0,0.72,0.03,maximum_lower_confidence_bound_f_beta,0.21992331247333105,0.01,False,0.03,0.04,0.01,2,0,0.0,2000,maximum_bootstrap_mean_f_beta,highest_threshold
faster_rcnn,validation,10.0,100.0,0.73,0.03,maximum_lower_confidence_bound_f_beta,0.19828300406804997,0.01,False,0.03,0.04,0.01,2,0,0.0,2000,maximum_bootstrap_mean_f_beta,highest_threshold
faster_rcnn,validation,10.0,100.0,0.74,0.03,maximum_lower_confidence_bound_f_beta,0.16359889384511664,0.01,False,0.03,0.04,0.01,2,0,0.0,2000,maximum_bootstrap_mean_f_beta,highest_threshold
faster_rcnn,validation,10.0,100.0,0.75,0.03,maximum_lower_confidence_bound_f_beta,0.12495145450972622,0.01,False,0.03,0.04,0.01,2,0,0.0,2000,maximum_bootstrap_mean_f_beta,highest_threshold
faster_rcnn,validation,10.0,100.0,0.76,0.03,maximum_lower_confidence_bound_f_beta,0.09158809215919228,0.01,False,0.03,0.04,0.01,2,0,0.0,2000,maximum_bootstrap_mean_f_beta,highest_threshold
faster_rcnn,validation,10.0,100.0,0.77,0.03,maximum_lower_confidence_bound_f_beta,0.05966578259159718,0.01,False,0.03,0.04,0.01,2,0,0.0,2000,maximum_bootstrap_mean_f_beta,highest_threshold
faster_rcnn,validation,10.0,100.0,0.78,0.03,maximum_lower_confidence_bound_f_beta,0.035729787263353525,0.01,False,0.03,0.04,0.01,2,0,0.0,2000,maximum_bootstrap_mean_f_beta,highest_threshold
faster_rcnn,validation,10.0,100.0,0.79,0.03,maximum_lower_confidence_bound_f_beta,0.013772933968376477,0.01,False,0.03,0.04,0.01,2,0,0.0,2000,maximum_bootstrap_mean_f_beta,highest_threshold
faster_rcnn,validation,10.0,100.0,0.8,0.03,maximum_lower_confidence_bound_f_beta,0.010250829491193929,0.01,False,0.03,0.04,0.01,2,0,0.0,2000,maximum_bootstrap_mean_f_beta,highest_threshold
faster_rcnn,validation,10.0,100.0,0.81,0.03,maximum_lower_confidence_bound_f_beta,0.0,0.01,False,0.03,0.04,0.01,2,0,0.0,2000,maximum_bootstrap_mean_f_beta,highest_threshold
faster_rcnn,validation,10.0,100.0,0.82,0.03,maximum_lower_confidence_bound_f_beta,0.0,0.01,False,0.03,0.04,0.01,2,0,0.0,2000,maximum_bootstrap_mean_f_beta,highest_threshold
faster_rcnn,validation,10.0,100.0,0.83,0.03,maximum_lower_confidence_bound_f_beta,0.0,0.01,False,0.03,0.04,0.01,2,0,0.0,2000,maximum_bootstrap_mean_f_beta,highest_threshold
faster_rcnn,validation,10.0,100.0,0.84,0.03,maximum_lower_confidence_bound_f_beta,0.0,0.01,False,0.03,0.04,0.01,2,0,0.0,2000,maximum_bootstrap_mean_f_beta,highest_threshold
faster_rcnn,validation,10.0,100.0,0.85,0.03,maximum_lower_confidence_bound_f_beta,0.0,0.01,False,0.03,0.04,0.01,2,0,0.0,2000,maximum_bootstrap_mean_f_beta,highest_threshold
faster_rcnn,validation,10.0,100.0,0.86,0.03,maximum_lower_confidence_bound_f_beta,0.0,0.01,False,0.03,0.04,0.01,2,0,0.0,2000,maximum_bootstrap_mean_f_beta,highest_threshold
faster_rcnn,validation,10.0,100.0,0.87,0.03,maximum_lower_confidence_bound_f_beta,0.0,0.01,False,0.03,0.04,0.01,2,0,0.0,2000,maximum_bootstrap_mean_f_beta,highest_threshold
faster_rcnn,validation,10.0,100.0,0.88,0.03,maximum_lower_confidence_bound_f_beta,0.0,0.01,False,0.03,0.04,0.01,2,0,0.0,2000,maximum_bootstrap_mean_f_beta,highest_threshold
faster_rcnn,validation,10.0,100.0,0.89,0.03,maximum_lower_confidence_bound_f_beta,0.0,0.01,False,0.03,0.04,0.01,2,0,0.0,2000,maximum_bootstrap_mean_f_beta,highest_threshold
faster_rcnn,validation,10.0,100.0,0.9,0.03,maximum_lower_confidence_bound_f_beta,0.0,0.01,False,0.03,0.04,0.01,2,0,0.0,2000,maximum_bootstrap_mean_f_beta,highest_threshold
faster_rcnn,validation,10.0,100.0,0.91,0.03,maximum_lower_confidence_bound_f_beta,0.0,0.01,False,0.03,0.04,0.01,2,0,0.0,2000,maximum_bootstrap_mean_f_beta,highest_threshold
faster_rcnn,validation,10.0,100.0,0.92,0.03,maximum_lower_confidence_bound_f_beta,0.0,0.01,False,0.03,0.04,0.01,2,0,0.0,2000,maximum_bootstrap_mean_f_beta,highest_threshold
faster_rcnn,validation,10.0,100.0,0.93,0.03,maximum_lower_confidence_bound_f_beta,0.0,0.01,False,0.03,0.04,0.01,2,0,0.0,2000,maximum_bootstrap_mean_f_beta,highest_threshold
faster_rcnn,validation,10.0,100.0,0.94,0.03,maximum_lower_confidence_bound_f_beta,0.0,0.01,False,0.03,0.04,0.01,2,0,0.0,2000,maximum_bootstrap_mean_f_beta,highest_threshold
faster_rcnn,validation,10.0,100.0,0.95,0.03,maximum_lower_confidence_bound_f_beta,0.0,0.01,False,0.03,0.04,0.01,2,0,0.0,2000,maximum_bootstrap_mean_f_beta,highest_threshold
faster_rcnn,validation,10.0,100.0,0.96,0.03,maximum_lower_confidence_bound_f_beta,0.0,0.01,False,0.03,0.04,0.01,2,0,0.0,2000,maximum_bootstrap_mean_f_beta,highest_threshold
faster_rcnn,validation,10.0,100.0,0.97,0.03,maximum_lower_confidence_bound_f_beta,0.0,0.01,False,0.03,0.04,0.01,2,0,0.0,2000,maximum_bootstrap_mean_f_beta,highest_threshold
faster_rcnn,validation,10.0,100.0,0.98,0.03,maximum_lower_confidence_bound_f_beta,0.0,0.01,False,0.03,0.04,0.01,2,0,0.0,2000,maximum_bootstrap_mean_f_beta,highest_threshold
faster_rcnn,validation,10.0,100.0,0.99,0.03,maximum_lower_confidence_bound_f_beta,0.0,0.01,False,0.03,0.04,0.01,2,0,0.0,2000,maximum_bootstrap_mean_f_beta,highest_threshold
yolo11s,validation,1.0,1.0,0.01,0.02,maximum_lower_confidence_bound_f_beta,0.2710102750550339,0.01,True,0.01,0.05,0.04,5,109,0.0545,2000,maximum_bootstrap_mean_f_beta,highest_threshold
yolo11s,validation,1.0,1.0,0.02,0.02,maximum_lower_confidence_bound_f_beta,0.2787557086676358,0.01,True,0.01,0.05,0.04,5,418,0.209,2000,maximum_bootstrap_mean_f_beta,highest_threshold
yolo11s,validation,1.0,1.0,0.03,0.02,maximum_lower_confidence_bound_f_beta,0.27794861825179784,0.01,True,0.01,0.05,0.04,5,338,0.169,2000,maximum_bootstrap_mean_f_beta,highest_threshold
yolo11s,validation,1.0,1.0,0.04,0.02,maximum_lower_confidence_bound_f_beta,0.269812725771298,0.01,True,0.01,0.05,0.04,5,2,0.001,2000,maximum_bootstrap_mean_f_beta,highest_threshold
yolo11s,validation,1.0,1.0,0.05,0.02,maximum_lower_confidence_bound_f_beta,0.2722771227325307,0.01,True,0.01,0.05,0.04,5,372,0.186,2000,maximum_bootstrap_mean_f_beta,highest_threshold
yolo11s,validation,1.0,1.0,0.06,0.02,maximum_lower_confidence_bound_f_beta,0.26180250951263223,0.01,False,0.01,0.05,0.04,5,31,0.0155,2000,maximum_bootstrap_mean_f_beta,highest_threshold
yolo11s,validation,1.0,1.0,0.07,0.02,maximum_lower_confidence_bound_f_beta,0.26405887538037964,0.01,False,0.01,0.05,0.04,5,118,0.059,2000,maximum_bootstrap_mean_f_beta,highest_threshold
yolo11s,validation,1.0,1.0,0.08,0.02,maximum_lower_confidence_bound_f_beta,0.26178777783498836,0.01,False,0.01,0.05,0.04,5,331,0.1655,2000,maximum_bootstrap_mean_f_beta,highest_threshold
yolo11s,validation,1.0,1.0,0.09,0.02,maximum_lower_confidence_bound_f_beta,0.25844845239132375,0.01,False,0.01,0.05,0.04,5,177,0.0885,2000,maximum_bootstrap_mean_f_beta,highest_threshold
yolo11s,validation,1.0,1.0,0.1,0.02,maximum_lower_confidence_bound_f_beta,0.252658089818694,0.01,False,0.01,0.05,0.04,5,66,0.033,2000,maximum_bootstrap_mean_f_beta,highest_threshold
yolo11s,validation,1.0,1.0,0.11,0.02,maximum_lower_confidence_bound_f_beta,0.24981128346795978,0.01,False,0.01,0.05,0.04,5,23,0.0115,2000,maximum_bootstrap_mean_f_beta,highest_threshold
yolo11s,validation,1.0,1.0,0.12,0.02,maximum_lower_confidence_bound_f_beta,0.23529226441548798,0.01,False,0.01,0.05,0.04,5,2,0.001,2000,maximum_bootstrap_mean_f_beta,highest_threshold
yolo11s,validation,1.0,1.0,0.13,0.02,maximum_lower_confidence_bound_f_beta,0.22429604444073367,0.01,False,0.01,0.05,0.04,5,0,0.0,2000,maximum_bootstrap_mean_f_beta,highest_threshold
yolo11s,validation,1.0,1.0,0.14,0.02,maximum_lower_confidence_bound_f_beta,0.22461153296890554,0.01,False,0.01,0.05,0.04,5,0,0.0,2000,maximum_bootstrap_mean_f_beta,highest_threshold
yolo11s,validation,1.0,1.0,0.15,0.02,maximum_lower_confidence_bound_f_beta,0.22499513558086698,0.01,False,0.01,0.05,0.04,5,0,0.0,2000,maximum_bootstrap_mean_f_beta,highest_threshold
yolo11s,validation,1.0,1.0,0.16,0.02,maximum_lower_confidence_bound_f_beta,0.22297640466318944,0.01,False,0.01,0.05,0.04,5,0,0.0,2000,maximum_bootstrap_mean_f_beta,highest_threshold
yolo11s,validation,1.0,1.0,0.17,0.02,maximum_lower_confidence_bound_f_beta,0.21660907012032796,0.01,False,0.01,0.05,0.04,5,0,0.0,2000,maximum_bootstrap_mean_f_beta,highest_threshold
yolo11s,validation,1.0,1.0,0.18,0.02,maximum_lower_confidence_bound_f_beta,0.21826808401370776,0.01,False,0.01,0.05,0.04,5,0,0.0,2000,maximum_bootstrap_mean_f_beta,highest_threshold
yolo11s,validation,1.0,1.0,0.19,0.02,maximum_lower_confidence_bound_f_beta,0.21394753326859278,0.01,False,0.01,0.05,0.04,5,0,0.0,2000,maximum_bootstrap_mean_f_beta,highest_threshold
yolo11s,validation,1.0,1.0,0.2,0.02,maximum_lower_confidence_bound_f_beta,0.20860923309513393,0.01,False,0.01,0.05,0.04,5,10,0.005,2000,maximum_bootstrap_mean_f_beta,highest_threshold
yolo11s,validation,1.0,1.0,0.21,0.02,maximum_lower_confidence_bound_f_beta,0.2060993172067917,0.01,False,0.01,0.05,0.04,5,1,0.0005,2000,maximum_bootstrap_mean_f_beta,highest_threshold
yolo11s,validation,1.0,1.0,0.22,0.02,maximum_lower_confidence_bound_f_beta,0.20137165138415508,0.01,False,0.01,0.05,0.04,5,1,0.0005,2000,maximum_bootstrap_mean_f_beta,highest_threshold
yolo11s,validation,1.0,1.0,0.23,0.02,maximum_lower_confidence_bound_f_beta,0.19828938592695378,0.01,False,0.01,0.05,0.04,5,1,0.0005,2000,maximum_bootstrap_mean_f_beta,highest_threshold
yolo11s,validation,1.0,1.0,0.24,0.02,maximum_lower_confidence_bound_f_beta,0.1944145010788755,0.01,False,0.01,0.05,0.04,5,0,0.0,2000,maximum_bootstrap_mean_f_beta,highest_threshold
yolo11s,validation,1.0,1.0,0.25,0.02,maximum_lower_confidence_bound_f_beta,0.1857792291297959,0.01,False,0.01,0.05,0.04,5,0,0.0,2000,maximum_bootstrap_mean_f_beta,highest_threshold
yolo11s,validation,1.0,1.0,0.26,0.02,maximum_lower_confidence_bound_f_beta,0.17728224807383608,0.01,False,0.01,0.05,0.04,5,0,0.0,2000,maximum_bootstrap_mean_f_beta,highest_threshold
yolo11s,validation,1.0,1.0,0.27,0.02,maximum_lower_confidence_bound_f_beta,0.17173837050468593,0.01,False,0.01,0.05,0.04,5,0,0.0,2000,maximum_bootstrap_mean_f_beta,highest_threshold
yolo11s,validation,1.0,1.0,0.28,0.02,maximum_lower_confidence_bound_f_beta,0.1669918190250925,0.01,False,0.01,0.05,0.04,5,0,0.0,2000,maximum_bootstrap_mean_f_beta,highest_threshold
yolo11s,validation,1.0,1.0,0.29,0.02,maximum_lower_confidence_bound_f_beta,0.16310751639971133,0.01,False,0.01,0.05,0.04,5,0,0.0,2000,maximum_bootstrap_mean_f_beta,highest_threshold
yolo11s,validation,1.0,1.0,0.3,0.02,maximum_lower_confidence_bound_f_beta,0.1545055654419205,0.01,False,0.01,0.05,0.04,5,0,0.0,2000,maximum_bootstrap_mean_f_beta,highest_threshold
yolo11s,validation,1.0,1.0,0.31,0.02,maximum_lower_confidence_bound_f_beta,0.15455407926919326,0.01,False,0.01,0.05,0.04,5,0,0.0,2000,maximum_bootstrap_mean_f_beta,highest_threshold
yolo11s,validation,1.0,1.0,0.32,0.02,maximum_lower_confidence_bound_f_beta,0.1514230942513642,0.01,False,0.01,0.05,0.04,5,0,0.0,2000,maximum_bootstrap_mean_f_beta,highest_threshold
yolo11s,validation,1.0,1.0,0.33,0.02,maximum_lower_confidence_bound_f_beta,0.14976254836080208,0.01,False,0.01,0.05,0.04,5,0,0.0,2000,maximum_bootstrap_mean_f_beta,highest_threshold
yolo11s,validation,1.0,1.0,0.34,0.02,maximum_lower_confidence_bound_f_beta,0.1441602488153925,0.01,False,0.01,0.05,0.04,5,0,0.0,2000,maximum_bootstrap_mean_f_beta,highest_threshold
yolo11s,validation,1.0,1.0,0.35,0.02,maximum_lower_confidence_bound_f_beta,0.13385116871888728,0.01,False,0.01,0.05,0.04,5,0,0.0,2000,maximum_bootstrap_mean_f_beta,highest_threshold
yolo11s,validation,1.0,1.0,0.36,0.02,maximum_lower_confidence_bound_f_beta,0.12372020837868913,0.01,False,0.01,0.05,0.04,5,0,0.0,2000,maximum_bootstrap_mean_f_beta,highest_threshold
yolo11s,validation,1.0,1.0,0.37,0.02,maximum_lower_confidence_bound_f_beta,0.11967055967321134,0.01,False,0.01,0.05,0.04,5,0,0.0,2000,maximum_bootstrap_mean_f_beta,highest_threshold
yolo11s,validation,1.0,1.0,0.38,0.02,maximum_lower_confidence_bound_f_beta,0.10211415062478894,0.01,False,0.01,0.05,0.04,5,0,0.0,2000,maximum_bootstrap_mean_f_beta,highest_threshold
yolo11s,validation,1.0,1.0,0.39,0.02,maximum_lower_confidence_bound_f_beta,0.09814722520587182,0.01,False,0.01,0.05,0.04,5,0,0.0,2000,maximum_bootstrap_mean_f_beta,highest_threshold
yolo11s,validation,1.0,1.0,0.4,0.02,maximum_lower_confidence_bound_f_beta,0.09216916369390059,0.01,False,0.01,0.05,0.04,5,0,0.0,2000,maximum_bootstrap_mean_f_beta,highest_threshold
yolo11s,validation,1.0,1.0,0.41,0.02,maximum_lower_confidence_bound_f_beta,0.08798570967481643,0.01,False,0.01,0.05,0.04,5,0,0.0,2000,maximum_bootstrap_mean_f_beta,highest_threshold
yolo11s,validation,1.0,1.0,0.42,0.02,maximum_lower_confidence_bound_f_beta,0.07335600686432553,0.01,False,0.01,0.05,0.04,5,0,0.0,2000,maximum_bootstrap_mean_f_beta,highest_threshold
yolo11s,validation,1.0,1.0,0.43,0.02,maximum_lower_confidence_bound_f_beta,0.06412779895593645,0.01,False,0.01,0.05,0.04,5,0,0.0,2000,maximum_bootstrap_mean_f_beta,highest_threshold
yolo11s,validation,1.0,1.0,0.44,0.02,maximum_lower_confidence_bound_f_beta,0.05181263309690293,0.01,False,0.01,0.05,0.04,5,0,0.0,2000,maximum_bootstrap_mean_f_beta,highest_threshold
yolo11s,validation,1.0,1.0,0.45,0.02,maximum_lower_confidence_bound_f_beta,0.035532244015258466,0.01,False,0.01,0.05,0.04,5,0,0.0,2000,maximum_bootstrap_mean_f_beta,highest_threshold
yolo11s,validation,1.0,1.0,0.46,0.02,maximum_lower_confidence_bound_f_beta,0.03580217565369598,0.01,False,0.01,0.05,0.04,5,0,0.0,2000,maximum_bootstrap_mean_f_beta,highest_threshold
yolo11s,validation,1.0,1.0,0.47,0.02,maximum_lower_confidence_bound_f_beta,0.029506925504037673,0.01,False,0.01,0.05,0.04,5,0,0.0,2000,maximum_bootstrap_mean_f_beta,highest_threshold
yolo11s,validation,1.0,1.0,0.48,0.02,maximum_lower_confidence_bound_f_beta,0.02409638554216868,0.01,False,0.01,0.05,0.04,5,0,0.0,2000,maximum_bootstrap_mean_f_beta,highest_threshold
yolo11s,validation,1.0,1.0,0.49,0.02,maximum_lower_confidence_bound_f_beta,0.008253163739669441,0.01,False,0.01,0.05,0.04,5,0,0.0,2000,maximum_bootstrap_mean_f_beta,highest_threshold
yolo11s,validation,1.0,1.0,0.5,0.02,maximum_lower_confidence_bound_f_beta,0.008253163739669441,0.01,False,0.01,0.05,0.04,5,0,0.0,2000,maximum_bootstrap_mean_f_beta,highest_threshold
yolo11s,validation,1.0,1.0,0.51,0.02,maximum_lower_confidence_bound_f_beta,0.0,0.01,False,0.01,0.05,0.04,5,0,0.0,2000,maximum_bootstrap_mean_f_beta,highest_threshold
yolo11s,validation,1.0,1.0,0.52,0.02,maximum_lower_confidence_bound_f_beta,0.0,0.01,False,0.01,0.05,0.04,5,0,0.0,2000,maximum_bootstrap_mean_f_beta,highest_threshold
yolo11s,validation,1.0,1.0,0.53,0.02,maximum_lower_confidence_bound_f_beta,0.0,0.01,False,0.01,0.05,0.04,5,0,0.0,2000,maximum_bootstrap_mean_f_beta,highest_threshold
yolo11s,validation,1.0,1.0,0.54,0.02,maximum_lower_confidence_bound_f_beta,0.0,0.01,False,0.01,0.05,0.04,5,0,0.0,2000,maximum_bootstrap_mean_f_beta,highest_threshold
yolo11s,validation,1.0,1.0,0.55,0.02,maximum_lower_confidence_bound_f_beta,0.0,0.01,False,0.01,0.05,0.04,5,0,0.0,2000,maximum_bootstrap_mean_f_beta,highest_threshold
yolo11s,validation,1.0,1.0,0.56,0.02,maximum_lower_confidence_bound_f_beta,0.0,0.01,False,0.01,0.05,0.04,5,0,0.0,2000,maximum_bootstrap_mean_f_beta,highest_threshold
yolo11s,validation,1.0,1.0,0.57,0.02,maximum_lower_confidence_bound_f_beta,0.0,0.01,False,0.01,0.05,0.04,5,0,0.0,2000,maximum_bootstrap_mean_f_beta,highest_threshold
yolo11s,validation,1.0,1.0,0.58,0.02,maximum_lower_confidence_bound_f_beta,0.0,0.01,False,0.01,0.05,0.04,5,0,0.0,2000,maximum_bootstrap_mean_f_beta,highest_threshold
yolo11s,validation,1.0,1.0,0.59,0.02,maximum_lower_confidence_bound_f_beta,0.0,0.01,False,0.01,0.05,0.04,5,0,0.0,2000,maximum_bootstrap_mean_f_beta,highest_threshold
yolo11s,validation,1.0,1.0,0.6,0.02,maximum_lower_confidence_bound_f_beta,0.0,0.01,False,0.01,0.05,0.04,5,0,0.0,2000,maximum_bootstrap_mean_f_beta,highest_threshold
yolo11s,validation,1.0,1.0,0.61,0.02,maximum_lower_confidence_bound_f_beta,0.0,0.01,False,0.01,0.05,0.04,5,0,0.0,2000,maximum_bootstrap_mean_f_beta,highest_threshold
yolo11s,validation,1.0,1.0,0.62,0.02,maximum_lower_confidence_bound_f_beta,0.0,0.01,False,0.01,0.05,0.04,5,0,0.0,2000,maximum_bootstrap_mean_f_beta,highest_threshold
yolo11s,validation,1.0,1.0,0.63,0.02,maximum_lower_confidence_bound_f_beta,0.0,0.01,False,0.01,0.05,0.04,5,0,0.0,2000,maximum_bootstrap_mean_f_beta,highest_threshold
yolo11s,validation,1.0,1.0,0.64,0.02,maximum_lower_confidence_bound_f_beta,0.0,0.01,False,0.01,0.05,0.04,5,0,0.0,2000,maximum_bootstrap_mean_f_beta,highest_threshold
yolo11s,validation,1.0,1.0,0.65,0.02,maximum_lower_confidence_bound_f_beta,0.0,0.01,False,0.01,0.05,0.04,5,0,0.0,2000,maximum_bootstrap_mean_f_beta,highest_threshold
yolo11s,validation,1.0,1.0,0.66,0.02,maximum_lower_confidence_bound_f_beta,0.0,0.01,False,0.01,0.05,0.04,5,0,0.0,2000,maximum_bootstrap_mean_f_beta,highest_threshold
yolo11s,validation,1.0,1.0,0.67,0.02,maximum_lower_confidence_bound_f_beta,0.0,0.01,False,0.01,0.05,0.04,5,0,0.0,2000,maximum_bootstrap_mean_f_beta,highest_threshold
yolo11s,validation,1.0,1.0,0.68,0.02,maximum_lower_confidence_bound_f_beta,0.0,0.01,False,0.01,0.05,0.04,5,0,0.0,2000,maximum_bootstrap_mean_f_beta,highest_threshold
yolo11s,validation,1.0,1.0,0.69,0.02,maximum_lower_confidence_bound_f_beta,0.0,0.01,False,0.01,0.05,0.04,5,0,0.0,2000,maximum_bootstrap_mean_f_beta,highest_threshold
yolo11s,validation,1.0,1.0,0.7,0.02,maximum_lower_confidence_bound_f_beta,0.0,0.01,False,0.01,0.05,0.04,5,0,0.0,2000,maximum_bootstrap_mean_f_beta,highest_threshold
yolo11s,validation,1.0,1.0,0.71,0.02,maximum_lower_confidence_bound_f_beta,0.0,0.01,False,0.01,0.05,0.04,5,0,0.0,2000,maximum_bootstrap_mean_f_beta,highest_threshold
yolo11s,validation,1.0,1.0,0.72,0.02,maximum_lower_confidence_bound_f_beta,0.0,0.01,False,0.01,0.05,0.04,5,0,0.0,2000,maximum_bootstrap_mean_f_beta,highest_threshold
yolo11s,validation,1.0,1.0,0.73,0.02,maximum_lower_confidence_bound_f_beta,0.0,0.01,False,0.01,0.05,0.04,5,0,0.0,2000,maximum_bootstrap_mean_f_beta,highest_threshold
yolo11s,validation,1.0,1.0,0.74,0.02,maximum_lower_confidence_bound_f_beta,0.0,0.01,False,0.01,0.05,0.04,5,0,0.0,2000,maximum_bootstrap_mean_f_beta,highest_threshold
yolo11s,validation,1.0,1.0,0.75,0.02,maximum_lower_confidence_bound_f_beta,0.0,0.01,False,0.01,0.05,0.04,5,0,0.0,2000,maximum_bootstrap_mean_f_beta,highest_threshold
yolo11s,validation,1.0,1.0,0.76,0.02,maximum_lower_confidence_bound_f_beta,0.0,0.01,False,0.01,0.05,0.04,5,0,0.0,2000,maximum_bootstrap_mean_f_beta,highest_threshold
yolo11s,validation,1.0,1.0,0.77,0.02,maximum_lower_confidence_bound_f_beta,0.0,0.01,False,0.01,0.05,0.04,5,0,0.0,2000,maximum_bootstrap_mean_f_beta,highest_threshold
yolo11s,validation,1.0,1.0,0.78,0.02,maximum_lower_confidence_bound_f_beta,0.0,0.01,False,0.01,0.05,0.04,5,0,0.0,2000,maximum_bootstrap_mean_f_beta,highest_threshold
yolo11s,validation,1.0,1.0,0.79,0.02,maximum_lower_confidence_bound_f_beta,0.0,0.01,False,0.01,0.05,0.04,5,0,0.0,2000,maximum_bootstrap_mean_f_beta,highest_threshold
yolo11s,validation,1.0,1.0,0.8,0.02,maximum_lower_confidence_bound_f_beta,0.0,0.01,False,0.01,0.05,0.04,5,0,0.0,2000,maximum_bootstrap_mean_f_beta,highest_threshold
yolo11s,validation,1.0,1.0,0.81,0.02,maximum_lower_confidence_bound_f_beta,0.0,0.01,False,0.01,0.05,0.04,5,0,0.0,2000,maximum_bootstrap_mean_f_beta,highest_threshold
yolo11s,validation,1.0,1.0,0.82,0.02,maximum_lower_confidence_bound_f_beta,0.0,0.01,False,0.01,0.05,0.04,5,0,0.0,2000,maximum_bootstrap_mean_f_beta,highest_threshold
yolo11s,validation,1.0,1.0,0.83,0.02,maximum_lower_confidence_bound_f_beta,0.0,0.01,False,0.01,0.05,0.04,5,0,0.0,2000,maximum_bootstrap_mean_f_beta,highest_threshold
yolo11s,validation,1.0,1.0,0.84,0.02,maximum_lower_confidence_bound_f_beta,0.0,0.01,False,0.01,0.05,0.04,5,0,0.0,2000,maximum_bootstrap_mean_f_beta,highest_threshold
yolo11s,validation,1.0,1.0,0.85,0.02,maximum_lower_confidence_bound_f_beta,0.0,0.01,False,0.01,0.05,0.04,5,0,0.0,2000,maximum_bootstrap_mean_f_beta,highest_threshold
yolo11s,validation,1.0,1.0,0.86,0.02,maximum_lower_confidence_bound_f_beta,0.0,0.01,False,0.01,0.05,0.04,5,0,0.0,2000,maximum_bootstrap_mean_f_beta,highest_threshold
yolo11s,validation,1.0,1.0,0.87,0.02,maximum_lower_confidence_bound_f_beta,0.0,0.01,False,0.01,0.05,0.04,5,0,0.0,2000,maximum_bootstrap_mean_f_beta,highest_threshold
yolo11s,validation,1.0,1.0,0.88,0.02,maximum_lower_confidence_bound_f_beta,0.0,0.01,False,0.01,0.05,0.04,5,0,0.0,2000,maximum_bootstrap_mean_f_beta,highest_threshold
yolo11s,validation,1.0,1.0,0.89,0.02,maximum_lower_confidence_bound_f_beta,0.0,0.01,False,0.01,0.05,0.04,5,0,0.0,2000,maximum_bootstrap_mean_f_beta,highest_threshold
yolo11s,validation,1.0,1.0,0.9,0.02,maximum_lower_confidence_bound_f_beta,0.0,0.01,False,0.01,0.05,0.04,5,0,0.0,2000,maximum_bootstrap_mean_f_beta,highest_threshold
yolo11s,validation,1.0,1.0,0.91,0.02,maximum_lower_confidence_bound_f_beta,0.0,0.01,False,0.01,0.05,0.04,5,0,0.0,2000,maximum_bootstrap_mean_f_beta,highest_threshold
yolo11s,validation,1.0,1.0,0.92,0.02,maximum_lower_confidence_bound_f_beta,0.0,0.01,False,0.01,0.05,0.04,5,0,0.0,2000,maximum_bootstrap_mean_f_beta,highest_threshold
yolo11s,validation,1.0,1.0,0.93,0.02,maximum_lower_confidence_bound_f_beta,0.0,0.01,False,0.01,0.05,0.04,5,0,0.0,2000,maximum_bootstrap_mean_f_beta,highest_threshold
yolo11s,validation,1.0,1.0,0.94,0.02,maximum_lower_confidence_bound_f_beta,0.0,0.01,False,0.01,0.05,0.04,5,0,0.0,2000,maximum_bootstrap_mean_f_beta,highest_threshold
yolo11s,validation,1.0,1.0,0.95,0.02,maximum_lower_confidence_bound_f_beta,0.0,0.01,False,0.01,0.05,0.04,5,0,0.0,2000,maximum_bootstrap_mean_f_beta,highest_threshold
yolo11s,validation,1.0,1.0,0.96,0.02,maximum_lower_confidence_bound_f_beta,0.0,0.01,False,0.01,0.05,0.04,5,0,0.0,2000,maximum_bootstrap_mean_f_beta,highest_threshold
yolo11s,validation,1.0,1.0,0.97,0.02,maximum_lower_confidence_bound_f_beta,0.0,0.01,False,0.01,0.05,0.04,5,0,0.0,2000,maximum_bootstrap_mean_f_beta,highest_threshold
yolo11s,validation,1.0,1.0,0.98,0.02,maximum_lower_confidence_bound_f_beta,0.0,0.01,False,0.01,0.05,0.04,5,0,0.0,2000,maximum_bootstrap_mean_f_beta,highest_threshold
yolo11s,validation,1.0,1.0,0.99,0.02,maximum_lower_confidence_bound_f_beta,0.0,0.01,False,0.01,0.05,0.04,5,0,0.0,2000,maximum_bootstrap_mean_f_beta,highest_threshold
yolo11s,validation,3.0,9.0,0.01,0.01,maximum_lower_confidence_bound_f_beta,0.2879458080560849,0.01,True,0.01,0.01,0.0,1,1994,0.997,2000,maximum_bootstrap_mean_f_beta,highest_threshold
yolo11s,validation,3.0,9.0,0.02,0.01,maximum_lower_confidence_bound_f_beta,0.26609678506765033,0.01,False,0.01,0.01,0.0,1,5,0.0025,2000,maximum_bootstrap_mean_f_beta,highest_threshold
yolo11s,validation,3.0,9.0,0.03,0.01,maximum_lower_confidence_bound_f_beta,0.2513826360105228,0.01,False,0.01,0.01,0.0,1,1,0.0005,2000,maximum_bootstrap_mean_f_beta,highest_threshold
yolo11s,validation,3.0,9.0,0.04,0.01,maximum_lower_confidence_bound_f_beta,0.2366423386972571,0.01,False,0.01,0.01,0.0,1,0,0.0,2000,maximum_bootstrap_mean_f_beta,highest_threshold
yolo11s,validation,3.0,9.0,0.05,0.01,maximum_lower_confidence_bound_f_beta,0.2332478174042619,0.01,False,0.01,0.01,0.0,1,0,0.0,2000,maximum_bootstrap_mean_f_beta,highest_threshold
yolo11s,validation,3.0,9.0,0.06,0.01,maximum_lower_confidence_bound_f_beta,0.22253567738402438,0.01,False,0.01,0.01,0.0,1,0,0.0,2000,maximum_bootstrap_mean_f_beta,highest_threshold
yolo11s,validation,3.0,9.0,0.07,0.01,maximum_lower_confidence_bound_f_beta,0.22009632560791378,0.01,False,0.01,0.01,0.0,1,0,0.0,2000,maximum_bootstrap_mean_f_beta,highest_threshold
yolo11s,validation,3.0,9.0,0.08,0.01,maximum_lower_confidence_bound_f_beta,0.21286432662788252,0.01,False,0.01,0.01,0.0,1,0,0.0,2000,maximum_bootstrap_mean_f_beta,highest_threshold
yolo11s,validation,3.0,9.0,0.09,0.01,maximum_lower_confidence_bound_f_beta,0.20955751717932075,0.01,False,0.01,0.01,0.0,1,0,0.0,2000,maximum_bootstrap_mean_f_beta,highest_threshold
yolo11s,validation,3.0,9.0,0.1,0.01,maximum_lower_confidence_bound_f_beta,0.19978507393705622,0.01,False,0.01,0.01,0.0,1,0,0.0,2000,maximum_bootstrap_mean_f_beta,highest_threshold
yolo11s,validation,3.0,9.0,0.11,0.01,maximum_lower_confidence_bound_f_beta,0.19506910518989007,0.01,False,0.01,0.01,0.0,1,0,0.0,2000,maximum_bootstrap_mean_f_beta,highest_threshold
yolo11s,validation,3.0,9.0,0.12,0.01,maximum_lower_confidence_bound_f_beta,0.1819380586622893,0.01,False,0.01,0.01,0.0,1,0,0.0,2000,maximum_bootstrap_mean_f_beta,highest_threshold
yolo11s,validation,3.0,9.0,0.13,0.01,maximum_lower_confidence_bound_f_beta,0.16845293594580718,0.01,False,0.01,0.01,0.0,1,0,0.0,2000,maximum_bootstrap_mean_f_beta,highest_threshold
yolo11s,validation,3.0,9.0,0.14,0.01,maximum_lower_confidence_bound_f_beta,0.16783733848892593,0.01,False,0.01,0.01,0.0,1,0,0.0,2000,maximum_bootstrap_mean_f_beta,highest_threshold
yolo11s,validation,3.0,9.0,0.15,0.01,maximum_lower_confidence_bound_f_beta,0.16783961317059745,0.01,False,0.01,0.01,0.0,1,0,0.0,2000,maximum_bootstrap_mean_f_beta,highest_threshold
yolo11s,validation,3.0,9.0,0.16,0.01,maximum_lower_confidence_bound_f_beta,0.16465364317514208,0.01,False,0.01,0.01,0.0,1,0,0.0,2000,maximum_bootstrap_mean_f_beta,highest_threshold
yolo11s,validation,3.0,9.0,0.17,0.01,maximum_lower_confidence_bound_f_beta,0.1599138357690702,0.01,False,0.01,0.01,0.0,1,0,0.0,2000,maximum_bootstrap_mean_f_beta,highest_threshold
yolo11s,validation,3.0,9.0,0.18,0.01,maximum_lower_confidence_bound_f_beta,0.158980378459383,0.01,False,0.01,0.01,0.0,1,0,0.0,2000,maximum_bootstrap_mean_f_beta,highest_threshold
yolo11s,validation,3.0,9.0,0.19,0.01,maximum_lower_confidence_bound_f_beta,0.15155114705121497,0.01,False,0.01,0.01,0.0,1,0,0.0,2000,maximum_bootstrap_mean_f_beta,highest_threshold
yolo11s,validation,3.0,9.0,0.2,0.01,maximum_lower_confidence_bound_f_beta,0.14759874947438104,0.01,False,0.01,0.01,0.0,1,0,0.0,2000,maximum_bootstrap_mean_f_beta,highest_threshold
yolo11s,validation,3.0,9.0,0.21,0.01,maximum_lower_confidence_bound_f_beta,0.14439081781950436,0.01,False,0.01,0.01,0.0,1,0,0.0,2000,maximum_bootstrap_mean_f_beta,highest_threshold
yolo11s,validation,3.0,9.0,0.22,0.01,maximum_lower_confidence_bound_f_beta,0.14155399888012404,0.01,False,0.01,0.01,0.0,1,0,0.0,2000,maximum_bootstrap_mean_f_beta,highest_threshold
yolo11s,validation,3.0,9.0,0.23,0.01,maximum_lower_confidence_bound_f_beta,0.1391983504054162,0.01,False,0.01,0.01,0.0,1,0,0.0,2000,maximum_bootstrap_mean_f_beta,highest_threshold
yolo11s,validation,3.0,9.0,0.24,0.01,maximum_lower_confidence_bound_f_beta,0.13288850879166583,0.01,False,0.01,0.01,0.0,1,0,0.0,2000,maximum_bootstrap_mean_f_beta,highest_threshold
yolo11s,validation,3.0,9.0,0.25,0.01,maximum_lower_confidence_bound_f_beta,0.127488468718403,0.01,False,0.01,0.01,0.0,1,0,0.0,2000,maximum_bootstrap_mean_f_beta,highest_threshold
yolo11s,validation,3.0,9.0,0.26,0.01,maximum_lower_confidence_bound_f_beta,0.11961950751190681,0.01,False,0.01,0.01,0.0,1,0,0.0,2000,maximum_bootstrap_mean_f_beta,highest_threshold
yolo11s,validation,3.0,9.0,0.27,0.01,maximum_lower_confidence_bound_f_beta,0.11589123662209112,0.01,False,0.01,0.01,0.0,1,0,0.0,2000,maximum_bootstrap_mean_f_beta,highest_threshold
yolo11s,validation,3.0,9.0,0.28,0.01,maximum_lower_confidence_bound_f_beta,0.11195506173611736,0.01,False,0.01,0.01,0.0,1,0,0.0,2000,maximum_bootstrap_mean_f_beta,highest_threshold
yolo11s,validation,3.0,9.0,0.29,0.01,maximum_lower_confidence_bound_f_beta,0.10687914230671271,0.01,False,0.01,0.01,0.0,1,0,0.0,2000,maximum_bootstrap_mean_f_beta,highest_threshold
yolo11s,validation,3.0,9.0,0.3,0.01,maximum_lower_confidence_bound_f_beta,0.10082923533192055,0.01,False,0.01,0.01,0.0,1,0,0.0,2000,maximum_bootstrap_mean_f_beta,highest_threshold
yolo11s,validation,3.0,9.0,0.31,0.01,maximum_lower_confidence_bound_f_beta,0.10023211199538506,0.01,False,0.01,0.01,0.0,1,0,0.0,2000,maximum_bootstrap_mean_f_beta,highest_threshold
yolo11s,validation,3.0,9.0,0.32,0.01,maximum_lower_confidence_bound_f_beta,0.09838209437931983,0.01,False,0.01,0.01,0.0,1,0,0.0,2000,maximum_bootstrap_mean_f_beta,highest_threshold
yolo11s,validation,3.0,9.0,0.33,0.01,maximum_lower_confidence_bound_f_beta,0.09609532457203705,0.01,False,0.01,0.01,0.0,1,0,0.0,2000,maximum_bootstrap_mean_f_beta,highest_threshold
yolo11s,validation,3.0,9.0,0.34,0.01,maximum_lower_confidence_bound_f_beta,0.09151479103815394,0.01,False,0.01,0.01,0.0,1,0,0.0,2000,maximum_bootstrap_mean_f_beta,highest_threshold
yolo11s,validation,3.0,9.0,0.35,0.01,maximum_lower_confidence_bound_f_beta,0.08333333333333333,0.01,False,0.01,0.01,0.0,1,0,0.0,2000,maximum_bootstrap_mean_f_beta,highest_threshold
yolo11s,validation,3.0,9.0,0.36,0.01,maximum_lower_confidence_bound_f_beta,0.07742430034876929,0.01,False,0.01,0.01,0.0,1,0,0.0,2000,maximum_bootstrap_mean_f_beta,highest_threshold
yolo11s,validation,3.0,9.0,0.37,0.01,maximum_lower_confidence_bound_f_beta,0.07371914728602492,0.01,False,0.01,0.01,0.0,1,0,0.0,2000,maximum_bootstrap_mean_f_beta,highest_threshold
yolo11s,validation,3.0,9.0,0.38,0.01,maximum_lower_confidence_bound_f_beta,0.062093160604865714,0.01,False,0.01,0.01,0.0,1,0,0.0,2000,maximum_bootstrap_mean_f_beta,highest_threshold
yolo11s,validation,3.0,9.0,0.39,0.01,maximum_lower_confidence_bound_f_beta,0.05980141610320935,0.01,False,0.01,0.01,0.0,1,0,0.0,2000,maximum_bootstrap_mean_f_beta,highest_threshold
yolo11s,validation,3.0,9.0,0.4,0.01,maximum_lower_confidence_bound_f_beta,0.05567801192877716,0.01,False,0.01,0.01,0.0,1,0,0.0,2000,maximum_bootstrap_mean_f_beta,highest_threshold
yolo11s,validation,3.0,9.0,0.41,0.01,maximum_lower_confidence_bound_f_beta,0.05237249766059747,0.01,False,0.01,0.01,0.0,1,0,0.0,2000,maximum_bootstrap_mean_f_beta,highest_threshold
yolo11s,validation,3.0,9.0,0.42,0.01,maximum_lower_confidence_bound_f_beta,0.04352588761298433,0.01,False,0.01,0.01,0.0,1,0,0.0,2000,maximum_bootstrap_mean_f_beta,highest_threshold
yolo11s,validation,3.0,9.0,0.43,0.01,maximum_lower_confidence_bound_f_beta,0.03759178184561263,0.01,False,0.01,0.01,0.0,1,0,0.0,2000,maximum_bootstrap_mean_f_beta,highest_threshold
yolo11s,validation,3.0,9.0,0.44,0.01,maximum_lower_confidence_bound_f_beta,0.030143748449906797,0.01,False,0.01,0.01,0.0,1,0,0.0,2000,maximum_bootstrap_mean_f_beta,highest_threshold
yolo11s,validation,3.0,9.0,0.45,0.01,maximum_lower_confidence_bound_f_beta,0.02025174023242055,0.01,False,0.01,0.01,0.0,1,0,0.0,2000,maximum_bootstrap_mean_f_beta,highest_threshold
yolo11s,validation,3.0,9.0,0.46,0.01,maximum_lower_confidence_bound_f_beta,0.02025217763189157,0.01,False,0.01,0.01,0.0,1,0,0.0,2000,maximum_bootstrap_mean_f_beta,highest_threshold
yolo11s,validation,3.0,9.0,0.47,0.01,maximum_lower_confidence_bound_f_beta,0.01667900788394151,0.01,False,0.01,0.01,0.0,1,0,0.0,2000,maximum_bootstrap_mean_f_beta,highest_threshold
yolo11s,validation,3.0,9.0,0.48,0.01,maximum_lower_confidence_bound_f_beta,0.013531799729364006,0.01,False,0.01,0.01,0.0,1,0,0.0,2000,maximum_bootstrap_mean_f_beta,highest_threshold
yolo11s,validation,3.0,9.0,0.49,0.01,maximum_lower_confidence_bound_f_beta,0.0046019725750253,0.01,False,0.01,0.01,0.0,1,0,0.0,2000,maximum_bootstrap_mean_f_beta,highest_threshold
yolo11s,validation,3.0,9.0,0.5,0.01,maximum_lower_confidence_bound_f_beta,0.0046019725750253,0.01,False,0.01,0.01,0.0,1,0,0.0,2000,maximum_bootstrap_mean_f_beta,highest_threshold
yolo11s,validation,3.0,9.0,0.51,0.01,maximum_lower_confidence_bound_f_beta,0.0,0.01,False,0.01,0.01,0.0,1,0,0.0,2000,maximum_bootstrap_mean_f_beta,highest_threshold
yolo11s,validation,3.0,9.0,0.52,0.01,maximum_lower_confidence_bound_f_beta,0.0,0.01,False,0.01,0.01,0.0,1,0,0.0,2000,maximum_bootstrap_mean_f_beta,highest_threshold
yolo11s,validation,3.0,9.0,0.53,0.01,maximum_lower_confidence_bound_f_beta,0.0,0.01,False,0.01,0.01,0.0,1,0,0.0,2000,maximum_bootstrap_mean_f_beta,highest_threshold
yolo11s,validation,3.0,9.0,0.54,0.01,maximum_lower_confidence_bound_f_beta,0.0,0.01,False,0.01,0.01,0.0,1,0,0.0,2000,maximum_bootstrap_mean_f_beta,highest_threshold
yolo11s,validation,3.0,9.0,0.55,0.01,maximum_lower_confidence_bound_f_beta,0.0,0.01,False,0.01,0.01,0.0,1,0,0.0,2000,maximum_bootstrap_mean_f_beta,highest_threshold
yolo11s,validation,3.0,9.0,0.56,0.01,maximum_lower_confidence_bound_f_beta,0.0,0.01,False,0.01,0.01,0.0,1,0,0.0,2000,maximum_bootstrap_mean_f_beta,highest_threshold
yolo11s,validation,3.0,9.0,0.57,0.01,maximum_lower_confidence_bound_f_beta,0.0,0.01,False,0.01,0.01,0.0,1,0,0.0,2000,maximum_bootstrap_mean_f_beta,highest_threshold
yolo11s,validation,3.0,9.0,0.58,0.01,maximum_lower_confidence_bound_f_beta,0.0,0.01,False,0.01,0.01,0.0,1,0,0.0,2000,maximum_bootstrap_mean_f_beta,highest_threshold
yolo11s,validation,3.0,9.0,0.59,0.01,maximum_lower_confidence_bound_f_beta,0.0,0.01,False,0.01,0.01,0.0,1,0,0.0,2000,maximum_bootstrap_mean_f_beta,highest_threshold
yolo11s,validation,3.0,9.0,0.6,0.01,maximum_lower_confidence_bound_f_beta,0.0,0.01,False,0.01,0.01,0.0,1,0,0.0,2000,maximum_bootstrap_mean_f_beta,highest_threshold
yolo11s,validation,3.0,9.0,0.61,0.01,maximum_lower_confidence_bound_f_beta,0.0,0.01,False,0.01,0.01,0.0,1,0,0.0,2000,maximum_bootstrap_mean_f_beta,highest_threshold
yolo11s,validation,3.0,9.0,0.62,0.01,maximum_lower_confidence_bound_f_beta,0.0,0.01,False,0.01,0.01,0.0,1,0,0.0,2000,maximum_bootstrap_mean_f_beta,highest_threshold
yolo11s,validation,3.0,9.0,0.63,0.01,maximum_lower_confidence_bound_f_beta,0.0,0.01,False,0.01,0.01,0.0,1,0,0.0,2000,maximum_bootstrap_mean_f_beta,highest_threshold
yolo11s,validation,3.0,9.0,0.64,0.01,maximum_lower_confidence_bound_f_beta,0.0,0.01,False,0.01,0.01,0.0,1,0,0.0,2000,maximum_bootstrap_mean_f_beta,highest_threshold
yolo11s,validation,3.0,9.0,0.65,0.01,maximum_lower_confidence_bound_f_beta,0.0,0.01,False,0.01,0.01,0.0,1,0,0.0,2000,maximum_bootstrap_mean_f_beta,highest_threshold
yolo11s,validation,3.0,9.0,0.66,0.01,maximum_lower_confidence_bound_f_beta,0.0,0.01,False,0.01,0.01,0.0,1,0,0.0,2000,maximum_bootstrap_mean_f_beta,highest_threshold
yolo11s,validation,3.0,9.0,0.67,0.01,maximum_lower_confidence_bound_f_beta,0.0,0.01,False,0.01,0.01,0.0,1,0,0.0,2000,maximum_bootstrap_mean_f_beta,highest_threshold
yolo11s,validation,3.0,9.0,0.68,0.01,maximum_lower_confidence_bound_f_beta,0.0,0.01,False,0.01,0.01,0.0,1,0,0.0,2000,maximum_bootstrap_mean_f_beta,highest_threshold
yolo11s,validation,3.0,9.0,0.69,0.01,maximum_lower_confidence_bound_f_beta,0.0,0.01,False,0.01,0.01,0.0,1,0,0.0,2000,maximum_bootstrap_mean_f_beta,highest_threshold
yolo11s,validation,3.0,9.0,0.7,0.01,maximum_lower_confidence_bound_f_beta,0.0,0.01,False,0.01,0.01,0.0,1,0,0.0,2000,maximum_bootstrap_mean_f_beta,highest_threshold
yolo11s,validation,3.0,9.0,0.71,0.01,maximum_lower_confidence_bound_f_beta,0.0,0.01,False,0.01,0.01,0.0,1,0,0.0,2000,maximum_bootstrap_mean_f_beta,highest_threshold
yolo11s,validation,3.0,9.0,0.72,0.01,maximum_lower_confidence_bound_f_beta,0.0,0.01,False,0.01,0.01,0.0,1,0,0.0,2000,maximum_bootstrap_mean_f_beta,highest_threshold
yolo11s,validation,3.0,9.0,0.73,0.01,maximum_lower_confidence_bound_f_beta,0.0,0.01,False,0.01,0.01,0.0,1,0,0.0,2000,maximum_bootstrap_mean_f_beta,highest_threshold
yolo11s,validation,3.0,9.0,0.74,0.01,maximum_lower_confidence_bound_f_beta,0.0,0.01,False,0.01,0.01,0.0,1,0,0.0,2000,maximum_bootstrap_mean_f_beta,highest_threshold
yolo11s,validation,3.0,9.0,0.75,0.01,maximum_lower_confidence_bound_f_beta,0.0,0.01,False,0.01,0.01,0.0,1,0,0.0,2000,maximum_bootstrap_mean_f_beta,highest_threshold
yolo11s,validation,3.0,9.0,0.76,0.01,maximum_lower_confidence_bound_f_beta,0.0,0.01,False,0.01,0.01,0.0,1,0,0.0,2000,maximum_bootstrap_mean_f_beta,highest_threshold
yolo11s,validation,3.0,9.0,0.77,0.01,maximum_lower_confidence_bound_f_beta,0.0,0.01,False,0.01,0.01,0.0,1,0,0.0,2000,maximum_bootstrap_mean_f_beta,highest_threshold
yolo11s,validation,3.0,9.0,0.78,0.01,maximum_lower_confidence_bound_f_beta,0.0,0.01,False,0.01,0.01,0.0,1,0,0.0,2000,maximum_bootstrap_mean_f_beta,highest_threshold
yolo11s,validation,3.0,9.0,0.79,0.01,maximum_lower_confidence_bound_f_beta,0.0,0.01,False,0.01,0.01,0.0,1,0,0.0,2000,maximum_bootstrap_mean_f_beta,highest_threshold
yolo11s,validation,3.0,9.0,0.8,0.01,maximum_lower_confidence_bound_f_beta,0.0,0.01,False,0.01,0.01,0.0,1,0,0.0,2000,maximum_bootstrap_mean_f_beta,highest_threshold
yolo11s,validation,3.0,9.0,0.81,0.01,maximum_lower_confidence_bound_f_beta,0.0,0.01,False,0.01,0.01,0.0,1,0,0.0,2000,maximum_bootstrap_mean_f_beta,highest_threshold
yolo11s,validation,3.0,9.0,0.82,0.01,maximum_lower_confidence_bound_f_beta,0.0,0.01,False,0.01,0.01,0.0,1,0,0.0,2000,maximum_bootstrap_mean_f_beta,highest_threshold
yolo11s,validation,3.0,9.0,0.83,0.01,maximum_lower_confidence_bound_f_beta,0.0,0.01,False,0.01,0.01,0.0,1,0,0.0,2000,maximum_bootstrap_mean_f_beta,highest_threshold
yolo11s,validation,3.0,9.0,0.84,0.01,maximum_lower_confidence_bound_f_beta,0.0,0.01,False,0.01,0.01,0.0,1,0,0.0,2000,maximum_bootstrap_mean_f_beta,highest_threshold
yolo11s,validation,3.0,9.0,0.85,0.01,maximum_lower_confidence_bound_f_beta,0.0,0.01,False,0.01,0.01,0.0,1,0,0.0,2000,maximum_bootstrap_mean_f_beta,highest_threshold
yolo11s,validation,3.0,9.0,0.86,0.01,maximum_lower_confidence_bound_f_beta,0.0,0.01,False,0.01,0.01,0.0,1,0,0.0,2000,maximum_bootstrap_mean_f_beta,highest_threshold
yolo11s,validation,3.0,9.0,0.87,0.01,maximum_lower_confidence_bound_f_beta,0.0,0.01,False,0.01,0.01,0.0,1,0,0.0,2000,maximum_bootstrap_mean_f_beta,highest_threshold
yolo11s,validation,3.0,9.0,0.88,0.01,maximum_lower_confidence_bound_f_beta,0.0,0.01,False,0.01,0.01,0.0,1,0,0.0,2000,maximum_bootstrap_mean_f_beta,highest_threshold
yolo11s,validation,3.0,9.0,0.89,0.01,maximum_lower_confidence_bound_f_beta,0.0,0.01,False,0.01,0.01,0.0,1,0,0.0,2000,maximum_bootstrap_mean_f_beta,highest_threshold
yolo11s,validation,3.0,9.0,0.9,0.01,maximum_lower_confidence_bound_f_beta,0.0,0.01,False,0.01,0.01,0.0,1,0,0.0,2000,maximum_bootstrap_mean_f_beta,highest_threshold
yolo11s,validation,3.0,9.0,0.91,0.01,maximum_lower_confidence_bound_f_beta,0.0,0.01,False,0.01,0.01,0.0,1,0,0.0,2000,maximum_bootstrap_mean_f_beta,highest_threshold
yolo11s,validation,3.0,9.0,0.92,0.01,maximum_lower_confidence_bound_f_beta,0.0,0.01,False,0.01,0.01,0.0,1,0,0.0,2000,maximum_bootstrap_mean_f_beta,highest_threshold
yolo11s,validation,3.0,9.0,0.93,0.01,maximum_lower_confidence_bound_f_beta,0.0,0.01,False,0.01,0.01,0.0,1,0,0.0,2000,maximum_bootstrap_mean_f_beta,highest_threshold
yolo11s,validation,3.0,9.0,0.94,0.01,maximum_lower_confidence_bound_f_beta,0.0,0.01,False,0.01,0.01,0.0,1,0,0.0,2000,maximum_bootstrap_mean_f_beta,highest_threshold
yolo11s,validation,3.0,9.0,0.95,0.01,maximum_lower_confidence_bound_f_beta,0.0,0.01,False,0.01,0.01,0.0,1,0,0.0,2000,maximum_bootstrap_mean_f_beta,highest_threshold
yolo11s,validation,3.0,9.0,0.96,0.01,maximum_lower_confidence_bound_f_beta,0.0,0.01,False,0.01,0.01,0.0,1,0,0.0,2000,maximum_bootstrap_mean_f_beta,highest_threshold
yolo11s,validation,3.0,9.0,0.97,0.01,maximum_lower_confidence_bound_f_beta,0.0,0.01,False,0.01,0.01,0.0,1,0,0.0,2000,maximum_bootstrap_mean_f_beta,highest_threshold
yolo11s,validation,3.0,9.0,0.98,0.01,maximum_lower_confidence_bound_f_beta,0.0,0.01,False,0.01,0.01,0.0,1,0,0.0,2000,maximum_bootstrap_mean_f_beta,highest_threshold
yolo11s,validation,3.0,9.0,0.99,0.01,maximum_lower_confidence_bound_f_beta,0.0,0.01,False,0.01,0.01,0.0,1,0,0.0,2000,maximum_bootstrap_mean_f_beta,highest_threshold
yolo11s,validation,5.0,25.0,0.01,0.01,maximum_lower_confidence_bound_f_beta,0.2876711817163155,0.01,True,0.01,0.01,0.0,1,2000,1.0,2000,maximum_bootstrap_mean_f_beta,highest_threshold
yolo11s,validation,5.0,25.0,0.02,0.01,maximum_lower_confidence_bound_f_beta,0.26376349242274627,0.01,False,0.01,0.01,0.0,1,0,0.0,2000,maximum_bootstrap_mean_f_beta,highest_threshold
yolo11s,validation,5.0,25.0,0.03,0.01,maximum_lower_confidence_bound_f_beta,0.24701376322730073,0.01,False,0.01,0.01,0.0,1,0,0.0,2000,maximum_bootstrap_mean_f_beta,highest_threshold
yolo11s,validation,5.0,25.0,0.04,0.01,maximum_lower_confidence_bound_f_beta,0.23219711314474797,0.01,False,0.01,0.01,0.0,1,0,0.0,2000,maximum_bootstrap_mean_f_beta,highest_threshold
yolo11s,validation,5.0,25.0,0.05,0.01,maximum_lower_confidence_bound_f_beta,0.22752115702969591,0.01,False,0.01,0.01,0.0,1,0,0.0,2000,maximum_bootstrap_mean_f_beta,highest_threshold
yolo11s,validation,5.0,25.0,0.06,0.01,maximum_lower_confidence_bound_f_beta,0.21700829087019213,0.01,False,0.01,0.01,0.0,1,0,0.0,2000,maximum_bootstrap_mean_f_beta,highest_threshold
yolo11s,validation,5.0,25.0,0.07,0.01,maximum_lower_confidence_bound_f_beta,0.2134676881489933,0.01,False,0.01,0.01,0.0,1,0,0.0,2000,maximum_bootstrap_mean_f_beta,highest_threshold
yolo11s,validation,5.0,25.0,0.08,0.01,maximum_lower_confidence_bound_f_beta,0.20740230520187594,0.01,False,0.01,0.01,0.0,1,0,0.0,2000,maximum_bootstrap_mean_f_beta,highest_threshold
yolo11s,validation,5.0,25.0,0.09,0.01,maximum_lower_confidence_bound_f_beta,0.20274852406636254,0.01,False,0.01,0.01,0.0,1,0,0.0,2000,maximum_bootstrap_mean_f_beta,highest_threshold
yolo11s,validation,5.0,25.0,0.1,0.01,maximum_lower_confidence_bound_f_beta,0.1932451221011079,0.01,False,0.01,0.01,0.0,1,0,0.0,2000,maximum_bootstrap_mean_f_beta,highest_threshold
yolo11s,validation,5.0,25.0,0.11,0.01,maximum_lower_confidence_bound_f_beta,0.18880859188900154,0.01,False,0.01,0.01,0.0,1,0,0.0,2000,maximum_bootstrap_mean_f_beta,highest_threshold
yolo11s,validation,5.0,25.0,0.12,0.01,maximum_lower_confidence_bound_f_beta,0.17605796057188133,0.01,False,0.01,0.01,0.0,1,0,0.0,2000,maximum_bootstrap_mean_f_beta,highest_threshold
yolo11s,validation,5.0,25.0,0.13,0.01,maximum_lower_confidence_bound_f_beta,0.16224234968144435,0.01,False,0.01,0.01,0.0,1,0,0.0,2000,maximum_bootstrap_mean_f_beta,highest_threshold
yolo11s,validation,5.0,25.0,0.14,0.01,maximum_lower_confidence_bound_f_beta,0.1613971601344394,0.01,False,0.01,0.01,0.0,1,0,0.0,2000,maximum_bootstrap_mean_f_beta,highest_threshold
yolo11s,validation,5.0,25.0,0.15,0.01,maximum_lower_confidence_bound_f_beta,0.16144453369651576,0.01,False,0.01,0.01,0.0,1,0,0.0,2000,maximum_bootstrap_mean_f_beta,highest_threshold
yolo11s,validation,5.0,25.0,0.16,0.01,maximum_lower_confidence_bound_f_beta,0.15833665171384903,0.01,False,0.01,0.01,0.0,1,0,0.0,2000,maximum_bootstrap_mean_f_beta,highest_threshold
yolo11s,validation,5.0,25.0,0.17,0.01,maximum_lower_confidence_bound_f_beta,0.15301857663044874,0.01,False,0.01,0.01,0.0,1,0,0.0,2000,maximum_bootstrap_mean_f_beta,highest_threshold
yolo11s,validation,5.0,25.0,0.18,0.01,maximum_lower_confidence_bound_f_beta,0.1527235397784876,0.01,False,0.01,0.01,0.0,1,0,0.0,2000,maximum_bootstrap_mean_f_beta,highest_threshold
yolo11s,validation,5.0,25.0,0.19,0.01,maximum_lower_confidence_bound_f_beta,0.14513803855886176,0.01,False,0.01,0.01,0.0,1,0,0.0,2000,maximum_bootstrap_mean_f_beta,highest_threshold
yolo11s,validation,5.0,25.0,0.2,0.01,maximum_lower_confidence_bound_f_beta,0.1412560543957866,0.01,False,0.01,0.01,0.0,1,0,0.0,2000,maximum_bootstrap_mean_f_beta,highest_threshold
yolo11s,validation,5.0,25.0,0.21,0.01,maximum_lower_confidence_bound_f_beta,0.138442130680017,0.01,False,0.01,0.01,0.0,1,0,0.0,2000,maximum_bootstrap_mean_f_beta,highest_threshold
yolo11s,validation,5.0,25.0,0.22,0.01,maximum_lower_confidence_bound_f_beta,0.13532076657365655,0.01,False,0.01,0.01,0.0,1,0,0.0,2000,maximum_bootstrap_mean_f_beta,highest_threshold
yolo11s,validation,5.0,25.0,0.23,0.01,maximum_lower_confidence_bound_f_beta,0.13255374433976397,0.01,False,0.01,0.01,0.0,1,0,0.0,2000,maximum_bootstrap_mean_f_beta,highest_threshold
yolo11s,validation,5.0,25.0,0.24,0.01,maximum_lower_confidence_bound_f_beta,0.12708450799846363,0.01,False,0.01,0.01,0.0,1,0,0.0,2000,maximum_bootstrap_mean_f_beta,highest_threshold
yolo11s,validation,5.0,25.0,0.25,0.01,maximum_lower_confidence_bound_f_beta,0.12183525977251891,0.01,False,0.01,0.01,0.0,1,0,0.0,2000,maximum_bootstrap_mean_f_beta,highest_threshold
yolo11s,validation,5.0,25.0,0.26,0.01,maximum_lower_confidence_bound_f_beta,0.11398162101994307,0.01,False,0.01,0.01,0.0,1,0,0.0,2000,maximum_bootstrap_mean_f_beta,highest_threshold
yolo11s,validation,5.0,25.0,0.27,0.01,maximum_lower_confidence_bound_f_beta,0.11025881956533469,0.01,False,0.01,0.01,0.0,1,0,0.0,2000,maximum_bootstrap_mean_f_beta,highest_threshold
yolo11s,validation,5.0,25.0,0.28,0.01,maximum_lower_confidence_bound_f_beta,0.10613101830230673,0.01,False,0.01,0.01,0.0,1,0,0.0,2000,maximum_bootstrap_mean_f_beta,highest_threshold
yolo11s,validation,5.0,25.0,0.29,0.01,maximum_lower_confidence_bound_f_beta,0.10132402990673713,0.01,False,0.01,0.01,0.0,1,0,0.0,2000,maximum_bootstrap_mean_f_beta,highest_threshold
yolo11s,validation,5.0,25.0,0.3,0.01,maximum_lower_confidence_bound_f_beta,0.09571903261942784,0.01,False,0.01,0.01,0.0,1,0,0.0,2000,maximum_bootstrap_mean_f_beta,highest_threshold
yolo11s,validation,5.0,25.0,0.31,0.01,maximum_lower_confidence_bound_f_beta,0.09527089577904864,0.01,False,0.01,0.01,0.0,1,0,0.0,2000,maximum_bootstrap_mean_f_beta,highest_threshold
yolo11s,validation,5.0,25.0,0.32,0.01,maximum_lower_confidence_bound_f_beta,0.09341350278614773,0.01,False,0.01,0.01,0.0,1,0,0.0,2000,maximum_bootstrap_mean_f_beta,highest_threshold
yolo11s,validation,5.0,25.0,0.33,0.01,maximum_lower_confidence_bound_f_beta,0.09093591512959089,0.01,False,0.01,0.01,0.0,1,0,0.0,2000,maximum_bootstrap_mean_f_beta,highest_threshold
yolo11s,validation,5.0,25.0,0.34,0.01,maximum_lower_confidence_bound_f_beta,0.08629974089890695,0.01,False,0.01,0.01,0.0,1,0,0.0,2000,maximum_bootstrap_mean_f_beta,highest_threshold
yolo11s,validation,5.0,25.0,0.35,0.01,maximum_lower_confidence_bound_f_beta,0.0786982413393495,0.01,False,0.01,0.01,0.0,1,0,0.0,2000,maximum_bootstrap_mean_f_beta,highest_threshold
yolo11s,validation,5.0,25.0,0.36,0.01,maximum_lower_confidence_bound_f_beta,0.07330878657977098,0.01,False,0.01,0.01,0.0,1,0,0.0,2000,maximum_bootstrap_mean_f_beta,highest_threshold
yolo11s,validation,5.0,25.0,0.37,0.01,maximum_lower_confidence_bound_f_beta,0.06956467538365552,0.01,False,0.01,0.01,0.0,1,0,0.0,2000,maximum_bootstrap_mean_f_beta,highest_threshold
yolo11s,validation,5.0,25.0,0.38,0.01,maximum_lower_confidence_bound_f_beta,0.058678700588159306,0.01,False,0.01,0.01,0.0,1,0,0.0,2000,maximum_bootstrap_mean_f_beta,highest_threshold
yolo11s,validation,5.0,25.0,0.39,0.01,maximum_lower_confidence_bound_f_beta,0.05634735068408922,0.01,False,0.01,0.01,0.0,1,0,0.0,2000,maximum_bootstrap_mean_f_beta,highest_threshold
yolo11s,validation,5.0,25.0,0.4,0.01,maximum_lower_confidence_bound_f_beta,0.05237568924285156,0.01,False,0.01,0.01,0.0,1,0,0.0,2000,maximum_bootstrap_mean_f_beta,highest_threshold
yolo11s,validation,5.0,25.0,0.41,0.01,maximum_lower_confidence_bound_f_beta,0.04933845867494985,0.01,False,0.01,0.01,0.0,1,0,0.0,2000,maximum_bootstrap_mean_f_beta,highest_threshold
yolo11s,validation,5.0,25.0,0.42,0.01,maximum_lower_confidence_bound_f_beta,0.04092786450413053,0.01,False,0.01,0.01,0.0,1,0,0.0,2000,maximum_bootstrap_mean_f_beta,highest_threshold
yolo11s,validation,5.0,25.0,0.43,0.01,maximum_lower_confidence_bound_f_beta,0.03530423950281975,0.01,False,0.01,0.01,0.0,1,0,0.0,2000,maximum_bootstrap_mean_f_beta,highest_threshold
yolo11s,validation,5.0,25.0,0.44,0.01,maximum_lower_confidence_bound_f_beta,0.0283966818378959,0.01,False,0.01,0.01,0.0,1,0,0.0,2000,maximum_bootstrap_mean_f_beta,highest_threshold
yolo11s,validation,5.0,25.0,0.45,0.01,maximum_lower_confidence_bound_f_beta,0.01898049197019212,0.01,False,0.01,0.01,0.0,1,0,0.0,2000,maximum_bootstrap_mean_f_beta,highest_threshold
yolo11s,validation,5.0,25.0,0.46,0.01,maximum_lower_confidence_bound_f_beta,0.01898063982024119,0.01,False,0.01,0.01,0.0,1,0,0.0,2000,maximum_bootstrap_mean_f_beta,highest_threshold
yolo11s,validation,5.0,25.0,0.47,0.01,maximum_lower_confidence_bound_f_beta,0.01562823384493421,0.01,False,0.01,0.01,0.0,1,0,0.0,2000,maximum_bootstrap_mean_f_beta,highest_threshold
yolo11s,validation,5.0,25.0,0.48,0.01,maximum_lower_confidence_bound_f_beta,0.012676743052169674,0.01,False,0.01,0.01,0.0,1,0,0.0,2000,maximum_bootstrap_mean_f_beta,highest_threshold
yolo11s,validation,5.0,25.0,0.49,0.01,maximum_lower_confidence_bound_f_beta,0.004308715453444953,0.01,False,0.01,0.01,0.0,1,0,0.0,2000,maximum_bootstrap_mean_f_beta,highest_threshold
yolo11s,validation,5.0,25.0,0.5,0.01,maximum_lower_confidence_bound_f_beta,0.004308715453444953,0.01,False,0.01,0.01,0.0,1,0,0.0,2000,maximum_bootstrap_mean_f_beta,highest_threshold
yolo11s,validation,5.0,25.0,0.51,0.01,maximum_lower_confidence_bound_f_beta,0.0,0.01,False,0.01,0.01,0.0,1,0,0.0,2000,maximum_bootstrap_mean_f_beta,highest_threshold
yolo11s,validation,5.0,25.0,0.52,0.01,maximum_lower_confidence_bound_f_beta,0.0,0.01,False,0.01,0.01,0.0,1,0,0.0,2000,maximum_bootstrap_mean_f_beta,highest_threshold
yolo11s,validation,5.0,25.0,0.53,0.01,maximum_lower_confidence_bound_f_beta,0.0,0.01,False,0.01,0.01,0.0,1,0,0.0,2000,maximum_bootstrap_mean_f_beta,highest_threshold
yolo11s,validation,5.0,25.0,0.54,0.01,maximum_lower_confidence_bound_f_beta,0.0,0.01,False,0.01,0.01,0.0,1,0,0.0,2000,maximum_bootstrap_mean_f_beta,highest_threshold
yolo11s,validation,5.0,25.0,0.55,0.01,maximum_lower_confidence_bound_f_beta,0.0,0.01,False,0.01,0.01,0.0,1,0,0.0,2000,maximum_bootstrap_mean_f_beta,highest_threshold
yolo11s,validation,5.0,25.0,0.56,0.01,maximum_lower_confidence_bound_f_beta,0.0,0.01,False,0.01,0.01,0.0,1,0,0.0,2000,maximum_bootstrap_mean_f_beta,highest_threshold
yolo11s,validation,5.0,25.0,0.57,0.01,maximum_lower_confidence_bound_f_beta,0.0,0.01,False,0.01,0.01,0.0,1,0,0.0,2000,maximum_bootstrap_mean_f_beta,highest_threshold
yolo11s,validation,5.0,25.0,0.58,0.01,maximum_lower_confidence_bound_f_beta,0.0,0.01,False,0.01,0.01,0.0,1,0,0.0,2000,maximum_bootstrap_mean_f_beta,highest_threshold
yolo11s,validation,5.0,25.0,0.59,0.01,maximum_lower_confidence_bound_f_beta,0.0,0.01,False,0.01,0.01,0.0,1,0,0.0,2000,maximum_bootstrap_mean_f_beta,highest_threshold
yolo11s,validation,5.0,25.0,0.6,0.01,maximum_lower_confidence_bound_f_beta,0.0,0.01,False,0.01,0.01,0.0,1,0,0.0,2000,maximum_bootstrap_mean_f_beta,highest_threshold
yolo11s,validation,5.0,25.0,0.61,0.01,maximum_lower_confidence_bound_f_beta,0.0,0.01,False,0.01,0.01,0.0,1,0,0.0,2000,maximum_bootstrap_mean_f_beta,highest_threshold
yolo11s,validation,5.0,25.0,0.62,0.01,maximum_lower_confidence_bound_f_beta,0.0,0.01,False,0.01,0.01,0.0,1,0,0.0,2000,maximum_bootstrap_mean_f_beta,highest_threshold
yolo11s,validation,5.0,25.0,0.63,0.01,maximum_lower_confidence_bound_f_beta,0.0,0.01,False,0.01,0.01,0.0,1,0,0.0,2000,maximum_bootstrap_mean_f_beta,highest_threshold
yolo11s,validation,5.0,25.0,0.64,0.01,maximum_lower_confidence_bound_f_beta,0.0,0.01,False,0.01,0.01,0.0,1,0,0.0,2000,maximum_bootstrap_mean_f_beta,highest_threshold
yolo11s,validation,5.0,25.0,0.65,0.01,maximum_lower_confidence_bound_f_beta,0.0,0.01,False,0.01,0.01,0.0,1,0,0.0,2000,maximum_bootstrap_mean_f_beta,highest_threshold
yolo11s,validation,5.0,25.0,0.66,0.01,maximum_lower_confidence_bound_f_beta,0.0,0.01,False,0.01,0.01,0.0,1,0,0.0,2000,maximum_bootstrap_mean_f_beta,highest_threshold
yolo11s,validation,5.0,25.0,0.67,0.01,maximum_lower_confidence_bound_f_beta,0.0,0.01,False,0.01,0.01,0.0,1,0,0.0,2000,maximum_bootstrap_mean_f_beta,highest_threshold
yolo11s,validation,5.0,25.0,0.68,0.01,maximum_lower_confidence_bound_f_beta,0.0,0.01,False,0.01,0.01,0.0,1,0,0.0,2000,maximum_bootstrap_mean_f_beta,highest_threshold
yolo11s,validation,5.0,25.0,0.69,0.01,maximum_lower_confidence_bound_f_beta,0.0,0.01,False,0.01,0.01,0.0,1,0,0.0,2000,maximum_bootstrap_mean_f_beta,highest_threshold
yolo11s,validation,5.0,25.0,0.7,0.01,maximum_lower_confidence_bound_f_beta,0.0,0.01,False,0.01,0.01,0.0,1,0,0.0,2000,maximum_bootstrap_mean_f_beta,highest_threshold
yolo11s,validation,5.0,25.0,0.71,0.01,maximum_lower_confidence_bound_f_beta,0.0,0.01,False,0.01,0.01,0.0,1,0,0.0,2000,maximum_bootstrap_mean_f_beta,highest_threshold
yolo11s,validation,5.0,25.0,0.72,0.01,maximum_lower_confidence_bound_f_beta,0.0,0.01,False,0.01,0.01,0.0,1,0,0.0,2000,maximum_bootstrap_mean_f_beta,highest_threshold
yolo11s,validation,5.0,25.0,0.73,0.01,maximum_lower_confidence_bound_f_beta,0.0,0.01,False,0.01,0.01,0.0,1,0,0.0,2000,maximum_bootstrap_mean_f_beta,highest_threshold
yolo11s,validation,5.0,25.0,0.74,0.01,maximum_lower_confidence_bound_f_beta,0.0,0.01,False,0.01,0.01,0.0,1,0,0.0,2000,maximum_bootstrap_mean_f_beta,highest_threshold
yolo11s,validation,5.0,25.0,0.75,0.01,maximum_lower_confidence_bound_f_beta,0.0,0.01,False,0.01,0.01,0.0,1,0,0.0,2000,maximum_bootstrap_mean_f_beta,highest_threshold
yolo11s,validation,5.0,25.0,0.76,0.01,maximum_lower_confidence_bound_f_beta,0.0,0.01,False,0.01,0.01,0.0,1,0,0.0,2000,maximum_bootstrap_mean_f_beta,highest_threshold
yolo11s,validation,5.0,25.0,0.77,0.01,maximum_lower_confidence_bound_f_beta,0.0,0.01,False,0.01,0.01,0.0,1,0,0.0,2000,maximum_bootstrap_mean_f_beta,highest_threshold
yolo11s,validation,5.0,25.0,0.78,0.01,maximum_lower_confidence_bound_f_beta,0.0,0.01,False,0.01,0.01,0.0,1,0,0.0,2000,maximum_bootstrap_mean_f_beta,highest_threshold
yolo11s,validation,5.0,25.0,0.79,0.01,maximum_lower_confidence_bound_f_beta,0.0,0.01,False,0.01,0.01,0.0,1,0,0.0,2000,maximum_bootstrap_mean_f_beta,highest_threshold
yolo11s,validation,5.0,25.0,0.8,0.01,maximum_lower_confidence_bound_f_beta,0.0,0.01,False,0.01,0.01,0.0,1,0,0.0,2000,maximum_bootstrap_mean_f_beta,highest_threshold
yolo11s,validation,5.0,25.0,0.81,0.01,maximum_lower_confidence_bound_f_beta,0.0,0.01,False,0.01,0.01,0.0,1,0,0.0,2000,maximum_bootstrap_mean_f_beta,highest_threshold
yolo11s,validation,5.0,25.0,0.82,0.01,maximum_lower_confidence_bound_f_beta,0.0,0.01,False,0.01,0.01,0.0,1,0,0.0,2000,maximum_bootstrap_mean_f_beta,highest_threshold
yolo11s,validation,5.0,25.0,0.83,0.01,maximum_lower_confidence_bound_f_beta,0.0,0.01,False,0.01,0.01,0.0,1,0,0.0,2000,maximum_bootstrap_mean_f_beta,highest_threshold
yolo11s,validation,5.0,25.0,0.84,0.01,maximum_lower_confidence_bound_f_beta,0.0,0.01,False,0.01,0.01,0.0,1,0,0.0,2000,maximum_bootstrap_mean_f_beta,highest_threshold
yolo11s,validation,5.0,25.0,0.85,0.01,maximum_lower_confidence_bound_f_beta,0.0,0.01,False,0.01,0.01,0.0,1,0,0.0,2000,maximum_bootstrap_mean_f_beta,highest_threshold
yolo11s,validation,5.0,25.0,0.86,0.01,maximum_lower_confidence_bound_f_beta,0.0,0.01,False,0.01,0.01,0.0,1,0,0.0,2000,maximum_bootstrap_mean_f_beta,highest_threshold
yolo11s,validation,5.0,25.0,0.87,0.01,maximum_lower_confidence_bound_f_beta,0.0,0.01,False,0.01,0.01,0.0,1,0,0.0,2000,maximum_bootstrap_mean_f_beta,highest_threshold
yolo11s,validation,5.0,25.0,0.88,0.01,maximum_lower_confidence_bound_f_beta,0.0,0.01,False,0.01,0.01,0.0,1,0,0.0,2000,maximum_bootstrap_mean_f_beta,highest_threshold
yolo11s,validation,5.0,25.0,0.89,0.01,maximum_lower_confidence_bound_f_beta,0.0,0.01,False,0.01,0.01,0.0,1,0,0.0,2000,maximum_bootstrap_mean_f_beta,highest_threshold
yolo11s,validation,5.0,25.0,0.9,0.01,maximum_lower_confidence_bound_f_beta,0.0,0.01,False,0.01,0.01,0.0,1,0,0.0,2000,maximum_bootstrap_mean_f_beta,highest_threshold
yolo11s,validation,5.0,25.0,0.91,0.01,maximum_lower_confidence_bound_f_beta,0.0,0.01,False,0.01,0.01,0.0,1,0,0.0,2000,maximum_bootstrap_mean_f_beta,highest_threshold
yolo11s,validation,5.0,25.0,0.92,0.01,maximum_lower_confidence_bound_f_beta,0.0,0.01,False,0.01,0.01,0.0,1,0,0.0,2000,maximum_bootstrap_mean_f_beta,highest_threshold
yolo11s,validation,5.0,25.0,0.93,0.01,maximum_lower_confidence_bound_f_beta,0.0,0.01,False,0.01,0.01,0.0,1,0,0.0,2000,maximum_bootstrap_mean_f_beta,highest_threshold
yolo11s,validation,5.0,25.0,0.94,0.01,maximum_lower_confidence_bound_f_beta,0.0,0.01,False,0.01,0.01,0.0,1,0,0.0,2000,maximum_bootstrap_mean_f_beta,highest_threshold
yolo11s,validation,5.0,25.0,0.95,0.01,maximum_lower_confidence_bound_f_beta,0.0,0.01,False,0.01,0.01,0.0,1,0,0.0,2000,maximum_bootstrap_mean_f_beta,highest_threshold
yolo11s,validation,5.0,25.0,0.96,0.01,maximum_lower_confidence_bound_f_beta,0.0,0.01,False,0.01,0.01,0.0,1,0,0.0,2000,maximum_bootstrap_mean_f_beta,highest_threshold
yolo11s,validation,5.0,25.0,0.97,0.01,maximum_lower_confidence_bound_f_beta,0.0,0.01,False,0.01,0.01,0.0,1,0,0.0,2000,maximum_bootstrap_mean_f_beta,highest_threshold
yolo11s,validation,5.0,25.0,0.98,0.01,maximum_lower_confidence_bound_f_beta,0.0,0.01,False,0.01,0.01,0.0,1,0,0.0,2000,maximum_bootstrap_mean_f_beta,highest_threshold
yolo11s,validation,5.0,25.0,0.99,0.01,maximum_lower_confidence_bound_f_beta,0.0,0.01,False,0.01,0.01,0.0,1,0,0.0,2000,maximum_bootstrap_mean_f_beta,highest_threshold
yolo11s,validation,10.0,100.0,0.01,0.01,maximum_lower_confidence_bound_f_beta,0.2883996373653135,0.01,True,0.01,0.01,0.0,1,2000,1.0,2000,maximum_bootstrap_mean_f_beta,highest_threshold
yolo11s,validation,10.0,100.0,0.02,0.01,maximum_lower_confidence_bound_f_beta,0.2613965069879543,0.01,False,0.01,0.01,0.0,1,0,0.0,2000,maximum_bootstrap_mean_f_beta,highest_threshold
yolo11s,validation,10.0,100.0,0.03,0.01,maximum_lower_confidence_bound_f_beta,0.24528348364942815,0.01,False,0.01,0.01,0.0,1,0,0.0,2000,maximum_bootstrap_mean_f_beta,highest_threshold
yolo11s,validation,10.0,100.0,0.04,0.01,maximum_lower_confidence_bound_f_beta,0.22983877627643645,0.01,False,0.01,0.01,0.0,1,0,0.0,2000,maximum_bootstrap_mean_f_beta,highest_threshold
yolo11s,validation,10.0,100.0,0.05,0.01,maximum_lower_confidence_bound_f_beta,0.22452664133161804,0.01,False,0.01,0.01,0.0,1,0,0.0,2000,maximum_bootstrap_mean_f_beta,highest_threshold
yolo11s,validation,10.0,100.0,0.06,0.01,maximum_lower_confidence_bound_f_beta,0.21477913852970784,0.01,False,0.01,0.01,0.0,1,0,0.0,2000,maximum_bootstrap_mean_f_beta,highest_threshold
yolo11s,validation,10.0,100.0,0.07,0.01,maximum_lower_confidence_bound_f_beta,0.21051851441779051,0.01,False,0.01,0.01,0.0,1,0,0.0,2000,maximum_bootstrap_mean_f_beta,highest_threshold
yolo11s,validation,10.0,100.0,0.08,0.01,maximum_lower_confidence_bound_f_beta,0.20461492117670427,0.01,False,0.01,0.01,0.0,1,0,0.0,2000,maximum_bootstrap_mean_f_beta,highest_threshold
yolo11s,validation,10.0,100.0,0.09,0.01,maximum_lower_confidence_bound_f_beta,0.2003087792058326,0.01,False,0.01,0.01,0.0,1,0,0.0,2000,maximum_bootstrap_mean_f_beta,highest_threshold
yolo11s,validation,10.0,100.0,0.1,0.01,maximum_lower_confidence_bound_f_beta,0.19012788904906808,0.01,False,0.01,0.01,0.0,1,0,0.0,2000,maximum_bootstrap_mean_f_beta,highest_threshold
yolo11s,validation,10.0,100.0,0.11,0.01,maximum_lower_confidence_bound_f_beta,0.1862790541846498,0.01,False,0.01,0.01,0.0,1,0,0.0,2000,maximum_bootstrap_mean_f_beta,highest_threshold
yolo11s,validation,10.0,100.0,0.12,0.01,maximum_lower_confidence_bound_f_beta,0.17262841439430848,0.01,False,0.01,0.01,0.0,1,0,0.0,2000,maximum_bootstrap_mean_f_beta,highest_threshold
yolo11s,validation,10.0,100.0,0.13,0.01,maximum_lower_confidence_bound_f_beta,0.1595777145217372,0.01,False,0.01,0.01,0.0,1,0,0.0,2000,maximum_bootstrap_mean_f_beta,highest_threshold
yolo11s,validation,10.0,100.0,0.14,0.01,maximum_lower_confidence_bound_f_beta,0.15837994276791437,0.01,False,0.01,0.01,0.0,1,0,0.0,2000,maximum_bootstrap_mean_f_beta,highest_threshold
yolo11s,validation,10.0,100.0,0.15,0.01,maximum_lower_confidence_bound_f_beta,0.15839136330088757,0.01,False,0.01,0.01,0.0,1,0,0.0,2000,maximum_bootstrap_mean_f_beta,highest_threshold
yolo11s,validation,10.0,100.0,0.16,0.01,maximum_lower_confidence_bound_f_beta,0.15557369870154705,0.01,False,0.01,0.01,0.0,1,0,0.0,2000,maximum_bootstrap_mean_f_beta,highest_threshold
yolo11s,validation,10.0,100.0,0.17,0.01,maximum_lower_confidence_bound_f_beta,0.15025495251660875,0.01,False,0.01,0.01,0.0,1,0,0.0,2000,maximum_bootstrap_mean_f_beta,highest_threshold
yolo11s,validation,10.0,100.0,0.18,0.01,maximum_lower_confidence_bound_f_beta,0.14984346941145446,0.01,False,0.01,0.01,0.0,1,0,0.0,2000,maximum_bootstrap_mean_f_beta,highest_threshold
yolo11s,validation,10.0,100.0,0.19,0.01,maximum_lower_confidence_bound_f_beta,0.14244608223562896,0.01,False,0.01,0.01,0.0,1,0,0.0,2000,maximum_bootstrap_mean_f_beta,highest_threshold
yolo11s,validation,10.0,100.0,0.2,0.01,maximum_lower_confidence_bound_f_beta,0.13839653292375095,0.01,False,0.01,0.01,0.0,1,0,0.0,2000,maximum_bootstrap_mean_f_beta,highest_threshold
yolo11s,validation,10.0,100.0,0.21,0.01,maximum_lower_confidence_bound_f_beta,0.1356982675898806,0.01,False,0.01,0.01,0.0,1,0,0.0,2000,maximum_bootstrap_mean_f_beta,highest_threshold
yolo11s,validation,10.0,100.0,0.22,0.01,maximum_lower_confidence_bound_f_beta,0.13286491978248186,0.01,False,0.01,0.01,0.0,1,0,0.0,2000,maximum_bootstrap_mean_f_beta,highest_threshold
yolo11s,validation,10.0,100.0,0.23,0.01,maximum_lower_confidence_bound_f_beta,0.12970604071942812,0.01,False,0.01,0.01,0.0,1,0,0.0,2000,maximum_bootstrap_mean_f_beta,highest_threshold
yolo11s,validation,10.0,100.0,0.24,0.01,maximum_lower_confidence_bound_f_beta,0.12456244199337418,0.01,False,0.01,0.01,0.0,1,0,0.0,2000,maximum_bootstrap_mean_f_beta,highest_threshold
yolo11s,validation,10.0,100.0,0.25,0.01,maximum_lower_confidence_bound_f_beta,0.1193784843717216,0.01,False,0.01,0.01,0.0,1,0,0.0,2000,maximum_bootstrap_mean_f_beta,highest_threshold
yolo11s,validation,10.0,100.0,0.26,0.01,maximum_lower_confidence_bound_f_beta,0.11150870020482592,0.01,False,0.01,0.01,0.0,1,0,0.0,2000,maximum_bootstrap_mean_f_beta,highest_threshold
yolo11s,validation,10.0,100.0,0.27,0.01,maximum_lower_confidence_bound_f_beta,0.10792802056689851,0.01,False,0.01,0.01,0.0,1,0,0.0,2000,maximum_bootstrap_mean_f_beta,highest_threshold
yolo11s,validation,10.0,100.0,0.28,0.01,maximum_lower_confidence_bound_f_beta,0.10380454367262625,0.01,False,0.01,0.01,0.0,1,0,0.0,2000,maximum_bootstrap_mean_f_beta,highest_threshold
yolo11s,validation,10.0,100.0,0.29,0.01,maximum_lower_confidence_bound_f_beta,0.09893953479199631,0.01,False,0.01,0.01,0.0,1,0,0.0,2000,maximum_bootstrap_mean_f_beta,highest_threshold
yolo11s,validation,10.0,100.0,0.3,0.01,maximum_lower_confidence_bound_f_beta,0.0935811555732092,0.01,False,0.01,0.01,0.0,1,0,0.0,2000,maximum_bootstrap_mean_f_beta,highest_threshold
yolo11s,validation,10.0,100.0,0.31,0.01,maximum_lower_confidence_bound_f_beta,0.0930559393763425,0.01,False,0.01,0.01,0.0,1,0,0.0,2000,maximum_bootstrap_mean_f_beta,highest_threshold
yolo11s,validation,10.0,100.0,0.32,0.01,maximum_lower_confidence_bound_f_beta,0.09122571757225546,0.01,False,0.01,0.01,0.0,1,0,0.0,2000,maximum_bootstrap_mean_f_beta,highest_threshold
yolo11s,validation,10.0,100.0,0.33,0.01,maximum_lower_confidence_bound_f_beta,0.08871866407068703,0.01,False,0.01,0.01,0.0,1,0,0.0,2000,maximum_bootstrap_mean_f_beta,highest_threshold
yolo11s,validation,10.0,100.0,0.34,0.01,maximum_lower_confidence_bound_f_beta,0.08407254340288071,0.01,False,0.01,0.01,0.0,1,0,0.0,2000,maximum_bootstrap_mean_f_beta,highest_threshold
yolo11s,validation,10.0,100.0,0.35,0.01,maximum_lower_confidence_bound_f_beta,0.07667579817943797,0.01,False,0.01,0.01,0.0,1,0,0.0,2000,maximum_bootstrap_mean_f_beta,highest_threshold
yolo11s,validation,10.0,100.0,0.36,0.01,maximum_lower_confidence_bound_f_beta,0.0715448075887139,0.01,False,0.01,0.01,0.0,1,0,0.0,2000,maximum_bootstrap_mean_f_beta,highest_threshold
yolo11s,validation,10.0,100.0,0.37,0.01,maximum_lower_confidence_bound_f_beta,0.0677915894443,0.01,False,0.01,0.01,0.0,1,0,0.0,2000,maximum_bootstrap_mean_f_beta,highest_threshold
yolo11s,validation,10.0,100.0,0.38,0.01,maximum_lower_confidence_bound_f_beta,0.05721943459375188,0.01,False,0.01,0.01,0.0,1,0,0.0,2000,maximum_bootstrap_mean_f_beta,highest_threshold
yolo11s,validation,10.0,100.0,0.39,0.01,maximum_lower_confidence_bound_f_beta,0.05486590344219237,0.01,False,0.01,0.01,0.0,1,0,0.0,2000,maximum_bootstrap_mean_f_beta,highest_threshold
yolo11s,validation,10.0,100.0,0.4,0.01,maximum_lower_confidence_bound_f_beta,0.050972577425652664,0.01,False,0.01,0.01,0.0,1,0,0.0,2000,maximum_bootstrap_mean_f_beta,highest_threshold
yolo11s,validation,10.0,100.0,0.41,0.01,maximum_lower_confidence_bound_f_beta,0.048046647830669455,0.01,False,0.01,0.01,0.0,1,0,0.0,2000,maximum_bootstrap_mean_f_beta,highest_threshold
yolo11s,validation,10.0,100.0,0.42,0.01,maximum_lower_confidence_bound_f_beta,0.03982471478916333,0.01,False,0.01,0.01,0.0,1,0,0.0,2000,maximum_bootstrap_mean_f_beta,highest_threshold
yolo11s,validation,10.0,100.0,0.43,0.01,maximum_lower_confidence_bound_f_beta,0.03433456151237373,0.01,False,0.01,0.01,0.0,1,0,0.0,2000,maximum_bootstrap_mean_f_beta,highest_threshold
yolo11s,validation,10.0,100.0,0.44,0.01,maximum_lower_confidence_bound_f_beta,0.02765359353423932,0.01,False,0.01,0.01,0.0,1,0,0.0,2000,maximum_bootstrap_mean_f_beta,highest_threshold
yolo11s,validation,10.0,100.0,0.45,0.01,maximum_lower_confidence_bound_f_beta,0.018443183423859557,0.01,False,0.01,0.01,0.0,1,0,0.0,2000,maximum_bootstrap_mean_f_beta,highest_threshold
yolo11s,validation,10.0,100.0,0.46,0.01,maximum_lower_confidence_bound_f_beta,0.018443219367824715,0.01,False,0.01,0.01,0.0,1,0,0.0,2000,maximum_bootstrap_mean_f_beta,highest_threshold
yolo11s,validation,10.0,100.0,0.47,0.01,maximum_lower_confidence_bound_f_beta,0.015184264695191282,0.01,False,0.01,0.01,0.0,1,0,0.0,2000,maximum_bootstrap_mean_f_beta,highest_threshold
yolo11s,validation,10.0,100.0,0.48,0.01,maximum_lower_confidence_bound_f_beta,0.01231557127179612,0.01,False,0.01,0.01,0.0,1,0,0.0,2000,maximum_bootstrap_mean_f_beta,highest_threshold
yolo11s,validation,10.0,100.0,0.49,0.01,maximum_lower_confidence_bound_f_beta,0.0041849457692700424,0.01,False,0.01,0.01,0.0,1,0,0.0,2000,maximum_bootstrap_mean_f_beta,highest_threshold
yolo11s,validation,10.0,100.0,0.5,0.01,maximum_lower_confidence_bound_f_beta,0.0041849457692700424,0.01,False,0.01,0.01,0.0,1,0,0.0,2000,maximum_bootstrap_mean_f_beta,highest_threshold
yolo11s,validation,10.0,100.0,0.51,0.01,maximum_lower_confidence_bound_f_beta,0.0,0.01,False,0.01,0.01,0.0,1,0,0.0,2000,maximum_bootstrap_mean_f_beta,highest_threshold
yolo11s,validation,10.0,100.0,0.52,0.01,maximum_lower_confidence_bound_f_beta,0.0,0.01,False,0.01,0.01,0.0,1,0,0.0,2000,maximum_bootstrap_mean_f_beta,highest_threshold
yolo11s,validation,10.0,100.0,0.53,0.01,maximum_lower_confidence_bound_f_beta,0.0,0.01,False,0.01,0.01,0.0,1,0,0.0,2000,maximum_bootstrap_mean_f_beta,highest_threshold
yolo11s,validation,10.0,100.0,0.54,0.01,maximum_lower_confidence_bound_f_beta,0.0,0.01,False,0.01,0.01,0.0,1,0,0.0,2000,maximum_bootstrap_mean_f_beta,highest_threshold
yolo11s,validation,10.0,100.0,0.55,0.01,maximum_lower_confidence_bound_f_beta,0.0,0.01,False,0.01,0.01,0.0,1,0,0.0,2000,maximum_bootstrap_mean_f_beta,highest_threshold
yolo11s,validation,10.0,100.0,0.56,0.01,maximum_lower_confidence_bound_f_beta,0.0,0.01,False,0.01,0.01,0.0,1,0,0.0,2000,maximum_bootstrap_mean_f_beta,highest_threshold
yolo11s,validation,10.0,100.0,0.57,0.01,maximum_lower_confidence_bound_f_beta,0.0,0.01,False,0.01,0.01,0.0,1,0,0.0,2000,maximum_bootstrap_mean_f_beta,highest_threshold
yolo11s,validation,10.0,100.0,0.58,0.01,maximum_lower_confidence_bound_f_beta,0.0,0.01,False,0.01,0.01,0.0,1,0,0.0,2000,maximum_bootstrap_mean_f_beta,highest_threshold
yolo11s,validation,10.0,100.0,0.59,0.01,maximum_lower_confidence_bound_f_beta,0.0,0.01,False,0.01,0.01,0.0,1,0,0.0,2000,maximum_bootstrap_mean_f_beta,highest_threshold
yolo11s,validation,10.0,100.0,0.6,0.01,maximum_lower_confidence_bound_f_beta,0.0,0.01,False,0.01,0.01,0.0,1,0,0.0,2000,maximum_bootstrap_mean_f_beta,highest_threshold
yolo11s,validation,10.0,100.0,0.61,0.01,maximum_lower_confidence_bound_f_beta,0.0,0.01,False,0.01,0.01,0.0,1,0,0.0,2000,maximum_bootstrap_mean_f_beta,highest_threshold
yolo11s,validation,10.0,100.0,0.62,0.01,maximum_lower_confidence_bound_f_beta,0.0,0.01,False,0.01,0.01,0.0,1,0,0.0,2000,maximum_bootstrap_mean_f_beta,highest_threshold
yolo11s,validation,10.0,100.0,0.63,0.01,maximum_lower_confidence_bound_f_beta,0.0,0.01,False,0.01,0.01,0.0,1,0,0.0,2000,maximum_bootstrap_mean_f_beta,highest_threshold
yolo11s,validation,10.0,100.0,0.64,0.01,maximum_lower_confidence_bound_f_beta,0.0,0.01,False,0.01,0.01,0.0,1,0,0.0,2000,maximum_bootstrap_mean_f_beta,highest_threshold
yolo11s,validation,10.0,100.0,0.65,0.01,maximum_lower_confidence_bound_f_beta,0.0,0.01,False,0.01,0.01,0.0,1,0,0.0,2000,maximum_bootstrap_mean_f_beta,highest_threshold
yolo11s,validation,10.0,100.0,0.66,0.01,maximum_lower_confidence_bound_f_beta,0.0,0.01,False,0.01,0.01,0.0,1,0,0.0,2000,maximum_bootstrap_mean_f_beta,highest_threshold
yolo11s,validation,10.0,100.0,0.67,0.01,maximum_lower_confidence_bound_f_beta,0.0,0.01,False,0.01,0.01,0.0,1,0,0.0,2000,maximum_bootstrap_mean_f_beta,highest_threshold
yolo11s,validation,10.0,100.0,0.68,0.01,maximum_lower_confidence_bound_f_beta,0.0,0.01,False,0.01,0.01,0.0,1,0,0.0,2000,maximum_bootstrap_mean_f_beta,highest_threshold
yolo11s,validation,10.0,100.0,0.69,0.01,maximum_lower_confidence_bound_f_beta,0.0,0.01,False,0.01,0.01,0.0,1,0,0.0,2000,maximum_bootstrap_mean_f_beta,highest_threshold
yolo11s,validation,10.0,100.0,0.7,0.01,maximum_lower_confidence_bound_f_beta,0.0,0.01,False,0.01,0.01,0.0,1,0,0.0,2000,maximum_bootstrap_mean_f_beta,highest_threshold
yolo11s,validation,10.0,100.0,0.71,0.01,maximum_lower_confidence_bound_f_beta,0.0,0.01,False,0.01,0.01,0.0,1,0,0.0,2000,maximum_bootstrap_mean_f_beta,highest_threshold
yolo11s,validation,10.0,100.0,0.72,0.01,maximum_lower_confidence_bound_f_beta,0.0,0.01,False,0.01,0.01,0.0,1,0,0.0,2000,maximum_bootstrap_mean_f_beta,highest_threshold
yolo11s,validation,10.0,100.0,0.73,0.01,maximum_lower_confidence_bound_f_beta,0.0,0.01,False,0.01,0.01,0.0,1,0,0.0,2000,maximum_bootstrap_mean_f_beta,highest_threshold
yolo11s,validation,10.0,100.0,0.74,0.01,maximum_lower_confidence_bound_f_beta,0.0,0.01,False,0.01,0.01,0.0,1,0,0.0,2000,maximum_bootstrap_mean_f_beta,highest_threshold
yolo11s,validation,10.0,100.0,0.75,0.01,maximum_lower_confidence_bound_f_beta,0.0,0.01,False,0.01,0.01,0.0,1,0,0.0,2000,maximum_bootstrap_mean_f_beta,highest_threshold
yolo11s,validation,10.0,100.0,0.76,0.01,maximum_lower_confidence_bound_f_beta,0.0,0.01,False,0.01,0.01,0.0,1,0,0.0,2000,maximum_bootstrap_mean_f_beta,highest_threshold
yolo11s,validation,10.0,100.0,0.77,0.01,maximum_lower_confidence_bound_f_beta,0.0,0.01,False,0.01,0.01,0.0,1,0,0.0,2000,maximum_bootstrap_mean_f_beta,highest_threshold
yolo11s,validation,10.0,100.0,0.78,0.01,maximum_lower_confidence_bound_f_beta,0.0,0.01,False,0.01,0.01,0.0,1,0,0.0,2000,maximum_bootstrap_mean_f_beta,highest_threshold
yolo11s,validation,10.0,100.0,0.79,0.01,maximum_lower_confidence_bound_f_beta,0.0,0.01,False,0.01,0.01,0.0,1,0,0.0,2000,maximum_bootstrap_mean_f_beta,highest_threshold
yolo11s,validation,10.0,100.0,0.8,0.01,maximum_lower_confidence_bound_f_beta,0.0,0.01,False,0.01,0.01,0.0,1,0,0.0,2000,maximum_bootstrap_mean_f_beta,highest_threshold
yolo11s,validation,10.0,100.0,0.81,0.01,maximum_lower_confidence_bound_f_beta,0.0,0.01,False,0.01,0.01,0.0,1,0,0.0,2000,maximum_bootstrap_mean_f_beta,highest_threshold
yolo11s,validation,10.0,100.0,0.82,0.01,maximum_lower_confidence_bound_f_beta,0.0,0.01,False,0.01,0.01,0.0,1,0,0.0,2000,maximum_bootstrap_mean_f_beta,highest_threshold
yolo11s,validation,10.0,100.0,0.83,0.01,maximum_lower_confidence_bound_f_beta,0.0,0.01,False,0.01,0.01,0.0,1,0,0.0,2000,maximum_bootstrap_mean_f_beta,highest_threshold
yolo11s,validation,10.0,100.0,0.84,0.01,maximum_lower_confidence_bound_f_beta,0.0,0.01,False,0.01,0.01,0.0,1,0,0.0,2000,maximum_bootstrap_mean_f_beta,highest_threshold
yolo11s,validation,10.0,100.0,0.85,0.01,maximum_lower_confidence_bound_f_beta,0.0,0.01,False,0.01,0.01,0.0,1,0,0.0,2000,maximum_bootstrap_mean_f_beta,highest_threshold
yolo11s,validation,10.0,100.0,0.86,0.01,maximum_lower_confidence_bound_f_beta,0.0,0.01,False,0.01,0.01,0.0,1,0,0.0,2000,maximum_bootstrap_mean_f_beta,highest_threshold
yolo11s,validation,10.0,100.0,0.87,0.01,maximum_lower_confidence_bound_f_beta,0.0,0.01,False,0.01,0.01,0.0,1,0,0.0,2000,maximum_bootstrap_mean_f_beta,highest_threshold
yolo11s,validation,10.0,100.0,0.88,0.01,maximum_lower_confidence_bound_f_beta,0.0,0.01,False,0.01,0.01,0.0,1,0,0.0,2000,maximum_bootstrap_mean_f_beta,highest_threshold
yolo11s,validation,10.0,100.0,0.89,0.01,maximum_lower_confidence_bound_f_beta,0.0,0.01,False,0.01,0.01,0.0,1,0,0.0,2000,maximum_bootstrap_mean_f_beta,highest_threshold
yolo11s,validation,10.0,100.0,0.9,0.01,maximum_lower_confidence_bound_f_beta,0.0,0.01,False,0.01,0.01,0.0,1,0,0.0,2000,maximum_bootstrap_mean_f_beta,highest_threshold
yolo11s,validation,10.0,100.0,0.91,0.01,maximum_lower_confidence_bound_f_beta,0.0,0.01,False,0.01,0.01,0.0,1,0,0.0,2000,maximum_bootstrap_mean_f_beta,highest_threshold
yolo11s,validation,10.0,100.0,0.92,0.01,maximum_lower_confidence_bound_f_beta,0.0,0.01,False,0.01,0.01,0.0,1,0,0.0,2000,maximum_bootstrap_mean_f_beta,highest_threshold
yolo11s,validation,10.0,100.0,0.93,0.01,maximum_lower_confidence_bound_f_beta,0.0,0.01,False,0.01,0.01,0.0,1,0,0.0,2000,maximum_bootstrap_mean_f_beta,highest_threshold
yolo11s,validation,10.0,100.0,0.94,0.01,maximum_lower_confidence_bound_f_beta,0.0,0.01,False,0.01,0.01,0.0,1,0,0.0,2000,maximum_bootstrap_mean_f_beta,highest_threshold
yolo11s,validation,10.0,100.0,0.95,0.01,maximum_lower_confidence_bound_f_beta,0.0,0.01,False,0.01,0.01,0.0,1,0,0.0,2000,maximum_bootstrap_mean_f_beta,highest_threshold
yolo11s,validation,10.0,100.0,0.96,0.01,maximum_lower_confidence_bound_f_beta,0.0,0.01,False,0.01,0.01,0.0,1,0,0.0,2000,maximum_bootstrap_mean_f_beta,highest_threshold
yolo11s,validation,10.0,100.0,0.97,0.01,maximum_lower_confidence_bound_f_beta,0.0,0.01,False,0.01,0.01,0.0,1,0,0.0,2000,maximum_bootstrap_mean_f_beta,highest_threshold
yolo11s,validation,10.0,100.0,0.98,0.01,maximum_lower_confidence_bound_f_beta,0.0,0.01,False,0.01,0.01,0.0,1,0,0.0,2000,maximum_bootstrap_mean_f_beta,highest_threshold
yolo11s,validation,10.0,100.0,0.99,0.01,maximum_lower_confidence_bound_f_beta,0.0,0.01,False,0.01,0.01,0.0,1,0,0.0,2000,maximum_bootstrap_mean_f_beta,highest_threshold
