scope,condition_id,family,corruption,severity,estimand,metric,unit,detector_a,detector_b,image_count,patient_group_count,seed_count,confidence_level,detector_a_estimate,detector_a_ci_low,detector_a_ci_high,detector_b_estimate,detector_b_ci_low,detector_b_ci_high,difference_a_minus_b,difference_ci_low,difference_ci_high,bootstrap_resamples,bootstrap_valid_a,bootstrap_valid_b,bootstrap_valid_difference,test_name,permutation_resamples,permutation_valid,p_value_raw,p_value_holm,holm_family_size,effect_size_name,effect_size,effect_size_n,status,reason
phase6_primary_seed_robustness,clean,clean,clean,0,raw,precision,ratio,faster_rcnn,yolo11s,300,183,1,0.95,0.14392523364485982,0.09523587420042644,0.19115288076763098,0.4634146341463415,0.2727272727272727,0.627906976744186,-0.31948940050148167,-0.4764611465209306,-0.15632135612865836,2000,2000,2000,2000,paired_patient_cluster_label_swap,5000,5000,0.0001999600079984003,0.0013997200559888023,7,paired_raw_difference,-0.31948940050148167,183,complete,
phase6_primary_seed_robustness,clean,clean,clean,0,raw,recall,ratio,faster_rcnn,yolo11s,300,183,1,0.95,0.6936936936936937,0.5882352941176471,0.7840078431372549,0.17117117117117117,0.09006998069498072,0.232,0.5225225225225225,0.4203800750220655,0.6271321673278037,2000,2000,2000,2000,paired_patient_cluster_label_swap,5000,5000,0.0001999600079984003,0.0013997200559888023,7,paired_raw_difference,0.5225225225225225,183,complete,
phase6_primary_seed_robustness,clean,clean,clean,0,raw,f1,ratio,faster_rcnn,yolo11s,300,183,1,0.95,0.238390092879257,0.1648362118359663,0.3043041086683528,0.25,0.13998837209302328,0.3295090486671557,-0.011609907120743002,-0.09601017794454425,0.07774398639666806,2000,2000,2000,2000,paired_patient_cluster_label_swap,5000,5000,0.8324335132973405,1.0,7,paired_raw_difference,-0.011609907120743002,183,complete,
phase6_primary_seed_robustness,clean,clean,clean,0,raw,iou,ratio,faster_rcnn,yolo11s,300,183,1,0.95,0.6920036232087895,0.6649916703643662,0.7156514182741386,0.6940811341732323,0.6545800418945396,0.744038289005831,-0.0020775109644427525,-0.05632572010684656,0.04225262796344522,2000,2000,2000,2000,paired_patient_cluster_label_swap,5000,5000,0.9234153169366127,1.0,7,paired_raw_difference,-0.0020775109644427525,183,complete,
phase6_primary_seed_robustness,clean,clean,clean,0,raw,dice,ratio,faster_rcnn,yolo11s,300,183,1,0.95,0.8131556609292098,0.7934757876705588,0.8292804157500225,0.81434881788263,0.7881101100824078,0.8492698824163307,-0.0011931569534202602,-0.04065393940408429,0.028704967745236152,2000,2000,2000,2000,paired_patient_cluster_label_swap,5000,5000,0.9416116776644671,1.0,7,paired_raw_difference,-0.0011931569534202602,183,complete,
phase6_primary_seed_robustness,clean,clean,clean,0,raw,map_50,ratio,faster_rcnn,yolo11s,300,183,1,0.95,0.37771312207151386,0.248365748112639,0.5010442766404438,0.2112858029314436,0.11104285641854096,0.31133354357283605,0.16642731914007025,0.08949405631540465,0.24416483508235629,2000,2000,2000,2000,paired_patient_cluster_label_swap,5000,5000,0.16716656668666266,0.7618476304739052,7,paired_raw_difference,0.16642731914007025,183,complete,
phase6_primary_seed_robustness,clean,clean,clean,0,raw,map_50_95,ratio,faster_rcnn,yolo11s,300,183,1,0.95,0.1478022331883237,0.09309075049480453,0.2112163305190213,0.0762947405033698,0.03801249932460397,0.11753962386850728,0.07150749268495389,0.03682777851684996,0.11974048178447563,2000,2000,2000,2000,paired_patient_cluster_label_swap,5000,5000,0.15236952609478105,0.7618476304739052,7,paired_raw_difference,0.07150749268495389,183,complete,
phase6_primary_seed_robustness,darker_s1,lighting,darker,1,raw,precision,ratio,faster_rcnn,yolo11s,300,183,1,0.95,0.14124293785310735,0.09050747655149681,0.1893421152466615,0.48717948717948717,0.26666666666666666,0.696969696969697,-0.34593654932637985,-0.5523031949934123,-0.161845223299362,2000,2000,2000,2000,paired_patient_cluster_label_swap,5000,5000,0.0001999600079984003,0.006998600279944011,35,paired_raw_difference,-0.34593654932637985,183,complete,
phase6_primary_seed_robustness,darker_s1,lighting,darker,1,raw,recall,ratio,faster_rcnn,yolo11s,300,183,1,0.95,0.6756756756756757,0.5662388685175486,0.7652275815217391,0.17117117117117117,0.08330882352941181,0.24175824175824176,0.5045045045045045,0.4181780923994039,0.5833333333333334,2000,2000,2000,2000,paired_patient_cluster_label_swap,5000,5000,0.0001999600079984003,0.006998600279944011,35,paired_raw_difference,0.5045045045045045,183,complete,
phase6_primary_seed_robustness,darker_s1,lighting,darker,1,raw,f1,ratio,faster_rcnn,yolo11s,300,183,1,0.95,0.2336448598130841,0.1571790978446041,0.3012388250319285,0.25333333333333335,0.12961469534050182,0.3444540229885057,-0.019688473520249244,-0.10409455484045205,0.0773249464362547,2000,2000,2000,2000,paired_patient_cluster_label_swap,5000,5000,0.6982603479304139,1.0,35,paired_raw_difference,-0.019688473520249244,183,complete,
phase6_primary_seed_robustness,darker_s1,lighting,darker,1,raw,iou,ratio,faster_rcnn,yolo11s,300,183,1,0.95,0.6949195468495196,0.670181198489334,0.7178986627735128,0.722946033745096,0.6834703867118971,0.7494030895255933,-0.028026486895576408,-0.06381048290572093,0.019114097846771875,2000,2000,2000,2000,paired_patient_cluster_label_swap,5000,5000,0.15116976604679064,1.0,34,paired_raw_difference,-0.028026486895576408,183,complete,
phase6_primary_seed_robustness,darker_s1,lighting,darker,1,raw,dice,ratio,faster_rcnn,yolo11s,300,183,1,0.95,0.8155182084540205,0.7982355995432848,0.8310872785698354,0.8352930836886178,0.8094052726755577,0.8538067646374041,-0.01977487523459731,-0.04496780510504101,0.011949891133940679,2000,2000,2000,2000,paired_patient_cluster_label_swap,5000,5000,0.13797240551889622,1.0,34,paired_raw_difference,-0.01977487523459731,183,complete,
phase6_primary_seed_robustness,darker_s1,lighting,darker,1,raw,map_50,ratio,faster_rcnn,yolo11s,300,183,1,0.95,0.37528747843153387,0.2407803505138807,0.5038716215598701,0.2033630716192712,0.10188347516147234,0.300399447910457,0.17192440681226268,0.0892459836304756,0.2527300175718235,2000,2000,2000,2000,paired_patient_cluster_label_swap,5000,5000,0.15716856628674264,1.0,35,paired_raw_difference,0.17192440681226268,183,complete,
phase6_primary_seed_robustness,darker_s1,lighting,darker,1,raw,map_50_95,ratio,faster_rcnn,yolo11s,300,183,1,0.95,0.15036373403637363,0.09669421309562848,0.21112289652074065,0.073565046048051,0.03461045002250668,0.11627678532594028,0.07679868798832262,0.04077471669998109,0.1213847907249018,2000,2000,2000,2000,paired_patient_cluster_label_swap,5000,5000,0.11157768446310738,1.0,35,paired_raw_difference,0.07679868798832262,183,complete,
phase6_primary_seed_robustness,darker_s1,lighting,darker,1,retention,precision,ratio,faster_rcnn,yolo11s,300,183,1,0.95,0.9813632694988627,0.9305424156766564,1.015153990889285,1.051282051282051,0.8670764399509806,1.266452850877193,-0.06991878178318844,-0.2991756637760616,0.1137873711237109,2000,2000,2000,2000,paired_patient_cluster_label_swap,5000,5000,0.1959608078384323,1.0,35,paired_raw_difference,-0.06991878178318844,183,complete,
phase6_primary_seed_robustness,darker_s1,lighting,darker,1,retention,recall,ratio,faster_rcnn,yolo11s,300,183,1,0.95,0.974025974025974,0.9275296442687747,1.0,1.0,0.7058823529411765,1.2499999999999998,-0.025974025974025983,-0.2682316586921851,0.26671182266009824,2000,2000,2000,2000,paired_patient_cluster_label_swap,5000,5000,0.7498500299940012,1.0,35,paired_raw_difference,-0.025974025974025983,183,complete,
phase6_primary_seed_robustness,darker_s1,lighting,darker,1,retention,f1,ratio,faster_rcnn,yolo11s,300,183,1,0.95,0.9800946716834565,0.9321936650103781,1.012029049374143,1.0133333333333334,0.7506470628221497,1.2307692307692308,-0.03323866164987688,-0.26010809790509676,0.23128051938771985,2000,2000,2000,2000,paired_patient_cluster_label_swap,5000,5000,0.5772845430913818,1.0,35,paired_raw_difference,-0.03323866164987688,183,complete,
phase6_primary_seed_robustness,darker_s1,lighting,darker,1,retention,iou,ratio,faster_rcnn,yolo11s,300,183,1,0.95,1.0042137404240878,0.9872431082565796,1.0243645352715833,1.0415872124319396,0.9851071013011111,1.0798077996555637,-0.03737347200785179,-0.0779761148412066,0.015586667155439427,2000,2000,2000,2000,paired_patient_cluster_label_swap,5000,5000,0.033593281343731254,0.9406118776244752,34,paired_raw_difference,-0.03737347200785179,183,complete,
phase6_primary_seed_robustness,darker_s1,lighting,darker,1,retention,dice,ratio,faster_rcnn,yolo11s,300,183,1,0.95,1.0029054062319518,0.9921161038600979,1.0153972239347335,1.0257190350695717,0.9918054662052648,1.048402052454114,-0.022813628837619948,-0.046641575537964455,0.009275815156177168,2000,2000,2000,2000,paired_patient_cluster_label_swap,5000,5000,0.033793241351729654,0.98000399920016,34,paired_raw_difference,-0.022813628837619948,183,complete,
phase6_primary_seed_robustness,darker_s1,lighting,darker,1,retention,map_50,ratio,faster_rcnn,yolo11s,300,183,1,0.95,0.9935780795046862,0.9680113909092797,1.016068517772946,0.9625023016111351,0.8918476286014521,1.0796087950821518,0.031075777893551093,-0.08214076542041768,0.09699591340281488,2000,2000,2000,2000,paired_patient_cluster_label_swap,5000,5000,0.17056588682263546,1.0,35,paired_raw_difference,0.031075777893551093,183,complete,
phase6_primary_seed_robustness,darker_s1,lighting,darker,1,retention,map_50_95,ratio,faster_rcnn,yolo11s,300,183,1,0.95,1.0173305963840624,0.9345218553186477,1.1305424990832564,0.9642217217424282,0.8869698864340273,1.0644178945655562,0.053108874641634274,-0.0546168374967627,0.14691606491933046,2000,2000,2000,2000,paired_patient_cluster_label_swap,5000,5000,0.531493701259748,1.0,35,paired_raw_difference,0.053108874641634274,183,complete,
phase6_primary_seed_robustness,darker_s2,lighting,darker,2,raw,precision,ratio,faster_rcnn,yolo11s,300,183,1,0.95,0.14942528735632185,0.10269923769923771,0.19392942919924372,0.5263157894736842,0.31704107830552,0.7272727272727273,-0.3768905021173623,-0.5685339198263206,-0.19765596948403857,2000,2000,2000,2000,paired_patient_cluster_label_swap,5000,5000,0.0001999600079984003,0.006998600279944011,35,paired_raw_difference,-0.3768905021173623,183,complete,
phase6_primary_seed_robustness,darker_s2,lighting,darker,2,raw,recall,ratio,faster_rcnn,yolo11s,300,183,1,0.95,0.7027027027027027,0.5895394602330812,0.7913043478260869,0.18018018018018017,0.09088355464759963,0.24800437956204377,0.5225225225225225,0.4257373077733306,0.6153846153846154,2000,2000,2000,2000,paired_patient_cluster_label_swap,5000,5000,0.0001999600079984003,0.006998600279944011,35,paired_raw_difference,0.5225225225225225,183,complete,
phase6_primary_seed_robustness,darker_s2,lighting,darker,2,raw,f1,ratio,faster_rcnn,yolo11s,300,183,1,0.95,0.24644549763033177,0.1765716109810598,0.3084250725104737,0.2684563758389262,0.14285714285714285,0.3508992330071408,-0.022010878208594403,-0.10183338612056413,0.06888650196920862,2000,2000,2000,2000,paired_patient_cluster_label_swap,5000,5000,0.6492701459708058,1.0,35,paired_raw_difference,-0.022010878208594403,183,complete,
phase6_primary_seed_robustness,darker_s2,lighting,darker,2,raw,iou,ratio,faster_rcnn,yolo11s,300,183,1,0.95,0.6879878603347959,0.6585386915906899,0.7121256374851415,0.7213502849700051,0.6895362506939109,0.751659832068704,-0.03336242463520922,-0.0818921302841494,0.009157226432464026,2000,2000,1999,1999,paired_patient_cluster_label_swap,5000,5000,0.130373925214957,1.0,34,paired_raw_difference,-0.03336242463520922,183,complete,
phase6_primary_seed_robustness,darker_s2,lighting,darker,2,raw,dice,ratio,faster_rcnn,yolo11s,300,183,1,0.95,0.8100765045293982,0.7887100528985093,0.8271354896829045,0.8341528536406081,0.8125437288161218,0.8559768432417592,-0.024076349111209927,-0.05973799439168957,0.005657851014400222,2000,2000,1999,1999,paired_patient_cluster_label_swap,5000,5000,0.1265746850629874,1.0,34,paired_raw_difference,-0.024076349111209927,183,complete,
phase6_primary_seed_robustness,darker_s2,lighting,darker,2,raw,map_50,ratio,faster_rcnn,yolo11s,300,183,1,0.95,0.3777244134607964,0.2409108329858952,0.5051228745689688,0.1733184621571865,0.08339091183317925,0.27197554620612124,0.2044059513036099,0.11651348243376333,0.2813293041046298,2000,2000,2000,2000,paired_patient_cluster_label_swap,5000,5000,0.07778444311137772,1.0,35,paired_raw_difference,0.2044059513036099,183,complete,
phase6_primary_seed_robustness,darker_s2,lighting,darker,2,raw,map_50_95,ratio,faster_rcnn,yolo11s,300,183,1,0.95,0.150044586544998,0.09474573138992319,0.20941917573055235,0.06268529868084471,0.02991723086646068,0.1016843040961713,0.08735928786415328,0.050807571007189085,0.1250584619870641,2000,2000,2000,2000,paired_patient_cluster_label_swap,5000,5000,0.055188962207558485,1.0,35,paired_raw_difference,0.08735928786415328,183,complete,
phase6_primary_seed_robustness,darker_s2,lighting,darker,2,retention,precision,ratio,faster_rcnn,yolo11s,300,183,1,0.95,1.0382146589043142,0.9800380262411371,1.1165382626742397,1.1357340720221605,0.9874467486536452,1.3696583850931676,-0.09751941311784629,-0.32638998169636607,0.069775916114014,2000,2000,1999,1999,paired_patient_cluster_label_swap,5000,5000,0.1951609678064387,1.0,35,paired_raw_difference,-0.09751941311784629,183,complete,
phase6_primary_seed_robustness,darker_s2,lighting,darker,2,retention,recall,ratio,faster_rcnn,yolo11s,300,183,1,0.95,1.012987012987013,0.9518072289156626,1.0784313725490196,1.0526315789473684,0.75,1.3574675324675325,-0.03964456596035526,-0.3640744331033433,0.28000759734093067,2000,2000,1999,1999,paired_patient_cluster_label_swap,5000,5000,0.6694661067786443,1.0,35,paired_raw_difference,-0.03964456596035526,183,complete,
phase6_primary_seed_robustness,darker_s2,lighting,darker,2,retention,f1,ratio,faster_rcnn,yolo11s,300,183,1,0.95,1.033790853696067,0.9767668792412074,1.1098197464459447,1.0738255033557047,0.8124588815789474,1.3334232613908874,-0.04003464965963777,-0.2999582179900721,0.23236767574261577,2000,2000,1999,1999,paired_patient_cluster_label_swap,5000,5000,0.6034793041391722,1.0,35,paired_raw_difference,-0.04003464965963777,183,complete,
phase6_primary_seed_robustness,darker_s2,lighting,darker,2,retention,iou,ratio,faster_rcnn,yolo11s,300,183,1,0.95,0.9941969048436875,0.973498917229394,1.0110019307271536,1.0392881313929603,0.9984214460050048,1.0832663085801828,-0.04509122654927278,-0.09232124684728192,-0.009514412105899372,2000,2000,1999,1999,paired_patient_cluster_label_swap,5000,5000,0.0003999200159968006,0.013597280543891222,34,paired_raw_difference,-0.04509122654927278,183,complete,
phase6_primary_seed_robustness,darker_s2,lighting,darker,2,retention,dice,ratio,faster_rcnn,yolo11s,300,183,1,0.95,0.996213324769463,0.9832458639800002,1.0068874286165141,1.0243188610618605,0.9994526144666436,1.0494162546588541,-0.028105536292397537,-0.05591073011735088,-0.0064347315125500475,2000,2000,1999,1999,paired_patient_cluster_label_swap,5000,5000,0.0003999200159968006,0.013597280543891222,34,paired_raw_difference,-0.028105536292397537,183,complete,
phase6_primary_seed_robustness,darker_s2,lighting,darker,2,retention,map_50,ratio,faster_rcnn,yolo11s,300,183,1,0.95,1.0000298940879273,0.9213110412600413,1.082788848131972,0.8203033982999015,0.6768252875427307,1.002391981573712,0.1797264957880258,0.0004598100428448534,0.313522753025041,2000,2000,2000,2000,paired_patient_cluster_label_swap,5000,5000,0.0013997200559888023,0.04759048190361928,35,paired_raw_difference,0.1797264957880258,183,complete,
phase6_primary_seed_robustness,darker_s2,lighting,darker,2,retention,map_50_95,ratio,faster_rcnn,yolo11s,300,183,1,0.95,1.0151713090411645,0.932466396281187,1.1276160380939888,0.8216201833477108,0.6739915067407255,1.03577319350321,0.19355112569345367,-0.00839493916515804,0.3394128136489542,2000,2000,2000,2000,paired_patient_cluster_label_swap,5000,5000,0.0015996800639872025,0.05438912217556489,35,paired_raw_difference,0.19355112569345367,183,complete,
phase6_primary_seed_robustness,darker_s3,lighting,darker,3,raw,precision,ratio,faster_rcnn,yolo11s,300,183,1,0.95,0.142578125,0.0933779109849149,0.1920057259713701,0.5,0.2608695652173913,0.7272727272727273,-0.357421875,-0.5863992503012762,-0.14825420194472594,2000,2000,2000,2000,paired_patient_cluster_label_swap,5000,5000,0.0001999600079984003,0.006998600279944011,35,paired_raw_difference,-0.357421875,183,complete,
phase6_primary_seed_robustness,darker_s3,lighting,darker,3,raw,recall,ratio,faster_rcnn,yolo11s,300,183,1,0.95,0.6576576576576577,0.5393258426966292,0.7578269190436241,0.16216216216216217,0.06421724300164668,0.24762326169405813,0.49549549549549554,0.406015037593985,0.5855943834459459,2000,2000,2000,2000,paired_patient_cluster_label_swap,5000,5000,0.0001999600079984003,0.006998600279944011,35,paired_raw_difference,0.49549549549549554,183,complete,
phase6_primary_seed_robustness,darker_s3,lighting,darker,3,raw,f1,ratio,faster_rcnn,yolo11s,300,183,1,0.95,0.23434991974317818,0.16046735959827196,0.3050317366381211,0.2448979591836735,0.10602103120759844,0.34966821499668205,-0.010548039440495316,-0.10343068608235204,0.09297565208843309,2000,2000,2000,2000,paired_patient_cluster_label_swap,5000,5000,0.8376324735052989,1.0,35,paired_raw_difference,-0.010548039440495316,183,complete,
phase6_primary_seed_robustness,darker_s3,lighting,darker,3,raw,iou,ratio,faster_rcnn,yolo11s,300,183,1,0.95,0.7000698968806538,0.6722977218054209,0.7229546293330756,0.7461927972299853,0.7163498677706496,0.8079541256743146,-0.04612290034933153,-0.1252697828589443,-0.007559720429641454,2000,2000,2000,2000,paired_patient_cluster_label_swap,5000,5000,0.023195360927814438,0.742251549690062,34,paired_raw_difference,-0.04612290034933153,183,complete,
phase6_primary_seed_robustness,darker_s3,lighting,darker,3,raw,dice,ratio,faster_rcnn,yolo11s,300,183,1,0.95,0.8190437308998197,0.7990450910705614,0.8347334216943048,0.8507260429058259,0.83102198741593,0.8926352090249177,-0.03168231200600613,-0.08542887800848654,-0.0051752876260715945,2000,2000,2000,2000,paired_patient_cluster_label_swap,5000,5000,0.028394321135772844,0.8802239552089581,34,paired_raw_difference,-0.03168231200600613,183,complete,
phase6_primary_seed_robustness,darker_s3,lighting,darker,3,raw,map_50,ratio,faster_rcnn,yolo11s,300,183,1,0.95,0.35495763036673683,0.22169998164973775,0.5020203409157195,0.15920374859607916,0.0762988360037954,0.2638049008592916,0.19575388177065767,0.10991375893534411,0.2726620606135354,2000,2000,2000,2000,paired_patient_cluster_label_swap,5000,5000,0.09518096380723855,1.0,35,paired_raw_difference,0.19575388177065767,183,complete,
phase6_primary_seed_robustness,darker_s3,lighting,darker,3,raw,map_50_95,ratio,faster_rcnn,yolo11s,300,183,1,0.95,0.14330857682132567,0.08802797939502247,0.21485043422954028,0.058476777101893876,0.02716295325613991,0.10367029710092215,0.08483179971943179,0.046176969271208866,0.12511981210575673,2000,2000,2000,2000,paired_patient_cluster_label_swap,5000,5000,0.07078584283143372,1.0,35,paired_raw_difference,0.08483179971943179,183,complete,
phase6_primary_seed_robustness,darker_s3,lighting,darker,3,retention,precision,ratio,faster_rcnn,yolo11s,300,183,1,0.95,0.9906402191558441,0.9340551407838104,1.052085310367145,1.0789473684210527,0.7552232854864435,1.4815032679738562,-0.08830714926520855,-0.5032214232074711,0.2312251159188524,2000,2000,2000,2000,paired_patient_cluster_label_swap,5000,5000,0.2445510897820436,1.0,35,paired_raw_difference,-0.08830714926520855,183,complete,
phase6_primary_seed_robustness,darker_s3,lighting,darker,3,retention,recall,ratio,faster_rcnn,yolo11s,300,183,1,0.95,0.9480519480519481,0.890625,0.9896933515674311,0.9473684210526316,0.5,1.35,0.0006835269993165083,-0.3970499682705482,0.4347593475952938,2000,2000,2000,2000,paired_patient_cluster_label_swap,5000,5000,1.0,1.0,35,paired_raw_difference,0.0006835269993165083,183,complete,
phase6_primary_seed_robustness,darker_s3,lighting,darker,3,retention,f1,ratio,faster_rcnn,yolo11s,300,183,1,0.95,0.9830522607408642,0.9287857090321325,1.0402359540836297,0.979591836734694,0.5546024563671623,1.3333333333333333,0.003460424006170193,-0.3484453033273556,0.4099696074199241,2000,2000,2000,2000,paired_patient_cluster_label_swap,5000,5000,0.9610077984403119,1.0,35,paired_raw_difference,0.003460424006170193,183,complete,
phase6_primary_seed_robustness,darker_s3,lighting,darker,3,retention,iou,ratio,faster_rcnn,yolo11s,300,183,1,0.95,1.0116564038125426,0.9894711259380307,1.0351361576801459,1.0750800742031792,1.0223635589213669,1.179285814991858,-0.06342367039063657,-0.16897670505973758,-0.014854982824839567,2000,2000,2000,2000,paired_patient_cluster_label_swap,5000,5000,0.0003999200159968006,0.013597280543891222,34,paired_raw_difference,-0.06342367039063657,183,complete,
phase6_primary_seed_robustness,darker_s3,lighting,darker,3,retention,dice,ratio,faster_rcnn,yolo11s,300,183,1,0.95,1.007241012088487,0.9934633348799167,1.021542303265604,1.0446703233606693,1.0149851259149154,1.1009868465881396,-0.03742931127218241,-0.0943710551855215,-0.01065828320513643,2000,2000,2000,2000,paired_patient_cluster_label_swap,5000,5000,0.0007998400319936012,0.026394721055788842,34,paired_raw_difference,-0.03742931127218241,183,complete,
phase6_primary_seed_robustness,darker_s3,lighting,darker,3,retention,map_50,ratio,faster_rcnn,yolo11s,300,183,1,0.95,0.9397545640459146,0.825338580299842,1.0250225578161807,0.7534995081886139,0.5799485895107284,1.0603211094896945,0.18625505585730073,-0.13849717954166615,0.36170209765351036,2000,2000,2000,2000,paired_patient_cluster_label_swap,5000,5000,0.05838832233553289,1.0,35,paired_raw_difference,0.18625505585730073,183,complete,
phase6_primary_seed_robustness,darker_s3,lighting,darker,3,retention,map_50_95,ratio,faster_rcnn,yolo11s,300,183,1,0.95,0.9695968303721609,0.8480787239953035,1.0865543466992862,0.7664588242398054,0.5427913006992852,1.1400560799451265,0.20313800613235555,-0.17180113470662922,0.42390484453000526,2000,2000,2000,2000,paired_patient_cluster_label_swap,5000,5000,0.04059188162367527,1.0,35,paired_raw_difference,0.20313800613235555,183,complete,
phase6_primary_seed_robustness,darker_s4,lighting,darker,4,raw,precision,ratio,faster_rcnn,yolo11s,300,183,1,0.95,0.14792899408284024,0.09710439420878843,0.19667555171337317,0.42105263157894735,0.07992307692307705,0.7504807692307666,-0.27312363749610713,-0.60479641406112,0.06110135379605608,2000,2000,2000,2000,paired_patient_cluster_label_swap,5000,5000,0.0001999600079984003,0.006998600279944011,35,paired_raw_difference,-0.27312363749610713,183,complete,
phase6_primary_seed_robustness,darker_s4,lighting,darker,4,raw,recall,ratio,faster_rcnn,yolo11s,300,183,1,0.95,0.6756756756756757,0.56,0.7673033483922402,0.07207207207207207,0.009523809523809525,0.14655765580512492,0.6036036036036035,0.4912200956937799,0.7089639014231169,2000,2000,2000,2000,paired_patient_cluster_label_swap,5000,5000,0.0001999600079984003,0.006998600279944011,35,paired_raw_difference,0.6036036036036035,183,complete,
phase6_primary_seed_robustness,darker_s4,lighting,darker,4,raw,f1,ratio,faster_rcnn,yolo11s,300,183,1,0.95,0.24271844660194178,0.16665973377703827,0.31017685157925723,0.12307692307692307,0.01769911504424779,0.24001503759398488,0.11964152352501871,-0.004611191170330248,0.2286646223795389,2000,2000,2000,2000,paired_patient_cluster_label_swap,5000,5000,0.07298540291941612,1.0,35,paired_raw_difference,0.11964152352501871,183,complete,
phase6_primary_seed_robustness,darker_s4,lighting,darker,4,raw,iou,ratio,faster_rcnn,yolo11s,300,183,1,0.95,0.6919549231386077,0.6650998828484171,0.717394832944976,0.7455750054299826,0.708364608715393,0.8637172471700199,-0.053620082291374827,-0.16474272133812462,-0.003831934469772591,2000,2000,1961,1961,paired_patient_cluster_label_swap,5000,5000,0.022195560887822437,0.7324535092981405,34,paired_raw_difference,-0.053620082291374827,183,complete,
phase6_primary_seed_robustness,darker_s4,lighting,darker,4,raw,dice,ratio,faster_rcnn,yolo11s,300,183,1,0.95,0.8128274071130901,0.7937576301294831,0.8301112249278045,0.850716118013755,0.8247008293244857,0.9268758428689116,-0.037888710900664924,-0.11033842388440429,-0.004105121607628215,2000,2000,1961,1961,paired_patient_cluster_label_swap,5000,5000,0.01899620075984803,0.6322735452909418,34,paired_raw_difference,-0.037888710900664924,183,complete,
phase6_primary_seed_robustness,darker_s4,lighting,darker,4,raw,map_50,ratio,faster_rcnn,yolo11s,300,183,1,0.95,0.3275667538237673,0.19270001312502388,0.47136459766407945,0.14726549705054476,0.07521391883843843,0.2542973152988768,0.18030125677322256,0.08847207245583108,0.26034993779640225,2000,2000,2000,2000,paired_patient_cluster_label_swap,5000,5000,0.13877224555088982,1.0,35,paired_raw_difference,0.18030125677322256,183,complete,
phase6_primary_seed_robustness,darker_s4,lighting,darker,4,raw,map_50_95,ratio,faster_rcnn,yolo11s,300,183,1,0.95,0.1324916714660089,0.0768969001685002,0.20106561503141607,0.051888401132699505,0.025560252513518334,0.09602708122519248,0.0806032703333094,0.03904380678249063,0.11893004619532486,2000,2000,2000,2000,paired_patient_cluster_label_swap,5000,5000,0.08618276344731053,1.0,35,paired_raw_difference,0.0806032703333094,183,complete,
phase6_primary_seed_robustness,darker_s4,lighting,darker,4,retention,precision,ratio,faster_rcnn,yolo11s,300,183,1,0.95,1.0278183355106432,0.9687214284133093,1.0962573830077236,0.9085872576177284,0.18228506787330326,1.6264309764309761,0.11923107789291476,-0.608505566032071,0.8815380111312677,2000,2000,1999,1999,paired_patient_cluster_label_swap,5000,5000,0.41031793641271747,1.0,35,paired_raw_difference,0.11923107789291476,183,complete,
phase6_primary_seed_robustness,darker_s4,lighting,darker,4,retention,recall,ratio,faster_rcnn,yolo11s,300,183,1,0.95,0.974025974025974,0.9242424242424242,1.0,0.42105263157894735,0.05555555555555555,1.0,0.5529733424470267,-0.043685300207039014,0.9230769230769231,2000,2000,1999,1999,paired_patient_cluster_label_swap,5000,5000,0.0001999600079984003,0.006998600279944011,35,paired_raw_difference,0.5529733424470267,183,complete,
phase6_primary_seed_robustness,darker_s4,lighting,darker,4,retention,f1,ratio,faster_rcnn,yolo11s,300,183,1,0.95,1.0181566006808724,0.9629667534351506,1.0788624302848016,0.4923076923076923,0.06884675052410902,1.07251632836012,0.5258489083731801,-0.06699366864338695,0.9704112406574716,2000,2000,1999,1999,paired_patient_cluster_label_swap,5000,5000,0.0001999600079984003,0.006998600279944011,35,paired_raw_difference,0.5258489083731801,183,complete,
phase6_primary_seed_robustness,darker_s4,lighting,darker,4,retention,iou,ratio,faster_rcnn,yolo11s,300,183,1,0.95,0.9999296245445133,0.9754968819654112,1.0331284313949554,1.074189988347815,0.998288299396415,1.2337203749799561,-0.0742603638033017,-0.23101275151109535,0.007344658074193894,2000,2000,1960,1960,paired_patient_cluster_label_swap,5000,5000,0.010797840431913617,0.34553089382123575,34,paired_raw_difference,-0.0742603638033017,183,complete,
phase6_primary_seed_robustness,darker_s4,lighting,darker,4,retention,dice,ratio,faster_rcnn,yolo11s,300,183,1,0.95,0.9995963210589415,0.9848649432545684,1.0195428045121537,1.0446581358412024,1.0000336370936473,1.1327491659639761,-0.0450618147822609,-0.13203520922419817,0.00421901354630747,2000,2000,1960,1960,paired_patient_cluster_label_swap,5000,5000,0.010797840431913617,0.34553089382123575,34,paired_raw_difference,-0.0450618147822609,183,complete,
phase6_primary_seed_robustness,darker_s4,lighting,darker,4,retention,map_50,ratio,faster_rcnn,yolo11s,300,183,1,0.95,0.8672368913933254,0.7237471666613595,0.9691602029125046,0.6969966510164828,0.4689782641457041,1.143248268290959,0.1702402403768426,-0.3105521685364134,0.39329865667342584,2000,2000,2000,2000,paired_patient_cluster_label_swap,5000,5000,0.22815436912617476,1.0,35,paired_raw_difference,0.1702402403768426,183,complete,
phase6_primary_seed_robustness,darker_s4,lighting,darker,4,retention,map_50_95,ratio,faster_rcnn,yolo11s,300,183,1,0.95,0.8964118376830836,0.7716230096559794,0.9777921768625727,0.680104562783167,0.41408131547098165,1.3031690155338564,0.21630727489991664,-0.40614030924320543,0.4564960189051458,2000,2000,2000,2000,paired_patient_cluster_label_swap,5000,5000,0.04459108178364327,1.0,35,paired_raw_difference,0.21630727489991664,183,complete,
phase6_primary_seed_robustness,darker_s5,lighting,darker,5,raw,precision,ratio,faster_rcnn,yolo11s,300,183,1,0.95,0.15074309978768577,0.09814125295508276,0.2009076092455803,0.0,0.0,0.0,0.15074309978768577,0.09814125295508276,0.2009076092455803,2000,2000,2000,2000,paired_patient_cluster_label_swap,5000,5000,0.0015996800639872025,0.006998600279944011,35,paired_raw_difference,0.15074309978768577,183,complete,
phase6_primary_seed_robustness,darker_s5,lighting,darker,5,raw,recall,ratio,faster_rcnn,yolo11s,300,183,1,0.95,0.6396396396396397,0.5222101449275363,0.7337674016630851,0.0,0.0,0.0,0.6396396396396397,0.5222101449275363,0.7337674016630851,2000,2000,2000,2000,paired_patient_cluster_label_swap,5000,5000,0.0001999600079984003,0.006998600279944011,35,paired_raw_difference,0.6396396396396397,183,complete,
phase6_primary_seed_robustness,darker_s5,lighting,darker,5,raw,f1,ratio,faster_rcnn,yolo11s,300,183,1,0.95,0.24398625429553264,0.16562307746085014,0.31117837014694427,0.0,0.0,0.0,0.24398625429553264,0.16562307746085014,0.31117837014694427,2000,2000,2000,2000,paired_patient_cluster_label_swap,5000,5000,0.0003999200159968006,0.013997200559888023,35,paired_raw_difference,0.24398625429553264,183,complete,
phase6_primary_seed_robustness,darker_s5,lighting,darker,5,raw,iou,ratio,faster_rcnn,yolo11s,300,183,1,0.95,0.699990016868642,0.6770918966790789,0.7221737384801751,,,,,,,2000,2000,0,0,paired_patient_cluster_label_swap,5000,5000,,,34,paired_raw_difference,,183,not_estimable,The conditional metric is undefined for at least one detector.
phase6_primary_seed_robustness,darker_s5,lighting,darker,5,raw,dice,ratio,faster_rcnn,yolo11s,300,183,1,0.95,0.8189750023156148,0.8028824345817531,0.8342022239395246,,,,,,,2000,2000,0,0,paired_patient_cluster_label_swap,5000,5000,,,34,paired_raw_difference,,183,not_estimable,The conditional metric is undefined for at least one detector.
phase6_primary_seed_robustness,darker_s5,lighting,darker,5,raw,map_50,ratio,faster_rcnn,yolo11s,300,183,1,0.95,0.31557806099062835,0.18799716265135105,0.45261688845037057,0.043860717054394135,0.012662717911445314,0.11424746718119225,0.2717173439362342,0.14637802948730358,0.37479281355297184,2000,2000,2000,2000,paired_patient_cluster_label_swap,5000,5000,0.004999000199960008,0.17496500699860026,35,paired_raw_difference,0.2717173439362342,183,complete,
phase6_primary_seed_robustness,darker_s5,lighting,darker,5,raw,map_50_95,ratio,faster_rcnn,yolo11s,300,183,1,0.95,0.12820180952385116,0.07620075399488611,0.19138813318864653,0.012551934236941778,0.0038407141791924238,0.03647915328715567,0.11564987528690938,0.06088499353169383,0.16891017766465638,2000,2000,2000,2000,paired_patient_cluster_label_swap,5000,5000,0.0021995600879824036,0.07698460307938412,35,paired_raw_difference,0.11564987528690938,183,complete,
phase6_primary_seed_robustness,darker_s5,lighting,darker,5,retention,precision,ratio,faster_rcnn,yolo11s,300,183,1,0.95,1.0473708881352193,0.9699766135165832,1.126650071857374,0.0,0.0,0.0,1.0473708881352193,0.9699766135165832,1.126650071857374,2000,2000,2000,2000,paired_patient_cluster_label_swap,5000,5000,0.0001999600079984003,0.006998600279944011,35,paired_raw_difference,1.0473708881352193,183,complete,
phase6_primary_seed_robustness,darker_s5,lighting,darker,5,retention,recall,ratio,faster_rcnn,yolo11s,300,183,1,0.95,0.922077922077922,0.8533235294117647,0.9705988917306052,0.0,0.0,0.0,0.922077922077922,0.8533235294117647,0.9705988917306052,2000,2000,2000,2000,paired_patient_cluster_label_swap,5000,5000,0.0001999600079984003,0.006998600279944011,35,paired_raw_difference,0.922077922077922,183,complete,
phase6_primary_seed_robustness,darker_s5,lighting,darker,5,retention,f1,ratio,faster_rcnn,yolo11s,300,183,1,0.95,1.0234748069799615,0.9507825761843323,1.095718403659242,0.0,0.0,0.0,1.0234748069799615,0.9507825761843323,1.095718403659242,2000,2000,2000,2000,paired_patient_cluster_label_swap,5000,5000,0.0001999600079984003,0.006998600279944011,35,paired_raw_difference,1.0234748069799615,183,complete,
phase6_primary_seed_robustness,darker_s5,lighting,darker,5,retention,iou,ratio,faster_rcnn,yolo11s,300,183,1,0.95,1.0115409708735628,0.9911017241742266,1.039387991802816,,,,,,,2000,2000,0,0,paired_patient_cluster_label_swap,5000,5000,,,34,paired_raw_difference,,183,not_estimable,The conditional metric is undefined for at least one detector.
phase6_primary_seed_robustness,darker_s5,lighting,darker,5,retention,dice,ratio,faster_rcnn,yolo11s,300,183,1,0.95,1.0071564912673119,0.9946320314750752,1.0248131190607062,,,,,,,2000,2000,0,0,paired_patient_cluster_label_swap,5000,5000,,,34,paired_raw_difference,,183,not_estimable,The conditional metric is undefined for at least one detector.
phase6_primary_seed_robustness,darker_s5,lighting,darker,5,retention,map_50,ratio,faster_rcnn,yolo11s,300,183,1,0.95,0.8354966839909754,0.6963153643289506,0.9441313412313711,0.20758951356814884,0.061855646767058424,0.5938792788417231,0.6279071704228266,0.23130973094597876,0.7759315502723402,2000,2000,2000,2000,paired_patient_cluster_label_swap,5000,5000,0.0001999600079984003,0.006998600279944011,35,paired_raw_difference,0.6279071704228266,183,complete,
phase6_primary_seed_robustness,darker_s5,lighting,darker,5,retention,map_50_95,ratio,faster_rcnn,yolo11s,300,183,1,0.95,0.8673874998931954,0.7436331965658397,0.9670960692719277,0.16451899769404657,0.04817313111160288,0.6098919445376516,0.7028685021991489,0.2734435618469811,0.8157658976895166,2000,2000,2000,2000,paired_patient_cluster_label_swap,5000,5000,0.0001999600079984003,0.006998600279944011,35,paired_raw_difference,0.7028685021991489,183,complete,
phase6_primary_seed_robustness,brighter_s1,lighting,brighter,1,raw,precision,ratio,faster_rcnn,yolo11s,300,183,1,0.95,0.13966480446927373,0.08872376440114595,0.18954385445453348,0.43902439024390244,0.2222222222222222,0.6060606060606061,-0.29935958577462873,-0.4539431171376048,-0.11756699679482903,2000,2000,2000,2000,paired_patient_cluster_label_swap,5000,5000,0.0001999600079984003,0.006998600279944011,35,paired_raw_difference,-0.29935958577462873,183,complete,
phase6_primary_seed_robustness,brighter_s1,lighting,brighter,1,raw,recall,ratio,faster_rcnn,yolo11s,300,183,1,0.95,0.6756756756756757,0.5555322128851541,0.7651531620553359,0.16216216216216217,0.06975592908128024,0.23255813953488372,0.5135135135135135,0.43063431260179774,0.6021535923753666,2000,2000,2000,2000,paired_patient_cluster_label_swap,5000,5000,0.0001999600079984003,0.006998600279944011,35,paired_raw_difference,0.5135135135135135,183,complete,
phase6_primary_seed_robustness,brighter_s1,lighting,brighter,1,raw,f1,ratio,faster_rcnn,yolo11s,300,183,1,0.95,0.23148148148148145,0.15383275261324042,0.30070061517429936,0.2368421052631579,0.11009174311926606,0.32653566377045856,-0.005360623781676455,-0.07889175786694647,0.08405725355962461,2000,2000,2000,2000,paired_patient_cluster_label_swap,5000,5000,0.9150169966006798,1.0,35,paired_raw_difference,-0.005360623781676455,183,complete,
phase6_primary_seed_robustness,brighter_s1,lighting,brighter,1,raw,iou,ratio,faster_rcnn,yolo11s,300,183,1,0.95,0.6918714330952357,0.6645393172505292,0.7158376933497563,0.6846645671722604,0.6446158524217632,0.7351729864641532,0.0072068659229752585,-0.04488668741091022,0.04539099941409451,2000,2000,2000,2000,paired_patient_cluster_label_swap,5000,5000,0.7260547890421916,1.0,34,paired_raw_difference,0.0072068659229752585,183,complete,
phase6_primary_seed_robustness,brighter_s1,lighting,brighter,1,raw,dice,ratio,faster_rcnn,yolo11s,300,183,1,0.95,0.8130919326193176,0.793446967684244,0.8298155387456644,0.8080737211509751,0.7813497264860768,0.8436404985481838,0.0050182114683424706,-0.031734321997927584,0.0312063030102379,2000,2000,2000,2000,paired_patient_cluster_label_swap,5000,5000,0.7308538292341532,1.0,34,paired_raw_difference,0.0050182114683424706,183,complete,
phase6_primary_seed_robustness,brighter_s1,lighting,brighter,1,raw,map_50,ratio,faster_rcnn,yolo11s,300,183,1,0.95,0.3685571258859183,0.2334481375847107,0.49132039842216,0.20537112376883337,0.10207327658873287,0.29939343468470925,0.16318600211708495,0.10011698628587384,0.23217087273323134,2000,2000,2000,2000,paired_patient_cluster_label_swap,5000,5000,0.19376124775044992,1.0,35,paired_raw_difference,0.16318600211708495,183,complete,
phase6_primary_seed_robustness,brighter_s1,lighting,brighter,1,raw,map_50_95,ratio,faster_rcnn,yolo11s,300,183,1,0.95,0.14262501881174247,0.08736295184353754,0.2014975374332615,0.06883390666488642,0.03279378841488913,0.10755496896136839,0.07379111214685605,0.039909533148766364,0.1128210694191092,2000,2000,2000,2000,paired_patient_cluster_label_swap,5000,5000,0.1315736852629474,1.0,35,paired_raw_difference,0.07379111214685605,183,complete,
phase6_primary_seed_robustness,brighter_s1,lighting,brighter,1,retention,precision,ratio,faster_rcnn,yolo11s,300,183,1,0.95,0.9703983167670318,0.9053330958151063,1.0225893299235027,0.9473684210526315,0.75,1.0714285714285714,0.023029895714400284,-0.10916645560095059,0.2066280991735537,2000,2000,2000,2000,paired_patient_cluster_label_swap,5000,5000,0.6434713057388523,1.0,35,paired_raw_difference,0.023029895714400284,183,complete,
phase6_primary_seed_robustness,brighter_s1,lighting,brighter,1,retention,recall,ratio,faster_rcnn,yolo11s,300,183,1,0.95,0.974025974025974,0.9080300127713921,1.0235294117647058,0.9473684210526316,0.6666666666666667,1.1,0.02665755297334238,-0.12161490683229814,0.2587202874516306,2000,2000,2000,2000,paired_patient_cluster_label_swap,5000,5000,0.5296940611877624,1.0,35,paired_raw_difference,0.02665755297334238,183,complete,
phase6_primary_seed_robustness,brighter_s1,lighting,brighter,1,retention,f1,ratio,faster_rcnn,yolo11s,300,183,1,0.95,0.9710197210197208,0.9059223121240534,1.0219315261076052,0.9473684210526316,0.6941928374655649,1.0848170247337066,0.023651299967089146,-0.11272803810499656,0.24326416109410626,2000,2000,2000,2000,paired_patient_cluster_label_swap,5000,5000,0.6206758648270346,1.0,35,paired_raw_difference,0.023651299967089146,183,complete,
phase6_primary_seed_robustness,brighter_s1,lighting,brighter,1,retention,iou,ratio,faster_rcnn,yolo11s,300,183,1,0.95,0.9998089748245236,0.9868250743978402,1.015330952095562,0.9864330457386822,0.9661247954501226,1.0041641761703592,0.013375929085841398,-0.008827673242703568,0.04118852240349011,2000,2000,2000,2000,paired_patient_cluster_label_swap,5000,5000,0.2615476904619076,1.0,34,paired_raw_difference,0.013375929085841398,183,complete,
phase6_primary_seed_robustness,brighter_s1,lighting,brighter,1,retention,dice,ratio,faster_rcnn,yolo11s,300,183,1,0.95,0.9999216284003737,0.9919511670041433,1.0095725925572392,0.9922943380111109,0.980149219362268,1.0023328223427745,0.0076272903892627975,-0.005235311563702505,0.02411575406470129,2000,2000,2000,2000,paired_patient_cluster_label_swap,5000,5000,0.2953409318136373,1.0,34,paired_raw_difference,0.0076272903892627975,183,complete,
phase6_primary_seed_robustness,brighter_s1,lighting,brighter,1,retention,map_50,ratio,faster_rcnn,yolo11s,300,183,1,0.95,0.9757593907900769,0.9152601409466719,1.009762414407369,0.9720062631726876,0.8969131966197009,1.0560524445574284,0.003753127617389329,-0.11177085830366831,0.07882320853175322,2000,2000,2000,2000,paired_patient_cluster_label_swap,5000,5000,0.9326134773045391,1.0,35,paired_raw_difference,0.003753127617389329,183,complete,
phase6_primary_seed_robustness,brighter_s1,lighting,brighter,1,retention,map_50_95,ratio,faster_rcnn,yolo11s,300,183,1,0.95,0.9649720152063966,0.9142761647230977,1.0143343926229216,0.9022103779466444,0.8161057301179787,1.0459310097443515,0.06276163725975226,-0.102662441059819,0.14683303818485133,2000,2000,2000,2000,paired_patient_cluster_label_swap,5000,5000,0.23515296940611877,1.0,35,paired_raw_difference,0.06276163725975226,183,complete,
phase6_primary_seed_robustness,brighter_s2,lighting,brighter,2,raw,precision,ratio,faster_rcnn,yolo11s,300,183,1,0.95,0.1391465677179963,0.09023445879774286,0.18786364499388208,0.4318181818181818,0.22723607038123173,0.6060606060606061,-0.2926716141001855,-0.4598532293896424,-0.11591161688701836,2000,2000,2000,2000,paired_patient_cluster_label_swap,5000,5000,0.0001999600079984003,0.006998600279944011,35,paired_raw_difference,-0.2926716141001855,183,complete,
phase6_primary_seed_robustness,brighter_s2,lighting,brighter,2,raw,recall,ratio,faster_rcnn,yolo11s,300,183,1,0.95,0.6756756756756757,0.5591318785578747,0.7700175159235668,0.17117117117117117,0.07406045751633988,0.24352497675036536,0.5045045045045045,0.4130434782608696,0.5977042728635681,2000,2000,2000,2000,paired_patient_cluster_label_swap,5000,5000,0.0001999600079984003,0.006998600279944011,35,paired_raw_difference,0.5045045045045045,183,complete,
phase6_primary_seed_robustness,brighter_s2,lighting,brighter,2,raw,f1,ratio,faster_rcnn,yolo11s,300,183,1,0.95,0.2307692307692308,0.15668014824726925,0.29810298252749967,0.24516129032258066,0.11346087851750174,0.3357774351875157,-0.01439205955334985,-0.09392526503621307,0.08032590198665769,2000,2000,2000,2000,paired_patient_cluster_label_swap,5000,5000,0.7824435112977405,1.0,35,paired_raw_difference,-0.01439205955334985,183,complete,
phase6_primary_seed_robustness,brighter_s2,lighting,brighter,2,raw,iou,ratio,faster_rcnn,yolo11s,300,183,1,0.95,0.6815834579763675,0.6540305575184384,0.7044574310887479,0.6804256363070024,0.6316742611965211,0.736815581505062,0.0011578216693651777,-0.057648958637250884,0.04327402031161678,2000,2000,1999,1999,paired_patient_cluster_label_swap,5000,5000,0.9522095580883824,1.0,34,paired_raw_difference,0.0011578216693651777,183,complete,
phase6_primary_seed_robustness,brighter_s2,lighting,brighter,2,raw,dice,ratio,faster_rcnn,yolo11s,300,183,1,0.95,0.8058812755076828,0.7857546557439041,0.8221139621893891,0.804688543841322,0.7715798860237016,0.8427615794055958,0.0011927316663608023,-0.03924939547996527,0.029808737453003387,2000,2000,1999,1999,paired_patient_cluster_label_swap,5000,5000,0.9240151969606079,1.0,34,paired_raw_difference,0.0011927316663608023,183,complete,
phase6_primary_seed_robustness,brighter_s2,lighting,brighter,2,raw,map_50,ratio,faster_rcnn,yolo11s,300,183,1,0.95,0.36223096756075696,0.2304699454146529,0.4946280641414435,0.20209658534330113,0.11118254781014347,0.2993412859544324,0.16013438221745582,0.08847745335471435,0.2274299641435171,2000,2000,2000,2000,paired_patient_cluster_label_swap,5000,5000,0.1791641671665667,1.0,35,paired_raw_difference,0.16013438221745582,183,complete,
phase6_primary_seed_robustness,brighter_s2,lighting,brighter,2,raw,map_50_95,ratio,faster_rcnn,yolo11s,300,183,1,0.95,0.13856437144147732,0.08698528047219638,0.19694536078055125,0.0652300390810236,0.03334185168228035,0.10582645745774101,0.07333433236045372,0.04099731169893905,0.10520905332060156,2000,2000,2000,2000,paired_patient_cluster_label_swap,5000,5000,0.11457708458308338,1.0,35,paired_raw_difference,0.07333433236045372,183,complete,
phase6_primary_seed_robustness,brighter_s2,lighting,brighter,2,retention,precision,ratio,faster_rcnn,yolo11s,300,183,1,0.95,0.9667975808977665,0.9071542660776736,1.0208709030100336,0.9318181818181818,0.7240200978432156,1.0791885131712258,0.034979399079584694,-0.12636161227935577,0.2548172042044588,2000,2000,2000,2000,paired_patient_cluster_label_swap,5000,5000,0.6004799040191962,1.0,35,paired_raw_difference,0.034979399079584694,183,complete,
phase6_primary_seed_robustness,brighter_s2,lighting,brighter,2,retention,recall,ratio,faster_rcnn,yolo11s,300,183,1,0.95,0.974025974025974,0.9142857142857144,1.0241037320011752,1.0,0.7,1.1668103448275855,-0.025974025974025983,-0.19999999999999996,0.2693274533504572,2000,2000,2000,2000,paired_patient_cluster_label_swap,5000,5000,0.7480503899220156,1.0,35,paired_raw_difference,-0.025974025974025983,183,complete,
phase6_primary_seed_robustness,brighter_s2,lighting,brighter,2,retention,f1,ratio,faster_rcnn,yolo11s,300,183,1,0.95,0.9680319680319681,0.9087419176591645,1.020291823847267,0.9806451612903226,0.7114641151413451,1.1277603436185133,-0.012613193258354527,-0.17065766902910035,0.2523090281003536,2000,2000,2000,2000,paired_patient_cluster_label_swap,5000,5000,0.8532293541291741,1.0,35,paired_raw_difference,-0.012613193258354527,183,complete,
phase6_primary_seed_robustness,brighter_s2,lighting,brighter,2,retention,iou,ratio,faster_rcnn,yolo11s,300,183,1,0.95,0.9849420365978662,0.9663719300882895,1.00226557048429,0.9803257901794206,0.9368570989372895,1.0097253004703768,0.004616246418445602,-0.02717011578036924,0.05101829278395859,2000,2000,1999,1999,paired_patient_cluster_label_swap,5000,5000,0.7580483903219356,1.0,34,paired_raw_difference,0.004616246418445602,183,complete,
phase6_primary_seed_robustness,brighter_s2,lighting,brighter,2,retention,dice,ratio,faster_rcnn,yolo11s,300,183,1,0.95,0.9910541292755506,0.9797032447424511,1.0017877615747248,0.9881374248612217,0.9610137753086172,1.005748431388083,0.0029167044143288967,-0.015191156639582612,0.03151393855200752,2000,2000,1999,1999,paired_patient_cluster_label_swap,5000,5000,0.7514497100579884,1.0,34,paired_raw_difference,0.0029167044143288967,183,complete,
phase6_primary_seed_robustness,brighter_s2,lighting,brighter,2,retention,map_50,ratio,faster_rcnn,yolo11s,300,183,1,0.95,0.9590108110995794,0.8987417026939103,1.0029998053447517,0.9565081162072961,0.8459202694604376,1.1263248089131552,0.002502694892283275,-0.1623544787514135,0.11598041190535965,2000,2000,2000,2000,paired_patient_cluster_label_swap,5000,5000,0.9642071585682863,1.0,35,paired_raw_difference,0.002502694892283275,183,complete,
phase6_primary_seed_robustness,brighter_s2,lighting,brighter,2,retention,map_50_95,ratio,faster_rcnn,yolo11s,300,183,1,0.95,0.9374984968253094,0.8710122542618773,1.0108048375918806,0.8549742570805716,0.6899833119852248,1.0616409585828994,0.08252423974473777,-0.10849215883800338,0.2305168922169936,2000,2000,2000,2000,paired_patient_cluster_label_swap,5000,5000,0.23115376924615078,1.0,35,paired_raw_difference,0.08252423974473777,183,complete,
phase6_primary_seed_robustness,brighter_s3,lighting,brighter,3,raw,precision,ratio,faster_rcnn,yolo11s,300,183,1,0.95,0.1336996336996337,0.08501041196912222,0.1819913846562721,0.41025641025641024,0.2173619271445359,0.5609756097560976,-0.2765567765567766,-0.41680779037228993,-0.11528639138168001,2000,2000,2000,2000,paired_patient_cluster_label_swap,5000,5000,0.0001999600079984003,0.006998600279944011,35,paired_raw_difference,-0.2765567765567766,183,complete,
phase6_primary_seed_robustness,brighter_s3,lighting,brighter,3,raw,recall,ratio,faster_rcnn,yolo11s,300,183,1,0.95,0.6576576576576577,0.5333333333333333,0.7528159245387709,0.14414414414414414,0.0640822784810127,0.20245592917605032,0.5135135135135136,0.41583515494406587,0.6046923640358906,2000,2000,2000,2000,paired_patient_cluster_label_swap,5000,5000,0.0001999600079984003,0.006998600279944011,35,paired_raw_difference,0.5135135135135136,183,complete,
phase6_primary_seed_robustness,brighter_s3,lighting,brighter,3,raw,f1,ratio,faster_rcnn,yolo11s,300,183,1,0.95,0.2222222222222222,0.14727359314231292,0.2903332385959925,0.21333333333333335,0.10125942974044241,0.28571428571428575,0.008888888888888863,-0.06198004236865493,0.08912858414178997,2000,2000,2000,2000,paired_patient_cluster_label_swap,5000,5000,0.8718256348730254,1.0,35,paired_raw_difference,0.008888888888888863,183,complete,
phase6_primary_seed_robustness,brighter_s3,lighting,brighter,3,raw,iou,ratio,faster_rcnn,yolo11s,300,183,1,0.95,0.6931244958293808,0.6656321920429923,0.7150473878113376,0.7093425851555253,0.6487059587080726,0.7563723817504202,-0.016218089326144436,-0.06639943265318524,0.03656647166109891,2000,2000,2000,2000,paired_patient_cluster_label_swap,5000,5000,0.3717256548690262,1.0,34,paired_raw_difference,-0.016218089326144436,183,complete,
phase6_primary_seed_robustness,brighter_s3,lighting,brighter,3,raw,dice,ratio,faster_rcnn,yolo11s,300,183,1,0.95,0.8146737928325669,0.7951805001752515,0.8300052403611174,0.8257772734895723,0.7838584624145973,0.8571969865646117,-0.011103480657005393,-0.043835100285270726,0.025321701982546945,2000,2000,2000,2000,paired_patient_cluster_label_swap,5000,5000,0.38392321535692864,1.0,34,paired_raw_difference,-0.011103480657005393,183,complete,
phase6_primary_seed_robustness,brighter_s3,lighting,brighter,3,raw,map_50,ratio,faster_rcnn,yolo11s,300,183,1,0.95,0.32630225709038885,0.19696419333607065,0.4441313185171857,0.1577117529748287,0.08073902358407122,0.23962544182594914,0.16859050411556015,0.08084183627222821,0.24564391486339682,2000,2000,2000,2000,paired_patient_cluster_label_swap,5000,5000,0.121375724855029,1.0,35,paired_raw_difference,0.16859050411556015,183,complete,
phase6_primary_seed_robustness,brighter_s3,lighting,brighter,3,raw,map_50_95,ratio,faster_rcnn,yolo11s,300,183,1,0.95,0.1282914363068591,0.0753063913462486,0.1822511717005821,0.05488548252069658,0.02745003052730424,0.09123338738029815,0.07340595378616252,0.03511919267203353,0.10550749736705714,2000,2000,2000,2000,paired_patient_cluster_label_swap,5000,5000,0.08518296340731854,1.0,35,paired_raw_difference,0.07340595378616252,183,complete,
phase6_primary_seed_robustness,brighter_s3,lighting,brighter,3,retention,precision,ratio,faster_rcnn,yolo11s,300,183,1,0.95,0.9289520003805718,0.860671143080485,0.9814831645212673,0.8852901484480431,0.6445352323838082,1.1302453060699587,0.043661851932528695,-0.19231906370233298,0.26198024604699666,2000,2000,2000,2000,paired_patient_cluster_label_swap,5000,5000,0.46530693861227757,1.0,35,paired_raw_difference,0.043661851932528695,183,complete,
phase6_primary_seed_robustness,brighter_s3,lighting,brighter,3,retention,recall,ratio,faster_rcnn,yolo11s,300,183,1,0.95,0.9480519480519481,0.8860759493670886,0.9886363636363636,0.8421052631578947,0.5833333333333334,1.1,0.10594668489405346,-0.1389166666666667,0.3355768769201228,2000,2000,2000,2000,paired_patient_cluster_label_swap,5000,5000,0.03459308138372325,0.8734253149370126,35,paired_raw_difference,0.10594668489405346,183,complete,
phase6_primary_seed_robustness,brighter_s3,lighting,brighter,3,retention,f1,ratio,faster_rcnn,yolo11s,300,183,1,0.95,0.932178932178932,0.8668858183251994,0.9814826375974829,0.8533333333333334,0.6114891393925127,1.090538554090814,0.07884559884559861,-0.14088602228934508,0.2945865480356504,2000,2000,2000,2000,paired_patient_cluster_label_swap,5000,5000,0.15316936612677465,1.0,35,paired_raw_difference,0.07884559884559861,183,complete,
phase6_primary_seed_robustness,brighter_s3,lighting,brighter,3,retention,iou,ratio,faster_rcnn,yolo11s,300,183,1,0.95,1.0016197496414743,0.9830324005587245,1.0179465254080526,1.0219879928021267,0.940655597358875,1.0715399742674014,-0.020368243160652444,-0.07799320617249744,0.06363042192691469,2000,2000,2000,2000,paired_patient_cluster_label_swap,5000,5000,0.3007398520295941,1.0,34,paired_raw_difference,-0.020368243160652444,183,complete,
phase6_primary_seed_robustness,brighter_s3,lighting,brighter,3,retention,dice,ratio,faster_rcnn,yolo11s,300,183,1,0.95,1.001866963456446,0.9910684208813902,1.0123343213359823,1.0140338579193338,0.9625681361388152,1.042780715774919,-0.012166894462887656,-0.0450383772483336,0.04166256420626903,2000,2000,2000,2000,paired_patient_cluster_label_swap,5000,5000,0.33033393321335736,1.0,34,paired_raw_difference,-0.012166894462887656,183,complete,
phase6_primary_seed_robustness,brighter_s3,lighting,brighter,3,retention,map_50,ratio,faster_rcnn,yolo11s,300,183,1,0.95,0.8638891211955533,0.7603182697613831,0.9760479207457452,0.7464380038161001,0.6255167717157074,0.9788203683426188,0.11745111737945313,-0.10038849673359647,0.2324665513874633,2000,2000,2000,2000,paired_patient_cluster_label_swap,5000,5000,0.1897620475904819,1.0,35,paired_raw_difference,0.11745111737945313,183,complete,
phase6_primary_seed_robustness,brighter_s3,lighting,brighter,3,retention,map_50_95,ratio,faster_rcnn,yolo11s,300,183,1,0.95,0.8679938965698528,0.7608140340652365,0.982513502641538,0.7193874985166557,0.5752118744723428,1.0108434751827333,0.1486063980531971,-0.12659327273480062,0.27168674897277023,2000,2000,2000,2000,paired_patient_cluster_label_swap,5000,5000,0.09038192361527694,1.0,35,paired_raw_difference,0.1486063980531971,183,complete,
phase6_primary_seed_robustness,brighter_s4,lighting,brighter,4,raw,precision,ratio,faster_rcnn,yolo11s,300,183,1,0.95,0.12588652482269502,0.08072404611423223,0.17241974661840348,0.30434782608695654,0.12903225806451613,0.4375,-0.17846130126426152,-0.29688221407328236,-0.035575861116863755,2000,2000,2000,2000,paired_patient_cluster_label_swap,5000,5000,0.0001999600079984003,0.006998600279944011,35,paired_raw_difference,-0.17846130126426152,183,complete,
phase6_primary_seed_robustness,brighter_s4,lighting,brighter,4,raw,recall,ratio,faster_rcnn,yolo11s,300,183,1,0.95,0.6396396396396397,0.5175362976406535,0.7391304347826086,0.12612612612612611,0.04596394984326021,0.19085131098572847,0.5135135135135136,0.42252738654147104,0.6,2000,2000,2000,2000,paired_patient_cluster_label_swap,5000,5000,0.0001999600079984003,0.006998600279944011,35,paired_raw_difference,0.5135135135135136,183,complete,
phase6_primary_seed_robustness,brighter_s4,lighting,brighter,4,raw,f1,ratio,faster_rcnn,yolo11s,300,183,1,0.95,0.21037037037037037,0.1414916981132076,0.27713283619818,0.17834394904458598,0.06817218798151002,0.2564159292035398,0.0320264213257844,-0.03784936527039793,0.10942929260001376,2000,2000,2000,2000,paired_patient_cluster_label_swap,5000,5000,0.5730853829234153,1.0,35,paired_raw_difference,0.0320264213257844,183,complete,
phase6_primary_seed_robustness,brighter_s4,lighting,brighter,4,raw,iou,ratio,faster_rcnn,yolo11s,300,183,1,0.95,0.6831487582947364,0.65169824479841,0.7054598393999387,0.7224637209514952,0.645316080822299,0.7613609364653189,-0.03931496265675882,-0.08110807580062486,0.024715714139205678,2000,2000,2000,2000,paired_patient_cluster_label_swap,5000,5000,0.028194361127774445,0.8740251949610078,34,paired_raw_difference,-0.03931496265675882,183,complete,
phase6_primary_seed_robustness,brighter_s4,lighting,brighter,4,raw,dice,ratio,faster_rcnn,yolo11s,300,183,1,0.95,0.8065472320223734,0.7844464187476158,0.8220581572884308,0.835129958989567,0.7810815385000547,0.8619858890207588,-0.02858272696719355,-0.05736830614975728,0.0155215101867118,2000,2000,2000,2000,paired_patient_cluster_label_swap,5000,5000,0.01859628074385123,0.6322735452909418,34,paired_raw_difference,-0.02858272696719355,183,complete,
phase6_primary_seed_robustness,brighter_s4,lighting,brighter,4,raw,map_50,ratio,faster_rcnn,yolo11s,300,183,1,0.95,0.32465683611325635,0.1960980049039768,0.4518932596023715,0.15312678920095743,0.07929465866819568,0.23554678050877012,0.17153004691229892,0.08290024246036069,0.2534511187293837,2000,2000,2000,2000,paired_patient_cluster_label_swap,5000,5000,0.1245750849830034,1.0,35,paired_raw_difference,0.17153004691229892,183,complete,
phase6_primary_seed_robustness,brighter_s4,lighting,brighter,4,raw,map_50_95,ratio,faster_rcnn,yolo11s,300,183,1,0.95,0.12803218144916137,0.07594547447969173,0.18474590524275736,0.05299884487504003,0.02741219948472871,0.08992929860711407,0.07503333657412134,0.042015427900120625,0.10660382115837155,2000,2000,2000,2000,paired_patient_cluster_label_swap,5000,5000,0.07598480303939212,1.0,35,paired_raw_difference,0.07503333657412134,183,complete,
phase6_primary_seed_robustness,brighter_s4,lighting,brighter,4,retention,precision,ratio,faster_rcnn,yolo11s,300,183,1,0.95,0.874666114027816,0.7963527237829156,0.9365787384814831,0.6567505720823799,0.38323388323388335,0.8578209445833663,0.21791554194543616,0.017173910853354988,0.46906667444871947,2000,2000,2000,2000,paired_patient_cluster_label_swap,5000,5000,0.0027994401119776045,0.09518096380723856,35,paired_raw_difference,0.21791554194543616,183,complete,
phase6_primary_seed_robustness,brighter_s4,lighting,brighter,4,retention,recall,ratio,faster_rcnn,yolo11s,300,183,1,0.95,0.922077922077922,0.8382253577106518,0.9838709677419354,0.7368421052631579,0.39999999999999997,1.0,0.1852358168147642,-0.06545922003869249,0.490753335594753,2000,2000,2000,2000,paired_patient_cluster_label_swap,5000,5000,0.003199360127974405,0.09278144371125774,35,paired_raw_difference,0.1852358168147642,183,complete,
phase6_primary_seed_robustness,brighter_s4,lighting,brighter,4,retention,f1,ratio,faster_rcnn,yolo11s,300,183,1,0.95,0.8824627224627224,0.8052502585812735,0.9399959487874141,0.7133757961783439,0.39607373209314967,0.9361115170705959,0.1690869262843785,-0.051081679263490117,0.45813971689247773,2000,2000,2000,2000,paired_patient_cluster_label_swap,5000,5000,0.010197960407918417,0.3059388122375525,35,paired_raw_difference,0.1690869262843785,183,complete,
phase6_primary_seed_robustness,brighter_s4,lighting,brighter,4,retention,iou,ratio,faster_rcnn,yolo11s,300,183,1,0.95,0.9872040194341852,0.9584675520742184,1.0087375707602155,1.0408923184637073,0.9229883235499033,1.0934927637316203,-0.0536882990295221,-0.1113602233038171,0.05797057620470347,2000,2000,2000,2000,paired_patient_cluster_label_swap,5000,5000,0.017196560687862426,0.5158968206358728,34,paired_raw_difference,-0.0536882990295221,183,complete,
phase6_primary_seed_robustness,brighter_s4,lighting,brighter,4,retention,dice,ratio,faster_rcnn,yolo11s,300,183,1,0.95,0.9918731071744803,0.974269810493018,1.004694887161255,1.0255187220151796,0.951374700900615,1.0573973124910723,-0.03364561484069928,-0.06854390291129693,0.03501570878380783,2000,2000,2000,2000,paired_patient_cluster_label_swap,5000,5000,0.014997000599880024,0.46490701859628075,34,paired_raw_difference,-0.03364561484069928,183,complete,
phase6_primary_seed_robustness,brighter_s4,lighting,brighter,4,retention,map_50,ratio,faster_rcnn,yolo11s,300,183,1,0.95,0.8595328495147908,0.7089191737894274,0.9827212908076999,0.7247377110834221,0.5441061121741064,1.0042682265944003,0.1347951384313687,-0.1546730809636644,0.26518135890397576,2000,2000,2000,2000,paired_patient_cluster_label_swap,5000,5000,0.22815436912617476,1.0,35,paired_raw_difference,0.1347951384313687,183,complete,
phase6_primary_seed_robustness,brighter_s4,lighting,brighter,4,retention,map_50_95,ratio,faster_rcnn,yolo11s,300,183,1,0.95,0.8662398306663465,0.6969648627269961,1.006137936663573,0.6946592193035792,0.49556829974570665,0.9702212904539728,0.17158061136276725,-0.11269235974432092,0.3176854151319322,2000,2000,2000,2000,paired_patient_cluster_label_swap,5000,5000,0.17056588682263546,1.0,35,paired_raw_difference,0.17158061136276725,183,complete,
phase6_primary_seed_robustness,brighter_s5,lighting,brighter,5,raw,precision,ratio,faster_rcnn,yolo11s,300,183,1,0.95,0.10902896081771721,0.06737588855111884,0.14942695560782743,0.3125,0.09375,0.43243243243243246,-0.2034710391822828,-0.30351348866965894,-0.013407472806449949,2000,2000,2000,2000,paired_patient_cluster_label_swap,5000,5000,0.0001999600079984003,0.006998600279944011,35,paired_raw_difference,-0.2034710391822828,183,complete,
phase6_primary_seed_robustness,brighter_s5,lighting,brighter,5,raw,recall,ratio,faster_rcnn,yolo11s,300,183,1,0.95,0.5765765765765766,0.4399913793103448,0.6923267326732672,0.13513513513513514,0.028169014084507043,0.23078124999999994,0.44144144144144143,0.3488318754000427,0.5402445460942997,2000,2000,2000,2000,paired_patient_cluster_label_swap,5000,5000,0.0001999600079984003,0.006998600279944011,35,paired_raw_difference,0.44144144144144143,183,complete,
phase6_primary_seed_robustness,brighter_s5,lighting,brighter,5,raw,f1,ratio,faster_rcnn,yolo11s,300,183,1,0.95,0.18338108882521492,0.11784484977160137,0.24232699800437138,0.18867924528301885,0.04298811544991515,0.2938458321717312,-0.005298156457803932,-0.08390291741970807,0.10116437217330079,2000,2000,2000,2000,paired_patient_cluster_label_swap,5000,5000,0.8880223955208958,1.0,35,paired_raw_difference,-0.005298156457803932,183,complete,
phase6_primary_seed_robustness,brighter_s5,lighting,brighter,5,raw,iou,ratio,faster_rcnn,yolo11s,300,183,1,0.95,0.6951874322012294,0.666844327126546,0.7282730885553852,0.7123197570211336,0.635517567548333,0.7759859115392604,-0.017132324819904232,-0.0658981825810959,0.050622732753596564,2000,2000,1994,1994,paired_patient_cluster_label_swap,5000,5000,0.4803039392121576,1.0,34,paired_raw_difference,-0.017132324819904232,183,complete,
phase6_primary_seed_robustness,brighter_s5,lighting,brighter,5,raw,dice,ratio,faster_rcnn,yolo11s,300,183,1,0.95,0.8153067769242421,0.7952663704860895,0.838367889228148,0.8282492831590464,0.7747807910098454,0.8727866554905358,-0.012942506234804307,-0.047152550775413485,0.03447510241363628,2000,2000,1994,1994,paired_patient_cluster_label_swap,5000,5000,0.4445110977804439,1.0,34,paired_raw_difference,-0.012942506234804307,183,complete,
phase6_primary_seed_robustness,brighter_s5,lighting,brighter,5,raw,map_50,ratio,faster_rcnn,yolo11s,300,183,1,0.95,0.2698997475874615,0.14306864014811418,0.3896369910797523,0.15123028926986581,0.0669170470918854,0.24031852493208286,0.11866945831759568,0.04141397608316833,0.19068767675295695,2000,2000,2000,2000,paired_patient_cluster_label_swap,5000,5000,0.2845430913817237,1.0,35,paired_raw_difference,0.11866945831759568,183,complete,
phase6_primary_seed_robustness,brighter_s5,lighting,brighter,5,raw,map_50_95,ratio,faster_rcnn,yolo11s,300,183,1,0.95,0.09910910901190496,0.05471678033937726,0.150948881917554,0.05250621929155206,0.020720352454129558,0.09177871283692948,0.046602889720352904,0.01710783471711907,0.08061619849614841,2000,2000,2000,2000,paired_patient_cluster_label_swap,5000,5000,0.21595680863827235,1.0,35,paired_raw_difference,0.046602889720352904,183,complete,
phase6_primary_seed_robustness,brighter_s5,lighting,brighter,5,retention,precision,ratio,faster_rcnn,yolo11s,300,183,1,0.95,0.7575388836036195,0.6343042414733546,0.8517969717643964,0.6743421052631579,0.27467532467532474,0.9482758620689655,0.08319677834046169,-0.1628692201951101,0.45821748866916817,2000,2000,2000,2000,paired_patient_cluster_label_swap,5000,5000,0.29634073185362925,1.0,35,paired_raw_difference,0.08319677834046169,183,complete,
phase6_primary_seed_robustness,brighter_s5,lighting,brighter,5,retention,recall,ratio,faster_rcnn,yolo11s,300,183,1,0.95,0.8311688311688311,0.679228436657682,0.9433962264150944,0.7894736842105263,0.25,1.2728535353535346,0.041695146958304785,-0.38201770598949936,0.5358770876229695,2000,2000,2000,2000,paired_patient_cluster_label_swap,5000,5000,0.6396720655868826,1.0,35,paired_raw_difference,0.041695146958304785,183,complete,
phase6_primary_seed_robustness,brighter_s5,lighting,brighter,5,retention,f1,ratio,faster_rcnn,yolo11s,300,183,1,0.95,0.7692479440330443,0.6410862896123034,0.8640095140635919,0.7547169811320754,0.2545983483483484,1.1437544291763884,0.014530962900968891,-0.32732638850580525,0.47405954143998597,2000,2000,2000,2000,paired_patient_cluster_label_swap,5000,5000,0.8518296340731853,1.0,35,paired_raw_difference,0.014530962900968891,183,complete,
phase6_primary_seed_robustness,brighter_s5,lighting,brighter,5,retention,iou,ratio,faster_rcnn,yolo11s,300,183,1,0.95,1.0046008559574828,0.9809673730920445,1.0349532134483443,1.0262773643453464,0.9072220246067887,1.1033993064605097,-0.021676508387863613,-0.08558170982469099,0.0994947512203898,2000,2000,1994,1994,paired_patient_cluster_label_swap,5000,5000,0.38812237552489504,1.0,34,paired_raw_difference,-0.021676508387863613,183,complete,
phase6_primary_seed_robustness,brighter_s5,lighting,brighter,5,retention,dice,ratio,faster_rcnn,yolo11s,300,183,1,0.95,1.0026453926331573,0.9877133185992873,1.0214829728913875,1.0170694240246565,0.9431903042455555,1.061078197157046,-0.01442403139149917,-0.050394668752179385,0.06208823541747731,2000,2000,1994,1994,paired_patient_cluster_label_swap,5000,5000,0.39392121575684863,1.0,34,paired_raw_difference,-0.01442403139149917,183,complete,
phase6_primary_seed_robustness,brighter_s5,lighting,brighter,5,retention,map_50,ratio,faster_rcnn,yolo11s,300,183,1,0.95,0.7145628039270512,0.5047344932423519,0.878184983948822,0.7157617178800029,0.4949272705424309,1.0195656627464622,-0.0011989139529516857,-0.2650956621043908,0.12605427964178362,2000,2000,2000,2000,paired_patient_cluster_label_swap,5000,5000,0.9932013597280543,1.0,35,paired_raw_difference,-0.0011989139529516857,183,complete,
phase6_primary_seed_robustness,brighter_s5,lighting,brighter,5,retention,map_50_95,ratio,faster_rcnn,yolo11s,300,183,1,0.95,0.6705521755251431,0.4801236768198749,0.8381663890261505,0.6882023445539205,0.4017350249827313,1.0223815615585623,-0.017650169028777363,-0.2779721146792974,0.19658416364607192,2000,2000,2000,2000,paired_patient_cluster_label_swap,5000,5000,0.9050189962007599,1.0,35,paired_raw_difference,-0.017650169028777363,183,complete,
phase6_primary_seed_robustness,gaussian_noise_s1,noise,gaussian_noise,1,raw,precision,ratio,faster_rcnn,yolo11s,300,183,1,0.95,0.13611615245009073,0.0883522155447566,0.18330311117353745,0.42105263157894735,0.25,0.5833333333333334,-0.2849364791288566,-0.4527379530519937,-0.13757417431481503,2000,2000,2000,2000,paired_patient_cluster_label_swap,5000,5000,0.0001999600079984003,0.006998600279944011,35,paired_raw_difference,-0.2849364791288566,183,complete,
phase6_primary_seed_robustness,gaussian_noise_s1,noise,gaussian_noise,1,raw,recall,ratio,faster_rcnn,yolo11s,300,183,1,0.95,0.6756756756756757,0.5543478260869565,0.7727368220015278,0.14414414414414414,0.07789710289710294,0.1978021978021978,0.5315315315315315,0.41996511627906985,0.6287497585474212,2000,2000,2000,2000,paired_patient_cluster_label_swap,5000,5000,0.0001999600079984003,0.006998600279944011,35,paired_raw_difference,0.5315315315315315,183,complete,
phase6_primary_seed_robustness,gaussian_noise_s1,noise,gaussian_noise,1,raw,f1,ratio,faster_rcnn,yolo11s,300,183,1,0.95,0.22658610271903323,0.15329502787575378,0.29395129298664896,0.21476510067114093,0.1219327420546933,0.2857522796352581,0.011821002047892298,-0.07180593805304344,0.0859198854150789,2000,2000,2000,2000,paired_patient_cluster_label_swap,5000,5000,0.847630473905219,1.0,35,paired_raw_difference,0.011821002047892298,183,complete,
phase6_primary_seed_robustness,gaussian_noise_s1,noise,gaussian_noise,1,raw,iou,ratio,faster_rcnn,yolo11s,300,183,1,0.95,0.6942019357188443,0.6672683747554942,0.7212116879497543,0.7003912729105559,0.6574934859108221,0.741467541918131,-0.0061893371917116635,-0.058558089389298004,0.04720416798813984,2000,2000,2000,2000,paired_patient_cluster_label_swap,5000,5000,0.8026394721055788,1.0,34,paired_raw_difference,-0.0061893371917116635,183,complete,
phase6_primary_seed_robustness,gaussian_noise_s1,noise,gaussian_noise,1,raw,dice,ratio,faster_rcnn,yolo11s,300,183,1,0.95,0.814409578372542,0.7948661597001715,0.8333453144173522,0.8200929993723802,0.7905690012042332,0.8484589608470816,-0.005683420999838207,-0.04317964077108579,0.030529591410433404,2000,2000,2000,2000,paired_patient_cluster_label_swap,5000,5000,0.7384523095380924,1.0,34,paired_raw_difference,-0.005683420999838207,183,complete,
phase6_primary_seed_robustness,gaussian_noise_s1,noise,gaussian_noise,1,raw,map_50,ratio,faster_rcnn,yolo11s,300,183,1,0.95,0.33501854501401673,0.2040950453977559,0.4720106721552805,0.19202421320877844,0.09434674040950781,0.28900726726380543,0.1429943318052383,0.05931989415970406,0.23184321963785448,2000,2000,2000,2000,paired_patient_cluster_label_swap,5000,5000,0.2451509698060388,1.0,35,paired_raw_difference,0.1429943318052383,183,complete,
phase6_primary_seed_robustness,gaussian_noise_s1,noise,gaussian_noise,1,raw,map_50_95,ratio,faster_rcnn,yolo11s,300,183,1,0.95,0.13092857529824892,0.0764542431984035,0.1946734684888232,0.06629480246381413,0.03136415049975243,0.10525032898660414,0.06463377283443479,0.026804916615063314,0.11354967331159789,2000,2000,2000,2000,paired_patient_cluster_label_swap,5000,5000,0.1829634073185363,1.0,35,paired_raw_difference,0.06463377283443479,183,complete,
phase6_primary_seed_robustness,gaussian_noise_s1,noise,gaussian_noise,1,retention,precision,ratio,faster_rcnn,yolo11s,300,183,1,0.95,0.9457420981921888,0.8889871359257164,0.9947618906833422,0.9085872576177284,0.7814047619047618,1.09375,0.03715484057446039,-0.1703979718638712,0.1840604841708919,2000,2000,2000,2000,paired_patient_cluster_label_swap,5000,5000,0.5596880623875224,1.0,35,paired_raw_difference,0.03715484057446039,183,complete,
phase6_primary_seed_robustness,gaussian_noise_s1,noise,gaussian_noise,1,retention,recall,ratio,faster_rcnn,yolo11s,300,183,1,0.95,0.974025974025974,0.9166666666666667,1.0210526315789474,0.8421052631578947,0.7271464646464648,1.0,0.13192071086807933,-0.037048611111111136,0.27282769556025327,2000,2000,2000,2000,paired_patient_cluster_label_swap,5000,5000,0.012397520495900819,0.34713057388522295,35,paired_raw_difference,0.13192071086807933,183,complete,
phase6_primary_seed_robustness,gaussian_noise_s1,noise,gaussian_noise,1,retention,f1,ratio,faster_rcnn,yolo11s,300,183,1,0.95,0.9504845607564639,0.8941760218430137,0.999061528988253,0.8590604026845637,0.7478158055705649,1.0087738705170004,0.09142415807190019,-0.06881665420661631,0.22935050026493364,2000,2000,2000,2000,paired_patient_cluster_label_swap,5000,5000,0.13377324535092983,1.0,35,paired_raw_difference,0.09142415807190019,183,complete,
phase6_primary_seed_robustness,gaussian_noise_s1,noise,gaussian_noise,1,retention,iou,ratio,faster_rcnn,yolo11s,300,183,1,0.95,1.0031767355492465,0.9813645926630573,1.030091854942538,1.0090913560773267,0.9647594735275029,1.0418118582406775,-0.005914620528080228,-0.03576344454922539,0.03283266707224478,2000,2000,2000,2000,paired_patient_cluster_label_swap,5000,5000,0.7404519096180764,1.0,34,paired_raw_difference,-0.005914620528080228,183,complete,
phase6_primary_seed_robustness,gaussian_noise_s1,noise,gaussian_noise,1,retention,dice,ratio,faster_rcnn,yolo11s,300,183,1,0.95,1.0015420386324303,0.9875317262877914,1.0171910960364936,1.0070537113379565,0.979209905141418,1.0263872252045085,-0.005511672705526216,-0.024556545611423737,0.0188436016111522,2000,2000,2000,2000,paired_patient_cluster_label_swap,5000,5000,0.6114777044591082,1.0,34,paired_raw_difference,-0.005511672705526216,183,complete,
phase6_primary_seed_robustness,gaussian_noise_s1,noise,gaussian_noise,1,retention,map_50,ratio,faster_rcnn,yolo11s,300,183,1,0.95,0.8869655975324744,0.7559974721507082,0.9739148793411989,0.9088363275931274,0.8256476846400925,0.9885852439367997,-0.021870730060652988,-0.19854455776723323,0.10111312991602654,2000,2000,2000,2000,paired_patient_cluster_label_swap,5000,5000,0.8456308738252349,1.0,35,paired_raw_difference,-0.021870730060652988,183,complete,
phase6_primary_seed_robustness,gaussian_noise_s1,noise,gaussian_noise,1,retention,map_50_95,ratio,faster_rcnn,yolo11s,300,183,1,0.95,0.8858362453253664,0.770564595553176,0.974342010673508,0.8689301782327447,0.758435343064721,0.9974939622657609,0.016906067092621768,-0.15621623614744815,0.15599665602589402,2000,2000,2000,2000,paired_patient_cluster_label_swap,5000,5000,0.861627674465107,1.0,35,paired_raw_difference,0.016906067092621768,183,complete,
phase6_primary_seed_robustness,gaussian_noise_s2,noise,gaussian_noise,2,raw,precision,ratio,faster_rcnn,yolo11s,300,183,1,0.95,0.13518197573656845,0.08764366839677538,0.1801364829983737,0.40540540540540543,0.21739130434782608,0.5926215277777775,-0.27022342966883695,-0.4666117610714257,-0.09445593085294154,2000,2000,2000,2000,paired_patient_cluster_label_swap,5000,5000,0.0001999600079984003,0.006998600279944011,35,paired_raw_difference,-0.27022342966883695,183,complete,
phase6_primary_seed_robustness,gaussian_noise_s2,noise,gaussian_noise,2,raw,recall,ratio,faster_rcnn,yolo11s,300,183,1,0.95,0.7027027027027027,0.5980136084284461,0.7777777777777778,0.13513513513513514,0.06521297278190173,0.19047619047619047,0.5675675675675675,0.4725198412698413,0.6530713275409172,2000,2000,2000,2000,paired_patient_cluster_label_swap,5000,5000,0.0001999600079984003,0.006998600279944011,35,paired_raw_difference,0.5675675675675675,183,complete,
phase6_primary_seed_robustness,gaussian_noise_s2,noise,gaussian_noise,2,raw,f1,ratio,faster_rcnn,yolo11s,300,183,1,0.95,0.22674418604651164,0.15410939691444603,0.2894288632604852,0.20270270270270271,0.10247524752475262,0.2781540782965881,0.024041483343808928,-0.059944004924182726,0.1091693004120156,2000,2000,2000,2000,paired_patient_cluster_label_swap,5000,5000,0.6694661067786443,1.0,35,paired_raw_difference,0.024041483343808928,183,complete,
phase6_primary_seed_robustness,gaussian_noise_s2,noise,gaussian_noise,2,raw,iou,ratio,faster_rcnn,yolo11s,300,183,1,0.95,0.6854372794176469,0.6560276602216968,0.7118143262406689,0.6850539712269242,0.6471110278646431,0.7242330450946761,0.000383308190722631,-0.0458058588146576,0.03817110512782062,2000,2000,2000,2000,paired_patient_cluster_label_swap,5000,5000,0.9856028794241152,1.0,34,paired_raw_difference,0.000383308190722631,183,complete,
phase6_primary_seed_robustness,gaussian_noise_s2,noise,gaussian_noise,2,raw,dice,ratio,faster_rcnn,yolo11s,300,183,1,0.95,0.808908255926795,0.7879046165740331,0.8274498057374505,0.8083870383807608,0.7824999595101577,0.8360297647842095,0.0005212175460342916,-0.0329556960383974,0.027237011904510208,2000,2000,2000,2000,paired_patient_cluster_label_swap,5000,5000,0.9742051589682064,1.0,34,paired_raw_difference,0.0005212175460342916,183,complete,
phase6_primary_seed_robustness,gaussian_noise_s2,noise,gaussian_noise,2,raw,map_50,ratio,faster_rcnn,yolo11s,300,183,1,0.95,0.2964929961723331,0.18322705945804815,0.4214744970739452,0.176969579012963,0.0888261089286743,0.27103837807546216,0.1195234171593701,0.047495785384192274,0.18758068613975032,2000,2000,2000,2000,paired_patient_cluster_label_swap,5000,5000,0.28494301139772044,1.0,35,paired_raw_difference,0.1195234171593701,183,complete,
phase6_primary_seed_robustness,gaussian_noise_s2,noise,gaussian_noise,2,raw,map_50_95,ratio,faster_rcnn,yolo11s,300,183,1,0.95,0.11768947799349287,0.07149366065113377,0.17714376384767141,0.05708843775544705,0.029984151259741753,0.09237689084962357,0.06060104023804582,0.027510655939839163,0.09864030495006712,2000,2000,2000,2000,paired_patient_cluster_label_swap,5000,5000,0.16176764647070585,1.0,35,paired_raw_difference,0.06060104023804582,183,complete,
phase6_primary_seed_robustness,gaussian_noise_s2,noise,gaussian_noise,2,retention,precision,ratio,faster_rcnn,yolo11s,300,183,1,0.95,0.9392513898579756,0.8659489443778167,1.0167367352212486,0.8748221906116643,0.6922583826429981,1.0857936507936503,0.0644291992463113,-0.16146765966110738,0.2763825935594186,2000,2000,2000,2000,paired_patient_cluster_label_swap,5000,5000,0.4329134173165367,1.0,35,paired_raw_difference,0.0644291992463113,183,complete,
phase6_primary_seed_robustness,gaussian_noise_s2,noise,gaussian_noise,2,retention,recall,ratio,faster_rcnn,yolo11s,300,183,1,0.95,1.012987012987013,0.9420247724974722,1.090909090909091,0.7894736842105263,0.625,0.9333333333333333,0.22351332877648677,0.04162501150695028,0.44249573987234764,2000,2000,2000,2000,paired_patient_cluster_label_swap,5000,5000,0.001799640071985603,0.05398920215956809,35,paired_raw_difference,0.22351332877648677,183,complete,
phase6_primary_seed_robustness,gaussian_noise_s2,noise,gaussian_noise,2,retention,f1,ratio,faster_rcnn,yolo11s,300,183,1,0.95,0.9511476895197825,0.8792678500142987,1.026607136905846,0.8108108108108109,0.6521658615136874,0.9484766871865026,0.1403368787089716,-0.027331368360579714,0.34578424723509465,2000,2000,2000,2000,paired_patient_cluster_label_swap,5000,5000,0.0609878024395121,1.0,35,paired_raw_difference,0.1403368787089716,183,complete,
phase6_primary_seed_robustness,gaussian_noise_s2,noise,gaussian_noise,2,retention,iou,ratio,faster_rcnn,yolo11s,300,183,1,0.95,0.9905111135680261,0.9654767020357666,1.0134816334304368,0.9869940810924636,0.9521377991257141,1.0127887417676054,0.003517032475562565,-0.03451124440434189,0.04418952287652786,2000,2000,2000,2000,paired_patient_cluster_label_swap,5000,5000,0.872625474905019,1.0,34,paired_raw_difference,0.003517032475562565,183,complete,
phase6_primary_seed_robustness,gaussian_noise_s2,noise,gaussian_noise,2,retention,dice,ratio,faster_rcnn,yolo11s,300,183,1,0.95,0.9947766396933632,0.9788460621477665,1.0092874031573622,0.9926790837403432,0.9717099473218807,1.0075828727459204,0.0020975559530199694,-0.021288823840181218,0.027294823075850495,2000,2000,2000,2000,paired_patient_cluster_label_swap,5000,5000,0.880623875224955,1.0,34,paired_raw_difference,0.0020975559530199694,183,complete,
phase6_primary_seed_robustness,gaussian_noise_s2,noise,gaussian_noise,2,retention,map_50,ratio,faster_rcnn,yolo11s,300,183,1,0.95,0.784968747038121,0.6733472059952131,0.8728901813446494,0.83758386298385,0.6902522352666193,1.026627565647799,-0.052615115945728985,-0.23977302571851553,0.08366867723868189,2000,2000,2000,2000,paired_patient_cluster_label_swap,5000,5000,0.5106978604279144,1.0,35,paired_raw_difference,-0.052615115945728985,183,complete,
phase6_primary_seed_robustness,gaussian_noise_s2,noise,gaussian_noise,2,retention,map_50_95,ratio,faster_rcnn,yolo11s,300,183,1,0.95,0.7962631920692135,0.6854141161875935,0.9035655235948331,0.7482617724209385,0.5766534944111078,1.0169573543977146,0.04800141964827498,-0.1803131111032804,0.18569289344806214,2000,2000,2000,2000,paired_patient_cluster_label_swap,5000,5000,0.5838832233553289,1.0,35,paired_raw_difference,0.04800141964827498,183,complete,
phase6_primary_seed_robustness,gaussian_noise_s3,noise,gaussian_noise,3,raw,precision,ratio,faster_rcnn,yolo11s,300,183,1,0.95,0.11305732484076433,0.07008333333333334,0.15160084323910364,0.2972972972972973,0.1249053030303032,0.43753810975609736,-0.18423997245653298,-0.30909607432327485,-0.04134752162499106,2000,2000,2000,2000,paired_patient_cluster_label_swap,5000,5000,0.0001999600079984003,0.006998600279944011,35,paired_raw_difference,-0.18423997245653298,183,complete,
phase6_primary_seed_robustness,gaussian_noise_s3,noise,gaussian_noise,3,raw,recall,ratio,faster_rcnn,yolo11s,300,183,1,0.95,0.6396396396396397,0.5263022246337493,0.7265151515151513,0.0990990990990991,0.03894855144855147,0.14685828877005344,0.5405405405405406,0.43393051523947757,0.6250271739130433,2000,2000,2000,2000,paired_patient_cluster_label_swap,5000,5000,0.0001999600079984003,0.006998600279944011,35,paired_raw_difference,0.5405405405405406,183,complete,
phase6_primary_seed_robustness,gaussian_noise_s3,noise,gaussian_noise,3,raw,f1,ratio,faster_rcnn,yolo11s,300,183,1,0.95,0.19215155615696888,0.12419607124739304,0.2497621951219512,0.14864864864864866,0.059391380314502064,0.21052631578947364,0.04350290750832023,-0.02747835072784772,0.11340713342732746,2000,2000,2000,2000,paired_patient_cluster_label_swap,5000,5000,0.4385122975404919,1.0,35,paired_raw_difference,0.04350290750832023,183,complete,
phase6_primary_seed_robustness,gaussian_noise_s3,noise,gaussian_noise,3,raw,iou,ratio,faster_rcnn,yolo11s,300,183,1,0.95,0.6798091403933663,0.6530397090356361,0.7100322872341311,0.7277759476281743,0.6790133771883593,0.7927805788589779,-0.04796680723480806,-0.11883013480416127,0.008859497931601798,2000,2000,1997,1997,paired_patient_cluster_label_swap,5000,5000,0.05698860227954409,1.0,34,paired_raw_difference,-0.04796680723480806,183,complete,
phase6_primary_seed_robustness,gaussian_noise_s3,noise,gaussian_noise,3,raw,dice,ratio,faster_rcnn,yolo11s,300,183,1,0.95,0.8043560054058551,0.7851360293557198,0.8257023528028885,0.8361326067816701,0.8035810602034857,0.8801111407631566,-0.03177660137581506,-0.07911373031142759,0.006490802615597967,2000,2000,1997,1997,paired_patient_cluster_label_swap,5000,5000,0.08258348330333934,1.0,34,paired_raw_difference,-0.03177660137581506,183,complete,
phase6_primary_seed_robustness,gaussian_noise_s3,noise,gaussian_noise,3,raw,map_50,ratio,faster_rcnn,yolo11s,300,183,1,0.95,0.25328857609495836,0.14380530933328306,0.3834842188574453,0.12648234122395577,0.05839303931864461,0.21808170638091923,0.1268062348710026,0.05579893036504484,0.19394607145861856,2000,2000,2000,2000,paired_patient_cluster_label_swap,5000,5000,0.1959608078384323,1.0,35,paired_raw_difference,0.1268062348710026,183,complete,
phase6_primary_seed_robustness,gaussian_noise_s3,noise,gaussian_noise,3,raw,map_50_95,ratio,faster_rcnn,yolo11s,300,183,1,0.95,0.09817504002774399,0.05769523590645143,0.1528366013155458,0.04263719600526271,0.019709228697045868,0.07806401078702288,0.055537844022481284,0.025535585673370872,0.08833678606077061,2000,2000,2000,2000,paired_patient_cluster_label_swap,5000,5000,0.10917816436712657,1.0,35,paired_raw_difference,0.055537844022481284,183,complete,
phase6_primary_seed_robustness,gaussian_noise_s3,noise,gaussian_noise,3,retention,precision,ratio,faster_rcnn,yolo11s,300,183,1,0.95,0.7855281661014145,0.7049606474301175,0.8558368881807265,0.6415362731152204,0.35021951034495835,0.8532831402831402,0.14399189298619408,-0.07862732469905805,0.4285542511107845,2000,2000,2000,2000,paired_patient_cluster_label_swap,5000,5000,0.15456908618276344,1.0,35,paired_raw_difference,0.14399189298619408,183,complete,
phase6_primary_seed_robustness,gaussian_noise_s3,noise,gaussian_noise,3,retention,recall,ratio,faster_rcnn,yolo11s,300,183,1,0.95,0.922077922077922,0.8518393393393394,0.9861158675799085,0.5789473684210527,0.3157894736842105,0.9,0.3431305536568694,0.021750000000000005,0.6047826086956521,2000,2000,2000,2000,paired_patient_cluster_label_swap,5000,5000,0.0007998400319936012,0.024795040991801638,35,paired_raw_difference,0.3431305536568694,183,complete,
phase6_primary_seed_robustness,gaussian_noise_s3,noise,gaussian_noise,3,retention,f1,ratio,faster_rcnn,yolo11s,300,183,1,0.95,0.8060383459571551,0.725950282914054,0.8742661250441242,0.5945945945945946,0.32177037617554877,0.860204001360718,0.21144375136256044,-0.07464603795316672,0.47996660373589717,2000,2000,2000,2000,paired_patient_cluster_label_swap,5000,5000,0.028994201159768047,0.7828434313137372,35,paired_raw_difference,0.21144375136256044,183,complete,
phase6_primary_seed_robustness,gaussian_noise_s3,noise,gaussian_noise,3,retention,iou,ratio,faster_rcnn,yolo11s,300,183,1,0.95,0.9823780072727395,0.9534359346637767,1.0214353606366586,1.048545928992982,0.9765089645288428,1.128929589169562,-0.06616792172024244,-0.13942345547756485,0.007193601022676156,2000,2000,1997,1997,paired_patient_cluster_label_swap,5000,5000,0.027994401119776045,0.8118376324735053,34,paired_raw_difference,-0.06616792172024244,183,complete,
phase6_primary_seed_robustness,gaussian_noise_s3,noise,gaussian_noise,3,retention,dice,ratio,faster_rcnn,yolo11s,300,183,1,0.95,0.9891783874279383,0.9701752761184723,1.01354327501375,1.0267499484504437,0.9841838334521721,1.071295829587112,-0.03757156102250536,-0.07764732514197434,0.007220376743038865,2000,2000,1997,1997,paired_patient_cluster_label_swap,5000,5000,0.05018996200759848,1.0,34,paired_raw_difference,-0.03757156102250536,183,complete,
phase6_primary_seed_robustness,gaussian_noise_s3,noise,gaussian_noise,3,retention,map_50,ratio,faster_rcnn,yolo11s,300,183,1,0.95,0.6705845290887253,0.5563376601496043,0.7963703101914037,0.5986315193406335,0.3953317490083778,0.924171517914603,0.07195300974809182,-0.231196854909627,0.23494378331657903,2000,2000,2000,2000,paired_patient_cluster_label_swap,5000,5000,0.5412917416516697,1.0,35,paired_raw_difference,0.07195300974809182,183,complete,
phase6_primary_seed_robustness,gaussian_noise_s3,noise,gaussian_noise,3,retention,map_50_95,ratio,faster_rcnn,yolo11s,300,183,1,0.95,0.6642324537996207,0.5491873356902691,0.8045944355348088,0.5588484307562394,0.3271283084837437,1.002281883129378,0.10538402304338135,-0.2838456813633814,0.3062155115268383,2000,2000,2000,2000,paired_patient_cluster_label_swap,5000,5000,0.26814637072585484,1.0,35,paired_raw_difference,0.10538402304338135,183,complete,
phase6_primary_seed_robustness,gaussian_noise_s4,noise,gaussian_noise,4,raw,precision,ratio,faster_rcnn,yolo11s,300,183,1,0.95,0.09259259259259259,0.05781708755632462,0.13057935744902452,0.2682926829268293,0.11535714285714291,0.41304347826086957,-0.1757000903342367,-0.31042757998278464,-0.04573909224706846,2000,2000,2000,2000,paired_patient_cluster_label_swap,5000,5000,0.0001999600079984003,0.006998600279944011,35,paired_raw_difference,-0.1757000903342367,183,complete,
phase6_primary_seed_robustness,gaussian_noise_s4,noise,gaussian_noise,4,raw,recall,ratio,faster_rcnn,yolo11s,300,183,1,0.95,0.5405405405405406,0.42857142857142855,0.6413043478260869,0.0990990990990991,0.039206167904054845,0.1569831431914582,0.4414414414414415,0.34107665805340226,0.536231884057971,2000,2000,2000,2000,paired_patient_cluster_label_swap,5000,5000,0.0001999600079984003,0.006998600279944011,35,paired_raw_difference,0.4414414414414415,183,complete,
phase6_primary_seed_robustness,gaussian_noise_s4,noise,gaussian_noise,4,raw,f1,ratio,faster_rcnn,yolo11s,300,183,1,0.95,0.15810276679841898,0.10289063476565802,0.2149212239848837,0.14473684210526316,0.0601317650562049,0.21898610577538735,0.013365924693155812,-0.0646772154025512,0.0853054304191112,2000,2000,2000,2000,paired_patient_cluster_label_swap,5000,5000,0.7778444311137772,1.0,35,paired_raw_difference,0.013365924693155812,183,complete,
phase6_primary_seed_robustness,gaussian_noise_s4,noise,gaussian_noise,4,raw,iou,ratio,faster_rcnn,yolo11s,300,183,1,0.95,0.6986235400223936,0.6718349178878793,0.7247191304319276,0.7180231257395612,0.6319927302600875,0.7770104179911542,-0.0193995857171676,-0.0740918937833957,0.05918079382060376,2000,2000,1998,1998,paired_patient_cluster_label_swap,5000,5000,0.33373325334933013,1.0,34,paired_raw_difference,-0.0193995857171676,183,complete,
phase6_primary_seed_robustness,gaussian_noise_s4,noise,gaussian_noise,4,raw,dice,ratio,faster_rcnn,yolo11s,300,183,1,0.95,0.819433663427026,0.8005814172043896,0.8378802738688305,0.8316483758629168,0.7697884640324083,0.8732325503611985,-0.012214712435890895,-0.050005090539913366,0.044534860167922796,2000,2000,1998,1998,paired_patient_cluster_label_swap,5000,5000,0.3905218956208758,1.0,34,paired_raw_difference,-0.012214712435890895,183,complete,
phase6_primary_seed_robustness,gaussian_noise_s4,noise,gaussian_noise,4,raw,map_50,ratio,faster_rcnn,yolo11s,300,183,1,0.95,0.20337603984461128,0.13895166152061833,0.28620082048569695,0.10262316088060033,0.053825790580569674,0.17767761210839436,0.10075287896401094,0.04250346429987342,0.1555790195677638,2000,2000,2000,2000,paired_patient_cluster_label_swap,5000,5000,0.10517896420715857,1.0,35,paired_raw_difference,0.10075287896401094,183,complete,
phase6_primary_seed_robustness,gaussian_noise_s4,noise,gaussian_noise,4,raw,map_50_95,ratio,faster_rcnn,yolo11s,300,183,1,0.95,0.08877351711642326,0.05745185319631451,0.13479708834760165,0.033403845369434436,0.016580309430251697,0.06302838746568692,0.05536967174698882,0.029598431734074823,0.08606792904805521,2000,2000,2000,2000,paired_patient_cluster_label_swap,5000,5000,0.04519096180763847,1.0,35,paired_raw_difference,0.05536967174698882,183,complete,
phase6_primary_seed_robustness,gaussian_noise_s4,noise,gaussian_noise,4,retention,precision,ratio,faster_rcnn,yolo11s,300,183,1,0.95,0.6433381433381433,0.544518712286396,0.7303610747852264,0.5789473684210527,0.3333333333333333,0.7939550205715555,0.06439077491709067,-0.15318111478071816,0.30558608721299846,2000,2000,2000,2000,paired_patient_cluster_label_swap,5000,5000,0.4497100579884023,1.0,35,paired_raw_difference,0.06439077491709067,183,complete,
phase6_primary_seed_robustness,gaussian_noise_s4,noise,gaussian_noise,4,retention,recall,ratio,faster_rcnn,yolo11s,300,183,1,0.95,0.7792207792207793,0.6779661016949153,0.883720930232558,0.5789473684210527,0.3076923076923077,1.0,0.2002734107997266,-0.1362126245847175,0.437187733464329,2000,2000,2000,2000,paired_patient_cluster_label_swap,5000,5000,0.016396720655868825,0.44271145770845827,35,paired_raw_difference,0.2002734107997266,183,complete,
phase6_primary_seed_robustness,gaussian_noise_s4,noise,gaussian_noise,4,retention,f1,ratio,faster_rcnn,yolo11s,300,183,1,0.95,0.663210307479082,0.5639417448458452,0.7508705103143566,0.5789473684210527,0.3175632250965215,0.894809365934521,0.0842629390580294,-0.20906561709756247,0.32533569136377216,2000,2000,2000,2000,paired_patient_cluster_label_swap,5000,5000,0.29454109178164367,1.0,35,paired_raw_difference,0.0842629390580294,183,complete,
phase6_primary_seed_robustness,gaussian_noise_s4,noise,gaussian_noise,4,retention,iou,ratio,faster_rcnn,yolo11s,300,183,1,0.95,1.0095663036891451,0.978103996838108,1.0453044625154546,1.0344945142398199,0.9117074096444795,1.113959777650353,-0.024928210550674734,-0.10034658659855161,0.09772955652068513,2000,2000,1998,1998,paired_patient_cluster_label_swap,5000,5000,0.32693461307738453,1.0,34,paired_raw_difference,-0.024928210550674734,183,complete,
phase6_primary_seed_robustness,gaussian_noise_s4,noise,gaussian_noise,4,retention,dice,ratio,faster_rcnn,yolo11s,300,183,1,0.95,1.007720542080027,0.9880994723424158,1.0296501647735143,1.0212434249309368,0.9434051244650381,1.0683511448713614,-0.013522882850909745,-0.05707184284523295,0.06196348120802962,2000,2000,1998,1998,paired_patient_cluster_label_swap,5000,5000,0.3807238552289542,1.0,34,paired_raw_difference,-0.013522882850909745,183,complete,
phase6_primary_seed_robustness,gaussian_noise_s4,noise,gaussian_noise,4,retention,map_50,ratio,faster_rcnn,yolo11s,300,183,1,0.95,0.5384404934867614,0.4633101742239413,0.6812686341282587,0.48570779227366595,0.3143555027300476,0.8731554960840688,0.05273270121309542,-0.26870228752883424,0.2307129180041935,2000,2000,2000,2000,paired_patient_cluster_label_swap,5000,5000,0.5040991801639672,1.0,35,paired_raw_difference,0.05273270121309542,183,complete,
phase6_primary_seed_robustness,gaussian_noise_s4,noise,gaussian_noise,4,retention,map_50_95,ratio,faster_rcnn,yolo11s,300,183,1,0.95,0.6006236523051149,0.4819910700278669,0.7821324767571812,0.4378263186825971,0.2414308950954602,0.8974185696437228,0.16279733362251786,-0.18480060353609645,0.325712759930703,2000,2000,2000,2000,paired_patient_cluster_label_swap,5000,5000,0.14077184563087383,1.0,35,paired_raw_difference,0.16279733362251786,183,complete,
phase6_primary_seed_robustness,gaussian_noise_s5,noise,gaussian_noise,5,raw,precision,ratio,faster_rcnn,yolo11s,300,183,1,0.95,0.08925869894099848,0.053690941598729766,0.1210796303845631,0.18604651162790697,0.08,0.3,-0.09678781268690849,-0.21196396147711935,0.00614624670864865,2000,2000,2000,2000,paired_patient_cluster_label_swap,5000,5000,0.0005998800239952009,0.006998600279944011,35,paired_raw_difference,-0.09678781268690849,183,complete,
phase6_primary_seed_robustness,gaussian_noise_s5,noise,gaussian_noise,5,raw,recall,ratio,faster_rcnn,yolo11s,300,183,1,0.95,0.5315315315315315,0.42045042819499345,0.6202731512325115,0.07207207207207207,0.0273972602739726,0.13416346944368313,0.4594594594594595,0.31371367824238133,0.5629255666449025,2000,2000,2000,2000,paired_patient_cluster_label_swap,5000,5000,0.0001999600079984003,0.006998600279944011,35,paired_raw_difference,0.4594594594594595,183,complete,
phase6_primary_seed_robustness,gaussian_noise_s5,noise,gaussian_noise,5,raw,f1,ratio,faster_rcnn,yolo11s,300,183,1,0.95,0.1528497409326425,0.09538095238095239,0.20019289422632053,0.1038961038961039,0.04187936300174521,0.1807502738225628,0.0489536370365386,-0.05793464738064368,0.13356206426252526,2000,2000,2000,2000,paired_patient_cluster_label_swap,5000,5000,0.39012197560487905,1.0,35,paired_raw_difference,0.0489536370365386,183,complete,
phase6_primary_seed_robustness,gaussian_noise_s5,noise,gaussian_noise,5,raw,iou,ratio,faster_rcnn,yolo11s,300,183,1,0.95,0.6746269340852318,0.6454722791815354,0.7080918389219635,0.7437528537378402,0.6708171649523252,0.8257091604900467,-0.06912591965260839,-0.14973342859930724,0.00018713126111105072,2000,2000,1997,1997,paired_patient_cluster_label_swap,5000,5000,0.010197960407918417,0.3467306538692262,34,paired_raw_difference,-0.06912591965260839,183,complete,
phase6_primary_seed_robustness,gaussian_noise_s5,noise,gaussian_noise,5,raw,dice,ratio,faster_rcnn,yolo11s,300,183,1,0.95,0.8019274028809248,0.7809150842359097,0.8253017283486189,0.846610379724456,0.7954437303876453,0.9031163993622423,-0.044682976843531175,-0.10106803431758388,0.005027287993077038,2000,2000,1997,1997,paired_patient_cluster_label_swap,5000,5000,0.01979604079184163,0.6334733053389322,34,paired_raw_difference,-0.044682976843531175,183,complete,
phase6_primary_seed_robustness,gaussian_noise_s5,noise,gaussian_noise,5,raw,map_50,ratio,faster_rcnn,yolo11s,300,183,1,0.95,0.1715206324670049,0.11335063352261295,0.23852457746275058,0.08612163860573349,0.04218868576774579,0.14963235211727854,0.08539899386127142,0.02791838210117986,0.14073400372827205,2000,2000,2000,2000,paired_patient_cluster_label_swap,5000,5000,0.11457708458308338,1.0,35,paired_raw_difference,0.08539899386127142,183,complete,
phase6_primary_seed_robustness,gaussian_noise_s5,noise,gaussian_noise,5,raw,map_50_95,ratio,faster_rcnn,yolo11s,300,183,1,0.95,0.06862013969988436,0.04402435432313982,0.10532156290727006,0.02816754696505509,0.01347509004697403,0.05547019113613997,0.04045259273482926,0.016013169182633246,0.0670012856983381,2000,2000,2000,2000,paired_patient_cluster_label_swap,5000,5000,0.0637872425514897,1.0,35,paired_raw_difference,0.04045259273482926,183,complete,
phase6_primary_seed_robustness,gaussian_noise_s5,noise,gaussian_noise,5,retention,precision,ratio,faster_rcnn,yolo11s,300,183,1,0.95,0.6201740770575869,0.5057171710105274,0.7280465528438839,0.40146878824969395,0.1888541666666667,0.7047899159663863,0.21870528880789292,-0.12369635313889042,0.45358755546826596,2000,2000,2000,2000,paired_patient_cluster_label_swap,5000,5000,0.1231753649270146,1.0,35,paired_raw_difference,0.21870528880789292,183,complete,
phase6_primary_seed_robustness,gaussian_noise_s5,noise,gaussian_noise,5,retention,recall,ratio,faster_rcnn,yolo11s,300,183,1,0.95,0.7662337662337663,0.6526201372997712,0.8787962037962037,0.42105263157894735,0.15,1.1114583333333314,0.3451811346548189,-0.3838399244833069,0.6462202380952377,2000,2000,2000,2000,paired_patient_cluster_label_swap,5000,5000,0.033593281343731254,0.8734253149370126,35,paired_raw_difference,0.3451811346548189,183,complete,
phase6_primary_seed_robustness,gaussian_noise_s5,noise,gaussian_noise,5,retention,f1,ratio,faster_rcnn,yolo11s,300,183,1,0.95,0.641174887288877,0.5264981272123911,0.7465276496802442,0.4155844155844156,0.16271121790563253,0.9379702851665452,0.22559047170446134,-0.3630252069236126,0.5014912598250957,2000,2000,2000,2000,paired_patient_cluster_label_swap,5000,5000,0.1221755648870226,1.0,35,paired_raw_difference,0.22559047170446134,183,complete,
phase6_primary_seed_robustness,gaussian_noise_s5,noise,gaussian_noise,5,retention,iou,ratio,faster_rcnn,yolo11s,300,183,1,0.95,0.9748893090429458,0.946886897558005,1.0118463779085218,1.07156471645606,0.9430481487808445,1.1948813277388959,-0.0966754074131142,-0.2267815375658266,0.04119071680693587,2000,2000,1997,1997,paired_patient_cluster_label_swap,5000,5000,0.013397320535892822,0.4153169366126775,34,paired_raw_difference,-0.0966754074131142,183,complete,
phase6_primary_seed_robustness,gaussian_noise_s5,noise,gaussian_noise,5,retention,dice,ratio,faster_rcnn,yolo11s,300,183,1,0.95,0.986191748286602,0.9685538118102919,1.008912115064018,1.039616391813165,0.9611495829024176,1.11208863954234,-0.05342464352656284,-0.13065668990408374,0.03023537700881155,2000,2000,1997,1997,paired_patient_cluster_label_swap,5000,5000,0.02959408118376325,0.8878224355128974,34,paired_raw_difference,-0.05342464352656284,183,complete,
phase6_primary_seed_robustness,gaussian_noise_s5,noise,gaussian_noise,5,retention,map_50,ratio,faster_rcnn,yolo11s,300,183,1,0.95,0.4541029221498168,0.3517150155145782,0.637297548745077,0.40760731393617383,0.2394963992951221,0.842325991398542,0.04649560821364296,-0.3120988424113029,0.23897205077064287,2000,2000,2000,2000,paired_patient_cluster_label_swap,5000,5000,0.6810637872425515,1.0,35,paired_raw_difference,0.04649560821364296,183,complete,
phase6_primary_seed_robustness,gaussian_noise_s5,noise,gaussian_noise,5,retention,map_50_95,ratio,faster_rcnn,yolo11s,300,183,1,0.95,0.4642699790093924,0.33965541605020266,0.6998633084445364,0.36919382357439146,0.19356704301303945,0.8970877178304074,0.09507615543500092,-0.321105615418054,0.300722105092691,2000,2000,2000,2000,paired_patient_cluster_label_swap,5000,5000,0.5022995400919816,1.0,35,paired_raw_difference,0.09507615543500092,183,complete,
phase6_primary_seed_robustness,salt_and_pepper_s1,noise,salt_and_pepper,1,raw,precision,ratio,faster_rcnn,yolo11s,300,183,1,0.95,0.15789473684210525,0.09635271990740742,0.21678769948000715,0.3333333333333333,0.17391304347826086,0.5263157894736842,-0.17543859649122806,-0.36591282754444027,-0.03263169663033609,2000,2000,2000,2000,paired_patient_cluster_label_swap,5000,5000,0.0001999600079984003,0.006998600279944011,35,paired_raw_difference,-0.17543859649122806,183,complete,
phase6_primary_seed_robustness,salt_and_pepper_s1,noise,salt_and_pepper,1,raw,recall,ratio,faster_rcnn,yolo11s,300,183,1,0.95,0.5945945945945946,0.4626819029850746,0.6911887254901959,0.0990990990990991,0.047619047619047616,0.15126050420168066,0.49549549549549554,0.37007046913253494,0.5928598348887294,2000,2000,2000,2000,paired_patient_cluster_label_swap,5000,5000,0.0001999600079984003,0.006998600279944011,35,paired_raw_difference,0.49549549549549554,183,complete,
phase6_primary_seed_robustness,salt_and_pepper_s1,noise,salt_and_pepper,1,raw,f1,ratio,faster_rcnn,yolo11s,300,183,1,0.95,0.24952741020793953,0.1619863175835622,0.3266710305305799,0.1527777777777778,0.07545990566037737,0.22695841392649901,0.09674963243016174,-0.011855496303847916,0.1831408983490734,2000,2000,2000,2000,paired_patient_cluster_label_swap,5000,5000,0.21795640871825636,1.0,35,paired_raw_difference,0.09674963243016174,183,complete,
phase6_primary_seed_robustness,salt_and_pepper_s1,noise,salt_and_pepper,1,raw,iou,ratio,faster_rcnn,yolo11s,300,183,1,0.95,0.6765904975550463,0.649926378260522,0.7073663930802103,0.6821442036669102,0.6206310367990814,0.7488012211641675,-0.005553706111863899,-0.08226727664245431,0.07291468314031968,2000,2000,2000,2000,paired_patient_cluster_label_swap,5000,5000,0.863627274545091,1.0,34,paired_raw_difference,-0.005553706111863899,183,complete,
phase6_primary_seed_robustness,salt_and_pepper_s1,noise,salt_and_pepper,1,raw,dice,ratio,faster_rcnn,yolo11s,300,183,1,0.95,0.8032360217692869,0.784150274526868,0.8252516432411989,0.8073705618253364,0.7646082755691722,0.8534346637907582,-0.004134540056049518,-0.058073362473748676,0.051078159849452624,2000,2000,2000,2000,paired_patient_cluster_label_swap,5000,5000,0.8588282343531294,1.0,34,paired_raw_difference,-0.004134540056049518,183,complete,
phase6_primary_seed_robustness,salt_and_pepper_s1,noise,salt_and_pepper,1,raw,map_50,ratio,faster_rcnn,yolo11s,300,183,1,0.95,0.24854798526521663,0.15415660896287312,0.35020585521866077,0.14851904209063524,0.08512036691748998,0.22523297015265364,0.10002894317458139,0.026495025854677536,0.16567308141660414,2000,2000,2000,2000,paired_patient_cluster_label_swap,5000,5000,0.2631473705258948,1.0,35,paired_raw_difference,0.10002894317458139,183,complete,
phase6_primary_seed_robustness,salt_and_pepper_s1,noise,salt_and_pepper,1,raw,map_50_95,ratio,faster_rcnn,yolo11s,300,183,1,0.95,0.09821033399672503,0.05983431839085699,0.14933908869035228,0.04804172936360458,0.0264493216971248,0.08039544079765008,0.05016860463312045,0.016582167640378162,0.08835441270369043,2000,2000,2000,2000,paired_patient_cluster_label_swap,5000,5000,0.1265746850629874,1.0,35,paired_raw_difference,0.05016860463312045,183,complete,
phase6_primary_seed_robustness,salt_and_pepper_s1,noise,salt_and_pepper,1,retention,precision,ratio,faster_rcnn,yolo11s,300,183,1,0.95,1.097060833902939,0.9353801052263173,1.2440041024852544,0.719298245614035,0.46281746031746057,1.1333333333333333,0.3777625882889041,-0.11324963065906332,0.6711387479996513,2000,2000,2000,2000,paired_patient_cluster_label_swap,5000,5000,0.03259348130373925,1.0,35,paired_raw_difference,0.3777625882889041,183,complete,
phase6_primary_seed_robustness,salt_and_pepper_s1,noise,salt_and_pepper,1,retention,recall,ratio,faster_rcnn,yolo11s,300,183,1,0.95,0.8571428571428572,0.7297217806041335,0.9753306878306878,0.5789473684210527,0.35714285714285715,1.0,0.27819548872180455,-0.13864290009673944,0.5177551484810557,2000,2000,2000,2000,paired_patient_cluster_label_swap,5000,5000,0.05098980203959208,1.0,35,paired_raw_difference,0.27819548872180455,183,complete,
phase6_primary_seed_robustness,salt_and_pepper_s1,noise,salt_and_pepper,1,retention,f1,ratio,faster_rcnn,yolo11s,300,183,1,0.95,1.0467188765865514,0.8930800594468855,1.184218133947236,0.6111111111111112,0.38041610054347824,1.0,0.4356077654754402,-0.004758073195932063,0.6985302250110632,2000,2000,2000,2000,paired_patient_cluster_label_swap,5000,5000,0.007598480303939212,0.23555288942211555,35,paired_raw_difference,0.4356077654754402,183,complete,
phase6_primary_seed_robustness,salt_and_pepper_s1,noise,salt_and_pepper,1,retention,iou,ratio,faster_rcnn,yolo11s,300,183,1,0.95,0.9777268136512447,0.9552622943846368,1.0120873759532307,0.9828018225555994,0.8770036826621938,1.0773771879271135,-0.00507500890435475,-0.11153807520632654,0.11660173868283996,2000,2000,2000,2000,paired_patient_cluster_label_swap,5000,5000,0.889622075584883,1.0,34,paired_raw_difference,-0.00507500890435475,183,complete,
phase6_primary_seed_robustness,salt_and_pepper_s1,noise,salt_and_pepper,1,retention,dice,ratio,faster_rcnn,yolo11s,300,183,1,0.95,0.9878010574893035,0.9735189728477612,1.0088160414950778,0.9914308759292638,0.926167454967678,1.048200324934356,-0.003629818439960353,-0.06883236068545848,0.07366538582775835,2000,2000,2000,2000,paired_patient_cluster_label_swap,5000,5000,0.8750249950009998,1.0,34,paired_raw_difference,-0.003629818439960353,183,complete,
phase6_primary_seed_robustness,salt_and_pepper_s1,noise,salt_and_pepper,1,retention,map_50,ratio,faster_rcnn,yolo11s,300,183,1,0.95,0.6580337582715966,0.5540939903701092,0.7686405060871989,0.7029295865128503,0.5129935597538337,1.094945180960528,-0.04489582824125371,-0.4459605311431653,0.14102730428845806,2000,2000,2000,2000,paired_patient_cluster_label_swap,5000,5000,0.6094781043791242,1.0,35,paired_raw_difference,-0.04489582824125371,183,complete,
phase6_primary_seed_robustness,salt_and_pepper_s1,noise,salt_and_pepper,1,retention,map_50_95,ratio,faster_rcnn,yolo11s,300,183,1,0.95,0.6644712456515414,0.5518089822013194,0.8201607713501713,0.6296859920702222,0.43445552442406105,1.0191353958326466,0.03478525358131912,-0.29100168713721847,0.22439846877317474,2000,2000,2000,2000,paired_patient_cluster_label_swap,5000,5000,0.7786442711457708,1.0,35,paired_raw_difference,0.03478525358131912,183,complete,
phase6_primary_seed_robustness,salt_and_pepper_s2,noise,salt_and_pepper,2,raw,precision,ratio,faster_rcnn,yolo11s,300,183,1,0.95,0.15730337078651685,0.09734439033081903,0.21067397260273968,0.2972972972972973,0.13636363636363635,0.4339622641509434,-0.13999392651078046,-0.26109491141391045,-0.003944998212051032,2000,2000,2000,2000,paired_patient_cluster_label_swap,5000,5000,0.0013997200559888023,0.006998600279944011,35,paired_raw_difference,-0.13999392651078046,183,complete,
phase6_primary_seed_robustness,salt_and_pepper_s2,noise,salt_and_pepper,2,raw,recall,ratio,faster_rcnn,yolo11s,300,183,1,0.95,0.5045045045045045,0.3728730475240944,0.6041787790697674,0.0990990990990991,0.039473684210526314,0.14966836734693872,0.4054054054054054,0.2970019195797131,0.5061767463666198,2000,2000,2000,2000,paired_patient_cluster_label_swap,5000,5000,0.0001999600079984003,0.006998600279944011,35,paired_raw_difference,0.4054054054054054,183,complete,
phase6_primary_seed_robustness,salt_and_pepper_s2,noise,salt_and_pepper,2,raw,f1,ratio,faster_rcnn,yolo11s,300,183,1,0.95,0.2398286937901499,0.15520738228772663,0.3080642900276051,0.14864864864864866,0.06210939380807935,0.21598973687083725,0.09118004514150124,0.009199494175266122,0.16769665396243802,2000,2000,2000,2000,paired_patient_cluster_label_swap,5000,5000,0.15196960607878424,1.0,35,paired_raw_difference,0.09118004514150124,183,complete,
phase6_primary_seed_robustness,salt_and_pepper_s2,noise,salt_and_pepper,2,raw,iou,ratio,faster_rcnn,yolo11s,300,183,1,0.95,0.69484317775527,0.6680389574383386,0.7283139135568729,0.6773751583431846,0.5971000327503471,0.7582215731584643,0.017468019412085423,-0.047011848651677,0.10145384882053397,2000,2000,2000,2000,paired_patient_cluster_label_swap,5000,5000,0.4621075784843031,1.0,34,paired_raw_difference,0.017468019412085423,183,complete,
phase6_primary_seed_robustness,salt_and_pepper_s2,noise,salt_and_pepper,2,raw,dice,ratio,faster_rcnn,yolo11s,300,183,1,0.95,0.8157968130693541,0.7960471937585729,0.8403748446299112,0.8012467739504335,0.7405232293119783,0.8582417072404642,0.01455003911892061,-0.030627747646615362,0.07562221393090628,2000,2000,2000,2000,paired_patient_cluster_label_swap,5000,5000,0.3993201359728054,1.0,34,paired_raw_difference,0.01455003911892061,183,complete,
phase6_primary_seed_robustness,salt_and_pepper_s2,noise,salt_and_pepper,2,raw,map_50,ratio,faster_rcnn,yolo11s,300,183,1,0.95,0.19604911663212715,0.12606132048946805,0.2968222168232302,0.11137724420524958,0.05434679367281118,0.1804572267866921,0.08467187242687757,0.016358319622397956,0.16596500328074754,2000,2000,2000,2000,paired_patient_cluster_label_swap,5000,5000,0.17616476704659068,1.0,35,paired_raw_difference,0.08467187242687757,183,complete,
phase6_primary_seed_robustness,salt_and_pepper_s2,noise,salt_and_pepper,2,raw,map_50_95,ratio,faster_rcnn,yolo11s,300,183,1,0.95,0.0783351989559991,0.04928792851077419,0.12814953397607404,0.0362736381879918,0.01564345780824719,0.06592160454052487,0.042061560768007294,0.012243134293380165,0.08342733582960914,2000,2000,2000,2000,paired_patient_cluster_label_swap,5000,5000,0.08098380323935213,1.0,35,paired_raw_difference,0.042061560768007294,183,complete,
phase6_primary_seed_robustness,salt_and_pepper_s2,noise,salt_and_pepper,2,retention,precision,ratio,faster_rcnn,yolo11s,300,183,1,0.95,1.0929519918283963,0.9228193659761456,1.2543780893435685,0.6415362731152204,0.35453598484848486,0.9116830065359476,0.4514157187131759,0.10264669828141819,0.7979630665526297,2000,2000,2000,2000,paired_patient_cluster_label_swap,5000,5000,0.0027994401119776045,0.09518096380723856,35,paired_raw_difference,0.4514157187131759,183,complete,
phase6_primary_seed_robustness,salt_and_pepper_s2,noise,salt_and_pepper,2,retention,recall,ratio,faster_rcnn,yolo11s,300,183,1,0.95,0.7272727272727272,0.6,0.8298052650558961,0.5789473684210527,0.3076923076923077,0.9,0.14832535885167453,-0.1955654761904757,0.4141582491582492,2000,2000,2000,2000,paired_patient_cluster_label_swap,5000,5000,0.20695860827834434,1.0,35,paired_raw_difference,0.14832535885167453,183,complete,
phase6_primary_seed_robustness,salt_and_pepper_s2,noise,salt_and_pepper,2,retention,f1,ratio,faster_rcnn,yolo11s,300,183,1,0.95,1.006034650574265,0.8508260379184814,1.1596466337305702,0.5945945945945946,0.32214149793188324,0.8902051357145763,0.41144005597967037,0.0592592967029213,0.7347356158742159,2000,2000,2000,2000,paired_patient_cluster_label_swap,5000,5000,0.001799640071985603,0.057588482303539294,35,paired_raw_difference,0.41144005597967037,183,complete,
phase6_primary_seed_robustness,salt_and_pepper_s2,noise,salt_and_pepper,2,retention,iou,ratio,faster_rcnn,yolo11s,300,183,1,0.95,1.0041033810391247,0.9789694476069997,1.045373358890034,0.9759308025999767,0.8641399036840082,1.073112970884909,0.028172578439148,-0.06539286326542473,0.16035791023143856,2000,2000,2000,2000,paired_patient_cluster_label_swap,5000,5000,0.32833433313337335,1.0,34,paired_raw_difference,0.028172578439148,183,complete,
phase6_primary_seed_robustness,salt_and_pepper_s2,noise,salt_and_pepper,2,retention,dice,ratio,faster_rcnn,yolo11s,300,183,1,0.95,1.0032480277357059,0.9871848191797842,1.0292975563477533,0.9839110174356699,0.9117109014707324,1.0408032650150567,0.019337010300035984,-0.03415414030509748,0.10258911116690383,2000,2000,2000,2000,paired_patient_cluster_label_swap,5000,5000,0.3023395320935813,1.0,34,paired_raw_difference,0.019337010300035984,183,complete,
phase6_primary_seed_robustness,salt_and_pepper_s2,noise,salt_and_pepper,2,retention,map_50,ratio,faster_rcnn,yolo11s,300,183,1,0.95,0.5190423768094783,0.40138407181111135,0.6917609027923487,0.5271402179416116,0.33271517484907875,0.9001366017216099,-0.008097841132133299,-0.3086075961169809,0.181045413292285,2000,2000,2000,2000,paired_patient_cluster_label_swap,5000,5000,0.9566086782643471,1.0,35,paired_raw_difference,-0.008097841132133299,183,complete,
phase6_primary_seed_robustness,salt_and_pepper_s2,noise,salt_and_pepper,2,retention,map_50_95,ratio,faster_rcnn,yolo11s,300,183,1,0.95,0.5300001039645154,0.38318439626186007,0.753833592822478,0.47544087506778604,0.2606843271954524,0.9320110405520486,0.05455922889672932,-0.2825956667375828,0.2800430619778328,2000,2000,2000,2000,paired_patient_cluster_label_swap,5000,5000,0.7904419116176765,1.0,35,paired_raw_difference,0.05455922889672932,183,complete,
phase6_primary_seed_robustness,salt_and_pepper_s3,noise,salt_and_pepper,3,raw,precision,ratio,faster_rcnn,yolo11s,300,183,1,0.95,0.14181818181818182,0.08870824754060856,0.1948063884644767,0.22857142857142856,0.09523809523809523,0.3333333333333333,-0.08675324675324675,-0.20134657592205643,0.043503839296567794,2000,2000,2000,2000,paired_patient_cluster_label_swap,5000,5000,0.060587882423515295,0.12117576484703059,35,paired_raw_difference,-0.08675324675324675,183,complete,
phase6_primary_seed_robustness,salt_and_pepper_s3,noise,salt_and_pepper,3,raw,recall,ratio,faster_rcnn,yolo11s,300,183,1,0.95,0.35135135135135137,0.25274725274725274,0.4500095419847328,0.07207207207207207,0.022465667915106128,0.125,0.2792792792792793,0.1788545296167248,0.38947710184552287,2000,2000,2000,2000,paired_patient_cluster_label_swap,5000,5000,0.0001999600079984003,0.006998600279944011,35,paired_raw_difference,0.2792792792792793,183,complete,
phase6_primary_seed_robustness,salt_and_pepper_s3,noise,salt_and_pepper,3,raw,f1,ratio,faster_rcnn,yolo11s,300,183,1,0.95,0.20207253886010362,0.13427443261318095,0.26666666666666666,0.1095890410958904,0.03736884352961415,0.17582857142857142,0.09248349776421322,0.0028332783567246293,0.1892938159465771,2000,2000,2000,2000,paired_patient_cluster_label_swap,5000,5000,0.11377724455108978,1.0,35,paired_raw_difference,0.09248349776421322,183,complete,
phase6_primary_seed_robustness,salt_and_pepper_s3,noise,salt_and_pepper,3,raw,iou,ratio,faster_rcnn,yolo11s,300,183,1,0.95,0.6812448330400479,0.6616337281898806,0.7155060699635108,0.6979985169658806,0.6124738214440077,0.7909992663243687,-0.016753683925832652,-0.09510834531796274,0.08451391530796289,2000,2000,1992,1992,paired_patient_cluster_label_swap,5000,5000,0.5778844231153769,1.0,34,paired_raw_difference,-0.016753683925832652,183,complete,
phase6_primary_seed_robustness,salt_and_pepper_s3,noise,salt_and_pepper,3,raw,dice,ratio,faster_rcnn,yolo11s,300,183,1,0.95,0.8077512718187716,0.7935314129463121,0.832315065617215,0.8186072360547968,0.7579079151212824,0.8805530829066084,-0.010855964236025195,-0.06334819229254963,0.06125831582982984,2000,2000,1992,1992,paired_patient_cluster_label_swap,5000,5000,0.626874625074985,1.0,34,paired_raw_difference,-0.010855964236025195,183,complete,
phase6_primary_seed_robustness,salt_and_pepper_s3,noise,salt_and_pepper,3,raw,map_50,ratio,faster_rcnn,yolo11s,300,183,1,0.95,0.13200227025985978,0.084623980369565,0.1994940587639831,0.10822302123890921,0.048829283718804246,0.1824653028245274,0.023779249020950563,-0.03901387559742379,0.08965047895828768,2000,2000,2000,2000,paired_patient_cluster_label_swap,5000,5000,0.5106978604279144,1.0,35,paired_raw_difference,0.023779249020950563,183,complete,
phase6_primary_seed_robustness,salt_and_pepper_s3,noise,salt_and_pepper,3,raw,map_50_95,ratio,faster_rcnn,yolo11s,300,183,1,0.95,0.05055536774983208,0.029776011338914315,0.0821904773517419,0.03654239493465973,0.014964106509696139,0.06813861933328276,0.014012972815172352,-0.010698562019000376,0.04162457806990348,2000,2000,2000,2000,paired_patient_cluster_label_swap,5000,5000,0.3265346930613877,1.0,35,paired_raw_difference,0.014012972815172352,183,complete,
phase6_primary_seed_robustness,salt_and_pepper_s3,noise,salt_and_pepper,3,retention,precision,ratio,faster_rcnn,yolo11s,300,183,1,0.95,0.9853600944510035,0.7203373050111118,1.2989048361910525,0.49323308270676686,0.21428571428571427,0.8021777701465197,0.4921270117442366,0.04265675022292375,0.9754511807717396,2000,2000,2000,2000,paired_patient_cluster_label_swap,5000,5000,0.05818836232753449,1.0,35,paired_raw_difference,0.4921270117442366,183,complete,
phase6_primary_seed_robustness,salt_and_pepper_s3,noise,salt_and_pepper,3,retention,recall,ratio,faster_rcnn,yolo11s,300,183,1,0.95,0.5064935064935066,0.37288135593220345,0.6666666666666666,0.42105263157894735,0.14285714285714288,0.9094405594405576,0.0854408749145592,-0.3959374999999998,0.41670112781954877,2000,2000,2000,2000,paired_patient_cluster_label_swap,5000,5000,0.5516896620675865,1.0,35,paired_raw_difference,0.0854408749145592,183,complete,
phase6_primary_seed_robustness,salt_and_pepper_s3,noise,salt_and_pepper,3,retention,f1,ratio,faster_rcnn,yolo11s,300,183,1,0.95,0.8476549357378371,0.6249236451351107,1.1177196637004163,0.4383561643835616,0.16012054821928787,0.8788876296580866,0.4092987713542755,-0.053999795182971835,0.8433401282235136,2000,2000,2000,2000,paired_patient_cluster_label_swap,5000,5000,0.04939012197560488,1.0,35,paired_raw_difference,0.4092987713542755,183,complete,
phase6_primary_seed_robustness,salt_and_pepper_s3,noise,salt_and_pepper,3,retention,iou,ratio,faster_rcnn,yolo11s,300,183,1,0.95,0.9844526967664511,0.9448385628513729,1.0473777408420264,1.005643983966391,0.8915578898871042,1.1176047218888963,-0.021191287199940012,-0.13515400131448702,0.12661666568896102,2000,2000,1992,1992,paired_patient_cluster_label_swap,5000,5000,0.6874625074985004,1.0,34,paired_raw_difference,-0.021191287199940012,183,complete,
phase6_primary_seed_robustness,salt_and_pepper_s3,noise,salt_and_pepper,3,retention,dice,ratio,faster_rcnn,yolo11s,300,183,1,0.95,0.9933538074318238,0.9694011700192108,1.031918761176658,1.0052292311091444,0.9354017830953759,1.070062578991075,-0.01187542367732064,-0.08045079962776668,0.08058389957582301,2000,2000,1992,1992,paired_patient_cluster_label_swap,5000,5000,0.7182563487302539,1.0,34,paired_raw_difference,-0.01187542367732064,183,complete,
phase6_primary_seed_robustness,salt_and_pepper_s3,noise,salt_and_pepper,3,retention,map_50,ratio,faster_rcnn,yolo11s,300,183,1,0.95,0.34947758641773446,0.24800756454540795,0.5478164734785144,0.512211515101299,0.2946820460596642,0.8389114649598781,-0.16273392868356457,-0.403299955632954,0.031649843080480404,2000,2000,2000,2000,paired_patient_cluster_label_swap,5000,5000,0.3235352929414117,1.0,35,paired_raw_difference,-0.16273392868356457,183,complete,
phase6_primary_seed_robustness,salt_and_pepper_s3,noise,salt_and_pepper,3,retention,map_50_95,ratio,faster_rcnn,yolo11s,300,183,1,0.95,0.34204738764275944,0.2207208823797665,0.5836641437811171,0.47896348678249606,0.2645275666066205,0.8757123686597919,-0.13691609913973662,-0.4053849302719476,0.07918616329143448,2000,2000,2000,2000,paired_patient_cluster_label_swap,5000,5000,0.49150169966006796,1.0,35,paired_raw_difference,-0.13691609913973662,183,complete,
phase6_primary_seed_robustness,salt_and_pepper_s4,noise,salt_and_pepper,4,raw,precision,ratio,faster_rcnn,yolo11s,300,183,1,0.95,0.11009174311926606,0.07206585038076752,0.15421410365335594,0.1951219512195122,0.08333333333333333,0.3225806451612903,-0.08503020810024614,-0.19744848704332876,0.008974742057411373,2000,2000,2000,2000,paired_patient_cluster_label_swap,5000,5000,0.0033993201359728054,0.010197960407918417,35,paired_raw_difference,-0.08503020810024614,183,complete,
phase6_primary_seed_robustness,salt_and_pepper_s4,noise,salt_and_pepper,4,raw,recall,ratio,faster_rcnn,yolo11s,300,183,1,0.95,0.21621621621621623,0.14285714285714285,0.31819187449718417,0.07207207207207207,0.025974025974025976,0.13001086956521735,0.14414414414414417,0.07873794567813855,0.2248110465116279,2000,2000,2000,2000,paired_patient_cluster_label_swap,5000,5000,0.0009998000399920016,0.006998600279944011,35,paired_raw_difference,0.14414414414414417,183,complete,
phase6_primary_seed_robustness,salt_and_pepper_s4,noise,salt_and_pepper,4,raw,f1,ratio,faster_rcnn,yolo11s,300,183,1,0.95,0.1458966565349544,0.09740198939637143,0.1993962133763323,0.10526315789473685,0.04,0.17687935933867213,0.04063349864021755,-0.022231570512820487,0.09790889802809205,2000,2000,2000,2000,paired_patient_cluster_label_swap,5000,5000,0.21295740851829634,1.0,35,paired_raw_difference,0.04063349864021755,183,complete,
phase6_primary_seed_robustness,salt_and_pepper_s4,noise,salt_and_pepper,4,raw,iou,ratio,faster_rcnn,yolo11s,300,183,1,0.95,0.6848689330154927,0.6549796947524639,0.7181433807568763,0.723491525585361,0.6247249775192663,0.80321057818429,-0.03862259256986833,-0.1153171330922816,0.07023679779399833,2000,2000,2000,2000,paired_patient_cluster_label_swap,5000,5000,0.3333333333333333,1.0,34,paired_raw_difference,-0.03862259256986833,183,complete,
phase6_primary_seed_robustness,salt_and_pepper_s4,noise,salt_and_pepper,4,raw,dice,ratio,faster_rcnn,yolo11s,300,183,1,0.95,0.8099532183414966,0.7882708049159256,0.8334398173270842,0.8346273580584052,0.7645328350122917,0.8904577150731269,-0.024674139716908572,-0.07677013203755025,0.052504522266453545,2000,2000,2000,2000,paired_patient_cluster_label_swap,5000,5000,0.39212157568486306,1.0,34,paired_raw_difference,-0.024674139716908572,183,complete,
phase6_primary_seed_robustness,salt_and_pepper_s4,noise,salt_and_pepper,4,raw,map_50,ratio,faster_rcnn,yolo11s,300,183,1,0.95,0.09765370856229168,0.05832830259122212,0.16287184623264525,0.06024166001183892,0.033021375693066214,0.11453309408331863,0.037412048550452756,-0.004609412093023568,0.08145427864435092,2000,2000,2000,2000,paired_patient_cluster_label_swap,5000,5000,0.16376724655068986,1.0,35,paired_raw_difference,0.037412048550452756,183,complete,
phase6_primary_seed_robustness,salt_and_pepper_s4,noise,salt_and_pepper,4,raw,map_50_95,ratio,faster_rcnn,yolo11s,300,183,1,0.95,0.03669064145133681,0.0202584293880645,0.067924094063097,0.023898623793998177,0.01115326202264562,0.052466888896722096,0.012792017657338634,-0.0032639698244612083,0.030721307805950646,2000,2000,2000,2000,paired_patient_cluster_label_swap,5000,5000,0.22755448910217957,1.0,35,paired_raw_difference,0.012792017657338634,183,complete,
phase6_primary_seed_robustness,salt_and_pepper_s4,noise,salt_and_pepper,4,retention,precision,ratio,faster_rcnn,yolo11s,300,183,1,0.95,0.7649231502442512,0.5100870484446992,1.1067918126424203,0.42105263157894735,0.1925675675675676,0.7156699399890883,0.3438705186653038,0.056366624931933354,0.6711849001429845,2000,2000,2000,2000,paired_patient_cluster_label_swap,5000,5000,0.0627874425114977,1.0,35,paired_raw_difference,0.3438705186653038,183,complete,
phase6_primary_seed_robustness,salt_and_pepper_s4,noise,salt_and_pepper,4,retention,recall,ratio,faster_rcnn,yolo11s,300,183,1,0.95,0.3116883116883117,0.20471993557623483,0.4767821031344791,0.42105263157894735,0.1665000000000003,1.0,-0.10936431989063566,-0.5601208791208789,0.10174086424086422,2000,2000,2000,2000,paired_patient_cluster_label_swap,5000,5000,0.20895820835832835,1.0,35,paired_raw_difference,-0.10936431989063566,183,complete,
phase6_primary_seed_robustness,salt_and_pepper_s4,noise,salt_and_pepper,4,retention,f1,ratio,faster_rcnn,yolo11s,300,183,1,0.95,0.6120080527375359,0.4037145301242646,0.9111095469517221,0.4210526315789474,0.17014849820168582,0.8492261904761904,0.1909554211585885,-0.12441634385908264,0.43806083224272346,2000,2000,2000,2000,paired_patient_cluster_label_swap,5000,5000,0.14157168566286743,1.0,35,paired_raw_difference,0.1909554211585885,183,complete,
phase6_primary_seed_robustness,salt_and_pepper_s4,noise,salt_and_pepper,4,retention,iou,ratio,faster_rcnn,yolo11s,300,183,1,0.95,0.9896898080385568,0.9447605181134406,1.0514343334531426,1.04237313184886,0.9083827053585756,1.1485699795280218,-0.05268332381030327,-0.17350680138908328,0.11867868393149765,2000,2000,2000,2000,paired_patient_cluster_label_swap,5000,5000,0.4537092581483703,1.0,34,paired_raw_difference,-0.05268332381030327,183,complete,
phase6_primary_seed_robustness,salt_and_pepper_s4,noise,salt_and_pepper,4,retention,dice,ratio,faster_rcnn,yolo11s,300,183,1,0.95,0.9960617102707572,0.9686789955174869,1.0336148128378522,1.024901540630342,0.9449346952959946,1.0859461678096682,-0.028839830359584706,-0.09828359637996209,0.07239282378703656,2000,2000,2000,2000,paired_patient_cluster_label_swap,5000,5000,0.47630473905218956,1.0,34,paired_raw_difference,-0.028839830359584706,183,complete,
phase6_primary_seed_robustness,salt_and_pepper_s4,noise,salt_and_pepper,4,retention,map_50,ratio,faster_rcnn,yolo11s,300,183,1,0.95,0.2585393592542504,0.16115360068851967,0.46691905845223175,0.28511929895917176,0.1680440053725972,0.6246995944917025,-0.02657993970492134,-0.22613731119417713,0.06500901261280882,2000,2000,2000,2000,paired_patient_cluster_label_swap,5000,5000,0.8214357128574286,1.0,35,paired_raw_difference,-0.02657993970492134,183,complete,
phase6_primary_seed_robustness,salt_and_pepper_s4,noise,salt_and_pepper,4,retention,map_50_95,ratio,faster_rcnn,yolo11s,300,183,1,0.95,0.24824145521933394,0.14200145079814508,0.47397747592997413,0.313240776969975,0.15933920531626317,0.7587750689752627,-0.06499932175064105,-0.33462572487205056,0.04736132068024639,2000,2000,2000,2000,paired_patient_cluster_label_swap,5000,5000,0.649870025994801,1.0,35,paired_raw_difference,-0.06499932175064105,183,complete,
phase6_primary_seed_robustness,salt_and_pepper_s5,noise,salt_and_pepper,5,raw,precision,ratio,faster_rcnn,yolo11s,300,183,1,0.95,0.09865470852017937,0.0568079836829837,0.14285714285714285,0.08695652173913043,0.0,0.25,0.011698186781048933,-0.1689702759716603,0.12061562135939204,2000,2000,2000,2000,paired_patient_cluster_label_swap,5000,5000,0.7838432313537292,0.7838432313537292,35,paired_raw_difference,0.011698186781048933,183,complete,
phase6_primary_seed_robustness,salt_and_pepper_s5,noise,salt_and_pepper,5,raw,recall,ratio,faster_rcnn,yolo11s,300,183,1,0.95,0.1981981981981982,0.12269793957633986,0.2898761375126389,0.018018018018018018,0.0,0.05263157894736842,0.18018018018018017,0.0967644772638943,0.2747720364741639,2000,2000,2000,2000,paired_patient_cluster_label_swap,5000,5000,0.0009998000399920016,0.006998600279944011,35,paired_raw_difference,0.18018018018018017,183,complete,
phase6_primary_seed_robustness,salt_and_pepper_s5,noise,salt_and_pepper,5,raw,f1,ratio,faster_rcnn,yolo11s,300,183,1,0.95,0.1317365269461078,0.07931079469211273,0.1851881434149804,0.029850746268656716,0.0,0.08335084033613437,0.10188578067745108,0.021006074338585645,0.16961630775385023,2000,2000,2000,2000,paired_patient_cluster_label_swap,5000,5000,0.03179364127174565,1.0,35,paired_raw_difference,0.10188578067745108,183,complete,
phase6_primary_seed_robustness,salt_and_pepper_s5,noise,salt_and_pepper,5,raw,iou,ratio,faster_rcnn,yolo11s,300,183,1,0.95,0.6603674541103409,0.6227377343252978,0.7043862718709538,0.5961786452010718,0.593100923549227,0.5992563668529164,0.06418880890926915,0.027438042006066976,0.10741639470477773,2000,2000,1725,1725,paired_patient_cluster_label_swap,5000,5000,0.10237952409518096,1.0,34,paired_raw_difference,0.06418880890926915,183,complete,
phase6_primary_seed_robustness,salt_and_pepper_s5,noise,salt_and_pepper,5,raw,dice,ratio,faster_rcnn,yolo11s,300,183,1,0.95,0.7905511955023901,0.7629103122753041,0.8219663814499697,0.7470027607460157,0.744586755028518,0.7494187664635135,0.04354843475637438,0.01670026980000846,0.07422224232295639,2000,2000,1725,1725,paired_patient_cluster_label_swap,5000,5000,0.1277744451109778,1.0,34,paired_raw_difference,0.04354843475637438,183,complete,
phase6_primary_seed_robustness,salt_and_pepper_s5,noise,salt_and_pepper,5,raw,map_50,ratio,faster_rcnn,yolo11s,300,183,1,0.95,0.08792451362718222,0.04750130206980271,0.16031588950728823,0.017327066855043254,0.007760832738249342,0.04070649051047945,0.07059744677213897,0.029883344784246764,0.13188424451474498,2000,2000,2000,2000,paired_patient_cluster_label_swap,5000,5000,0.016196760647870425,0.5506898620275944,35,paired_raw_difference,0.07059744677213897,183,complete,
phase6_primary_seed_robustness,salt_and_pepper_s5,noise,salt_and_pepper,5,raw,map_50_95,ratio,faster_rcnn,yolo11s,300,183,1,0.95,0.029929335875712487,0.014283746729816001,0.06258968582946363,0.004349848205361829,0.0019716100103838187,0.010373761963692144,0.02557948767035066,0.010717393010205243,0.053722296648110276,2000,2000,2000,2000,paired_patient_cluster_label_swap,5000,5000,0.017996400719856028,0.611877624475105,35,paired_raw_difference,0.02557948767035066,183,complete,
phase6_primary_seed_robustness,salt_and_pepper_s5,noise,salt_and_pepper,5,retention,precision,ratio,faster_rcnn,yolo11s,300,183,1,0.95,0.6854580397181294,0.429544341215096,1.0443208951555012,0.18764302059496565,0.0,0.5471323529411761,0.4978150191231637,0.04490985299655816,0.9439278888199568,2000,2000,2000,2000,paired_patient_cluster_label_swap,5000,5000,0.05158968206358728,1.0,35,paired_raw_difference,0.4978150191231637,183,complete,
phase6_primary_seed_robustness,salt_and_pepper_s5,noise,salt_and_pepper,5,retention,recall,ratio,faster_rcnn,yolo11s,300,183,1,0.95,0.2857142857142857,0.17804190169218378,0.43859649122807015,0.10526315789473684,0.0,0.363920454545453,0.18045112781954886,-0.10615079365079351,0.3857380952380951,2000,2000,2000,2000,paired_patient_cluster_label_swap,5000,5000,0.08778244351129774,1.0,35,paired_raw_difference,0.18045112781954886,183,complete,
phase6_primary_seed_robustness,salt_and_pepper_s5,noise,salt_and_pepper,5,retention,f1,ratio,faster_rcnn,yolo11s,300,183,1,0.95,0.5526090675791274,0.3450346986450966,0.8587978728962962,0.11940298507462686,0.0,0.38436974789915934,0.43320608250450054,0.1055365097993699,0.7747400500772238,2000,2000,2000,2000,paired_patient_cluster_label_swap,5000,5000,0.015796840631873626,0.4423115376924615,35,paired_raw_difference,0.43320608250450054,183,complete,
phase6_primary_seed_robustness,salt_and_pepper_s5,noise,salt_and_pepper,5,retention,iou,ratio,faster_rcnn,yolo11s,300,183,1,0.95,0.9542832319984784,0.8917926450983966,1.0336500453143274,0.8589466214367304,0.8034074135998283,0.9160209322710243,0.09533661056174803,0.021448835911415987,0.19463776498918986,2000,2000,1725,1725,paired_patient_cluster_label_swap,5000,5000,0.14277144571085784,1.0,34,paired_raw_difference,0.09533661056174803,183,complete,
phase6_primary_seed_robustness,salt_and_pepper_s5,noise,salt_and_pepper,5,retention,dice,ratio,faster_rcnn,yolo11s,300,183,1,0.95,0.9722015519132104,0.9333105335034705,1.0209059605446746,0.9173007246308538,0.8811091182201031,0.9515503897481845,0.05490082728235668,0.007797577388883962,0.12128606055476174,2000,2000,1725,1725,paired_patient_cluster_label_swap,5000,5000,0.1757648470305939,1.0,34,paired_raw_difference,0.05490082728235668,183,complete,
phase6_primary_seed_robustness,salt_and_pepper_s5,noise,salt_and_pepper,5,retention,map_50,ratio,faster_rcnn,yolo11s,300,183,1,0.95,0.23278119951187487,0.1315288714789439,0.4747139159703474,0.08200771947117245,0.03848928866078043,0.23222727135753538,0.1507734800407024,0.03140444321954637,0.3231350786773252,2000,2000,2000,2000,paired_patient_cluster_label_swap,5000,5000,0.22815436912617476,1.0,35,paired_raw_difference,0.1507734800407024,183,complete,
phase6_primary_seed_robustness,salt_and_pepper_s5,noise,salt_and_pepper,5,retention,map_50_95,ratio,faster_rcnn,yolo11s,300,183,1,0.95,0.20249582993497617,0.09966177073589946,0.45698718912890435,0.05701373615878153,0.027767155119169825,0.16610230002874782,0.14548209377619464,0.035797441479667305,0.3288802101441188,2000,2000,2000,2000,paired_patient_cluster_label_swap,5000,5000,0.29354129174165167,1.0,35,paired_raw_difference,0.14548209377619464,183,complete,
phase6_primary_seed_robustness,gaussian_blur_s1,blur,gaussian_blur,1,raw,precision,ratio,faster_rcnn,yolo11s,300,183,1,0.95,0.133086876155268,0.08546296296296298,0.1823821144824968,0.4523809523809524,0.27494318181818195,0.6216216216216216,-0.3192940762256844,-0.4824840988640332,-0.17269124453031132,2000,2000,2000,2000,paired_patient_cluster_label_swap,5000,5000,0.0001999600079984003,0.006998600279944011,35,paired_raw_difference,-0.3192940762256844,183,complete,
phase6_primary_seed_robustness,gaussian_blur_s1,blur,gaussian_blur,1,raw,recall,ratio,faster_rcnn,yolo11s,300,183,1,0.95,0.6486486486486487,0.5249938118811881,0.7522166034555414,0.17117117117117117,0.09277160983346552,0.2328767123287671,0.4774774774774775,0.3571251768033947,0.5887141577060931,2000,2000,2000,2000,paired_patient_cluster_label_swap,5000,5000,0.0001999600079984003,0.006998600279944011,35,paired_raw_difference,0.4774774774774775,183,complete,
phase6_primary_seed_robustness,gaussian_blur_s1,blur,gaussian_blur,1,raw,f1,ratio,faster_rcnn,yolo11s,300,183,1,0.95,0.22085889570552147,0.14801407942238268,0.29013780072646717,0.24836601307189543,0.1428290213723285,0.33155471501239075,-0.027507117366373957,-0.11691530166263979,0.060368407930106095,2000,2000,2000,2000,paired_patient_cluster_label_swap,5000,5000,0.6460707858428314,1.0,35,paired_raw_difference,-0.027507117366373957,183,complete,
phase6_primary_seed_robustness,gaussian_blur_s1,blur,gaussian_blur,1,raw,iou,ratio,faster_rcnn,yolo11s,300,183,1,0.95,0.6984009483060934,0.6730371304545912,0.7206565845778014,0.7004432586725541,0.6553190305763349,0.7448524458536219,-0.0020423103664606312,-0.054588067752063096,0.048374447892773155,2000,2000,2000,2000,paired_patient_cluster_label_swap,5000,5000,0.9258148370325935,1.0,34,paired_raw_difference,-0.0020423103664606312,183,complete,
phase6_primary_seed_robustness,gaussian_blur_s1,blur,gaussian_blur,1,raw,dice,ratio,faster_rcnn,yolo11s,300,183,1,0.95,0.8182576180804949,0.800069550595368,0.8333475332666498,0.8195002170171671,0.7881395667955229,0.8504354562125913,-0.0012425989366722234,-0.03810414312180537,0.03316218572390376,2000,2000,2000,2000,paired_patient_cluster_label_swap,5000,5000,0.9400119976004799,1.0,34,paired_raw_difference,-0.0012425989366722234,183,complete,
phase6_primary_seed_robustness,gaussian_blur_s1,blur,gaussian_blur,1,raw,map_50,ratio,faster_rcnn,yolo11s,300,183,1,0.95,0.34334037666894435,0.21251601865479622,0.4726976727167538,0.21072379674611305,0.10718415050657905,0.3114945894023033,0.1326165799228313,0.05441000398835252,0.21244834303379403,2000,2000,2000,2000,paired_patient_cluster_label_swap,5000,5000,0.2761447710457908,1.0,35,paired_raw_difference,0.1326165799228313,183,complete,
phase6_primary_seed_robustness,gaussian_blur_s1,blur,gaussian_blur,1,raw,map_50_95,ratio,faster_rcnn,yolo11s,300,183,1,0.95,0.14194239417222532,0.08664832254581212,0.20220862121003644,0.07363526986866809,0.03663282990391486,0.11455000073928825,0.06830712430355723,0.035508740632994154,0.10862110286407302,2000,2000,2000,2000,paired_patient_cluster_label_swap,5000,5000,0.15416916616676665,1.0,35,paired_raw_difference,0.06830712430355723,183,complete,
phase6_primary_seed_robustness,gaussian_blur_s1,blur,gaussian_blur,1,retention,precision,ratio,faster_rcnn,yolo11s,300,183,1,0.95,0.9246945291307582,0.8557101425438589,0.973592326846385,0.9761904761904762,0.8863490675990676,1.0937591911764706,-0.05149594705971794,-0.18549532357331452,0.05109864057440708,2000,2000,2000,2000,paired_patient_cluster_label_swap,5000,5000,0.3745250949810038,1.0,35,paired_raw_difference,-0.05149594705971794,183,complete,
phase6_primary_seed_robustness,gaussian_blur_s1,blur,gaussian_blur,1,retention,recall,ratio,faster_rcnn,yolo11s,300,183,1,0.95,0.935064935064935,0.864406779661017,0.983050847457627,1.0,0.8888888888888888,1.2,-0.06493506493506496,-0.28162172573189526,0.06823066684123236,2000,2000,2000,2000,paired_patient_cluster_label_swap,5000,5000,0.28114377124575085,1.0,35,paired_raw_difference,-0.06493506493506496,183,complete,
phase6_primary_seed_robustness,gaussian_blur_s1,blur,gaussian_blur,1,retention,f1,ratio,faster_rcnn,yolo11s,300,183,1,0.95,0.9264600430244601,0.85793359372916,0.9744123076897308,0.9934640522875817,0.8947358865573519,1.1657149041434753,-0.06700400926312167,-0.25427114851554383,0.05288122710005327,2000,2000,2000,2000,paired_patient_cluster_label_swap,5000,5000,0.23475304939012198,1.0,35,paired_raw_difference,-0.06700400926312167,183,complete,
phase6_primary_seed_robustness,gaussian_blur_s1,blur,gaussian_blur,1,retention,iou,ratio,faster_rcnn,yolo11s,300,183,1,0.95,1.0092446410434093,0.9977683509572117,1.0256028943770337,1.0091662547591072,0.9933444004622539,1.0236321370442236,7.838628430212324e-05,-0.0206657988673193,0.0254112549143843,2000,2000,2000,2000,paired_patient_cluster_label_swap,5000,5000,0.99500099980004,1.0,34,paired_raw_difference,7.838628430212324e-05,183,complete,
phase6_primary_seed_robustness,gaussian_blur_s1,blur,gaussian_blur,1,retention,dice,ratio,faster_rcnn,yolo11s,300,183,1,0.95,1.0062742687488089,0.9989785025252519,1.0165446674629275,1.006325789417772,0.9961875873302468,1.0155994477360741,-5.152066896307872e-05,-0.013699763602139124,0.01614774525184487,2000,2000,2000,2000,paired_patient_cluster_label_swap,5000,5000,0.9962007598480304,1.0,34,paired_raw_difference,-5.152066896307872e-05,183,complete,
phase6_primary_seed_robustness,gaussian_blur_s1,blur,gaussian_blur,1,retention,map_50,ratio,faster_rcnn,yolo11s,300,183,1,0.95,0.9089977461888084,0.8133543796088782,0.9838935292761656,0.9973400664998163,0.9632084981938389,1.0340039956261775,-0.08834232031100797,-0.19534374712990188,-0.008855854484511145,2000,2000,2000,2000,paired_patient_cluster_label_swap,5000,5000,0.2555488902219556,1.0,35,paired_raw_difference,-0.08834232031100797,183,complete,
phase6_primary_seed_robustness,gaussian_blur_s1,blur,gaussian_blur,1,retention,map_50_95,ratio,faster_rcnn,yolo11s,300,183,1,0.95,0.9603535150336192,0.9101014801912544,1.0098781013713005,0.965142149810651,0.8955946971018081,1.0154244451269756,-0.004788634777031842,-0.0748633733086856,0.08655675605070176,2000,2000,2000,2000,paired_patient_cluster_label_swap,5000,5000,0.9208158368326335,1.0,35,paired_raw_difference,-0.004788634777031842,183,complete,
phase6_primary_seed_robustness,gaussian_blur_s2,blur,gaussian_blur,2,raw,precision,ratio,faster_rcnn,yolo11s,300,183,1,0.95,0.13676731793960922,0.08673082869511442,0.18394936490602903,0.4,0.23251341681574247,0.5952507598784194,-0.2632326820603908,-0.4606739329155308,-0.12057108177367523,2000,2000,2000,2000,paired_patient_cluster_label_swap,5000,5000,0.0001999600079984003,0.006998600279944011,35,paired_raw_difference,-0.2632326820603908,183,complete,
phase6_primary_seed_robustness,gaussian_blur_s2,blur,gaussian_blur,2,raw,recall,ratio,faster_rcnn,yolo11s,300,183,1,0.95,0.6936936936936937,0.5888725490196078,0.7727521566025214,0.16216216216216217,0.08695652173913043,0.2253574076035158,0.5315315315315315,0.44303797468354433,0.6058530051250193,2000,2000,2000,2000,paired_patient_cluster_label_swap,5000,5000,0.0001999600079984003,0.006998600279944011,35,paired_raw_difference,0.5315315315315315,183,complete,
phase6_primary_seed_robustness,gaussian_blur_s2,blur,gaussian_blur,2,raw,f1,ratio,faster_rcnn,yolo11s,300,183,1,0.95,0.228486646884273,0.1514668186864619,0.2943488902618696,0.23076923076923078,0.13084112149532712,0.3158043413618792,-0.0022825838849577784,-0.09677854057197248,0.07805190944370727,2000,2000,2000,2000,paired_patient_cluster_label_swap,5000,5000,0.968006398720256,1.0,35,paired_raw_difference,-0.0022825838849577784,183,complete,
phase6_primary_seed_robustness,gaussian_blur_s2,blur,gaussian_blur,2,raw,iou,ratio,faster_rcnn,yolo11s,300,183,1,0.95,0.6883664020136037,0.661362317206451,0.7160793498420385,0.6914011310697034,0.6475448361608884,0.7310158601603887,-0.0030347290560996942,-0.04566831330664792,0.04613609836901036,2000,2000,2000,2000,paired_patient_cluster_label_swap,5000,5000,0.8972205558888222,1.0,34,paired_raw_difference,-0.0030347290560996942,183,complete,
phase6_primary_seed_robustness,gaussian_blur_s2,blur,gaussian_blur,2,raw,dice,ratio,faster_rcnn,yolo11s,300,183,1,0.95,0.8108765989735921,0.7913420335172563,0.8298393659142593,0.8130883382401942,0.782823981172336,0.840711818419706,-0.0022117392666021196,-0.032636975948546525,0.03218754226532466,2000,2000,2000,2000,paired_patient_cluster_label_swap,5000,5000,0.8968206358728255,1.0,34,paired_raw_difference,-0.0022117392666021196,183,complete,
phase6_primary_seed_robustness,gaussian_blur_s2,blur,gaussian_blur,2,raw,map_50,ratio,faster_rcnn,yolo11s,300,183,1,0.95,0.33439335633172546,0.19953554315486802,0.4679761562556438,0.2128185127808453,0.10836813719667426,0.30639505800214595,0.12157484355088016,0.056371597148360306,0.1951486358301479,2000,2000,2000,2000,paired_patient_cluster_label_swap,5000,5000,0.30813837232553487,1.0,35,paired_raw_difference,0.12157484355088016,183,complete,
phase6_primary_seed_robustness,gaussian_blur_s2,blur,gaussian_blur,2,raw,map_50_95,ratio,faster_rcnn,yolo11s,300,183,1,0.95,0.13139452724914807,0.07967121266949376,0.19217756152885015,0.07202232766485053,0.0341891845764302,0.11215018305442677,0.05937219958429754,0.028398846552539384,0.10151338640869047,2000,2000,2000,2000,paired_patient_cluster_label_swap,5000,5000,0.20535892821435714,1.0,35,paired_raw_difference,0.05937219958429754,183,complete,
phase6_primary_seed_robustness,gaussian_blur_s2,blur,gaussian_blur,2,retention,precision,ratio,faster_rcnn,yolo11s,300,183,1,0.95,0.950266429840142,0.8814815724029881,1.018693700097392,0.8631578947368421,0.7298904904838869,1.048297745601173,0.08710853510329986,-0.12976467978089684,0.24967920028581192,2000,2000,2000,2000,paired_patient_cluster_label_swap,5000,5000,0.2949410117976405,1.0,35,paired_raw_difference,0.08710853510329986,183,complete,
phase6_primary_seed_robustness,gaussian_blur_s2,blur,gaussian_blur,2,retention,recall,ratio,faster_rcnn,yolo11s,300,183,1,0.95,1.0,0.9361633933442445,1.0704266777133389,0.9473684210526316,0.7647058823529412,1.2693181818181813,0.05263157894736836,-0.318944805194805,0.2727284490871447,2000,2000,2000,2000,paired_patient_cluster_label_swap,5000,5000,0.6772645470905819,1.0,35,paired_raw_difference,0.05263157894736836,183,complete,
phase6_primary_seed_robustness,gaussian_blur_s2,blur,gaussian_blur,2,retention,f1,ratio,faster_rcnn,yolo11s,300,183,1,0.95,0.9584569732937684,0.8914644487378186,1.0246814832906572,0.9230769230769231,0.7617210304596584,1.2070419376541823,0.035380050216845316,-0.29130048685526544,0.22914321417126454,2000,2000,2000,2000,paired_patient_cluster_label_swap,5000,5000,0.6878624275144971,1.0,35,paired_raw_difference,0.035380050216845316,183,complete,
phase6_primary_seed_robustness,gaussian_blur_s2,blur,gaussian_blur,2,retention,iou,ratio,faster_rcnn,yolo11s,300,183,1,0.95,0.9947439275269684,0.9735660380707445,1.0246040448807363,0.9961387754664716,0.9311748941812601,1.0346484047469284,-0.0013948479395031743,-0.05097869217156926,0.0715841993487194,2000,2000,2000,2000,paired_patient_cluster_label_swap,5000,5000,0.9540091981603679,1.0,34,paired_raw_difference,-0.0013948479395031743,183,complete,
phase6_primary_seed_robustness,gaussian_blur_s2,blur,gaussian_blur,2,retention,dice,ratio,faster_rcnn,yolo11s,300,183,1,0.95,0.9971972623876056,0.9840020505530686,1.0150875481578754,0.9984521624950434,0.9570883165933568,1.0219165624910576,-0.0012549001074377841,-0.031995842782713814,0.045745582908967665,2000,2000,2000,2000,paired_patient_cluster_label_swap,5000,5000,0.9338132373525295,1.0,34,paired_raw_difference,-0.0012549001074377841,183,complete,
phase6_primary_seed_robustness,gaussian_blur_s2,blur,gaussian_blur,2,retention,map_50,ratio,faster_rcnn,yolo11s,300,183,1,0.95,0.8853104030323138,0.7709972605405092,0.9581143517402511,1.0072542017879875,0.9394312234120727,1.1523642123181514,-0.12194379875567374,-0.3470298513972569,-0.0135079622233653,2000,2000,2000,2000,paired_patient_cluster_label_swap,5000,5000,0.1329734053189362,1.0,35,paired_raw_difference,-0.12194379875567374,183,complete,
phase6_primary_seed_robustness,gaussian_blur_s2,blur,gaussian_blur,2,retention,map_50_95,ratio,faster_rcnn,yolo11s,300,183,1,0.95,0.8889887819335613,0.8115987898963204,0.959281913277147,0.944001214102949,0.8494471471173857,1.0373518287411376,-0.05501243216938767,-0.1685795648621535,0.042672313919360785,2000,2000,2000,2000,paired_patient_cluster_label_swap,5000,5000,0.3977204559088182,1.0,35,paired_raw_difference,-0.05501243216938767,183,complete,
phase6_primary_seed_robustness,gaussian_blur_s3,blur,gaussian_blur,3,raw,precision,ratio,faster_rcnn,yolo11s,300,183,1,0.95,0.12271973466003316,0.07662495711099675,0.16786724931703653,0.3584905660377358,0.19563891834570524,0.49366883116883026,-0.23577083137770266,-0.36607773123296256,-0.10482979066084114,2000,2000,2000,2000,paired_patient_cluster_label_swap,5000,5000,0.0001999600079984003,0.006998600279944011,35,paired_raw_difference,-0.23577083137770266,183,complete,
phase6_primary_seed_robustness,gaussian_blur_s3,blur,gaussian_blur,3,raw,recall,ratio,faster_rcnn,yolo11s,300,183,1,0.95,0.6666666666666666,0.5555253623188406,0.7519013880855985,0.17117117117117117,0.09090909090909091,0.23334677419354832,0.49549549549549543,0.4,0.5699308755760366,2000,2000,2000,2000,paired_patient_cluster_label_swap,5000,5000,0.0001999600079984003,0.006998600279944011,35,paired_raw_difference,0.49549549549549543,183,complete,
phase6_primary_seed_robustness,gaussian_blur_s3,blur,gaussian_blur,3,raw,f1,ratio,faster_rcnn,yolo11s,300,183,1,0.95,0.2072829131652661,0.1359452363090773,0.27217853942652326,0.23170731707317074,0.1272727272727273,0.30851063829787234,-0.02442440390790465,-0.10379915425850658,0.048828926747561036,2000,2000,2000,2000,paired_patient_cluster_label_swap,5000,5000,0.6382723455308938,1.0,35,paired_raw_difference,-0.02442440390790465,183,complete,
phase6_primary_seed_robustness,gaussian_blur_s3,blur,gaussian_blur,3,raw,iou,ratio,faster_rcnn,yolo11s,300,183,1,0.95,0.6860340121000198,0.6577558780787552,0.7096297280309581,0.7119140121903592,0.6467589709758972,0.7508201566314252,-0.025880000090339417,-0.06407521032123224,0.03532867060275024,2000,2000,2000,2000,paired_patient_cluster_label_swap,5000,5000,0.20395920815836832,1.0,34,paired_raw_difference,-0.025880000090339417,183,complete,
phase6_primary_seed_robustness,gaussian_blur_s3,blur,gaussian_blur,3,raw,dice,ratio,faster_rcnn,yolo11s,300,183,1,0.95,0.8097474850994771,0.7894946713761406,0.826286078485087,0.8272917072800212,0.781715525833998,0.8545617232504265,-0.017544222180544078,-0.04432740272788978,0.025068412575112557,2000,2000,2000,2000,paired_patient_cluster_label_swap,5000,5000,0.21455708858228353,1.0,34,paired_raw_difference,-0.017544222180544078,183,complete,
phase6_primary_seed_robustness,gaussian_blur_s3,blur,gaussian_blur,3,raw,map_50,ratio,faster_rcnn,yolo11s,300,183,1,0.95,0.29933085505396134,0.17628016709072478,0.4255043972463102,0.17411884441432388,0.09448816401823193,0.2632632829380983,0.12521201063963747,0.040564943824884556,0.21770612026254596,2000,2000,2000,2000,paired_patient_cluster_label_swap,5000,5000,0.27014597080583885,1.0,35,paired_raw_difference,0.12521201063963747,183,complete,
phase6_primary_seed_robustness,gaussian_blur_s3,blur,gaussian_blur,3,raw,map_50_95,ratio,faster_rcnn,yolo11s,300,183,1,0.95,0.11311596482982256,0.06291877920691885,0.16862815429011815,0.06430769749548144,0.029251686371719557,0.10742136586607402,0.04880826733434111,0.016914796916521056,0.08439592856978084,2000,2000,2000,2000,paired_patient_cluster_label_swap,5000,5000,0.2491501699660068,1.0,35,paired_raw_difference,0.04880826733434111,183,complete,
phase6_primary_seed_robustness,gaussian_blur_s3,blur,gaussian_blur,3,retention,precision,ratio,faster_rcnn,yolo11s,300,183,1,0.95,0.8526630914690616,0.7729302219519611,0.9196098476121484,0.7735849056603773,0.6159846153846155,0.9316450639204545,0.07907818580868431,-0.09745136501152124,0.2406576693029618,2000,2000,2000,2000,paired_patient_cluster_label_swap,5000,5000,0.2509498100379924,1.0,35,paired_raw_difference,0.07907818580868431,183,complete,
phase6_primary_seed_robustness,gaussian_blur_s3,blur,gaussian_blur,3,retention,recall,ratio,faster_rcnn,yolo11s,300,183,1,0.95,0.9610389610389609,0.888888888888889,1.0142908902691512,1.0,0.7999999999999999,1.3333333333333335,-0.038961038961039085,-0.3953936688311687,0.15801566080977825,2000,2000,2000,2000,paired_patient_cluster_label_swap,5000,5000,0.5552889422115577,1.0,35,paired_raw_difference,-0.038961038961039085,183,complete,
phase6_primary_seed_robustness,gaussian_blur_s3,blur,gaussian_blur,3,retention,f1,ratio,faster_rcnn,yolo11s,300,183,1,0.95,0.8695114409400122,0.7898280858395991,0.9342858481130992,0.926829268292683,0.7586157754101447,1.187624351968614,-0.05731782735267077,-0.33802962595266106,0.11408823013979183,2000,2000,2000,2000,paired_patient_cluster_label_swap,5000,5000,0.3695260947810438,1.0,35,paired_raw_difference,-0.05731782735267077,183,complete,
phase6_primary_seed_robustness,gaussian_blur_s3,blur,gaussian_blur,3,retention,iou,ratio,faster_rcnn,yolo11s,300,183,1,0.95,0.9913734395188729,0.9649878591102441,1.0217586711480613,1.0256927859570322,0.9456722467893168,1.071757281177814,-0.03431934643815926,-0.08942926915121785,0.05377659179160203,2000,2000,2000,2000,paired_patient_cluster_label_swap,5000,5000,0.2501499700059988,1.0,34,paired_raw_difference,-0.03431934643815926,183,complete,
phase6_primary_seed_robustness,gaussian_blur_s3,blur,gaussian_blur,3,retention,dice,ratio,faster_rcnn,yolo11s,300,183,1,0.95,0.9958087042942823,0.97971879289277,1.0134473098431775,1.0158935447724278,0.9656817696458847,1.044607043676114,-0.020084840478145516,-0.05408889892268221,0.03502296444202426,2000,2000,2000,2000,paired_patient_cluster_label_swap,5000,5000,0.2643471305738852,1.0,34,paired_raw_difference,-0.020084840478145516,183,complete,
phase6_primary_seed_robustness,gaussian_blur_s3,blur,gaussian_blur,3,retention,map_50,ratio,faster_rcnn,yolo11s,300,183,1,0.95,0.7924820123069166,0.6843785914540265,0.8761169018687569,0.8240915480290013,0.7061554002813671,1.0970444489545095,-0.03160953572208469,-0.36342442033405103,0.12664704845670474,2000,2000,2000,2000,paired_patient_cluster_label_swap,5000,5000,0.7224555088982204,1.0,35,paired_raw_difference,-0.03160953572208469,183,complete,
phase6_primary_seed_robustness,gaussian_blur_s3,blur,gaussian_blur,3,retention,map_50_95,ratio,faster_rcnn,yolo11s,300,183,1,0.95,0.7653197275151771,0.6621592768644364,0.8508091481104827,0.8428850674528618,0.7117308114688374,1.0295431571494387,-0.07756533993768477,-0.27804417262056796,0.0342656729167411,2000,2000,2000,2000,paired_patient_cluster_label_swap,5000,5000,0.3171365726854629,1.0,35,paired_raw_difference,-0.07756533993768477,183,complete,
phase6_primary_seed_robustness,gaussian_blur_s4,blur,gaussian_blur,4,raw,precision,ratio,faster_rcnn,yolo11s,300,183,1,0.95,0.11532385466034756,0.07284393756218639,0.15781455592105262,0.3508771929824561,0.20405771683673474,0.48488005050505034,-0.23555333832210856,-0.3656634348359767,-0.1097071045927216,2000,2000,2000,2000,paired_patient_cluster_label_swap,5000,5000,0.0001999600079984003,0.006998600279944011,35,paired_raw_difference,-0.23555333832210856,183,complete,
phase6_primary_seed_robustness,gaussian_blur_s4,blur,gaussian_blur,4,raw,recall,ratio,faster_rcnn,yolo11s,300,183,1,0.95,0.6576576576576577,0.5338841807909604,0.75,0.18018018018018017,0.10143829600351342,0.24273156651797423,0.47747747747747754,0.3697433321154549,0.5714285714285714,2000,2000,2000,2000,paired_patient_cluster_label_swap,5000,5000,0.0001999600079984003,0.006998600279944011,35,paired_raw_difference,0.47747747747747754,183,complete,
phase6_primary_seed_robustness,gaussian_blur_s4,blur,gaussian_blur,4,raw,f1,ratio,faster_rcnn,yolo11s,300,183,1,0.95,0.19623655913978497,0.1289169013682662,0.2593958412604166,0.23809523809523814,0.13836477987421383,0.3127975323678149,-0.04185867895545317,-0.12258288751285719,0.03255770414979144,2000,2000,2000,2000,paired_patient_cluster_label_swap,5000,5000,0.38852229554089185,1.0,35,paired_raw_difference,-0.04185867895545317,183,complete,
phase6_primary_seed_robustness,gaussian_blur_s4,blur,gaussian_blur,4,raw,iou,ratio,faster_rcnn,yolo11s,300,183,1,0.95,0.6836579327484159,0.6587962313756838,0.7112913005470517,0.7157027400774719,0.6616599467210132,0.7542548785547979,-0.03204480732905601,-0.07105288287866701,0.020654752549664087,2000,2000,2000,2000,paired_patient_cluster_label_swap,5000,5000,0.13377324535092983,1.0,34,paired_raw_difference,-0.03204480732905601,183,complete,
phase6_primary_seed_robustness,gaussian_blur_s4,blur,gaussian_blur,4,raw,dice,ratio,faster_rcnn,yolo11s,300,183,1,0.95,0.8075167693689708,0.7900783909042942,0.8263180222253216,0.8299904204854108,0.7918906736234425,0.8570550077761704,-0.022473651116440063,-0.049202812635719274,0.014099341117650677,2000,2000,2000,2000,paired_patient_cluster_label_swap,5000,5000,0.12297540491901619,1.0,34,paired_raw_difference,-0.022473651116440063,183,complete,
phase6_primary_seed_robustness,gaussian_blur_s4,blur,gaussian_blur,4,raw,map_50,ratio,faster_rcnn,yolo11s,300,183,1,0.95,0.2858380324792124,0.16927073028297038,0.4166309008619873,0.15998775768001816,0.0893851258566386,0.23998004248244817,0.12585027479919425,0.04590838803726762,0.2150967546691862,2000,2000,2000,2000,paired_patient_cluster_label_swap,5000,5000,0.2565486902619476,1.0,35,paired_raw_difference,0.12585027479919425,183,complete,
phase6_primary_seed_robustness,gaussian_blur_s4,blur,gaussian_blur,4,raw,map_50_95,ratio,faster_rcnn,yolo11s,300,183,1,0.95,0.11106635871629862,0.06696253006502913,0.16668232168651143,0.05900499618976325,0.029416529157890624,0.09828357648949011,0.05206136252653537,0.023489005044519007,0.086654730515922,2000,2000,2000,2000,paired_patient_cluster_label_swap,5000,5000,0.19916016796640673,1.0,35,paired_raw_difference,0.05206136252653537,183,complete,
phase6_primary_seed_robustness,gaussian_blur_s4,blur,gaussian_blur,4,retention,precision,ratio,faster_rcnn,yolo11s,300,183,1,0.95,0.8012761330296876,0.711056193630552,0.875323328368205,0.7571560480147737,0.5858462675535846,0.9412184873949577,0.044120085014913935,-0.1785032180292777,0.22195593671195243,2000,2000,2000,2000,paired_patient_cluster_label_swap,5000,5000,0.5788842231553689,1.0,35,paired_raw_difference,0.044120085014913935,183,complete,
phase6_primary_seed_robustness,gaussian_blur_s4,blur,gaussian_blur,4,retention,recall,ratio,faster_rcnn,yolo11s,300,183,1,0.95,0.9480519480519481,0.8641975308641976,1.01755980861244,1.0526315789473684,0.833088235294118,1.4446969696969685,-0.10457963089542022,-0.5207974137931034,0.1370916506333172,2000,2000,2000,2000,paired_patient_cluster_label_swap,5000,5000,0.20835832833433313,1.0,35,paired_raw_difference,-0.10457963089542022,183,complete,
phase6_primary_seed_robustness,gaussian_blur_s4,blur,gaussian_blur,4,retention,f1,ratio,faster_rcnn,yolo11s,300,183,1,0.95,0.8231741376902667,0.7323830572176165,0.8936190031023609,0.9523809523809526,0.7682291666666667,1.2478904028846813,-0.12920681469068585,-0.47420205500020657,0.06928228324365611,2000,2000,2000,2000,paired_patient_cluster_label_swap,5000,5000,0.07858428314337132,1.0,35,paired_raw_difference,-0.12920681469068585,183,complete,
phase6_primary_seed_robustness,gaussian_blur_s4,blur,gaussian_blur,4,retention,iou,ratio,faster_rcnn,yolo11s,300,183,1,0.95,0.9879398168153007,0.9620030550794076,1.0221628376209688,1.0311514098852357,0.961880156830974,1.066886132189917,-0.04321159306993494,-0.0915433822515065,0.03887930777766108,2000,2000,2000,2000,paired_patient_cluster_label_swap,5000,5000,0.17136572685462909,1.0,34,paired_raw_difference,-0.04321159306993494,183,complete,
phase6_primary_seed_robustness,gaussian_blur_s4,blur,gaussian_blur,4,retention,dice,ratio,faster_rcnn,yolo11s,300,183,1,0.95,0.9930654217498832,0.9769932237750526,1.0144960576546915,1.0192074971551506,0.9758562571609287,1.0408702948630228,-0.026142075405267362,-0.05668834899845652,0.0253258573837075,2000,2000,2000,2000,paired_patient_cluster_label_swap,5000,5000,0.1843631273745251,1.0,34,paired_raw_difference,-0.026142075405267362,183,complete,
phase6_primary_seed_robustness,gaussian_blur_s4,blur,gaussian_blur,4,retention,map_50,ratio,faster_rcnn,yolo11s,300,183,1,0.95,0.7567596034566509,0.6420773134674655,0.8484868614867814,0.7572101649060148,0.6447137091223741,1.0489161232277286,-0.0004505614493638399,-0.32254668800798025,0.14369334027773453,2000,2000,2000,2000,paired_patient_cluster_label_swap,5000,5000,0.9942011597680463,1.0,35,paired_raw_difference,-0.0004505614493638399,183,complete,
phase6_primary_seed_robustness,gaussian_blur_s4,blur,gaussian_blur,4,retention,map_50_95,ratio,faster_rcnn,yolo11s,300,183,1,0.95,0.751452507316194,0.657817411750916,0.8278633883737985,0.7733822253076161,0.6525444834325722,0.9973421914861902,-0.021929717991422182,-0.24885082739899161,0.09063388905895596,2000,2000,2000,2000,paired_patient_cluster_label_swap,5000,5000,0.7580483903219356,1.0,35,paired_raw_difference,-0.021929717991422182,183,complete,
phase6_primary_seed_robustness,gaussian_blur_s5,blur,gaussian_blur,5,raw,precision,ratio,faster_rcnn,yolo11s,300,183,1,0.95,0.11094674556213018,0.06907756290979976,0.15293047326457462,0.2727272727272727,0.14582386363636365,0.3968312324929971,-0.16178052716514252,-0.2746795587553459,-0.05540291034266943,2000,2000,2000,2000,paired_patient_cluster_label_swap,5000,5000,0.0001999600079984003,0.006998600279944011,35,paired_raw_difference,-0.16178052716514252,183,complete,
phase6_primary_seed_robustness,gaussian_blur_s5,blur,gaussian_blur,5,raw,recall,ratio,faster_rcnn,yolo11s,300,183,1,0.95,0.6756756756756757,0.552234919154229,0.7762237762237763,0.13513513513513514,0.07142857142857142,0.19166666666666668,0.5405405405405406,0.433732274229662,0.6287436490655053,2000,2000,2000,2000,paired_patient_cluster_label_swap,5000,5000,0.0001999600079984003,0.006998600279944011,35,paired_raw_difference,0.5405405405405406,183,complete,
phase6_primary_seed_robustness,gaussian_blur_s5,blur,gaussian_blur,5,raw,f1,ratio,faster_rcnn,yolo11s,300,183,1,0.95,0.19059720457433293,0.12408845450082565,0.25263378110548335,0.18072289156626506,0.09834919179181474,0.24752475247524755,0.009874313008067875,-0.06481213152001764,0.0733951086197744,2000,2000,2000,2000,paired_patient_cluster_label_swap,5000,5000,0.8676264747050589,1.0,35,paired_raw_difference,0.009874313008067875,183,complete,
phase6_primary_seed_robustness,gaussian_blur_s5,blur,gaussian_blur,5,raw,iou,ratio,faster_rcnn,yolo11s,300,183,1,0.95,0.667962178887869,0.6430495883898323,0.6907583072723145,0.7093165392002414,0.6533169876226542,0.7526652005302074,-0.041354360312372385,-0.07991518453382151,0.012960438971986616,2000,2000,2000,2000,paired_patient_cluster_label_swap,5000,5000,0.03459308138372325,1.0,34,paired_raw_difference,-0.041354360312372385,183,complete,
phase6_primary_seed_robustness,gaussian_blur_s5,blur,gaussian_blur,5,raw,dice,ratio,faster_rcnn,yolo11s,300,183,1,0.95,0.7968489757540537,0.7789671698928279,0.8130408119681928,0.8260511705954888,0.7868629597725089,0.8563599961195483,-0.02920219484143516,-0.05696320572452341,0.009899629292198939,2000,2000,2000,2000,paired_patient_cluster_label_swap,5000,5000,0.03719256148770246,1.0,34,paired_raw_difference,-0.02920219484143516,183,complete,
phase6_primary_seed_robustness,gaussian_blur_s5,blur,gaussian_blur,5,raw,map_50,ratio,faster_rcnn,yolo11s,300,183,1,0.95,0.2747410750603783,0.16776753278322915,0.4028879023585991,0.14895357422804587,0.08560340740368802,0.2272184882717333,0.12578750083233245,0.03800414899865623,0.2211175305977736,2000,2000,2000,2000,paired_patient_cluster_label_swap,5000,5000,0.23435312937412517,1.0,35,paired_raw_difference,0.12578750083233245,183,complete,
phase6_primary_seed_robustness,gaussian_blur_s5,blur,gaussian_blur,5,raw,map_50_95,ratio,faster_rcnn,yolo11s,300,183,1,0.95,0.10251796405367863,0.06118492123266914,0.1564370303117465,0.05301463072240288,0.02808816052815049,0.08510342916781857,0.04950333333127575,0.01949671234914188,0.09128090030443038,2000,2000,2000,2000,paired_patient_cluster_label_swap,5000,5000,0.1879624075184963,1.0,35,paired_raw_difference,0.04950333333127575,183,complete,
phase6_primary_seed_robustness,gaussian_blur_s5,blur,gaussian_blur,5,retention,precision,ratio,faster_rcnn,yolo11s,300,183,1,0.95,0.7708637516329824,0.6773075809818923,0.8454967142596926,0.5885167464114832,0.3761103573043872,0.8035789288323071,0.18234700522149916,-0.05743352157104651,0.3854428955327648,2000,2000,2000,2000,paired_patient_cluster_label_swap,5000,5000,0.07498500299940011,1.0,35,paired_raw_difference,0.18234700522149916,183,complete,
phase6_primary_seed_robustness,gaussian_blur_s5,blur,gaussian_blur,5,retention,recall,ratio,faster_rcnn,yolo11s,300,183,1,0.95,0.974025974025974,0.8833333333333333,1.0400135135135136,0.7894736842105263,0.5294117647058824,1.25,0.1845522898154477,-0.2952699335548172,0.43295977011494235,2000,2000,2000,2000,paired_patient_cluster_label_swap,5000,5000,0.07698460307938412,1.0,35,paired_raw_difference,0.1845522898154477,183,complete,
phase6_primary_seed_robustness,gaussian_blur_s5,blur,gaussian_blur,5,retention,f1,ratio,faster_rcnn,yolo11s,300,183,1,0.95,0.7995181438637601,0.7036522212978689,0.8718285846029971,0.7228915662650602,0.49134413762289875,1.0584739144017492,0.07662657759869984,-0.28743888495569814,0.3022110139226351,2000,2000,2000,2000,paired_patient_cluster_label_swap,5000,5000,0.4263147370525895,1.0,35,paired_raw_difference,0.07662657759869984,183,complete,
phase6_primary_seed_robustness,gaussian_blur_s5,blur,gaussian_blur,5,retention,iou,ratio,faster_rcnn,yolo11s,300,183,1,0.95,0.9652582103408052,0.9441320035652425,0.990303311874361,1.0219504669942616,0.9303576062794292,1.099044223212121,-0.05669225665345645,-0.1349713360615151,0.04603181207233758,2000,2000,2000,2000,paired_patient_cluster_label_swap,5000,5000,0.04339132173565287,1.0,34,paired_raw_difference,-0.05669225665345645,183,complete,
phase6_primary_seed_robustness,gaussian_blur_s5,blur,gaussian_blur,5,retention,dice,ratio,faster_rcnn,yolo11s,300,183,1,0.95,0.9799464162168875,0.9667399549073433,0.9958072674833147,1.0143701967214562,0.9571791221133569,1.0584863379883795,-0.034423780504568735,-0.07869412783328981,0.029173365699797168,2000,2000,2000,2000,paired_patient_cluster_label_swap,5000,5000,0.04899020195960808,1.0,34,paired_raw_difference,-0.034423780504568735,183,complete,
phase6_primary_seed_robustness,gaussian_blur_s5,blur,gaussian_blur,5,retention,map_50,ratio,faster_rcnn,yolo11s,300,183,1,0.95,0.727380276209627,0.6270427817798092,0.8327158683945318,0.7049861948196168,0.5635368556796556,1.0333228567900414,0.0223940813900102,-0.3419452252608911,0.19502009100298365,2000,2000,2000,2000,paired_patient_cluster_label_swap,5000,5000,0.829634073185363,1.0,35,paired_raw_difference,0.0223940813900102,183,complete,
phase6_primary_seed_robustness,gaussian_blur_s5,blur,gaussian_blur,5,retention,map_50_95,ratio,faster_rcnn,yolo11s,300,183,1,0.95,0.6936157989105235,0.601487458926354,0.8050754205256813,0.694866125405608,0.5377806199757916,1.0118806979506454,-0.0012503264950844972,-0.28387958737655383,0.15874593609963628,2000,2000,2000,2000,paired_patient_cluster_label_swap,5000,5000,0.9902019596080783,1.0,35,paired_raw_difference,-0.0012503264950844972,183,complete,
phase6_primary_seed_robustness,motion_blur_s1,blur,motion_blur,1,raw,precision,ratio,faster_rcnn,yolo11s,300,183,1,0.95,0.13043478260869565,0.08123648354471939,0.17684022304706698,0.46808510638297873,0.2608293075684381,0.6410714285714284,-0.33765032377428306,-0.49541104494026644,-0.16359111882619645,2000,2000,2000,2000,paired_patient_cluster_label_swap,5000,5000,0.0001999600079984003,0.006998600279944011,35,paired_raw_difference,-0.33765032377428306,183,complete,
phase6_primary_seed_robustness,motion_blur_s1,blur,motion_blur,1,raw,recall,ratio,faster_rcnn,yolo11s,300,183,1,0.95,0.6486486486486487,0.5277701465201465,0.7468487674883411,0.1981981981981982,0.09781099033816429,0.27028434684684677,0.4504504504504505,0.3467412023460411,0.5444696969696968,2000,2000,2000,2000,paired_patient_cluster_label_swap,5000,5000,0.0001999600079984003,0.006998600279944011,35,paired_raw_difference,0.4504504504504505,183,complete,
phase6_primary_seed_robustness,motion_blur_s1,blur,motion_blur,1,raw,f1,ratio,faster_rcnn,yolo11s,300,183,1,0.95,0.2171945701357466,0.14195423736038879,0.2820918387970411,0.2784810126582279,0.14675562969140957,0.3686935799507605,-0.06128644252248128,-0.1441175137465467,0.03563655987832988,2000,2000,2000,2000,paired_patient_cluster_label_swap,5000,5000,0.1807638472305539,1.0,35,paired_raw_difference,-0.06128644252248128,183,complete,
phase6_primary_seed_robustness,motion_blur_s1,blur,motion_blur,1,raw,iou,ratio,faster_rcnn,yolo11s,300,183,1,0.95,0.6936727635043847,0.6682480011067342,0.7189697481824618,0.6970626405830559,0.6516715601015491,0.7339315533795894,-0.003389877078671222,-0.0457277737859543,0.04617720323635369,2000,2000,2000,2000,paired_patient_cluster_label_swap,5000,5000,0.8792241551689662,1.0,34,paired_raw_difference,-0.003389877078671222,183,complete,
phase6_primary_seed_robustness,motion_blur_s1,blur,motion_blur,1,raw,dice,ratio,faster_rcnn,yolo11s,300,183,1,0.95,0.8144479893351111,0.7964263869392715,0.8315348907573511,0.8167161827345233,0.785987720381902,0.8424124705259294,-0.0022681933994121994,-0.0325053286793427,0.031528779432860414,2000,2000,2000,2000,paired_patient_cluster_label_swap,5000,5000,0.8798240351929614,1.0,34,paired_raw_difference,-0.0022681933994121994,183,complete,
phase6_primary_seed_robustness,motion_blur_s1,blur,motion_blur,1,raw,map_50,ratio,faster_rcnn,yolo11s,300,183,1,0.95,0.3238176406204834,0.19288323196366247,0.4590550165334305,0.20917381241759847,0.10220850565370994,0.30902342118629395,0.11464382820288493,0.03974580636470439,0.1956953413951551,2000,2000,2000,2000,paired_patient_cluster_label_swap,5000,5000,0.3375324935012997,1.0,35,paired_raw_difference,0.11464382820288493,183,complete,
phase6_primary_seed_robustness,motion_blur_s1,blur,motion_blur,1,raw,map_50_95,ratio,faster_rcnn,yolo11s,300,183,1,0.95,0.13201795849232148,0.07983264827200753,0.19519971229729177,0.07188097412930763,0.03260186921474179,0.11185359231883821,0.060136984363013846,0.025660910009465628,0.10802734325827476,2000,2000,2000,2000,paired_patient_cluster_label_swap,5000,5000,0.20255948810237953,1.0,35,paired_raw_difference,0.060136984363013846,183,complete,
phase6_primary_seed_robustness,motion_blur_s1,blur,motion_blur,1,retention,precision,ratio,faster_rcnn,yolo11s,300,183,1,0.95,0.9062676453980801,0.8311809109162402,0.9577064932919296,1.0100783874580066,0.8888888888888888,1.1131370384001964,-0.10381074205992646,-0.2369471226433035,0.015791683796757338,2000,2000,2000,2000,paired_patient_cluster_label_swap,5000,5000,0.05598880223955209,1.0,35,paired_raw_difference,-0.10381074205992646,183,complete,
phase6_primary_seed_robustness,motion_blur_s1,blur,motion_blur,1,retention,recall,ratio,faster_rcnn,yolo11s,300,183,1,0.95,0.935064935064935,0.8607521342360908,0.9848541383989144,1.1578947368421053,1.0,1.2941176470588236,-0.22282980177717027,-0.3766629204129206,-0.0900261622919885,2000,2000,2000,2000,paired_patient_cluster_label_swap,5000,5000,0.0001999600079984003,0.006998600279944011,35,paired_raw_difference,-0.22282980177717027,183,complete,
phase6_primary_seed_robustness,motion_blur_s1,blur,motion_blur,1,retention,f1,ratio,faster_rcnn,yolo11s,300,183,1,0.95,0.911088911088911,0.8370017526423221,0.9611156567910442,1.1139240506329116,0.9769230769230768,1.2350519518152085,-0.20283513954400056,-0.3495470759644396,-0.08335374176863522,2000,2000,2000,2000,paired_patient_cluster_label_swap,5000,5000,0.0001999600079984003,0.006998600279944011,35,paired_raw_difference,-0.20283513954400056,183,complete,
phase6_primary_seed_robustness,motion_blur_s1,blur,motion_blur,1,retention,iou,ratio,faster_rcnn,yolo11s,300,183,1,0.95,1.0024120398212013,0.9842393413090325,1.0312430461840643,1.004295616554072,0.9626844589991885,1.0277387264161952,-0.001883576732870651,-0.03772048841197594,0.06650329110124224,2000,2000,2000,2000,paired_patient_cluster_label_swap,5000,5000,0.9340131973605279,1.0,34,paired_raw_difference,-0.001883576732870651,183,complete,
phase6_primary_seed_robustness,motion_blur_s1,blur,motion_blur,1,retention,dice,ratio,faster_rcnn,yolo11s,300,183,1,0.95,1.0015892755446412,0.9900881307617954,1.0192676384787827,1.0029070648841225,0.9759102003997933,1.0174540549017435,-0.0013177893394813456,-0.023902164007473664,0.04231455658255081,2000,2000,2000,2000,paired_patient_cluster_label_swap,5000,5000,0.9238152369526095,1.0,34,paired_raw_difference,-0.0013177893394813456,183,complete,
phase6_primary_seed_robustness,motion_blur_s1,blur,motion_blur,1,retention,map_50,ratio,faster_rcnn,yolo11s,300,183,1,0.95,0.8573110694289667,0.7468509345335986,0.9385228483503549,0.9900041058862321,0.9288421857946062,1.0760834517621034,-0.13269303645726538,-0.2929489096562146,-0.03519423726263907,2000,2000,2000,2000,paired_patient_cluster_label_swap,5000,5000,0.09538092381523695,1.0,35,paired_raw_difference,-0.13269303645726538,183,complete,
phase6_primary_seed_robustness,motion_blur_s1,blur,motion_blur,1,retention,map_50_95,ratio,faster_rcnn,yolo11s,300,183,1,0.95,0.8932067915652497,0.7855923234864768,1.0303104162269103,0.9421484843523752,0.833116787269453,1.0174249217111455,-0.04894169278712546,-0.1947360623534179,0.14927241756654458,2000,2000,2000,2000,paired_patient_cluster_label_swap,5000,5000,0.6354729054189162,1.0,35,paired_raw_difference,-0.04894169278712546,183,complete,
phase6_primary_seed_robustness,motion_blur_s2,blur,motion_blur,2,raw,precision,ratio,faster_rcnn,yolo11s,300,183,1,0.95,0.1273996509598604,0.08102435149973129,0.1728468767274737,0.3877551020408163,0.23251341681574247,0.5610137195121949,-0.2603554510809559,-0.4204024776438254,-0.13103391430044545,2000,2000,2000,2000,paired_patient_cluster_label_swap,5000,5000,0.0001999600079984003,0.006998600279944011,35,paired_raw_difference,-0.2603554510809559,183,complete,
phase6_primary_seed_robustness,motion_blur_s2,blur,motion_blur,2,raw,recall,ratio,faster_rcnn,yolo11s,300,183,1,0.95,0.6576576576576577,0.5423552259887006,0.7482620320855614,0.17117117117117117,0.09598095238095242,0.23530462184873943,0.4864864864864865,0.3777672955974843,0.5833473154362415,2000,2000,2000,2000,paired_patient_cluster_label_swap,5000,5000,0.0001999600079984003,0.006998600279944011,35,paired_raw_difference,0.4864864864864865,183,complete,
phase6_primary_seed_robustness,motion_blur_s2,blur,motion_blur,2,raw,f1,ratio,faster_rcnn,yolo11s,300,183,1,0.95,0.21345029239766083,0.14214342841908822,0.27886721081206967,0.2375,0.13636363636363635,0.3191563238770685,-0.024049707602339154,-0.11302148759224748,0.05687661533212574,2000,2000,2000,2000,paired_patient_cluster_label_swap,5000,5000,0.6824635072985403,1.0,35,paired_raw_difference,-0.024049707602339154,183,complete,
phase6_primary_seed_robustness,motion_blur_s2,blur,motion_blur,2,raw,iou,ratio,faster_rcnn,yolo11s,300,183,1,0.95,0.6894088566341426,0.6640965826805689,0.7128700175722019,0.6956313847959855,0.6573710273163144,0.7293102629968297,-0.006222528161842877,-0.04736417628669542,0.036149746529495846,2000,2000,2000,2000,paired_patient_cluster_label_swap,5000,5000,0.7598480303939212,1.0,34,paired_raw_difference,-0.006222528161842877,183,complete,
phase6_primary_seed_robustness,motion_blur_s2,blur,motion_blur,2,raw,dice,ratio,faster_rcnn,yolo11s,300,183,1,0.95,0.8120714555224562,0.7937677168984907,0.8283837840585904,0.8161218602437534,0.7894396052046226,0.8401806181981173,-0.004050404721297252,-0.03284077402807654,0.02592982994861479,2000,2000,2000,2000,paired_patient_cluster_label_swap,5000,5000,0.7822435512897421,1.0,34,paired_raw_difference,-0.004050404721297252,183,complete,
phase6_primary_seed_robustness,motion_blur_s2,blur,motion_blur,2,raw,map_50,ratio,faster_rcnn,yolo11s,300,183,1,0.95,0.34261650620363693,0.21555029950587187,0.4634150390390001,0.1976733645817016,0.10578025658544593,0.2891440802523655,0.14494314162193533,0.08196212879166083,0.20922901831181878,2000,2000,2000,2000,paired_patient_cluster_label_swap,5000,5000,0.20775844831033793,1.0,35,paired_raw_difference,0.14494314162193533,183,complete,
phase6_primary_seed_robustness,motion_blur_s2,blur,motion_blur,2,raw,map_50_95,ratio,faster_rcnn,yolo11s,300,183,1,0.95,0.1340190040020085,0.08470347830848281,0.1850607195080386,0.06538309550770008,0.03221063467940868,0.10289777610097396,0.06863590849430842,0.04154693219401064,0.1022783358294279,2000,2000,2000,2000,paired_patient_cluster_label_swap,5000,5000,0.10277944411117776,1.0,35,paired_raw_difference,0.06863590849430842,183,complete,
phase6_primary_seed_robustness,motion_blur_s2,blur,motion_blur,2,retention,precision,ratio,faster_rcnn,yolo11s,300,183,1,0.95,0.8851793930327961,0.8114833525280827,0.9425091846435709,0.836734693877551,0.6862745098039216,1.0416666666666667,0.048444699155245186,-0.18198176185369724,0.20323434081689515,2000,2000,2000,2000,paired_patient_cluster_label_swap,5000,5000,0.5006998600279944,1.0,35,paired_raw_difference,0.048444699155245186,183,complete,
phase6_primary_seed_robustness,motion_blur_s2,blur,motion_blur,2,retention,recall,ratio,faster_rcnn,yolo11s,300,183,1,0.95,0.9480519480519481,0.8775353218210361,0.9896933515674311,1.0,0.7857142857142857,1.375,-0.051948051948051854,-0.45798491995425955,0.17083414208074524,2000,2000,2000,2000,paired_patient_cluster_label_swap,5000,5000,0.4923015396920616,1.0,35,paired_raw_difference,-0.051948051948051854,183,complete,
phase6_primary_seed_robustness,motion_blur_s2,blur,motion_blur,2,retention,f1,ratio,faster_rcnn,yolo11s,300,183,1,0.95,0.8953823953823953,0.8230134058600287,0.9495518704593626,0.95,0.7682427757427757,1.2500161498708011,-0.054617604617604676,-0.401405822051241,0.1419838817014415,2000,2000,2000,2000,paired_patient_cluster_label_swap,5000,5000,0.43691261747650467,1.0,35,paired_raw_difference,-0.054617604617604676,183,complete,
phase6_primary_seed_robustness,motion_blur_s2,blur,motion_blur,2,retention,iou,ratio,faster_rcnn,yolo11s,300,183,1,0.95,0.9962503569524462,0.9814490413443148,1.0178396934533218,1.0022335294051752,0.9427743771360811,1.0380810948986883,-0.0059831724527289465,-0.04338078473980428,0.058561761884733325,2000,2000,2000,2000,paired_patient_cluster_label_swap,5000,5000,0.7280543891221756,1.0,34,paired_raw_difference,-0.0059831724527289465,183,complete,
phase6_primary_seed_robustness,motion_blur_s2,blur,motion_blur,2,retention,dice,ratio,faster_rcnn,yolo11s,300,183,1,0.95,0.9986666692998059,0.9897178036652664,1.0116515574379146,1.0021772517159582,0.964231752471837,1.0235499634171354,-0.003510582416152319,-0.026139476532904556,0.037220890698900576,2000,2000,2000,2000,paired_patient_cluster_label_swap,5000,5000,0.7408518296340731,1.0,34,paired_raw_difference,-0.003510582416152319,183,complete,
phase6_primary_seed_robustness,motion_blur_s2,blur,motion_blur,2,retention,map_50,ratio,faster_rcnn,yolo11s,300,183,1,0.95,0.9070812904900033,0.8237115757878134,0.9706484957180681,0.9355733411290351,0.8222052532055157,1.1354384076173398,-0.02849205063903182,-0.27236876204881366,0.10500238756816936,2000,2000,2000,2000,paired_patient_cluster_label_swap,5000,5000,0.7064587082583483,1.0,35,paired_raw_difference,-0.02849205063903182,183,complete,
phase6_primary_seed_robustness,motion_blur_s2,blur,motion_blur,2,retention,map_50_95,ratio,faster_rcnn,yolo11s,300,183,1,0.95,0.9067454605455578,0.8309481640712145,0.9953251749888228,0.856980377367064,0.7142603665254607,1.017186803511044,0.04976508317849382,-0.13251907745835628,0.21768214881332998,2000,2000,2000,2000,paired_patient_cluster_label_swap,5000,5000,0.5208958208358329,1.0,35,paired_raw_difference,0.04976508317849382,183,complete,
phase6_primary_seed_robustness,motion_blur_s3,blur,motion_blur,3,raw,precision,ratio,faster_rcnn,yolo11s,300,183,1,0.95,0.12191103789126853,0.07760358703618254,0.1633921350345864,0.3584905660377358,0.16656976744186064,0.5,-0.2365795281464673,-0.35937053754376264,-0.07075494563921135,2000,2000,2000,2000,paired_patient_cluster_label_swap,5000,5000,0.0001999600079984003,0.006998600279944011,35,paired_raw_difference,-0.2365795281464673,183,complete,
phase6_primary_seed_robustness,motion_blur_s3,blur,motion_blur,3,raw,recall,ratio,faster_rcnn,yolo11s,300,183,1,0.95,0.6666666666666666,0.5507065217391305,0.7572948270631067,0.17117117117117117,0.07526881720430108,0.24638177486599164,0.49549549549549543,0.41738959260527214,0.5781455592105262,2000,2000,2000,2000,paired_patient_cluster_label_swap,5000,5000,0.0001999600079984003,0.006998600279944011,35,paired_raw_difference,0.49549549549549543,183,complete,
phase6_primary_seed_robustness,motion_blur_s3,blur,motion_blur,3,raw,f1,ratio,faster_rcnn,yolo11s,300,183,1,0.95,0.20612813370473534,0.13713665633198185,0.26649902968490774,0.23170731707317074,0.10606060606060606,0.3225806451612903,-0.0255791833684354,-0.09896408083877238,0.06594777821706907,2000,2000,2000,2000,paired_patient_cluster_label_swap,5000,5000,0.5614877024595081,1.0,35,paired_raw_difference,-0.0255791833684354,183,complete,
phase6_primary_seed_robustness,motion_blur_s3,blur,motion_blur,3,raw,iou,ratio,faster_rcnn,yolo11s,300,183,1,0.95,0.677074119099785,0.6560992801941483,0.7027609088443163,0.7114910944810159,0.6535449700524485,0.7627477548563941,-0.034416975381230897,-0.07313226731842953,0.02472233629380474,2000,2000,2000,2000,paired_patient_cluster_label_swap,5000,5000,0.10277944411117776,1.0,34,paired_raw_difference,-0.034416975381230897,183,complete,
phase6_primary_seed_robustness,motion_blur_s3,blur,motion_blur,3,raw,dice,ratio,faster_rcnn,yolo11s,300,183,1,0.95,0.8036061970500568,0.7888630604267222,0.821510933313889,0.826810451025368,0.7870093946914775,0.8628059020600978,-0.02320425397531123,-0.05034800022263013,0.017442827618939952,2000,2000,2000,2000,paired_patient_cluster_label_swap,5000,5000,0.10877824435112977,1.0,34,paired_raw_difference,-0.02320425397531123,183,complete,
phase6_primary_seed_robustness,motion_blur_s3,blur,motion_blur,3,raw,map_50,ratio,faster_rcnn,yolo11s,300,183,1,0.95,0.3045855536339739,0.1927623469757787,0.42025126338119895,0.15301451383543943,0.0817379978388023,0.23647182438730188,0.15157103979853445,0.07549993319769756,0.24102929029025985,2000,2000,2000,2000,paired_patient_cluster_label_swap,5000,5000,0.12337532493501299,1.0,35,paired_raw_difference,0.15157103979853445,183,complete,
phase6_primary_seed_robustness,motion_blur_s3,blur,motion_blur,3,raw,map_50_95,ratio,faster_rcnn,yolo11s,300,183,1,0.95,0.10850078738290944,0.07225785554576993,0.1600079818101806,0.05505163859607174,0.025166055298376205,0.0938791898277099,0.0534491487868377,0.02592024748503297,0.08951117766606179,2000,2000,2000,2000,paired_patient_cluster_label_swap,5000,5000,0.10057988402319536,1.0,35,paired_raw_difference,0.0534491487868377,183,complete,
phase6_primary_seed_robustness,motion_blur_s3,blur,motion_blur,3,retention,precision,ratio,faster_rcnn,yolo11s,300,183,1,0.95,0.8470442243094631,0.7636665420759597,0.9181314710098757,0.7735849056603773,0.5121605141727094,0.9821448412698414,0.07345931864908584,-0.15335504169495973,0.34112438145272644,2000,2000,2000,2000,paired_patient_cluster_label_swap,5000,5000,0.3789242151569686,1.0,35,paired_raw_difference,0.07345931864908584,183,complete,
phase6_primary_seed_robustness,motion_blur_s3,blur,motion_blur,3,retention,recall,ratio,faster_rcnn,yolo11s,300,183,1,0.95,0.9610389610389609,0.8811411744622738,1.0273972602739725,1.0,0.6666666666666667,1.2857142857142858,-0.038961038961039085,-0.34924430641821946,0.28729901051329615,2000,2000,2000,2000,paired_patient_cluster_label_swap,5000,5000,0.6414717056588682,1.0,35,paired_raw_difference,-0.038961038961039085,183,complete,
phase6_primary_seed_robustness,motion_blur_s3,blur,motion_blur,3,retention,f1,ratio,faster_rcnn,yolo11s,300,183,1,0.95,0.8646673660601235,0.781818102454017,0.9318868334332762,0.926829268292683,0.6388586956521739,1.1746993746993741,-0.06216190223255946,-0.3317413138030428,0.23685967545609263,2000,2000,2000,2000,paired_patient_cluster_label_swap,5000,5000,0.4455108978204359,1.0,35,paired_raw_difference,-0.06216190223255946,183,complete,
phase6_primary_seed_robustness,motion_blur_s3,blur,motion_blur,3,retention,iou,ratio,faster_rcnn,yolo11s,300,183,1,0.95,0.9784256850567096,0.9536111165941181,1.016124191178739,1.0250834656794436,0.942842710385094,1.0973075194426498,-0.04665778062273407,-0.12405929497580558,0.05675568757364028,2000,2000,2000,2000,paired_patient_cluster_label_swap,5000,5000,0.2491501699660068,1.0,34,paired_raw_difference,-0.04665778062273407,183,complete,
phase6_primary_seed_robustness,motion_blur_s3,blur,motion_blur,3,retention,dice,ratio,faster_rcnn,yolo11s,300,183,1,0.95,0.9882562904767328,0.9729827000882443,1.0111952543399074,1.0153025741169972,0.9642169334878126,1.0573058608332246,-0.0270462836402644,-0.07190876851937406,0.03703553991943548,2000,2000,2000,2000,paired_patient_cluster_label_swap,5000,5000,0.2709458108378324,1.0,34,paired_raw_difference,-0.0270462836402644,183,complete,
phase6_primary_seed_robustness,motion_blur_s3,blur,motion_blur,3,retention,map_50,ratio,faster_rcnn,yolo11s,300,183,1,0.95,0.8063938895305457,0.7121826817669935,0.9083329305828892,0.7242063201240663,0.5852110445683398,0.961594975179645,0.08218756940647942,-0.18332267022304782,0.2468386398257025,2000,2000,2000,2000,paired_patient_cluster_label_swap,5000,5000,0.33773245350929815,1.0,35,paired_raw_difference,0.08218756940647942,183,complete,
phase6_primary_seed_robustness,motion_blur_s3,blur,motion_blur,3,retention,map_50_95,ratio,faster_rcnn,yolo11s,300,183,1,0.95,0.7340943708520431,0.6417077209441486,0.9151907719693889,0.721565316729011,0.5737639571878137,0.9369796916560278,0.012529054123032068,-0.19399685220644552,0.22995386167352616,2000,2000,2000,2000,paired_patient_cluster_label_swap,5000,5000,0.9284143171365726,1.0,35,paired_raw_difference,0.012529054123032068,183,complete,
phase6_primary_seed_robustness,motion_blur_s4,blur,motion_blur,4,raw,precision,ratio,faster_rcnn,yolo11s,300,183,1,0.95,0.10923076923076923,0.06727060729197214,0.15129476575481754,0.3392857142857143,0.2,0.45652173913043476,-0.23005494505494506,-0.3374627821979538,-0.11640275774025156,2000,2000,2000,2000,paired_patient_cluster_label_swap,5000,5000,0.0001999600079984003,0.006998600279944011,35,paired_raw_difference,-0.23005494505494506,183,complete,
phase6_primary_seed_robustness,motion_blur_s4,blur,motion_blur,4,raw,recall,ratio,faster_rcnn,yolo11s,300,183,1,0.95,0.6396396396396397,0.5205342465753424,0.7352941176470589,0.17117117117117117,0.09562929061784901,0.23531727651690584,0.46846846846846846,0.36109496124031004,0.5504727579105037,2000,2000,2000,2000,paired_patient_cluster_label_swap,5000,5000,0.0001999600079984003,0.006998600279944011,35,paired_raw_difference,0.46846846846846846,183,complete,
phase6_primary_seed_robustness,motion_blur_s4,blur,motion_blur,4,raw,f1,ratio,faster_rcnn,yolo11s,300,183,1,0.95,0.1865965834428384,0.11991298140001545,0.25001361655773413,0.2275449101796407,0.13330578512396699,0.2978840954508052,-0.04094832673680232,-0.11466068540624334,0.02663643215849653,2000,2000,2000,2000,paired_patient_cluster_label_swap,5000,5000,0.40511897620475906,1.0,35,paired_raw_difference,-0.04094832673680232,183,complete,
phase6_primary_seed_robustness,motion_blur_s4,blur,motion_blur,4,raw,iou,ratio,faster_rcnn,yolo11s,300,183,1,0.95,0.6761103997627421,0.6567137863697996,0.6996111515904018,0.706430556284802,0.6638169940486117,0.7555814663722757,-0.030320156522059882,-0.07404507360381288,0.01224757161085623,2000,2000,2000,2000,paired_patient_cluster_label_swap,5000,5000,0.09978004399120176,1.0,34,paired_raw_difference,-0.030320156522059882,183,complete,
phase6_primary_seed_robustness,motion_blur_s4,blur,motion_blur,4,raw,dice,ratio,faster_rcnn,yolo11s,300,183,1,0.95,0.8029278352283393,0.7896214606131299,0.8193948223823411,0.8234522927225152,0.7934065165680997,0.8568287214014709,-0.020524457494175863,-0.0510969918161593,0.00979648116698138,2000,2000,2000,2000,paired_patient_cluster_label_swap,5000,5000,0.11237752449510098,1.0,34,paired_raw_difference,-0.020524457494175863,183,complete,
phase6_primary_seed_robustness,motion_blur_s4,blur,motion_blur,4,raw,map_50,ratio,faster_rcnn,yolo11s,300,183,1,0.95,0.28726710633647234,0.17468475094695876,0.40294020894414345,0.18459238776422024,0.11013923282414058,0.2591480397414738,0.1026747185722521,0.025304914989030595,0.18051318001033315,2000,2000,2000,2000,paired_patient_cluster_label_swap,5000,5000,0.3259348130373925,1.0,35,paired_raw_difference,0.1026747185722521,183,complete,
phase6_primary_seed_robustness,motion_blur_s4,blur,motion_blur,4,raw,map_50_95,ratio,faster_rcnn,yolo11s,300,183,1,0.95,0.11161355527215186,0.06871910113044116,0.16191452839030446,0.06243439719472023,0.036930326491712934,0.09217944635066253,0.04917915807743163,0.021325879087889084,0.08122828871979404,2000,2000,2000,2000,paired_patient_cluster_label_swap,5000,5000,0.20255948810237953,1.0,35,paired_raw_difference,0.04917915807743163,183,complete,
phase6_primary_seed_robustness,motion_blur_s4,blur,motion_blur,4,retention,precision,ratio,faster_rcnn,yolo11s,300,183,1,0.95,0.7589410589410589,0.6549705634801132,0.8334490213433865,0.7321428571428571,0.5112621980483123,1.0,0.026798201798201804,-0.28624227898360194,0.24924182741657996,2000,2000,2000,2000,paired_patient_cluster_label_swap,5000,5000,0.7740451909618077,1.0,35,paired_raw_difference,0.026798201798201804,183,complete,
phase6_primary_seed_robustness,motion_blur_s4,blur,motion_blur,4,retention,recall,ratio,faster_rcnn,yolo11s,300,183,1,0.95,0.922077922077922,0.8225716845878136,0.9892501715854496,1.0,0.6956521739130435,1.5386363636363627,-0.07792207792207795,-0.6655554699537748,0.2482393021866705,2000,2000,2000,2000,paired_patient_cluster_label_swap,5000,5000,0.46870625874825034,1.0,35,paired_raw_difference,-0.07792207792207795,183,complete,
phase6_primary_seed_robustness,motion_blur_s4,blur,motion_blur,4,retention,f1,ratio,faster_rcnn,yolo11s,300,183,1,0.95,0.7827363175589194,0.6759652540474161,0.8552737426675426,0.9101796407185628,0.6610016163000138,1.303991674275031,-0.12744332315964346,-0.5732571012412164,0.13387668471487413,2000,2000,2000,2000,paired_patient_cluster_label_swap,5000,5000,0.14837032593481303,1.0,35,paired_raw_difference,-0.12744332315964346,183,complete,
phase6_primary_seed_robustness,motion_blur_s4,blur,motion_blur,4,retention,iou,ratio,faster_rcnn,yolo11s,300,183,1,0.95,0.9770330343469139,0.9542822009458614,1.0129632101779127,1.0177924762733683,0.9478314620360851,1.0946730343285098,-0.04075944192645442,-0.12631065601728142,0.05474675248955881,2000,2000,2000,2000,paired_patient_cluster_label_swap,5000,5000,0.23715256948610278,1.0,34,paired_raw_difference,-0.04075944192645442,183,complete,
phase6_primary_seed_robustness,motion_blur_s4,blur,motion_blur,4,retention,dice,ratio,faster_rcnn,yolo11s,300,183,1,0.95,0.987422056818515,0.9731133188596467,1.0099392121969302,1.0111788396323271,0.9681586552858995,1.0544550632804832,-0.023756782813812105,-0.07245545783720707,0.03562521393231694,2000,2000,2000,2000,paired_patient_cluster_label_swap,5000,5000,0.264747050589882,1.0,34,paired_raw_difference,-0.023756782813812105,183,complete,
phase6_primary_seed_robustness,motion_blur_s4,blur,motion_blur,4,retention,map_50,ratio,faster_rcnn,yolo11s,300,183,1,0.95,0.7605430935546977,0.6363623826179493,0.8597779538576917,0.8736620501857162,0.6767037657310733,1.3378462670838036,-0.11311895663101845,-0.6345381399791228,0.12999546261894177,2000,2000,2000,2000,paired_patient_cluster_label_swap,5000,5000,0.3255348930213957,1.0,35,paired_raw_difference,-0.11311895663101845,183,complete,
phase6_primary_seed_robustness,motion_blur_s4,blur,motion_blur,4,retention,map_50_95,ratio,faster_rcnn,yolo11s,300,183,1,0.95,0.7551547284805794,0.6301819710680951,0.8931672806006126,0.8183316016647649,0.6264556944452637,1.2478264933147034,-0.06317687318418552,-0.5001021805404223,0.18955131423019625,2000,2000,2000,2000,paired_patient_cluster_label_swap,5000,5000,0.6200759848030394,1.0,35,paired_raw_difference,-0.06317687318418552,183,complete,
phase6_primary_seed_robustness,motion_blur_s5,blur,motion_blur,5,raw,precision,ratio,faster_rcnn,yolo11s,300,183,1,0.95,0.1130298273155416,0.06922566371681417,0.15498752215588915,0.2765957446808511,0.15,0.4102941176470586,-0.16356591736530945,-0.2887108132524638,-0.06122554712872174,2000,2000,2000,2000,paired_patient_cluster_label_swap,5000,5000,0.0001999600079984003,0.006998600279944011,35,paired_raw_difference,-0.16356591736530945,183,complete,
phase6_primary_seed_robustness,motion_blur_s5,blur,motion_blur,5,raw,recall,ratio,faster_rcnn,yolo11s,300,183,1,0.95,0.6486486486486487,0.5118788819875777,0.7414752163650669,0.11711711711711711,0.06185248822705868,0.17105559506875295,0.5315315315315315,0.40962486308871854,0.6145930815508021,2000,2000,2000,2000,paired_patient_cluster_label_swap,5000,5000,0.0001999600079984003,0.006998600279944011,35,paired_raw_difference,0.5315315315315315,183,complete,
phase6_primary_seed_robustness,motion_blur_s5,blur,motion_blur,5,raw,f1,ratio,faster_rcnn,yolo11s,300,183,1,0.95,0.19251336898395724,0.12275960627863033,0.25541911675296936,0.16455696202531647,0.09022556390977443,0.2311557788944724,0.027956406958640767,-0.04726807527964684,0.09209459243489726,2000,2000,2000,2000,paired_patient_cluster_label_swap,5000,5000,0.6578684263147371,1.0,35,paired_raw_difference,0.027956406958640767,183,complete,
phase6_primary_seed_robustness,motion_blur_s5,blur,motion_blur,5,raw,iou,ratio,faster_rcnn,yolo11s,300,183,1,0.95,0.6797199288315837,0.6498764457424471,0.7147623475087326,0.7165784163991211,0.6795572205705478,0.7581542780754805,-0.0368584875675374,-0.06997478596954691,-0.0030490290898870396,2000,2000,2000,2000,paired_patient_cluster_label_swap,5000,5000,0.15996800639872025,1.0,34,paired_raw_difference,-0.0368584875675374,183,complete,
phase6_primary_seed_robustness,motion_blur_s5,blur,motion_blur,5,raw,dice,ratio,faster_rcnn,yolo11s,300,183,1,0.95,0.8045542858071187,0.7836248546671402,0.8286402608930261,0.8309071593303001,0.8066441731499293,0.8594783065577459,-0.026352873523181386,-0.04873356773976747,-0.0035695288966800342,2000,2000,2000,2000,paired_patient_cluster_label_swap,5000,5000,0.14777044591081784,1.0,34,paired_raw_difference,-0.026352873523181386,183,complete,
phase6_primary_seed_robustness,motion_blur_s5,blur,motion_blur,5,raw,map_50,ratio,faster_rcnn,yolo11s,300,183,1,0.95,0.2884950041113767,0.1725899271151228,0.39991462196790145,0.12012829202392597,0.06740262784184627,0.19699141555319555,0.16836671208745072,0.09122195980926735,0.23236490879363172,2000,2000,2000,2000,paired_patient_cluster_label_swap,5000,5000,0.10657868426314737,1.0,35,paired_raw_difference,0.16836671208745072,183,complete,
phase6_primary_seed_robustness,motion_blur_s5,blur,motion_blur,5,raw,map_50_95,ratio,faster_rcnn,yolo11s,300,183,1,0.95,0.10032785510053324,0.06135932283305909,0.1455028640138269,0.04409507242747547,0.02442022617940192,0.07738841929456201,0.05623278267305777,0.026378171040619968,0.08501505648000023,2000,2000,2000,2000,paired_patient_cluster_label_swap,5000,5000,0.10537892421515697,1.0,35,paired_raw_difference,0.05623278267305777,183,complete,
phase6_primary_seed_robustness,motion_blur_s5,blur,motion_blur,5,retention,precision,ratio,faster_rcnn,yolo11s,300,183,1,0.95,0.7853371118677241,0.6639792266940304,0.8891195548332916,0.5968645016797313,0.3683941997851773,0.8802383814102561,0.18847261018799288,-0.12208703315486467,0.3999724527911975,2000,2000,2000,2000,paired_patient_cluster_label_swap,5000,5000,0.1205758848230354,1.0,35,paired_raw_difference,0.18847261018799288,183,complete,
phase6_primary_seed_robustness,motion_blur_s5,blur,motion_blur,5,retention,recall,ratio,faster_rcnn,yolo11s,300,183,1,0.95,0.935064935064935,0.8039054966248795,1.0512820512820513,0.6842105263157895,0.4443333333333335,1.1666666666666665,0.25085440874914555,-0.2667460317460318,0.4877705268153773,2000,2000,2000,2000,paired_patient_cluster_label_swap,5000,5000,0.07058588282343531,1.0,35,paired_raw_difference,0.25085440874914555,183,complete,
phase6_primary_seed_robustness,motion_blur_s5,blur,motion_blur,5,retention,f1,ratio,faster_rcnn,yolo11s,300,183,1,0.95,0.807556080283353,0.6827063907971065,0.9115527801613565,0.6582278481012659,0.43458762041401944,1.0377480397827692,0.14932823218208713,-0.25738350689213063,0.3614109181592608,2000,2000,2000,2000,paired_patient_cluster_label_swap,5000,5000,0.21955608878224356,1.0,35,paired_raw_difference,0.14932823218208713,183,complete,
phase6_primary_seed_robustness,motion_blur_s5,blur,motion_blur,5,retention,iou,ratio,faster_rcnn,yolo11s,300,183,1,0.95,0.9822490895058513,0.9561818954753672,1.0218051419240606,1.032413043833394,0.9695213882501073,1.0871768234351535,-0.050163954327542726,-0.10626514291092135,0.0225250590605031,2000,2000,2000,2000,paired_patient_cluster_label_swap,5000,5000,0.13977204559088183,1.0,34,paired_raw_difference,-0.050163954327542726,183,complete,
phase6_primary_seed_robustness,motion_blur_s5,blur,motion_blur,5,retention,dice,ratio,faster_rcnn,yolo11s,300,183,1,0.95,0.9894222280734515,0.9735499901506578,1.0138491215646188,1.0203332295498666,0.9814765909495552,1.0529115602240533,-0.030911001476415123,-0.06481313441087394,0.01595757497799603,2000,2000,2000,2000,paired_patient_cluster_label_swap,5000,5000,0.14097180563887224,1.0,34,paired_raw_difference,-0.030911001476415123,183,complete,
phase6_primary_seed_robustness,motion_blur_s5,blur,motion_blur,5,retention,map_50,ratio,faster_rcnn,yolo11s,300,183,1,0.95,0.7637939675729741,0.6262175020295669,0.9220800739309445,0.5685582767854226,0.4614209231175885,0.8579684853596317,0.19523569078755154,-0.06885790172749295,0.28703655343216483,2000,2000,2000,2000,paired_patient_cluster_label_swap,5000,5000,0.15036992601479704,1.0,35,paired_raw_difference,0.19523569078755154,183,complete,
phase6_primary_seed_robustness,motion_blur_s5,blur,motion_blur,5,retention,map_50_95,ratio,faster_rcnn,yolo11s,300,183,1,0.95,0.6787979649312842,0.5521135620366304,0.8441899262958373,0.5779569094350333,0.47912116037001384,0.8726560545312093,0.10084105549625089,-0.17446545828380736,0.2306445771683684,2000,2000,2000,2000,paired_patient_cluster_label_swap,5000,5000,0.41671665666866625,1.0,35,paired_raw_difference,0.10084105549625089,183,complete,
phase6_primary_seed_robustness,jpeg_s1,compression,jpeg,1,raw,precision,ratio,faster_rcnn,yolo11s,300,183,1,0.95,0.1425891181988743,0.09405834814250656,0.19237667668723518,0.47619047619047616,0.29163306451612914,0.6551993534482757,-0.33360135799160184,-0.5046985167961462,-0.17365350472815744,2000,2000,2000,2000,paired_patient_cluster_label_swap,5000,5000,0.0001999600079984003,0.006998600279944011,35,paired_raw_difference,-0.33360135799160184,183,complete,
phase6_primary_seed_robustness,jpeg_s1,compression,jpeg,1,raw,recall,ratio,faster_rcnn,yolo11s,300,183,1,0.95,0.6846846846846847,0.5714285714285714,0.7744592459409392,0.18018018018018017,0.09876108502869066,0.24528301886792453,0.5045045045045045,0.3978464076246334,0.6075949367088607,2000,2000,2000,2000,paired_patient_cluster_label_swap,5000,5000,0.0001999600079984003,0.006998600279944011,35,paired_raw_difference,0.5045045045045045,183,complete,
phase6_primary_seed_robustness,jpeg_s1,compression,jpeg,1,raw,f1,ratio,faster_rcnn,yolo11s,300,183,1,0.95,0.23602484472049687,0.16274647110534707,0.3059490084985836,0.261437908496732,0.1475289296046288,0.3467783080974325,-0.025413063776235117,-0.11658772709727383,0.06271318472809409,2000,2000,2000,2000,paired_patient_cluster_label_swap,5000,5000,0.6420715856828634,1.0,35,paired_raw_difference,-0.025413063776235117,183,complete,
phase6_primary_seed_robustness,jpeg_s1,compression,jpeg,1,raw,iou,ratio,faster_rcnn,yolo11s,300,183,1,0.95,0.6950131349929556,0.6667359316885524,0.7180491643444533,0.6949982691684342,0.6595268854846855,0.7335543093049168,1.486582452137064e-05,-0.04927935507198341,0.03822370454358321,2000,2000,2000,2000,paired_patient_cluster_label_swap,5000,5000,0.9994001199760048,1.0,34,paired_raw_difference,1.486582452137064e-05,183,complete,
phase6_primary_seed_robustness,jpeg_s1,compression,jpeg,1,raw,dice,ratio,faster_rcnn,yolo11s,300,183,1,0.95,0.8154405212150304,0.7953852428931523,0.8311758860114933,0.8156498485840631,0.7924414306644325,0.8433125174895564,-0.00020932736903267468,-0.037099008079929226,0.026117094211268354,2000,2000,2000,2000,paired_patient_cluster_label_swap,5000,5000,0.9892021595680864,1.0,34,paired_raw_difference,-0.00020932736903267468,183,complete,
phase6_primary_seed_robustness,jpeg_s1,compression,jpeg,1,raw,map_50,ratio,faster_rcnn,yolo11s,300,183,1,0.95,0.37178792275912953,0.23959492531677404,0.4983910372268017,0.2084439794392217,0.1061591546840156,0.30521920708129047,0.16334394331990784,0.0902007769108807,0.2386268174080976,2000,2000,2000,2000,paired_patient_cluster_label_swap,5000,5000,0.17236552689462106,1.0,35,paired_raw_difference,0.16334394331990784,183,complete,
phase6_primary_seed_robustness,jpeg_s1,compression,jpeg,1,raw,map_50_95,ratio,faster_rcnn,yolo11s,300,183,1,0.95,0.14585536652957173,0.09111274688857503,0.20709648463719038,0.07297738029369141,0.035745282725670825,0.11206549034467778,0.07287798623588032,0.03861206849447708,0.11439288090298379,2000,2000,2000,2000,paired_patient_cluster_label_swap,5000,5000,0.13457308538292342,1.0,35,paired_raw_difference,0.07287798623588032,183,complete,
phase6_primary_seed_robustness,jpeg_s1,compression,jpeg,1,retention,precision,ratio,faster_rcnn,yolo11s,300,183,1,0.95,0.9907166004726979,0.960862350737442,1.0116071134031952,1.0275689223057642,1.0,1.1189633895516244,-0.036852321833066304,-0.1361746547350689,0.0064526602429827214,2000,2000,2000,2000,paired_patient_cluster_label_swap,5000,5000,0.20935812837432513,1.0,35,paired_raw_difference,-0.036852321833066304,183,complete,
phase6_primary_seed_robustness,jpeg_s1,compression,jpeg,1,retention,recall,ratio,faster_rcnn,yolo11s,300,183,1,0.95,0.987012987012987,0.9531063988095239,1.0,1.0526315789473684,1.0,1.222222222222222,-0.06561859193438135,-0.23125464875215618,0.0,2000,2000,2000,2000,paired_patient_cluster_label_swap,5000,5000,0.0001999600079984003,0.006998600279944011,35,paired_raw_difference,-0.06561859193438135,183,complete,
phase6_primary_seed_robustness,jpeg_s1,compression,jpeg,1,retention,f1,ratio,faster_rcnn,yolo11s,300,183,1,0.95,0.9900782447366295,0.9601178242167204,1.0096721188334492,1.045751633986928,1.0,1.1880067901234568,-0.05567338925029841,-0.20228494247130804,0.005326944707369337,2000,2000,2000,2000,paired_patient_cluster_label_swap,5000,5000,0.010597880423915218,0.3073385322935413,35,paired_raw_difference,-0.05567338925029841,183,complete,
phase6_primary_seed_robustness,jpeg_s1,compression,jpeg,1,retention,iou,ratio,faster_rcnn,yolo11s,300,183,1,0.95,1.0043489826978234,0.9987586427074271,1.0136250816425705,1.0013213656877369,0.9862055525738872,1.0143307059386217,0.0030276170100864697,-0.012869771079373891,0.021758363223670224,2000,2000,2000,2000,paired_patient_cluster_label_swap,5000,5000,0.7906418716256749,1.0,34,paired_raw_difference,0.0030276170100864697,183,complete,
phase6_primary_seed_robustness,jpeg_s1,compression,jpeg,1,retention,dice,ratio,faster_rcnn,yolo11s,300,183,1,0.95,1.002809868264595,0.999274567741194,1.0087795254831284,1.0015976331921446,0.9928331434954007,1.0094762923085026,0.001212235072450385,-0.00858527864769424,0.012245694947792587,2000,2000,2000,2000,paired_patient_cluster_label_swap,5000,5000,0.9226154769046191,1.0,34,paired_raw_difference,0.001212235072450385,183,complete,
phase6_primary_seed_robustness,jpeg_s1,compression,jpeg,1,retention,map_50,ratio,faster_rcnn,yolo11s,300,183,1,0.95,0.9843129640826657,0.9560889279538177,1.003176810503301,0.9865498606494445,0.954790579652631,1.038110367512134,-0.0022368965667788343,-0.05724121016748922,0.03377836574154228,2000,2000,2000,2000,paired_patient_cluster_label_swap,5000,5000,0.9426114777044591,1.0,35,paired_raw_difference,-0.0022368965667788343,183,complete,
phase6_primary_seed_robustness,jpeg_s1,compression,jpeg,1,retention,map_50_95,ratio,faster_rcnn,yolo11s,300,183,1,0.95,0.9868278941613058,0.9597226643985709,1.0137909812002615,0.9565191494486849,0.9191348224065397,1.0186576999961885,0.030308744712620905,-0.027015228653782895,0.07313310079912162,2000,2000,2000,2000,paired_patient_cluster_label_swap,5000,5000,0.15196960607878424,1.0,35,paired_raw_difference,0.030308744712620905,183,complete,
phase6_primary_seed_robustness,jpeg_s2,compression,jpeg,2,raw,precision,ratio,faster_rcnn,yolo11s,300,183,1,0.95,0.13594040968342644,0.08893209597773057,0.18129190777992096,0.4318181818181818,0.24390243902439024,0.584622641509434,-0.2958777721347554,-0.43568970974635196,-0.13923680503227115,2000,2000,2000,2000,paired_patient_cluster_label_swap,5000,5000,0.0001999600079984003,0.006998600279944011,35,paired_raw_difference,-0.2958777721347554,183,complete,
phase6_primary_seed_robustness,jpeg_s2,compression,jpeg,2,raw,recall,ratio,faster_rcnn,yolo11s,300,183,1,0.95,0.6576576576576577,0.55,0.7514159385198441,0.17117117117117117,0.08602150537634409,0.23637559808612432,0.4864864864864865,0.37669819027271584,0.5789596655189375,2000,2000,2000,2000,paired_patient_cluster_label_swap,5000,5000,0.0001999600079984003,0.006998600279944011,35,paired_raw_difference,0.4864864864864865,183,complete,
phase6_primary_seed_robustness,jpeg_s2,compression,jpeg,2,raw,f1,ratio,faster_rcnn,yolo11s,300,183,1,0.95,0.22530864197530864,0.15482995487911644,0.290504145981847,0.24516129032258066,0.1300760215394362,0.32343476994758297,-0.019852648347272017,-0.10507352310529254,0.06869240649687032,2000,2000,2000,2000,paired_patient_cluster_label_swap,5000,5000,0.7054589082183563,1.0,35,paired_raw_difference,-0.019852648347272017,183,complete,
phase6_primary_seed_robustness,jpeg_s2,compression,jpeg,2,raw,iou,ratio,faster_rcnn,yolo11s,300,183,1,0.95,0.6943660296929348,0.6712735982939295,0.7187568124236252,0.6958351365252483,0.6579822713578638,0.7349322241230278,-0.0014691068323134937,-0.04244621622821397,0.03660691811815639,2000,2000,2000,2000,paired_patient_cluster_label_swap,5000,5000,0.9354129174165167,1.0,34,paired_raw_difference,-0.0014691068323134937,183,complete,
phase6_primary_seed_robustness,jpeg_s2,compression,jpeg,2,raw,dice,ratio,faster_rcnn,yolo11s,300,183,1,0.95,0.8156138625257721,0.799407527799748,0.8322728344403832,0.8164173352440919,0.7904955160147725,0.8444608103386445,-0.0008034727183198198,-0.030427750894474873,0.02532915835244222,2000,2000,2000,2000,paired_patient_cluster_label_swap,5000,5000,0.9532093581283744,1.0,34,paired_raw_difference,-0.0008034727183198198,183,complete,
phase6_primary_seed_robustness,jpeg_s2,compression,jpeg,2,raw,map_50,ratio,faster_rcnn,yolo11s,300,183,1,0.95,0.3402617578492035,0.20864825458414588,0.47417865350483984,0.20528516613312897,0.10287839555543213,0.3023334808778553,0.1349765917160745,0.03121537733446599,0.24643975048693895,2000,2000,2000,2000,paired_patient_cluster_label_swap,5000,5000,0.2663467306538692,1.0,35,paired_raw_difference,0.1349765917160745,183,complete,
phase6_primary_seed_robustness,jpeg_s2,compression,jpeg,2,raw,map_50_95,ratio,faster_rcnn,yolo11s,300,183,1,0.95,0.13821070291095755,0.08583802106296097,0.19889010934207954,0.0742412234153004,0.034790793148024086,0.1147971801136332,0.06396947949565715,0.02952106883399709,0.1097592490470964,2000,2000,2000,2000,paired_patient_cluster_label_swap,5000,5000,0.16536692661467706,1.0,35,paired_raw_difference,0.06396947949565715,183,complete,
phase6_primary_seed_robustness,jpeg_s2,compression,jpeg,2,retention,precision,ratio,faster_rcnn,yolo11s,300,183,1,0.95,0.9445210283199109,0.8867012390271481,0.9985236285550346,0.9318181818181818,0.7741935483870968,1.1,0.012702846501729148,-0.16541464843625117,0.18882551146668625,2000,2000,2000,2000,paired_patient_cluster_label_swap,5000,5000,0.8300339932013597,1.0,35,paired_raw_difference,0.012702846501729148,183,complete,
phase6_primary_seed_robustness,jpeg_s2,compression,jpeg,2,retention,recall,ratio,faster_rcnn,yolo11s,300,183,1,0.95,0.9480519480519481,0.8813559322033899,0.98863955566905,1.0,0.8274847870182558,1.2,-0.051948051948051854,-0.2651715092816788,0.12527568922305773,2000,2000,2000,2000,paired_patient_cluster_label_swap,5000,5000,0.3099380123975205,1.0,35,paired_raw_difference,-0.051948051948051854,183,complete,
phase6_primary_seed_robustness,jpeg_s2,compression,jpeg,2,retention,f1,ratio,faster_rcnn,yolo11s,300,183,1,0.95,0.9451258617925283,0.8876358392770222,0.9961366821226479,0.9806451612903226,0.8239400259652294,1.1486932880203906,-0.03551929949779431,-0.21912601922052283,0.1372029306253461,2000,2000,2000,2000,paired_patient_cluster_label_swap,5000,5000,0.5142971405718856,1.0,35,paired_raw_difference,-0.03551929949779431,183,complete,
phase6_primary_seed_robustness,jpeg_s2,compression,jpeg,2,retention,iou,ratio,faster_rcnn,yolo11s,300,183,1,0.95,1.0034138643280377,0.9894061589498292,1.021404717237156,1.0025270854741,0.9683815551888738,1.03283770189447,0.0008867788539377308,-0.031654156800450285,0.03958460978728333,2000,2000,2000,2000,paired_patient_cluster_label_swap,5000,5000,0.9478104379124175,1.0,34,paired_raw_difference,0.0008867788539377308,183,complete,
phase6_primary_seed_robustness,jpeg_s2,compression,jpeg,2,retention,dice,ratio,faster_rcnn,yolo11s,300,183,1,0.95,1.0030230393941466,0.9943836003294979,1.0140400767907096,1.002540087633258,0.981798347044167,1.0214540123980014,0.0004829517608886391,-0.01991642928477332,0.024340564983059636,2000,2000,2000,2000,paired_patient_cluster_label_swap,5000,5000,0.9590081983603279,1.0,34,paired_raw_difference,0.0004829517608886391,183,complete,
phase6_primary_seed_robustness,jpeg_s2,compression,jpeg,2,retention,map_50,ratio,faster_rcnn,yolo11s,300,183,1,0.95,0.900847066109555,0.8137857737698135,0.9678790653727296,0.9715994320722927,0.8138234076867229,1.1251071585798118,-0.0707523659627377,-0.2870209689334047,0.11282148366735148,2000,2000,2000,2000,paired_patient_cluster_label_swap,5000,5000,0.40251949610077986,1.0,35,paired_raw_difference,-0.0707523659627377,183,complete,
phase6_primary_seed_robustness,jpeg_s2,compression,jpeg,2,retention,map_50_95,ratio,faster_rcnn,yolo11s,300,183,1,0.95,0.9351056471173544,0.8801386153580645,0.9927782070803788,0.9730844213569518,0.8799485293853152,1.0623106681833459,-0.03797877423959739,-0.13702594110159352,0.06191684137268585,2000,2000,2000,2000,paired_patient_cluster_label_swap,5000,5000,0.4657068586282743,1.0,35,paired_raw_difference,-0.03797877423959739,183,complete,
phase6_primary_seed_robustness,jpeg_s3,compression,jpeg,3,raw,precision,ratio,faster_rcnn,yolo11s,300,183,1,0.95,0.14035087719298245,0.08830000889781496,0.18710699996077354,0.3953488372093023,0.15789473684210525,0.5667045454545452,-0.25499796001631986,-0.4212562656641604,-0.061994911076391976,2000,2000,2000,2000,paired_patient_cluster_label_swap,5000,5000,0.0001999600079984003,0.006998600279944011,35,paired_raw_difference,-0.25499796001631986,183,complete,
phase6_primary_seed_robustness,jpeg_s3,compression,jpeg,3,raw,recall,ratio,faster_rcnn,yolo11s,300,183,1,0.95,0.6486486486486487,0.5217275670675301,0.744450354609929,0.15315315315315314,0.050617088607594965,0.23485962566844915,0.49549549549549554,0.40909090909090906,0.5686679630529895,2000,2000,2000,2000,paired_patient_cluster_label_swap,5000,5000,0.0001999600079984003,0.006998600279944011,35,paired_raw_difference,0.49549549549549554,183,complete,
phase6_primary_seed_robustness,jpeg_s3,compression,jpeg,3,raw,f1,ratio,faster_rcnn,yolo11s,300,183,1,0.95,0.23076923076923078,0.15323836023350035,0.29793837992246475,0.22077922077922074,0.07765123226288277,0.32541005291005287,0.00999000999001004,-0.08222677152342323,0.1122043831977418,2000,2000,2000,2000,paired_patient_cluster_label_swap,5000,5000,0.8514297140571886,1.0,35,paired_raw_difference,0.00999000999001004,183,complete,
phase6_primary_seed_robustness,jpeg_s3,compression,jpeg,3,raw,iou,ratio,faster_rcnn,yolo11s,300,183,1,0.95,0.691504619458356,0.6648486607729457,0.7158243250546007,0.72460236618427,0.6814833272922898,0.7808902309365212,-0.033097746725914035,-0.0994349348027227,0.019847446167428638,2000,2000,1999,1999,paired_patient_cluster_label_swap,5000,5000,0.13597280543891221,1.0,34,paired_raw_difference,-0.033097746725914035,183,complete,
phase6_primary_seed_robustness,jpeg_s3,compression,jpeg,3,raw,dice,ratio,faster_rcnn,yolo11s,300,183,1,0.95,0.8128200922697588,0.7942019387843108,0.8296259851969346,0.8360014211630021,0.8069843461218248,0.8745283194675113,-0.023181328893243314,-0.07075256969703345,0.012194262623758459,2000,2000,1999,1999,paired_patient_cluster_label_swap,5000,5000,0.1285742851429714,1.0,34,paired_raw_difference,-0.023181328893243314,183,complete,
phase6_primary_seed_robustness,jpeg_s3,compression,jpeg,3,raw,map_50,ratio,faster_rcnn,yolo11s,300,183,1,0.95,0.29874491763910244,0.17211137126373746,0.4246253368135293,0.20521836269631746,0.10205004892474179,0.3069140125695081,0.09352655494278497,0.027194231800348627,0.16372459093378838,2000,2000,2000,2000,paired_patient_cluster_label_swap,5000,5000,0.4055188962207559,1.0,35,paired_raw_difference,0.09352655494278497,183,complete,
phase6_primary_seed_robustness,jpeg_s3,compression,jpeg,3,raw,map_50_95,ratio,faster_rcnn,yolo11s,300,183,1,0.95,0.11934226838764787,0.07041764590536878,0.17724985557010597,0.07452803965230198,0.03489911938358706,0.11881896815510803,0.04481422873534589,0.011469034544589531,0.08418143994200518,2000,2000,2000,2000,paired_patient_cluster_label_swap,5000,5000,0.3111377724455109,1.0,35,paired_raw_difference,0.04481422873534589,183,complete,
phase6_primary_seed_robustness,jpeg_s3,compression,jpeg,3,retention,precision,ratio,faster_rcnn,yolo11s,300,183,1,0.95,0.9751651856915013,0.8962489569687944,1.0419449077322116,0.8531211750305997,0.5112566572681705,1.0171212121212119,0.12204401066090165,-0.06600234208965262,0.46171190526126504,2000,2000,2000,2000,paired_patient_cluster_label_swap,5000,5000,0.16996600679864027,1.0,35,paired_raw_difference,0.12204401066090165,183,complete,
phase6_primary_seed_robustness,jpeg_s3,compression,jpeg,3,retention,recall,ratio,faster_rcnn,yolo11s,300,183,1,0.95,0.935064935064935,0.8484848484848485,1.0,0.894736842105263,0.46666666666666673,1.2175120772946855,0.04032809295967199,-0.299275418704133,0.45368070953436795,2000,2000,2000,2000,paired_patient_cluster_label_swap,5000,5000,0.7022595480903819,1.0,35,paired_raw_difference,0.04032809295967199,183,complete,
phase6_primary_seed_robustness,jpeg_s3,compression,jpeg,3,retention,f1,ratio,faster_rcnn,yolo11s,300,183,1,0.95,0.968031968031968,0.8879774532540636,1.0321416132004728,0.883116883116883,0.4824251930501932,1.1476304301248044,0.08491508491508504,-0.1971044450904506,0.48493156219191974,2000,2000,2000,2000,paired_patient_cluster_label_swap,5000,5000,0.3749250149970006,1.0,35,paired_raw_difference,0.08491508491508504,183,complete,
phase6_primary_seed_robustness,jpeg_s3,compression,jpeg,3,retention,iou,ratio,faster_rcnn,yolo11s,300,183,1,0.95,0.999278900089974,0.9778459792369913,1.0237883729879151,1.043973579612409,0.9982882819778175,1.1124638110717378,-0.044694679522435,-0.11659516498446325,0.007759903221787183,2000,2000,1999,1999,paired_patient_cluster_label_swap,5000,5000,0.04359128174365127,1.0,34,paired_raw_difference,-0.044694679522435,183,complete,
phase6_primary_seed_robustness,jpeg_s3,compression,jpeg,3,retention,dice,ratio,faster_rcnn,yolo11s,300,183,1,0.95,0.9995873254340165,0.9861968195209738,1.014260588058336,1.0265888557886909,0.9981085761715298,1.0657816019604929,-0.02700153035467434,-0.06864144086453684,0.004398544042356249,2000,2000,1999,1999,paired_patient_cluster_label_swap,5000,5000,0.04599080183963208,1.0,34,paired_raw_difference,-0.02700153035467434,183,complete,
phase6_primary_seed_robustness,jpeg_s3,compression,jpeg,3,retention,map_50,ratio,faster_rcnn,yolo11s,300,183,1,0.95,0.7909307360058832,0.6471247180083688,0.8867197045172703,0.97128325637149,0.8965978418762578,1.0793138491533625,-0.1803525203656069,-0.3873518375493034,-0.06718007194817113,2000,2000,2000,2000,paired_patient_cluster_label_swap,5000,5000,0.05018996200759848,1.0,35,paired_raw_difference,-0.1803525203656069,183,complete,
phase6_primary_seed_robustness,jpeg_s3,compression,jpeg,3,retention,map_50_95,ratio,faster_rcnn,yolo11s,300,183,1,0.95,0.8074456374118971,0.6848511554136492,0.8923089476841679,0.9768437399562321,0.8675270389844847,1.0861512361115633,-0.16939810254433496,-0.341016144318512,-0.04472042087822858,2000,2000,2000,2000,paired_patient_cluster_label_swap,5000,5000,0.04459108178364327,1.0,35,paired_raw_difference,-0.16939810254433496,183,complete,
phase6_primary_seed_robustness,jpeg_s4,compression,jpeg,4,raw,precision,ratio,faster_rcnn,yolo11s,300,183,1,0.95,0.1336996336996337,0.08679501980295802,0.17805560947204968,0.41304347826086957,0.23995238095238103,0.5807123655913975,-0.27934384456123584,-0.4424325022622864,-0.1325004937913963,2000,2000,2000,2000,paired_patient_cluster_label_swap,5000,5000,0.0001999600079984003,0.006998600279944011,35,paired_raw_difference,-0.27934384456123584,183,complete,
phase6_primary_seed_robustness,jpeg_s4,compression,jpeg,4,raw,recall,ratio,faster_rcnn,yolo11s,300,183,1,0.95,0.6576576576576577,0.5374463383838385,0.7426523109243698,0.17117117117117117,0.08954115560809814,0.23711777040013976,0.4864864864864865,0.3804239130434783,0.57265625,2000,2000,2000,2000,paired_patient_cluster_label_swap,5000,5000,0.0001999600079984003,0.006998600279944011,35,paired_raw_difference,0.4864864864864865,183,complete,
phase6_primary_seed_robustness,jpeg_s4,compression,jpeg,4,raw,f1,ratio,faster_rcnn,yolo11s,300,183,1,0.95,0.2222222222222222,0.1507491291685701,0.2843545050713032,0.24203821656050958,0.13333333333333333,0.3255900086132644,-0.019815994338287374,-0.10171702536822053,0.06447027592082819,2000,2000,2000,2000,paired_patient_cluster_label_swap,5000,5000,0.7098580283943211,1.0,35,paired_raw_difference,-0.019815994338287374,183,complete,
phase6_primary_seed_robustness,jpeg_s4,compression,jpeg,4,raw,iou,ratio,faster_rcnn,yolo11s,300,183,1,0.95,0.6757407586135536,0.6479840548522167,0.701824036794814,0.6836897350556135,0.6400452052375867,0.7353134330616183,-0.00794897644205983,-0.061099140105176086,0.03009937750478456,2000,2000,2000,2000,paired_patient_cluster_label_swap,5000,5000,0.71125774845031,1.0,34,paired_raw_difference,-0.00794897644205983,183,complete,
phase6_primary_seed_robustness,jpeg_s4,compression,jpeg,4,raw,dice,ratio,faster_rcnn,yolo11s,300,183,1,0.95,0.8021710201202445,0.7824510290738709,0.8201623279819835,0.8075132464928745,0.7771558047892627,0.8438351749104737,-0.005342226372629932,-0.04223570330426711,0.020577287305552243,2000,2000,2000,2000,paired_patient_cluster_label_swap,5000,5000,0.7158568286342731,1.0,34,paired_raw_difference,-0.005342226372629932,183,complete,
phase6_primary_seed_robustness,jpeg_s4,compression,jpeg,4,raw,map_50,ratio,faster_rcnn,yolo11s,300,183,1,0.95,0.31857076465359685,0.1980785403603519,0.4356424945857309,0.19368900663517458,0.10405198198681342,0.2885188891892188,0.12488175801842227,0.05602595979711983,0.1914354559663088,2000,2000,2000,2000,paired_patient_cluster_label_swap,5000,5000,0.24155168966206758,1.0,35,paired_raw_difference,0.12488175801842227,183,complete,
phase6_primary_seed_robustness,jpeg_s4,compression,jpeg,4,raw,map_50_95,ratio,faster_rcnn,yolo11s,300,183,1,0.95,0.12168832215923872,0.07877730827214931,0.17611937115266718,0.06212235227680617,0.03171906173426066,0.10105231554633083,0.059565969882432554,0.025479927918726265,0.097364051832603,2000,2000,2000,2000,paired_patient_cluster_label_swap,5000,5000,0.12837432513497302,1.0,35,paired_raw_difference,0.059565969882432554,183,complete,
phase6_primary_seed_robustness,jpeg_s4,compression,jpeg,4,retention,precision,ratio,faster_rcnn,yolo11s,300,183,1,0.95,0.9289520003805718,0.8458967128778513,1.0088372667351304,0.8913043478260869,0.7199347826086957,1.0769376181474482,0.03764765255448488,-0.15908837730066522,0.20562033231244384,2000,2000,2000,2000,paired_patient_cluster_label_swap,5000,5000,0.5496900619876025,1.0,35,paired_raw_difference,0.03764765255448488,183,complete,
phase6_primary_seed_robustness,jpeg_s4,compression,jpeg,4,retention,recall,ratio,faster_rcnn,yolo11s,300,183,1,0.95,0.9480519480519481,0.8571428571428572,1.03078125,1.0,0.8125000000000001,1.25,-0.051948051948051854,-0.3205172413793102,0.11808196721311436,2000,2000,2000,2000,paired_patient_cluster_label_swap,5000,5000,0.45770845830833834,1.0,35,paired_raw_difference,-0.051948051948051854,183,complete,
phase6_primary_seed_robustness,jpeg_s4,compression,jpeg,4,retention,f1,ratio,faster_rcnn,yolo11s,300,183,1,0.95,0.932178932178932,0.849711411869105,1.0102339475799573,0.9681528662420383,0.7980045942368638,1.187788648517258,-0.03597393406310634,-0.25712160480445456,0.11853631192873745,2000,2000,2000,2000,paired_patient_cluster_label_swap,5000,5000,0.5528894221155769,1.0,35,paired_raw_difference,-0.03597393406310634,183,complete,
phase6_primary_seed_robustness,jpeg_s4,compression,jpeg,4,retention,iou,ratio,faster_rcnn,yolo11s,300,183,1,0.95,0.9764988736333118,0.9523165695647703,0.999596560620453,0.9850285527065986,0.9415223012572146,1.0197786242295572,-0.008529679073286833,-0.049205966617655805,0.040049504476609515,2000,2000,2000,2000,paired_patient_cluster_label_swap,5000,5000,0.6680663867226555,1.0,34,paired_raw_difference,-0.008529679073286833,183,complete,
phase6_primary_seed_robustness,jpeg_s4,compression,jpeg,4,retention,dice,ratio,faster_rcnn,yolo11s,300,183,1,0.95,0.9864913431256043,0.9710493178354177,1.0013395192551193,0.9916060891356991,0.9642033434403395,1.013339188605643,-0.005114746010094873,-0.03002789180187602,0.025636723623936895,2000,2000,2000,2000,paired_patient_cluster_label_swap,5000,5000,0.6836632673465307,1.0,34,paired_raw_difference,-0.005114746010094873,183,complete,
phase6_primary_seed_robustness,jpeg_s4,compression,jpeg,4,retention,map_50,ratio,faster_rcnn,yolo11s,300,183,1,0.95,0.8434199026669786,0.7309768284776629,0.9661822112518081,0.9167156711330069,0.8587259961750033,1.0766630203535066,-0.07329576846602825,-0.2745890504264814,0.028804773145534122,2000,2000,2000,2000,paired_patient_cluster_label_swap,5000,5000,0.49750049990002,1.0,35,paired_raw_difference,-0.07329576846602825,183,complete,
phase6_primary_seed_robustness,jpeg_s4,compression,jpeg,4,retention,map_50_95,ratio,faster_rcnn,yolo11s,300,183,1,0.95,0.8233185624752254,0.7224669011046183,0.9529388437754115,0.8142416091455522,0.7224507440788995,0.9890612903423878,0.009076953329673176,-0.17840138739735725,0.13628661542003936,2000,2000,2000,2000,paired_patient_cluster_label_swap,5000,5000,0.9240151969606079,1.0,35,paired_raw_difference,0.009076953329673176,183,complete,
phase6_primary_seed_robustness,jpeg_s5,compression,jpeg,5,raw,precision,ratio,faster_rcnn,yolo11s,300,183,1,0.95,0.11074380165289256,0.06632399648601163,0.15406172454716552,0.35714285714285715,0.21423160173160183,0.5128378378378377,-0.2463990554899646,-0.4070322344909708,-0.12658135916944319,2000,2000,2000,2000,paired_patient_cluster_label_swap,5000,5000,0.0001999600079984003,0.006998600279944011,35,paired_raw_difference,-0.2463990554899646,183,complete,
phase6_primary_seed_robustness,jpeg_s5,compression,jpeg,5,raw,recall,ratio,faster_rcnn,yolo11s,300,183,1,0.95,0.6036036036036037,0.4653325895969879,0.7120030303030302,0.13513513513513514,0.07142857142857142,0.19000206611570247,0.4684684684684685,0.34176443346711954,0.5743362949563735,2000,2000,2000,2000,paired_patient_cluster_label_swap,5000,5000,0.0001999600079984003,0.006998600279944011,35,paired_raw_difference,0.4684684684684685,183,complete,
phase6_primary_seed_robustness,jpeg_s5,compression,jpeg,5,raw,f1,ratio,faster_rcnn,yolo11s,300,183,1,0.95,0.1871508379888268,0.11681729675053738,0.25147766415467626,0.19607843137254902,0.11009174311926605,0.26549291416548054,-0.008927593383722204,-0.09499973124056055,0.06592588517735089,2000,2000,2000,2000,paired_patient_cluster_label_swap,5000,5000,0.8974205158968206,1.0,35,paired_raw_difference,-0.008927593383722204,183,complete,
phase6_primary_seed_robustness,jpeg_s5,compression,jpeg,5,raw,iou,ratio,faster_rcnn,yolo11s,300,183,1,0.95,0.6909380526073078,0.6699060210391812,0.7174170349107569,0.7258790375406162,0.6705844040619199,0.768108163644544,-0.03494098493330844,-0.08286707978536444,0.021852130447683412,2000,2000,2000,2000,paired_patient_cluster_label_swap,5000,5000,0.12377524495100979,1.0,34,paired_raw_difference,-0.03494098493330844,183,complete,
phase6_primary_seed_robustness,jpeg_s5,compression,jpeg,5,raw,dice,ratio,faster_rcnn,yolo11s,300,183,1,0.95,0.8130151404361265,0.7982031492865966,0.8313926741265983,0.8370787685216483,0.7992421011550735,0.8660012412810164,-0.02406362808552176,-0.05611292033560343,0.015192235170761646,2000,2000,2000,2000,paired_patient_cluster_label_swap,5000,5000,0.1311737652469506,1.0,34,paired_raw_difference,-0.02406362808552176,183,complete,
phase6_primary_seed_robustness,jpeg_s5,compression,jpeg,5,raw,map_50,ratio,faster_rcnn,yolo11s,300,183,1,0.95,0.2564456331588125,0.16105368008062165,0.36941503461907427,0.1649863934449128,0.09329140691517916,0.254183137471924,0.09145923971389971,0.014803819103374279,0.17307438482708998,2000,2000,2000,2000,paired_patient_cluster_label_swap,5000,5000,0.29374125174965005,1.0,35,paired_raw_difference,0.09145923971389971,183,complete,
phase6_primary_seed_robustness,jpeg_s5,compression,jpeg,5,raw,map_50_95,ratio,faster_rcnn,yolo11s,300,183,1,0.95,0.10088041671252926,0.06125485222836365,0.15427939000881666,0.058456852832628824,0.028463631518399226,0.09760261636368528,0.042423563879900435,0.014537558642185653,0.07740872556225796,2000,2000,2000,2000,paired_patient_cluster_label_swap,5000,5000,0.21075784843031395,1.0,35,paired_raw_difference,0.042423563879900435,183,complete,
phase6_primary_seed_robustness,jpeg_s5,compression,jpeg,5,retention,precision,ratio,faster_rcnn,yolo11s,300,183,1,0.95,0.7694536868090587,0.652930088555153,0.8437242840091956,0.7706766917293233,0.6181710183596976,0.9900956790123452,-0.0012230049202646143,-0.27904466463628985,0.16085393329907172,2000,2000,2000,2000,paired_patient_cluster_label_swap,5000,5000,0.9886022795440912,1.0,35,paired_raw_difference,-0.0012230049202646143,183,complete,
phase6_primary_seed_robustness,jpeg_s5,compression,jpeg,5,retention,recall,ratio,faster_rcnn,yolo11s,300,183,1,0.95,0.8701298701298702,0.75,0.9426369225037257,0.7894736842105263,0.5714285714285715,1.1249999999999998,0.08065618591934387,-0.3122724950170603,0.30040904333056817,2000,2000,2000,2000,paired_patient_cluster_label_swap,5000,5000,0.4941011797640472,1.0,35,paired_raw_difference,0.08065618591934387,183,complete,
phase6_primary_seed_robustness,jpeg_s5,compression,jpeg,5,retention,f1,ratio,faster_rcnn,yolo11s,300,183,1,0.95,0.785061307407676,0.6671109224350045,0.8582415389928122,0.7843137254901961,0.6014806967158909,1.061297376093294,0.0007475819174799225,-0.3334632325607772,0.19288065992318498,2000,2000,2000,2000,paired_patient_cluster_label_swap,5000,5000,0.9928014397120576,1.0,35,paired_raw_difference,0.0007475819174799225,183,complete,
phase6_primary_seed_robustness,jpeg_s5,compression,jpeg,5,retention,iou,ratio,faster_rcnn,yolo11s,300,183,1,0.95,0.9984601661526847,0.9763072630413522,1.0327168888574134,1.04581294866235,0.9729637150516007,1.1073496880602303,-0.04735278250966524,-0.1121633526200201,0.04778240610720292,2000,2000,2000,2000,paired_patient_cluster_label_swap,5000,5000,0.14337132573485303,1.0,34,paired_raw_difference,-0.04735278250966524,183,complete,
phase6_primary_seed_robustness,jpeg_s5,compression,jpeg,5,retention,dice,ratio,faster_rcnn,yolo11s,300,183,1,0.95,0.9998271911519098,0.98585980909509,1.0210803975834772,1.0279118114251309,0.9823220498183038,1.0635701602277599,-0.028084620273221117,-0.066910121152222,0.03147497578832641,2000,2000,2000,2000,paired_patient_cluster_label_swap,5000,5000,0.16356728654269145,1.0,34,paired_raw_difference,-0.028084620273221117,183,complete,
phase6_primary_seed_robustness,jpeg_s5,compression,jpeg,5,retention,map_50,ratio,faster_rcnn,yolo11s,300,183,1,0.95,0.6789428753557011,0.5823576785036179,0.8145283828631218,0.7808683364231828,0.6508211381131914,1.0697233409412334,-0.10192546106748168,-0.36865932428685894,0.03231227962425902,2000,2000,2000,2000,paired_patient_cluster_label_swap,5000,5000,0.2663467306538692,1.0,35,paired_raw_difference,-0.10192546106748168,183,complete,
phase6_primary_seed_robustness,jpeg_s5,compression,jpeg,5,retention,map_50_95,ratio,faster_rcnn,yolo11s,300,183,1,0.95,0.682536484979841,0.5717234340454197,0.8457672302133337,0.7661976755795753,0.5928196535868019,1.03275871225948,-0.08366119059973431,-0.3103711328108234,0.09102427625980632,2000,2000,2000,2000,paired_patient_cluster_label_swap,5000,5000,0.4851029794041192,1.0,35,paired_raw_difference,-0.08366119059973431,183,complete,
