claim_id,manuscript,line,description,manuscript_value,source_locator_or_derivation,source_value,rounding,absolute_tolerance,status
source_radiograph_count,report/paper_draft.md,161,Full labeled RSNA source cohort size.,"26,684","{""kind"": ""json_value"", ""path"": ""data/manifests/rsna-pneumonia-5000-audit.json"", ""pointer"": [""input_counts"", ""annotation_exam_ids""]}",26684.0,integer,0,PASS
source_box_count,report/paper_draft.md,161,Full source bounding-box count.,"9,555","{""kind"": ""json_value"", ""path"": ""data/manifests/rsna-pneumonia-5000-audit.json"", ""pointer"": [""input_counts"", ""valid_boxes""]}",9555.0,integer,0,PASS
subset_study_count,report/paper_draft.md,165,Deterministic study-subset size.,"5,000","{""kind"": ""json_value"", ""path"": ""data/manifests/rsna-pneumonia-5000-audit.json"", ""pointer"": [""subsample"", ""selected_images""]}",5000.0,integer,0,PASS
subset_patient_group_count,report/paper_draft.md,171,Patient groups represented in the selected subset.,"2,136","{""kind"": ""json_value"", ""path"": ""data/manifests/rsna-pneumonia-5000-audit.json"", ""pointer"": [""subsample"", ""selected_groups""]}",2136.0,integer,0,PASS
cohort_total_age_median,report/paper_draft.md,443,Selected-cohort median nominal age after range validation.,49,"{""column"": ""age_median_years"", ""filters"": {""split"": ""total""}, ""kind"": ""csv_cell"", ""path"": ""results/tables/rsna_cohort_characteristics.csv""}",49.0,integer years,0,PASS
cohort_total_age_summary_n,report/paper_draft.md,443,Selected studies contributing to the validated nominal-age summary.,"4,999","{""column"": ""age_summary_n"", ""filters"": {""split"": ""total""}, ""kind"": ""csv_cell"", ""path"": ""results/tables/rsna_cohort_characteristics.csv""}",4999.0,integer,0,PASS
cohort_total_female_count,report/paper_draft.md,443,Selected studies with DICOM PatientSex encoded F.,"2,362","{""column"": ""sex_f_count"", ""filters"": {""split"": ""total""}, ""kind"": ""csv_cell"", ""path"": ""results/tables/rsna_cohort_characteristics.csv""}",2362.0,integer,0,PASS
cohort_total_male_count,report/paper_draft.md,444,Selected studies with DICOM PatientSex encoded M.,"2,638","{""column"": ""sex_m_count"", ""filters"": {""split"": ""total""}, ""kind"": ""csv_cell"", ""path"": ""results/tables/rsna_cohort_characteristics.csv""}",2638.0,integer,0,PASS
cohort_total_ap_count,report/paper_draft.md,444,Selected studies with DICOM ViewPosition encoded AP.,"2,363","{""column"": ""projection_ap_count"", ""filters"": {""split"": ""total""}, ""kind"": ""csv_cell"", ""path"": ""results/tables/rsna_cohort_characteristics.csv""}",2363.0,integer,0,PASS
cohort_total_pa_count,report/paper_draft.md,445,Selected studies with DICOM ViewPosition encoded PA.,"2,637","{""column"": ""projection_pa_count"", ""filters"": {""split"": ""total""}, ""kind"": ""csv_cell"", ""path"": ""results/tables/rsna_cohort_characteristics.csv""}",2637.0,integer,0,PASS
test_image_count,report/paper_draft.md,450,Clean internal-testing evaluation image count.,750,"{""column"": ""image_count"", ""filters"": {""detector"": ""faster_rcnn"", ""seed"": 17}, ""kind"": ""csv_cell"", ""path"": ""results/tables/detector_comparison_per_seed.csv""}",750.0,integer,0,PASS
test_reference_box_count,report/paper_draft.md,450,Clean internal-testing reference-box count.,268,"{""column"": ""target_count"", ""filters"": {""detector"": ""faster_rcnn"", ""seed"": 17}, ""kind"": ""csv_cell"", ""path"": ""results/tables/detector_comparison_per_seed.csv""}",268.0,integer,0,PASS
faster_map_mean,report/paper_draft.md,467,Five-run Faster R-CNN mean mAP@0.5:0.95.,0.0995,"{""column"": ""mean"", ""filters"": {""detector"": ""faster_rcnn"", ""metric"": ""map_50_95""}, ""kind"": ""csv_cell"", ""path"": ""results/tables/pareto_summary_n5_sensitivity.csv""}",0.09950157082350385,4 decimal places,5e-05,PASS
faster_map_std,report/paper_draft.md,467,Five-run Faster R-CNN sample SD for mAP@0.5:0.95.,0.0067,"{""column"": ""sample_std"", ""filters"": {""detector"": ""faster_rcnn"", ""metric"": ""map_50_95""}, ""kind"": ""csv_cell"", ""path"": ""results/tables/pareto_summary_n5_sensitivity.csv""}",0.006680724714320561,4 decimal places,5e-05,PASS
yolo_map_mean,report/paper_draft.md,467,Five-run YOLO11s mean mAP@0.5:0.95.,0.0542,"{""column"": ""mean"", ""filters"": {""detector"": ""yolo11s"", ""metric"": ""map_50_95""}, ""kind"": ""csv_cell"", ""path"": ""results/tables/pareto_summary_n5_sensitivity.csv""}",0.05416835343057739,4 decimal places,5e-05,PASS
yolo_map_std,report/paper_draft.md,467,Five-run YOLO11s sample SD for mAP@0.5:0.95.,0.0060,"{""column"": ""sample_std"", ""filters"": {""detector"": ""yolo11s"", ""metric"": ""map_50_95""}, ""kind"": ""csv_cell"", ""path"": ""results/tables/pareto_summary_n5_sensitivity.csv""}",0.006030311771848994,4 decimal places,5e-05,PASS
yolo_seed271_maximum_score,report/paper_draft.md,472,Maximum internal-testing confidence of the zero-detection YOLO11s run.,0.0412735,"{""column"": ""maximum_prediction_score"", ""filters"": {""detector"": ""yolo11s"", ""seed"": 271}, ""kind"": ""csv_cell"", ""path"": ""results/tables/detector_comparison_per_seed.csv""}",0.04127352312207222,7 decimal places,5e-08,PASS
faster_ap50_leading_recall_positions,report/paper_draft.md,482,AP50 recall-grid positions led by Faster R-CNN.,97,"{""column"": ""n5_directional_margin"", ""filters"": {""analysis"": ""official precision-recall"", ""conclusion"": ""Faster R-CNN leads more official ap50 recall positions""}, ""kind"": ""csv_cell"", ""path"": ""results/tables/operating_regime_n3_vs_n5_conclusions.csv""}",97.0,integer,0,PASS
official_recall_grid_size,report/paper_draft.md,482,Count of AP50 recall-grid rows for one detector.,101,"{""filters"": {""curve"": ""ap50"", ""detector"": ""faster_rcnn""}, ""kind"": ""csv_row_count"", ""path"": ""results/tables/precision_recall_curves_n5_sensitivity.csv""}",101.0,integer,0,PASS
faster_selected_threshold,report/paper_draft.md,492,Validation-selected Faster R-CNN score threshold.,0.69,"{""column"": ""selected_threshold"", ""filters"": {""detector"": ""faster_rcnn""}, ""kind"": ""csv_cell"", ""path"": ""results/tables/selected_operating_points_n5_sensitivity.csv""}",0.69,exact displayed threshold,1e-07,PASS
yolo_selected_threshold,report/paper_draft.md,493,Validation-selected YOLO11s score threshold.,0.05,"{""column"": ""selected_threshold"", ""filters"": {""detector"": ""yolo11s""}, ""kind"": ""csv_cell"", ""path"": ""results/tables/selected_operating_points_n5_sensitivity.csv""}",0.05,exact displayed threshold,1e-07,PASS
faster_selected_threshold_f1,report/paper_draft.md,495,Five-run test F1 at the frozen Faster R-CNN threshold.,0.3511,"{""column"": ""test_f1"", ""filters"": {""detector"": ""faster_rcnn""}, ""kind"": ""csv_cell"", ""path"": ""results/tables/selected_operating_points_n5_sensitivity.csv""}",0.35114441902999755,4 decimal places,5e-05,PASS
yolo_selected_threshold_f1,report/paper_draft.md,496,Five-run test F1 at the frozen YOLO11s threshold.,0.2192,"{""column"": ""test_f1"", ""filters"": {""detector"": ""yolo11s""}, ""kind"": ""csv_cell"", ""path"": ""results/tables/selected_operating_points_n5_sensitivity.csv""}",0.21920560377085513,4 decimal places,5e-05,PASS
posthoc_faster_selected_threshold,report/paper_draft.md,499,Five-run post-hoc validation-sensitivity Faster R-CNN threshold.,0.70,"{""column"": ""selected_threshold"", ""filters"": {""detector"": ""faster_rcnn"", ""selection_scope"": ""posthoc_n5_validation_sensitivity""}, ""kind"": ""csv_cell"", ""path"": ""results/tables/threshold_selection_test_operating_points_n5_validation_sensitivity.csv""}",0.7,exact displayed threshold,1e-07,PASS
posthoc_yolo_selected_threshold,report/paper_draft.md,499,Five-run post-hoc validation-sensitivity YOLO11s threshold.,0.01,"{""column"": ""selected_threshold"", ""filters"": {""detector"": ""yolo11s"", ""selection_scope"": ""posthoc_n5_validation_sensitivity""}, ""kind"": ""csv_cell"", ""path"": ""results/tables/threshold_selection_test_operating_points_n5_validation_sensitivity.csv""}",0.01,exact displayed threshold,1e-07,PASS
posthoc_faster_test_f1,report/paper_draft.md,502,Five-run test F1 at the post-hoc Faster R-CNN threshold.,0.3458,"{""column"": ""test_f1"", ""filters"": {""detector"": ""faster_rcnn"", ""selection_scope"": ""posthoc_n5_validation_sensitivity""}, ""kind"": ""csv_cell"", ""path"": ""results/tables/threshold_selection_test_operating_points_n5_validation_sensitivity.csv""}",0.3458411446819327,4 decimal places,5e-05,PASS
posthoc_yolo_test_f1,report/paper_draft.md,503,Five-run test F1 at the post-hoc YOLO11s threshold.,0.2657,"{""column"": ""test_f1"", ""filters"": {""detector"": ""yolo11s"", ""selection_scope"": ""posthoc_n5_validation_sensitivity""}, ""kind"": ""csv_cell"", ""path"": ""results/tables/threshold_selection_test_operating_points_n5_validation_sensitivity.csv""}",0.26571344101685773,4 decimal places,5e-05,PASS
posthoc_faster_test_fp_per_image,report/paper_draft.md,505,Five-run mean test FP/image at the post-hoc Faster R-CNN threshold.,0.2205,"{""column"": ""test_fp_per_image"", ""filters"": {""detector"": ""faster_rcnn"", ""selection_scope"": ""posthoc_n5_validation_sensitivity""}, ""kind"": ""csv_cell"", ""path"": ""results/tables/threshold_selection_test_operating_points_n5_validation_sensitivity.csv""}",0.22053333333333333,4 decimal places,5e-05,PASS
posthoc_yolo_test_fp_per_image,report/paper_draft.md,505,Five-run mean test FP/image at the post-hoc YOLO11s threshold.,0.3104,"{""column"": ""test_fp_per_image"", ""filters"": {""detector"": ""yolo11s"", ""selection_scope"": ""posthoc_n5_validation_sensitivity""}, ""kind"": ""csv_cell"", ""path"": ""results/tables/threshold_selection_test_operating_points_n5_validation_sensitivity.csv""}",0.3104,4 decimal places,5e-05,PASS
faster_froc_sensitivity_at_2,report/paper_draft.md,512,Faster R-CNN observed exact-score sensitivity at 2 false positives per image.,0.6978,"{""column"": ""sensitivity"", ""filters"": {""detector"": ""faster_rcnn"", ""fp_per_image_budget"": 2.0}, ""kind"": ""csv_cell"", ""path"": ""results/tables/froc_operating_points_exact_score_v4.csv""}",0.6977611940298508,4 decimal places,5e-05,PASS
yolo_froc_sensitivity_at_2,report/paper_draft.md,513,YOLO11s observed exact-score sensitivity at 2 false positives per image.,0.6090,"{""column"": ""sensitivity"", ""filters"": {""detector"": ""yolo11s"", ""fp_per_image_budget"": 2.0}, ""kind"": ""csv_cell"", ""path"": ""results/tables/froc_operating_points_exact_score_v4.csv""}",0.608955223880597,4 decimal places,5e-05,PASS
yolo_seed137_froc_floor_endpoint_fp_per_image,report/paper_draft.md,517,Maximum reachable YOLO11s seed-137 FP/image at the approved floor.,1.9907,"{""column"": ""candidate_floor_endpoint_fp_per_image"", ""filters"": {""detector"": ""yolo11s"", ""fp_per_image_budget"": 2.0, ""seed"": 137}, ""kind"": ""csv_cell"", ""path"": ""results/tables/froc_operating_points_per_seed_exact_score_v4.csv""}",1.9906666666666666,4 decimal places,5e-05,PASS
yolo_froc_conservative_upper_at_2,report/paper_draft.md,519,Mathematical-maximum YOLO11s aggregate sensitivity bound at 2 FP/image.,0.6963,"{""column"": ""conservative_upper_aggregate_sensitivity"", ""filters"": {""detector"": ""yolo11s"", ""fp_per_image_budget"": 2.0}, ""kind"": ""csv_cell"", ""path"": ""results/tables/froc_incomplete_frontier_bounds_v4.csv""}",0.6962686567164178,4 decimal places,5e-05,PASS
approximate_throughput_ratio,report/paper_draft.md,46,Matched v1 aggregate throughput ratio for two primary frozen checkpoints.,2.75,"{""kind"": ""calculation"", ""operands"": [{""column"": ""fps"", ""filters"": {""detector"": ""yolo11s""}, ""kind"": ""csv_cell"", ""path"": ""results/tables/inference_timing_v1.csv""}, {""column"": ""fps"", ""filters"": {""detector"": ""faster_rcnn""}, ""kind"": ""csv_cell"", ""path"": ""results/tables/inference_timing_v1.csv""}], ""operation"": ""divide""}",2.7524025779668175,2 decimal places,0.005,PASS
approximate_parameter_reduction_percent,report/paper_draft.md,581,YOLO11s parameter reduction relative to Faster R-CNN.,78,"{""kind"": ""calculation"", ""operands"": [{""column"": ""mean"", ""filters"": {""detector"": ""faster_rcnn"", ""metric"": ""total_parameters""}, ""kind"": ""csv_cell"", ""path"": ""results/tables/pareto_summary_n5_sensitivity.csv""}, {""column"": ""mean"", ""filters"": {""detector"": ""yolo11s"", ""metric"": ""total_parameters""}, ""kind"": ""csv_cell"", ""path"": ""results/tables/pareto_summary_n5_sensitivity.csv""}], ""operation"": ""percent_reduction""}",78.20384304632915,nearest whole percent,0.5,PASS
precision_difference,report/paper_draft.md,538,"Training-procedure precision difference, Faster R-CNN minus YOLO11s.",-0.1024,"{""column"": ""difference_a_minus_b"", ""filters"": {""metric"": ""precision""}, ""kind"": ""csv_cell"", ""path"": ""results/tables/statistical_clean_comparison.csv""}",-0.10242622253755357,4 decimal places,5e-05,PASS
precision_difference_ci_low,report/paper_draft.md,538,Lower 95% bootstrap bound for the precision difference.,-0.2423,"{""column"": ""difference_ci_low"", ""filters"": {""metric"": ""precision""}, ""kind"": ""csv_cell"", ""path"": ""results/tables/statistical_clean_comparison.csv""}",-0.2422616796943514,4 decimal places,5e-05,PASS
precision_difference_ci_high,report/paper_draft.md,538,Upper 95% bootstrap bound for the precision difference.,0.0553,"{""column"": ""difference_ci_high"", ""filters"": {""metric"": ""precision""}, ""kind"": ""csv_cell"", ""path"": ""results/tables/statistical_clean_comparison.csv""}",0.05531985232606028,4 decimal places,5e-05,PASS
precision_holm_p_value,report/paper_draft.md,538,Holm-adjusted checkpoint-conditional precision p-value.,0.0020,"{""column"": ""p_value_holm_conditional_on_observed_checkpoints"", ""filters"": {""metric"": ""precision""}, ""kind"": ""csv_cell"", ""path"": ""results/tables/statistical_clean_comparison.csv""}",0.001999600079984003,4 decimal places,5e-05,PASS
map_difference,report/paper_draft.md,544,"Training-procedure mAP@0.5:0.95 difference, Faster R-CNN minus YOLO11s.",0.0453,"{""column"": ""difference_a_minus_b"", ""filters"": {""metric"": ""map_50_95""}, ""kind"": ""csv_cell"", ""path"": ""results/tables/statistical_clean_comparison.csv""}",0.045333217392926436,4 decimal places,5e-05,PASS
timing_v1_faster_rcnn_total_elapsed_seconds,report/paper_draft.md,567,Matched v1 primary-checkpoint timing table: total_elapsed_seconds,14.3466,"{""column"": ""total_elapsed_seconds"", ""filters"": {""detector"": ""faster_rcnn""}, ""kind"": ""csv_cell"", ""path"": ""results/tables/inference_timing_v1.csv""}",14.346565400075633,4 decimal places,5e-05,PASS
timing_v1_yolo11s_total_elapsed_seconds,report/paper_draft.md,567,Matched v1 primary-checkpoint timing table: total_elapsed_seconds,5.2124,"{""column"": ""total_elapsed_seconds"", ""filters"": {""detector"": ""yolo11s""}, ""kind"": ""csv_cell"", ""path"": ""results/tables/inference_timing_v1.csv""}",5.2123790011391975,4 decimal places,5e-05,PASS
timing_v1_faster_rcnn_fps,report/paper_draft.md,568,Matched v1 primary-checkpoint timing table: fps,20.91,"{""column"": ""fps"", ""filters"": {""detector"": ""faster_rcnn""}, ""kind"": ""csv_cell"", ""path"": ""results/tables/inference_timing_v1.csv""}",20.91092826987137,2 decimal places,0.005,PASS
timing_v1_yolo11s_fps,report/paper_draft.md,568,Matched v1 primary-checkpoint timing table: fps,57.56,"{""column"": ""fps"", ""filters"": {""detector"": ""yolo11s""}, ""kind"": ""csv_cell"", ""path"": ""results/tables/inference_timing_v1.csv""}",57.55529287767316,2 decimal places,0.005,PASS
timing_v1_faster_rcnn_median_latency_ms,report/paper_draft.md,569,Matched v1 primary-checkpoint timing table: median_latency_ms,47.20,"{""column"": ""median_latency_ms"", ""filters"": {""detector"": ""faster_rcnn""}, ""kind"": ""csv_cell"", ""path"": ""results/tables/inference_timing_v1.csv""}",47.203950001858175,2 decimal places,0.005,PASS
timing_v1_yolo11s_median_latency_ms,report/paper_draft.md,569,Matched v1 primary-checkpoint timing table: median_latency_ms,17.29,"{""column"": ""median_latency_ms"", ""filters"": {""detector"": ""yolo11s""}, ""kind"": ""csv_cell"", ""path"": ""results/tables/inference_timing_v1.csv""}",17.286999995121732,2 decimal places,0.005,PASS
timing_v1_faster_rcnn_iqr_latency_ms,report/paper_draft.md,571,Matched v1 primary-checkpoint timing table: iqr_latency_ms,1.22,"{""column"": ""iqr_latency_ms"", ""filters"": {""detector"": ""faster_rcnn""}, ""kind"": ""csv_cell"", ""path"": ""results/tables/inference_timing_v1.csv""}",1.2201000208733603,2 decimal places,0.005,PASS
timing_v1_yolo11s_iqr_latency_ms,report/paper_draft.md,571,Matched v1 primary-checkpoint timing table: iqr_latency_ms,1.19,"{""column"": ""iqr_latency_ms"", ""filters"": {""detector"": ""yolo11s""}, ""kind"": ""csv_cell"", ""path"": ""results/tables/inference_timing_v1.csv""}",1.193349962704815,2 decimal places,0.005,PASS
timing_v1_faster_rcnn_total_parameters,report/paper_draft.md,572,Matched v1 primary-checkpoint timing table: total_parameters,"43,256,153","{""column"": ""total_parameters"", ""filters"": {""detector"": ""faster_rcnn""}, ""kind"": ""csv_cell"", ""path"": ""results/tables/inference_timing_v1.csv""}",43256153.0,0 decimal places,0,PASS
timing_v1_yolo11s_total_parameters,report/paper_draft.md,572,Matched v1 primary-checkpoint timing table: total_parameters,"9,428,179","{""column"": ""total_parameters"", ""filters"": {""detector"": ""yolo11s""}, ""kind"": ""csv_cell"", ""path"": ""results/tables/inference_timing_v1.csv""}",9428179.0,0 decimal places,0,PASS
timing_v1_faster_rcnn_training_trainable_parameters,report/paper_draft.md,573,Matched v1 primary-checkpoint timing table: training_trainable_parameters,"43,030,809","{""column"": ""training_trainable_parameters"", ""filters"": {""detector"": ""faster_rcnn""}, ""kind"": ""csv_cell"", ""path"": ""results/tables/inference_timing_v1.csv""}",43030809.0,0 decimal places,0,PASS
timing_v1_yolo11s_training_trainable_parameters,report/paper_draft.md,573,Matched v1 primary-checkpoint timing table: training_trainable_parameters,"9,428,163","{""column"": ""training_trainable_parameters"", ""filters"": {""detector"": ""yolo11s""}, ""kind"": ""csv_cell"", ""path"": ""results/tables/inference_timing_v1.csv""}",9428163.0,0 decimal places,0,PASS
timing_v1_faster_rcnn_q1,report/paper_draft.md,570,Standardized timing,46.78,"{""column"": ""q1_latency_ms"", ""filters"": {""detector"": ""faster_rcnn""}, ""kind"": ""csv_cell"", ""path"": ""results/tables/inference_timing_v1.csv""}",46.77602500305511,2 decimal places,0.005,PASS
timing_v1_faster_rcnn_q3,report/paper_draft.md,570,Standardized timing,48.00,"{""column"": ""q3_latency_ms"", ""filters"": {""detector"": ""faster_rcnn""}, ""kind"": ""csv_cell"", ""path"": ""results/tables/inference_timing_v1.csv""}",47.99612502392847,2 decimal places,0.005,PASS
timing_v1_yolo11s_q1,report/paper_draft.md,570,Standardized timing,16.68,"{""column"": ""q1_latency_ms"", ""filters"": {""detector"": ""yolo11s""}, ""kind"": ""csv_cell"", ""path"": ""results/tables/inference_timing_v1.csv""}",16.684825022821315,2 decimal places,0.005,PASS
timing_v1_yolo11s_q3,report/paper_draft.md,570,Standardized timing,17.88,"{""column"": ""q3_latency_ms"", ""filters"": {""detector"": ""yolo11s""}, ""kind"": ""csv_cell"", ""path"": ""results/tables/inference_timing_v1.csv""}",17.87817498552613,2 decimal places,0.005,PASS
faster_rcnn_froc_sensitivity_at_0_125,report/paper_draft.md,511,Five-run observed exact-score sensitivity at 0.125 FP/image.,0.2776,"{""column"": ""sensitivity"", ""filters"": {""detector"": ""faster_rcnn"", ""fp_per_image_budget"": 0.125}, ""kind"": ""csv_cell"", ""path"": ""results/tables/froc_operating_points_exact_score_v4.csv""}",0.27761194029850744,4 decimal places,5e-05,PASS
yolo11s_froc_sensitivity_at_0_125,report/paper_draft.md,511,Five-run observed exact-score sensitivity at 0.125 FP/image.,0.1799,"{""column"": ""sensitivity"", ""filters"": {""detector"": ""yolo11s"", ""fp_per_image_budget"": 0.125}, ""kind"": ""csv_cell"", ""path"": ""results/tables/froc_operating_points_exact_score_v4.csv""}",0.1798507462686567,4 decimal places,5e-05,PASS
faster_rcnn_froc_sensitivity_at_0_25,report/paper_draft.md,511,Five-run observed exact-score sensitivity at 0.25 FP/image.,0.3664,"{""column"": ""sensitivity"", ""filters"": {""detector"": ""faster_rcnn"", ""fp_per_image_budget"": 0.25}, ""kind"": ""csv_cell"", ""path"": ""results/tables/froc_operating_points_exact_score_v4.csv""}",0.36641791044776123,4 decimal places,5e-05,PASS
yolo11s_froc_sensitivity_at_0_25,report/paper_draft.md,511,Five-run observed exact-score sensitivity at 0.25 FP/image.,0.2664,"{""column"": ""sensitivity"", ""filters"": {""detector"": ""yolo11s"", ""fp_per_image_budget"": 0.25}, ""kind"": ""csv_cell"", ""path"": ""results/tables/froc_operating_points_exact_score_v4.csv""}",0.2664179104477612,4 decimal places,5e-05,PASS
faster_rcnn_froc_sensitivity_at_0_5,report/paper_draft.md,512,Five-run observed exact-score sensitivity at 0.5 FP/image.,0.4858,"{""column"": ""sensitivity"", ""filters"": {""detector"": ""faster_rcnn"", ""fp_per_image_budget"": 0.5}, ""kind"": ""csv_cell"", ""path"": ""results/tables/froc_operating_points_exact_score_v4.csv""}",0.48582089552238805,4 decimal places,5e-05,PASS
yolo11s_froc_sensitivity_at_0_5,report/paper_draft.md,512,Five-run observed exact-score sensitivity at 0.5 FP/image.,0.3821,"{""column"": ""sensitivity"", ""filters"": {""detector"": ""yolo11s"", ""fp_per_image_budget"": 0.5}, ""kind"": ""csv_cell"", ""path"": ""results/tables/froc_operating_points_exact_score_v4.csv""}",0.382089552238806,4 decimal places,5e-05,PASS
faster_rcnn_froc_sensitivity_at_1,report/paper_draft.md,512,Five-run observed exact-score sensitivity at 1 FP/image.,0.6000,"{""column"": ""sensitivity"", ""filters"": {""detector"": ""faster_rcnn"", ""fp_per_image_budget"": 1.0}, ""kind"": ""csv_cell"", ""path"": ""results/tables/froc_operating_points_exact_score_v4.csv""}",0.5999999999999999,4 decimal places,5e-05,PASS
yolo11s_froc_sensitivity_at_1,report/paper_draft.md,512,Five-run observed exact-score sensitivity at 1 FP/image.,0.5075,"{""column"": ""sensitivity"", ""filters"": {""detector"": ""yolo11s"", ""fp_per_image_budget"": 1.0}, ""kind"": ""csv_cell"", ""path"": ""results/tables/froc_operating_points_exact_score_v4.csv""}",0.5074626865671641,4 decimal places,5e-05,PASS
table_64,report/paper_draft.md,608,,0.304224,"{""column"": ""internal_a_mean"", ""filters"": {""metric"": ""ap50""}, ""kind"": ""csv_cell"", ""path"": ""results/vindr_external_v1/statistics/transport_comparison.csv""}",0.3042238071036434,displayed precision,5e-07,PASS
table_65,report/paper_draft.md,608,,0.018896,"{""column"": ""internal_a_sd"", ""filters"": {""metric"": ""ap50""}, ""kind"": ""csv_cell"", ""path"": ""results/vindr_external_v1/statistics/transport_comparison.csv""}",0.01889597011566169,displayed precision,5e-07,PASS
table_66,report/paper_draft.md,608,,0.162612,"{""column"": ""internal_b_mean"", ""filters"": {""metric"": ""ap50""}, ""kind"": ""csv_cell"", ""path"": ""results/vindr_external_v1/statistics/transport_comparison.csv""}",0.16261194018585284,displayed precision,5e-07,PASS
table_67,report/paper_draft.md,608,,0.016174,"{""column"": ""internal_b_sd"", ""filters"": {""metric"": ""ap50""}, ""kind"": ""csv_cell"", ""path"": ""results/vindr_external_v1/statistics/transport_comparison.csv""}",0.01617395516234945,displayed precision,5e-07,PASS
table_68,report/paper_draft.md,608,,0.002505,"{""column"": ""external_a_mean"", ""filters"": {""metric"": ""ap50""}, ""kind"": ""csv_cell"", ""path"": ""results/vindr_external_v1/statistics/transport_comparison.csv""}",0.0025050980158512295,displayed precision,5e-07,PASS
table_69,report/paper_draft.md,608,,0.001380,"{""column"": ""external_a_sd"", ""filters"": {""metric"": ""ap50""}, ""kind"": ""csv_cell"", ""path"": ""results/vindr_external_v1/statistics/transport_comparison.csv""}",0.0013802608249610015,displayed precision,5e-07,PASS
table_70,report/paper_draft.md,608,,0.000501,"{""column"": ""external_b_mean"", ""filters"": {""metric"": ""ap50""}, ""kind"": ""csv_cell"", ""path"": ""results/vindr_external_v1/statistics/transport_comparison.csv""}",0.0005006936455752758,displayed precision,5e-07,PASS
table_71,report/paper_draft.md,608,,0.000272,"{""column"": ""external_b_sd"", ""filters"": {""metric"": ""ap50""}, ""kind"": ""csv_cell"", ""path"": ""results/vindr_external_v1/statistics/transport_comparison.csv""}",0.0002719112050301311,displayed precision,5e-07,PASS
table_72,report/paper_draft.md,608,,0.002004,"{""column"": ""difference_estimate"", ""filters"": {""dataset"": ""external"", ""estimand"": ""training_procedure"", ""metric"": ""ap50""}, ""kind"": ""csv_cell"", ""path"": ""results/vindr_external_v1/statistics/intervals.csv""}",0.0020044043702759536,displayed precision,5e-07,PASS
table_73,report/paper_draft.md,608,,0.000331,"{""column"": ""difference_ci_low"", ""filters"": {""dataset"": ""external"", ""estimand"": ""training_procedure"", ""metric"": ""ap50""}, ""kind"": ""csv_cell"", ""path"": ""results/vindr_external_v1/statistics/intervals.csv""}",0.0003306033126865859,displayed precision,5e-07,PASS
table_74,report/paper_draft.md,608,,0.006689,"{""column"": ""difference_ci_high"", ""filters"": {""dataset"": ""external"", ""estimand"": ""training_procedure"", ""metric"": ""ap50""}, ""kind"": ""csv_cell"", ""path"": ""results/vindr_external_v1/statistics/intervals.csv""}",0.006689352372639503,displayed precision,5e-07,PASS
table_75,report/paper_draft.md,609,,0.099502,"{""column"": ""internal_a_mean"", ""filters"": {""metric"": ""ap50_95""}, ""kind"": ""csv_cell"", ""path"": ""results/vindr_external_v1/statistics/transport_comparison.csv""}",0.09950157082350383,displayed precision,5e-07,PASS
table_76,report/paper_draft.md,609,,0.006681,"{""column"": ""internal_a_sd"", ""filters"": {""metric"": ""ap50_95""}, ""kind"": ""csv_cell"", ""path"": ""results/vindr_external_v1/statistics/transport_comparison.csv""}",0.006680724714320565,displayed precision,5e-07,PASS
table_77,report/paper_draft.md,609,,0.054168,"{""column"": ""internal_b_mean"", ""filters"": {""metric"": ""ap50_95""}, ""kind"": ""csv_cell"", ""path"": ""results/vindr_external_v1/statistics/transport_comparison.csv""}",0.054168353430577396,displayed precision,5e-07,PASS
table_78,report/paper_draft.md,609,,0.006030,"{""column"": ""internal_b_sd"", ""filters"": {""metric"": ""ap50_95""}, ""kind"": ""csv_cell"", ""path"": ""results/vindr_external_v1/statistics/transport_comparison.csv""}",0.006030311771848993,displayed precision,5e-07,PASS
table_79,report/paper_draft.md,609,,0.000618,"{""column"": ""external_a_mean"", ""filters"": {""metric"": ""ap50_95""}, ""kind"": ""csv_cell"", ""path"": ""results/vindr_external_v1/statistics/transport_comparison.csv""}",0.0006181945691782648,displayed precision,5e-07,PASS
table_80,report/paper_draft.md,609,,0.000170,"{""column"": ""external_a_sd"", ""filters"": {""metric"": ""ap50_95""}, ""kind"": ""csv_cell"", ""path"": ""results/vindr_external_v1/statistics/transport_comparison.csv""}",0.00017015880384652928,displayed precision,5e-07,PASS
table_81,report/paper_draft.md,609,,0.000119,"{""column"": ""external_b_mean"", ""filters"": {""metric"": ""ap50_95""}, ""kind"": ""csv_cell"", ""path"": ""results/vindr_external_v1/statistics/transport_comparison.csv""}",0.00011933157250486222,displayed precision,5e-07,PASS
table_82,report/paper_draft.md,609,,0.000077,"{""column"": ""external_b_sd"", ""filters"": {""metric"": ""ap50_95""}, ""kind"": ""csv_cell"", ""path"": ""results/vindr_external_v1/statistics/transport_comparison.csv""}",7.703372085220068e-05,displayed precision,5e-07,PASS
table_83,report/paper_draft.md,609,,0.000499,"{""column"": ""difference_estimate"", ""filters"": {""dataset"": ""external"", ""estimand"": ""training_procedure"", ""metric"": ""ap50_95""}, ""kind"": ""csv_cell"", ""path"": ""results/vindr_external_v1/statistics/intervals.csv""}",0.0004988629966734026,displayed precision,5e-07,PASS
table_84,report/paper_draft.md,609,,0.000075,"{""column"": ""difference_ci_low"", ""filters"": {""dataset"": ""external"", ""estimand"": ""training_procedure"", ""metric"": ""ap50_95""}, ""kind"": ""csv_cell"", ""path"": ""results/vindr_external_v1/statistics/intervals.csv""}",7.465065457710987e-05,displayed precision,5e-07,PASS
table_85,report/paper_draft.md,609,,0.001719,"{""column"": ""difference_ci_high"", ""filters"": {""dataset"": ""external"", ""estimand"": ""training_procedure"", ""metric"": ""ap50_95""}, ""kind"": ""csv_cell"", ""path"": ""results/vindr_external_v1/statistics/intervals.csv""}",0.0017190880710603756,displayed precision,5e-07,PASS
table_86,report/paper_draft.md,627,,0.362419,"{""column"": ""internal_a_mean"", ""filters"": {""metric"": ""primary_precision""}, ""kind"": ""csv_cell"", ""path"": ""results/vindr_external_v1/statistics/transport_comparison.csv""}",0.36241949982431737,displayed precision,5e-07,PASS
table_87,report/paper_draft.md,627,,0.252403,"{""column"": ""internal_b_mean"", ""filters"": {""metric"": ""primary_precision""}, ""kind"": ""csv_cell"", ""path"": ""results/vindr_external_v1/statistics/transport_comparison.csv""}",0.2524033958729871,displayed precision,5e-07,PASS
table_88,report/paper_draft.md,627,,0.010830,"{""column"": ""external_a_mean"", ""filters"": {""metric"": ""primary_precision""}, ""kind"": ""csv_cell"", ""path"": ""results/vindr_external_v1/statistics/transport_comparison.csv""}",0.010830209796318482,displayed precision,5e-07,PASS
table_89,report/paper_draft.md,627,,0.004271,"{""column"": ""external_b_mean"", ""filters"": {""metric"": ""primary_precision""}, ""kind"": ""csv_cell"", ""path"": ""results/vindr_external_v1/statistics/transport_comparison.csv""}",0.004270937604270937,displayed precision,5e-07,PASS
table_90,report/paper_draft.md,627,,0.006559,"{""column"": ""difference_estimate"", ""filters"": {""dataset"": ""external"", ""estimand"": ""training_procedure"", ""metric"": ""primary_precision""}, ""kind"": ""csv_cell"", ""path"": ""results/vindr_external_v1/statistics/intervals.csv""}",0.006559272192047545,displayed precision,5e-07,PASS
table_91,report/paper_draft.md,627,,-0.008360,"{""column"": ""difference_ci_low"", ""filters"": {""dataset"": ""external"", ""estimand"": ""training_procedure"", ""metric"": ""primary_precision""}, ""kind"": ""csv_cell"", ""path"": ""results/vindr_external_v1/statistics/intervals.csv""}",-0.008359666306323326,displayed precision,5e-07,PASS
table_92,report/paper_draft.md,627,,0.025664,"{""column"": ""difference_ci_high"", ""filters"": {""dataset"": ""external"", ""estimand"": ""training_procedure"", ""metric"": ""primary_precision""}, ""kind"": ""csv_cell"", ""path"": ""results/vindr_external_v1/statistics/intervals.csv""}",0.02566415510791049,displayed precision,5e-07,PASS
table_93,report/paper_draft.md,628,,0.350746,"{""column"": ""internal_a_mean"", ""filters"": {""metric"": ""primary_recall""}, ""kind"": ""csv_cell"", ""path"": ""results/vindr_external_v1/statistics/transport_comparison.csv""}",0.35074626865671643,displayed precision,5e-07,PASS
table_94,report/paper_draft.md,628,,0.194776,"{""column"": ""internal_b_mean"", ""filters"": {""metric"": ""primary_recall""}, ""kind"": ""csv_cell"", ""path"": ""results/vindr_external_v1/statistics/transport_comparison.csv""}",0.19477611940298506,displayed precision,5e-07,PASS
table_95,report/paper_draft.md,628,,0.018947,"{""column"": ""external_a_mean"", ""filters"": {""metric"": ""primary_recall""}, ""kind"": ""csv_cell"", ""path"": ""results/vindr_external_v1/statistics/transport_comparison.csv""}",0.018947368421052633,displayed precision,5e-07,PASS
table_96,report/paper_draft.md,628,,0.004211,"{""column"": ""external_b_mean"", ""filters"": {""metric"": ""primary_recall""}, ""kind"": ""csv_cell"", ""path"": ""results/vindr_external_v1/statistics/transport_comparison.csv""}",0.004210526315789474,displayed precision,5e-07,PASS
table_97,report/paper_draft.md,628,,0.014737,"{""column"": ""difference_estimate"", ""filters"": {""dataset"": ""external"", ""estimand"": ""training_procedure"", ""metric"": ""primary_recall""}, ""kind"": ""csv_cell"", ""path"": ""results/vindr_external_v1/statistics/intervals.csv""}",0.01473684210526316,displayed precision,5e-07,PASS
table_98,report/paper_draft.md,628,,-0.004880,"{""column"": ""difference_ci_low"", ""filters"": {""dataset"": ""external"", ""estimand"": ""training_procedure"", ""metric"": ""primary_recall""}, ""kind"": ""csv_cell"", ""path"": ""results/vindr_external_v1/statistics/intervals.csv""}",-0.004879554351099064,displayed precision,5e-07,PASS
table_99,report/paper_draft.md,628,,0.045485,"{""column"": ""difference_ci_high"", ""filters"": {""dataset"": ""external"", ""estimand"": ""training_procedure"", ""metric"": ""primary_recall""}, ""kind"": ""csv_cell"", ""path"": ""results/vindr_external_v1/statistics/intervals.csv""}",0.04548484848484832,displayed precision,5e-07,PASS
table_100,report/paper_draft.md,629,,0.351144,"{""column"": ""internal_a_mean"", ""filters"": {""metric"": ""primary_f1""}, ""kind"": ""csv_cell"", ""path"": ""results/vindr_external_v1/statistics/transport_comparison.csv""}",0.35114441902999755,displayed precision,5e-07,PASS
table_101,report/paper_draft.md,629,,0.219206,"{""column"": ""internal_b_mean"", ""filters"": {""metric"": ""primary_f1""}, ""kind"": ""csv_cell"", ""path"": ""results/vindr_external_v1/statistics/transport_comparison.csv""}",0.21920560377085513,displayed precision,5e-07,PASS
table_102,report/paper_draft.md,629,,0.013580,"{""column"": ""external_a_mean"", ""filters"": {""metric"": ""primary_f1""}, ""kind"": ""csv_cell"", ""path"": ""results/vindr_external_v1/statistics/transport_comparison.csv""}",0.01358021221606645,displayed precision,5e-07,PASS
table_103,report/paper_draft.md,629,,0.004214,"{""column"": ""external_b_mean"", ""filters"": {""metric"": ""primary_f1""}, ""kind"": ""csv_cell"", ""path"": ""results/vindr_external_v1/statistics/transport_comparison.csv""}",0.004214474845542807,displayed precision,5e-07,PASS
table_104,report/paper_draft.md,629,,0.009366,"{""column"": ""difference_estimate"", ""filters"": {""dataset"": ""external"", ""estimand"": ""training_procedure"", ""metric"": ""primary_f1""}, ""kind"": ""csv_cell"", ""path"": ""results/vindr_external_v1/statistics/intervals.csv""}",0.009365737370523644,displayed precision,5e-07,PASS
table_105,report/paper_draft.md,629,,-0.006376,"{""column"": ""difference_ci_low"", ""filters"": {""dataset"": ""external"", ""estimand"": ""training_procedure"", ""metric"": ""primary_f1""}, ""kind"": ""csv_cell"", ""path"": ""results/vindr_external_v1/statistics/intervals.csv""}",-0.006375684630273732,displayed precision,5e-07,PASS
table_106,report/paper_draft.md,629,,0.031685,"{""column"": ""difference_ci_high"", ""filters"": {""dataset"": ""external"", ""estimand"": ""training_procedure"", ""metric"": ""primary_f1""}, ""kind"": ""csv_cell"", ""path"": ""results/vindr_external_v1/statistics/intervals.csv""}",0.03168481759972572,displayed precision,5e-07,PASS
table_107,report/paper_draft.md,630,,0.232000,"{""column"": ""internal_a_mean"", ""filters"": {""metric"": ""primary_fp_per_image""}, ""kind"": ""csv_cell"", ""path"": ""results/vindr_external_v1/statistics/transport_comparison.csv""}",0.23200000000000004,displayed precision,5e-07,PASS
table_108,report/paper_draft.md,630,,0.151733,"{""column"": ""internal_b_mean"", ""filters"": {""metric"": ""primary_fp_per_image""}, ""kind"": ""csv_cell"", ""path"": ""results/vindr_external_v1/statistics/transport_comparison.csv""}",0.15173333333333333,displayed precision,5e-07,PASS
table_109,report/paper_draft.md,630,,0.047667,"{""column"": ""external_a_mean"", ""filters"": {""metric"": ""primary_fp_per_image""}, ""kind"": ""csv_cell"", ""path"": ""results/vindr_external_v1/statistics/transport_comparison.csv""}",0.04766666666666667,displayed precision,5e-07,PASS
table_110,report/paper_draft.md,630,,0.027067,"{""column"": ""external_b_mean"", ""filters"": {""metric"": ""primary_fp_per_image""}, ""kind"": ""csv_cell"", ""path"": ""results/vindr_external_v1/statistics/transport_comparison.csv""}",0.027066666666666666,displayed precision,5e-07,PASS
table_111,report/paper_draft.md,630,,0.020600,"{""column"": ""difference_estimate"", ""filters"": {""dataset"": ""external"", ""estimand"": ""training_procedure"", ""metric"": ""primary_fp_per_image""}, ""kind"": ""csv_cell"", ""path"": ""results/vindr_external_v1/statistics/intervals.csv""}",0.020600000000000004,displayed precision,5e-07,PASS
table_112,report/paper_draft.md,630,,-0.001735,"{""column"": ""difference_ci_low"", ""filters"": {""dataset"": ""external"", ""estimand"": ""training_procedure"", ""metric"": ""primary_fp_per_image""}, ""kind"": ""csv_cell"", ""path"": ""results/vindr_external_v1/statistics/intervals.csv""}",-0.001734999999999997,displayed precision,5e-07,PASS
table_113,report/paper_draft.md,630,,0.045672,"{""column"": ""difference_ci_high"", ""filters"": {""dataset"": ""external"", ""estimand"": ""training_procedure"", ""metric"": ""primary_fp_per_image""}, ""kind"": ""csv_cell"", ""path"": ""results/vindr_external_v1/statistics/intervals.csv""}",0.04567166666666664,displayed precision,5e-07,PASS
table_114,report/paper_draft.md,631,,0.357333,"{""column"": ""internal_a_mean"", ""filters"": {""metric"": ""primary_detections_per_image""}, ""kind"": ""csv_cell"", ""path"": ""results/vindr_external_v1/statistics/transport_comparison.csv""}",0.3573333333333334,displayed precision,5e-07,PASS
table_115,report/paper_draft.md,631,,0.221333,"{""column"": ""internal_b_mean"", ""filters"": {""metric"": ""primary_detections_per_image""}, ""kind"": ""csv_cell"", ""path"": ""results/vindr_external_v1/statistics/transport_comparison.csv""}",0.22133333333333333,displayed precision,5e-07,PASS
table_116,report/paper_draft.md,631,,0.048267,"{""column"": ""external_a_mean"", ""filters"": {""metric"": ""primary_detections_per_image""}, ""kind"": ""csv_cell"", ""path"": ""results/vindr_external_v1/statistics/transport_comparison.csv""}",0.048266666666666666,displayed precision,5e-07,PASS
table_117,report/paper_draft.md,631,,0.027200,"{""column"": ""external_b_mean"", ""filters"": {""metric"": ""primary_detections_per_image""}, ""kind"": ""csv_cell"", ""path"": ""results/vindr_external_v1/statistics/transport_comparison.csv""}",0.027200000000000002,displayed precision,5e-07,PASS
table_118,report/paper_draft.md,632,,25.573333,"{""column"": ""internal_a_mean"", ""filters"": {""metric"": ""primary_percent_images_with_detections""}, ""kind"": ""csv_cell"", ""path"": ""results/vindr_external_v1/statistics/transport_comparison.csv""}",25.573333333333334,displayed precision,5e-07,PASS
table_119,report/paper_draft.md,632,,14.213333,"{""column"": ""internal_b_mean"", ""filters"": {""metric"": ""primary_percent_images_with_detections""}, ""kind"": ""csv_cell"", ""path"": ""results/vindr_external_v1/statistics/transport_comparison.csv""}",14.213333333333335,displayed precision,5e-07,PASS
table_120,report/paper_draft.md,632,,4.260000,"{""column"": ""external_a_mean"", ""filters"": {""metric"": ""primary_percent_images_with_detections""}, ""kind"": ""csv_cell"", ""path"": ""results/vindr_external_v1/statistics/transport_comparison.csv""}",4.26,displayed precision,5e-07,PASS
table_121,report/paper_draft.md,632,,2.140000,"{""column"": ""external_b_mean"", ""filters"": {""metric"": ""primary_percent_images_with_detections""}, ""kind"": ""csv_cell"", ""path"": ""results/vindr_external_v1/statistics/transport_comparison.csv""}",2.14,displayed precision,5e-07,PASS
table_122,report/paper_draft.md,676,,0.056842,"{""column"": ""external_a_mean"", ""filters"": {""metric"": ""froc_0.125""}, ""kind"": ""csv_cell"", ""path"": ""results/vindr_external_v1/statistics/transport_comparison.csv""}",0.056842105263157895,displayed precision,5e-07,PASS
table_123,report/paper_draft.md,676,,0.018947,"{""column"": ""external_b_mean"", ""filters"": {""metric"": ""froc_0.125""}, ""kind"": ""csv_cell"", ""path"": ""results/vindr_external_v1/statistics/transport_comparison.csv""}",0.01894736842105263,displayed precision,5e-07,PASS
table_124,report/paper_draft.md,676,,0.037895,"{""column"": ""difference_estimate"", ""filters"": {""dataset"": ""external"", ""estimand"": ""training_procedure"", ""metric"": ""froc_0.125""}, ""kind"": ""csv_cell"", ""path"": ""results/vindr_external_v1/statistics/intervals.csv""}",0.037894736842105266,displayed precision,5e-07,PASS
table_125,report/paper_draft.md,676,,-0.002128,"{""column"": ""difference_ci_low"", ""filters"": {""dataset"": ""external"", ""estimand"": ""training_procedure"", ""metric"": ""froc_0.125""}, ""kind"": ""csv_cell"", ""path"": ""results/vindr_external_v1/statistics/intervals.csv""}",-0.0021276595744680812,displayed precision,5e-07,PASS
table_126,report/paper_draft.md,676,,0.092453,"{""column"": ""difference_ci_high"", ""filters"": {""dataset"": ""external"", ""estimand"": ""training_procedure"", ""metric"": ""froc_0.125""}, ""kind"": ""csv_cell"", ""path"": ""results/vindr_external_v1/statistics/intervals.csv""}",0.09245333739095152,displayed precision,5e-07,PASS
table_127,report/paper_draft.md,677,,0.086316,"{""column"": ""external_a_mean"", ""filters"": {""metric"": ""froc_0.25""}, ""kind"": ""csv_cell"", ""path"": ""results/vindr_external_v1/statistics/transport_comparison.csv""}",0.0863157894736842,displayed precision,5e-07,PASS
table_128,report/paper_draft.md,677,,0.033684,"{""column"": ""external_b_mean"", ""filters"": {""metric"": ""froc_0.25""}, ""kind"": ""csv_cell"", ""path"": ""results/vindr_external_v1/statistics/transport_comparison.csv""}",0.033684210526315796,displayed precision,5e-07,PASS
table_129,report/paper_draft.md,677,,0.052632,"{""column"": ""difference_estimate"", ""filters"": {""dataset"": ""external"", ""estimand"": ""training_procedure"", ""metric"": ""froc_0.25""}, ""kind"": ""csv_cell"", ""path"": ""results/vindr_external_v1/statistics/intervals.csv""}",0.05263157894736841,displayed precision,5e-07,PASS
table_130,report/paper_draft.md,677,,0.005345,"{""column"": ""difference_ci_low"", ""filters"": {""dataset"": ""external"", ""estimand"": ""training_procedure"", ""metric"": ""froc_0.25""}, ""kind"": ""csv_cell"", ""path"": ""results/vindr_external_v1/statistics/intervals.csv""}",0.005345165505226504,displayed precision,5e-07,PASS
table_131,report/paper_draft.md,677,,0.113471,"{""column"": ""difference_ci_high"", ""filters"": {""dataset"": ""external"", ""estimand"": ""training_procedure"", ""metric"": ""froc_0.25""}, ""kind"": ""csv_cell"", ""path"": ""results/vindr_external_v1/statistics/intervals.csv""}",0.11347052845528449,displayed precision,5e-07,PASS
table_132,report/paper_draft.md,678,,0.094737,"{""column"": ""external_a_mean"", ""filters"": {""metric"": ""froc_0.5""}, ""kind"": ""csv_cell"", ""path"": ""results/vindr_external_v1/statistics/transport_comparison.csv""}",0.09473684210526315,displayed precision,5e-07,PASS
table_133,report/paper_draft.md,678,,0.061053,"{""column"": ""external_b_mean"", ""filters"": {""metric"": ""froc_0.5""}, ""kind"": ""csv_cell"", ""path"": ""results/vindr_external_v1/statistics/transport_comparison.csv""}",0.06105263157894737,displayed precision,5e-07,PASS
table_134,report/paper_draft.md,678,,0.033684,"{""column"": ""difference_estimate"", ""filters"": {""dataset"": ""external"", ""estimand"": ""training_procedure"", ""metric"": ""froc_0.5""}, ""kind"": ""csv_cell"", ""path"": ""results/vindr_external_v1/statistics/intervals.csv""}",0.033684210526315775,displayed precision,5e-07,PASS
table_135,report/paper_draft.md,678,,-0.014829,"{""column"": ""difference_ci_low"", ""filters"": {""dataset"": ""external"", ""estimand"": ""training_procedure"", ""metric"": ""froc_0.5""}, ""kind"": ""csv_cell"", ""path"": ""results/vindr_external_v1/statistics/intervals.csv""}",-0.014829059829059785,displayed precision,5e-07,PASS
table_136,report/paper_draft.md,678,,0.092312,"{""column"": ""difference_ci_high"", ""filters"": {""dataset"": ""external"", ""estimand"": ""training_procedure"", ""metric"": ""froc_0.5""}, ""kind"": ""csv_cell"", ""path"": ""results/vindr_external_v1/statistics/intervals.csv""}",0.09231249999999998,displayed precision,5e-07,PASS
table_137,report/paper_draft.md,679,,0.117895,"{""column"": ""external_a_mean"", ""filters"": {""metric"": ""froc_1""}, ""kind"": ""csv_cell"", ""path"": ""results/vindr_external_v1/statistics/transport_comparison.csv""}",0.11789473684210525,displayed precision,5e-07,PASS
table_138,report/paper_draft.md,679,,0.077895,"{""column"": ""external_b_mean"", ""filters"": {""metric"": ""froc_1""}, ""kind"": ""csv_cell"", ""path"": ""results/vindr_external_v1/statistics/transport_comparison.csv""}",0.07789473684210527,displayed precision,5e-07,PASS
table_139,report/paper_draft.md,679,,0.040000,"{""column"": ""difference_estimate"", ""filters"": {""dataset"": ""external"", ""estimand"": ""training_procedure"", ""metric"": ""froc_1""}, ""kind"": ""csv_cell"", ""path"": ""results/vindr_external_v1/statistics/intervals.csv""}",0.03999999999999998,displayed precision,5e-07,PASS
table_140,report/paper_draft.md,679,,-0.020939,"{""column"": ""difference_ci_low"", ""filters"": {""dataset"": ""external"", ""estimand"": ""training_procedure"", ""metric"": ""froc_1""}, ""kind"": ""csv_cell"", ""path"": ""results/vindr_external_v1/statistics/intervals.csv""}",-0.020938891637803044,displayed precision,5e-07,PASS
table_141,report/paper_draft.md,679,,0.108700,"{""column"": ""difference_ci_high"", ""filters"": {""dataset"": ""external"", ""estimand"": ""training_procedure"", ""metric"": ""froc_1""}, ""kind"": ""csv_cell"", ""path"": ""results/vindr_external_v1/statistics/intervals.csv""}",0.10870048309178744,displayed precision,5e-07,PASS
table_142,report/paper_draft.md,680,,0.164211,"{""column"": ""external_a_mean"", ""filters"": {""metric"": ""froc_2""}, ""kind"": ""csv_cell"", ""path"": ""results/vindr_external_v1/statistics/transport_comparison.csv""}",0.16421052631578947,displayed precision,5e-07,PASS
table_143,report/paper_draft.md,680,,0.098947,"{""column"": ""external_b_mean"", ""filters"": {""metric"": ""froc_2""}, ""kind"": ""csv_cell"", ""path"": ""results/vindr_external_v1/statistics/transport_comparison.csv""}",0.09894736842105264,displayed precision,5e-07,PASS
table_144,report/paper_draft.md,680,,0.065263,"{""column"": ""difference_estimate"", ""filters"": {""dataset"": ""external"", ""estimand"": ""training_procedure"", ""metric"": ""froc_2""}, ""kind"": ""csv_cell"", ""path"": ""results/vindr_external_v1/statistics/intervals.csv""}",0.06526315789473683,displayed precision,5e-07,PASS
table_145,report/paper_draft.md,680,,-0.005663,"{""column"": ""difference_ci_low"", ""filters"": {""dataset"": ""external"", ""estimand"": ""training_procedure"", ""metric"": ""froc_2""}, ""kind"": ""csv_cell"", ""path"": ""results/vindr_external_v1/statistics/intervals.csv""}",-0.005663098693759065,displayed precision,5e-07,PASS
table_146,report/paper_draft.md,680,,0.149396,"{""column"": ""difference_ci_high"", ""filters"": {""dataset"": ""external"", ""estimand"": ""training_procedure"", ""metric"": ""froc_2""}, ""kind"": ""csv_cell"", ""path"": ""results/vindr_external_v1/statistics/intervals.csv""}",0.149395797990343,displayed precision,5e-07,PASS
internal_cell_147,report/paper_draft.md,461,,0.1959,"{""column"": ""faster_rcnn_mean"", ""filters"": {""metric"": ""precision""}, ""kind"": ""csv_cell"", ""path"": ""results/tables/detector_comparison.csv""}",0.19589066943662742,displayed precision,5e-05,PASS
internal_cell_148,report/paper_draft.md,461,,0.0552,"{""column"": ""faster_rcnn_std"", ""filters"": {""metric"": ""precision""}, ""kind"": ""csv_cell"", ""path"": ""results/tables/detector_comparison.csv""}",0.05520862435372457,displayed precision,5e-05,PASS
internal_cell_149,report/paper_draft.md,461,,5,"{""column"": ""faster_rcnn_n"", ""filters"": {""metric"": ""precision""}, ""kind"": ""csv_cell"", ""path"": ""results/tables/detector_comparison.csv""}",5.0,displayed precision,0,PASS
internal_cell_150,report/paper_draft.md,461,,0.2983,"{""column"": ""yolo11s_mean"", ""filters"": {""metric"": ""precision""}, ""kind"": ""csv_cell"", ""path"": ""results/tables/detector_comparison.csv""}",0.298316891974181,displayed precision,5e-05,PASS
internal_cell_151,report/paper_draft.md,461,,0.1691,"{""column"": ""yolo11s_std"", ""filters"": {""metric"": ""precision""}, ""kind"": ""csv_cell"", ""path"": ""results/tables/detector_comparison.csv""}",0.16908185399579506,displayed precision,5e-05,PASS
internal_cell_152,report/paper_draft.md,461,,5,"{""column"": ""yolo11s_n"", ""filters"": {""metric"": ""precision""}, ""kind"": ""csv_cell"", ""path"": ""results/tables/detector_comparison.csv""}",5.0,displayed precision,0,PASS
internal_cell_153,report/paper_draft.md,462,,0.5799,"{""column"": ""faster_rcnn_mean"", ""filters"": {""metric"": ""recall""}, ""kind"": ""csv_cell"", ""path"": ""results/tables/detector_comparison.csv""}",0.5798507462686567,displayed precision,5e-05,PASS
internal_cell_154,report/paper_draft.md,462,,0.0911,"{""column"": ""faster_rcnn_std"", ""filters"": {""metric"": ""recall""}, ""kind"": ""csv_cell"", ""path"": ""results/tables/detector_comparison.csv""}",0.09111662200701993,displayed precision,5e-05,PASS
internal_cell_155,report/paper_draft.md,462,,5,"{""column"": ""faster_rcnn_n"", ""filters"": {""metric"": ""recall""}, ""kind"": ""csv_cell"", ""path"": ""results/tables/detector_comparison.csv""}",5.0,displayed precision,0,PASS
internal_cell_156,report/paper_draft.md,462,,0.0955,"{""column"": ""yolo11s_mean"", ""filters"": {""metric"": ""recall""}, ""kind"": ""csv_cell"", ""path"": ""results/tables/detector_comparison.csv""}",0.0955223880597015,displayed precision,5e-05,PASS
internal_cell_157,report/paper_draft.md,462,,0.0607,"{""column"": ""yolo11s_std"", ""filters"": {""metric"": ""recall""}, ""kind"": ""csv_cell"", ""path"": ""results/tables/detector_comparison.csv""}",0.06066158973841962,displayed precision,5e-05,PASS
internal_cell_158,report/paper_draft.md,462,,5,"{""column"": ""yolo11s_n"", ""filters"": {""metric"": ""recall""}, ""kind"": ""csv_cell"", ""path"": ""results/tables/detector_comparison.csv""}",5.0,displayed precision,0,PASS
internal_cell_159,report/paper_draft.md,463,,0.2845,"{""column"": ""faster_rcnn_mean"", ""filters"": {""metric"": ""f1""}, ""kind"": ""csv_cell"", ""path"": ""results/tables/detector_comparison.csv""}",0.2845263147467961,displayed precision,5e-05,PASS
internal_cell_160,report/paper_draft.md,463,,0.0528,"{""column"": ""faster_rcnn_std"", ""filters"": {""metric"": ""f1""}, ""kind"": ""csv_cell"", ""path"": ""results/tables/detector_comparison.csv""}",0.052756619727272476,displayed precision,5e-05,PASS
internal_cell_161,report/paper_draft.md,463,,5,"{""column"": ""faster_rcnn_n"", ""filters"": {""metric"": ""f1""}, ""kind"": ""csv_cell"", ""path"": ""results/tables/detector_comparison.csv""}",5.0,displayed precision,0,PASS
internal_cell_162,report/paper_draft.md,463,,0.1427,"{""column"": ""yolo11s_mean"", ""filters"": {""metric"": ""f1""}, ""kind"": ""csv_cell"", ""path"": ""results/tables/detector_comparison.csv""}",0.14266144111134127,displayed precision,5e-05,PASS
internal_cell_163,report/paper_draft.md,463,,0.0868,"{""column"": ""yolo11s_std"", ""filters"": {""metric"": ""f1""}, ""kind"": ""csv_cell"", ""path"": ""results/tables/detector_comparison.csv""}",0.08683218156558284,displayed precision,5e-05,PASS
internal_cell_164,report/paper_draft.md,463,,5,"{""column"": ""yolo11s_n"", ""filters"": {""metric"": ""f1""}, ""kind"": ""csv_cell"", ""path"": ""results/tables/detector_comparison.csv""}",5.0,displayed precision,0,PASS
internal_cell_165,report/paper_draft.md,464,,0.6749,"{""column"": ""faster_rcnn_mean"", ""filters"": {""metric"": ""iou""}, ""kind"": ""csv_cell"", ""path"": ""results/tables/detector_comparison.csv""}",0.674926726191087,displayed precision,5e-05,PASS
internal_cell_166,report/paper_draft.md,464,,0.0065,"{""column"": ""faster_rcnn_std"", ""filters"": {""metric"": ""iou""}, ""kind"": ""csv_cell"", ""path"": ""results/tables/detector_comparison.csv""}",0.006453173730731955,displayed precision,5e-05,PASS
internal_cell_167,report/paper_draft.md,464,,5,"{""column"": ""faster_rcnn_n"", ""filters"": {""metric"": ""iou""}, ""kind"": ""csv_cell"", ""path"": ""results/tables/detector_comparison.csv""}",5.0,displayed precision,0,PASS
internal_cell_168,report/paper_draft.md,464,,0.6985,"{""column"": ""yolo11s_mean"", ""filters"": {""metric"": ""iou""}, ""kind"": ""csv_cell"", ""path"": ""results/tables/detector_comparison.csv""}",0.698528133351987,displayed precision,5e-05,PASS
internal_cell_169,report/paper_draft.md,464,,0.0157,"{""column"": ""yolo11s_std"", ""filters"": {""metric"": ""iou""}, ""kind"": ""csv_cell"", ""path"": ""results/tables/detector_comparison.csv""}",0.015656038934076123,displayed precision,5e-05,PASS
internal_cell_170,report/paper_draft.md,464,,4,"{""column"": ""yolo11s_n"", ""filters"": {""metric"": ""iou""}, ""kind"": ""csv_cell"", ""path"": ""results/tables/detector_comparison.csv""}",4.0,displayed precision,0,PASS
internal_cell_171,report/paper_draft.md,465,,0.8010,"{""column"": ""faster_rcnn_mean"", ""filters"": {""metric"": ""dice""}, ""kind"": ""csv_cell"", ""path"": ""results/tables/detector_comparison.csv""}",0.8010050425470245,displayed precision,5e-05,PASS
internal_cell_172,report/paper_draft.md,465,,0.0049,"{""column"": ""faster_rcnn_std"", ""filters"": {""metric"": ""dice""}, ""kind"": ""csv_cell"", ""path"": ""results/tables/detector_comparison.csv""}",0.00492263828312658,displayed precision,5e-05,PASS
internal_cell_173,report/paper_draft.md,465,,5,"{""column"": ""faster_rcnn_n"", ""filters"": {""metric"": ""dice""}, ""kind"": ""csv_cell"", ""path"": ""results/tables/detector_comparison.csv""}",5.0,displayed precision,0,PASS
internal_cell_174,report/paper_draft.md,465,,0.8181,"{""column"": ""yolo11s_mean"", ""filters"": {""metric"": ""dice""}, ""kind"": ""csv_cell"", ""path"": ""results/tables/detector_comparison.csv""}",0.8180641430069511,displayed precision,5e-05,PASS
internal_cell_175,report/paper_draft.md,465,,0.0111,"{""column"": ""yolo11s_std"", ""filters"": {""metric"": ""dice""}, ""kind"": ""csv_cell"", ""path"": ""results/tables/detector_comparison.csv""}",0.011091395295104377,displayed precision,5e-05,PASS
internal_cell_176,report/paper_draft.md,465,,4,"{""column"": ""yolo11s_n"", ""filters"": {""metric"": ""dice""}, ""kind"": ""csv_cell"", ""path"": ""results/tables/detector_comparison.csv""}",4.0,displayed precision,0,PASS
internal_cell_177,report/paper_draft.md,466,,0.3042,"{""column"": ""faster_rcnn_mean"", ""filters"": {""metric"": ""map_50""}, ""kind"": ""csv_cell"", ""path"": ""results/tables/detector_comparison.csv""}",0.3042238071036434,displayed precision,5e-05,PASS
internal_cell_178,report/paper_draft.md,466,,0.0189,"{""column"": ""faster_rcnn_std"", ""filters"": {""metric"": ""map_50""}, ""kind"": ""csv_cell"", ""path"": ""results/tables/detector_comparison.csv""}",0.01889597011566169,displayed precision,5e-05,PASS
internal_cell_179,report/paper_draft.md,466,,5,"{""column"": ""faster_rcnn_n"", ""filters"": {""metric"": ""map_50""}, ""kind"": ""csv_cell"", ""path"": ""results/tables/detector_comparison.csv""}",5.0,displayed precision,0,PASS
internal_cell_180,report/paper_draft.md,466,,0.1626,"{""column"": ""yolo11s_mean"", ""filters"": {""metric"": ""map_50""}, ""kind"": ""csv_cell"", ""path"": ""results/tables/detector_comparison.csv""}",0.16261194018585284,displayed precision,5e-05,PASS
internal_cell_181,report/paper_draft.md,466,,0.0162,"{""column"": ""yolo11s_std"", ""filters"": {""metric"": ""map_50""}, ""kind"": ""csv_cell"", ""path"": ""results/tables/detector_comparison.csv""}",0.01617395516234945,displayed precision,5e-05,PASS
internal_cell_182,report/paper_draft.md,466,,5,"{""column"": ""yolo11s_n"", ""filters"": {""metric"": ""map_50""}, ""kind"": ""csv_cell"", ""path"": ""results/tables/detector_comparison.csv""}",5.0,displayed precision,0,PASS
internal_cell_183,report/paper_draft.md,467,,0.0995,"{""column"": ""faster_rcnn_mean"", ""filters"": {""metric"": ""map_50_95""}, ""kind"": ""csv_cell"", ""path"": ""results/tables/detector_comparison.csv""}",0.09950157082350385,displayed precision,5e-05,PASS
internal_cell_184,report/paper_draft.md,467,,0.0067,"{""column"": ""faster_rcnn_std"", ""filters"": {""metric"": ""map_50_95""}, ""kind"": ""csv_cell"", ""path"": ""results/tables/detector_comparison.csv""}",0.006680724714320561,displayed precision,5e-05,PASS
internal_cell_185,report/paper_draft.md,467,,5,"{""column"": ""faster_rcnn_n"", ""filters"": {""metric"": ""map_50_95""}, ""kind"": ""csv_cell"", ""path"": ""results/tables/detector_comparison.csv""}",5.0,displayed precision,0,PASS
internal_cell_186,report/paper_draft.md,467,,0.0542,"{""column"": ""yolo11s_mean"", ""filters"": {""metric"": ""map_50_95""}, ""kind"": ""csv_cell"", ""path"": ""results/tables/detector_comparison.csv""}",0.05416835343057739,displayed precision,5e-05,PASS
internal_cell_187,report/paper_draft.md,467,,0.0060,"{""column"": ""yolo11s_std"", ""filters"": {""metric"": ""map_50_95""}, ""kind"": ""csv_cell"", ""path"": ""results/tables/detector_comparison.csv""}",0.006030311771848994,displayed precision,5e-05,PASS
internal_cell_188,report/paper_draft.md,467,,5,"{""column"": ""yolo11s_n"", ""filters"": {""metric"": ""map_50_95""}, ""kind"": ""csv_cell"", ""path"": ""results/tables/detector_comparison.csv""}",5.0,displayed precision,0,PASS
historical_ci_189,report/paper_draft.md,538,,5,"{""column"": ""detector_a_run_count"", ""filters"": {""metric"": ""precision""}, ""kind"": ""csv_cell"", ""path"": ""results/tables/statistical_clean_comparison.csv""}",5.0,displayed precision,0,PASS
historical_ci_190,report/paper_draft.md,538,,5,"{""column"": ""detector_b_run_count"", ""filters"": {""metric"": ""precision""}, ""kind"": ""csv_cell"", ""path"": ""results/tables/statistical_clean_comparison.csv""}",5.0,displayed precision,0,PASS
historical_ci_191,report/paper_draft.md,538,,-0.1024,"{""column"": ""difference_a_minus_b"", ""filters"": {""metric"": ""precision""}, ""kind"": ""csv_cell"", ""path"": ""results/tables/statistical_clean_comparison.csv""}",-0.10242622253755357,displayed precision,5e-05,PASS
historical_ci_192,report/paper_draft.md,538,,-0.2423,"{""column"": ""difference_ci_low"", ""filters"": {""metric"": ""precision""}, ""kind"": ""csv_cell"", ""path"": ""results/tables/statistical_clean_comparison.csv""}",-0.2422616796943514,displayed precision,5e-05,PASS
historical_ci_193,report/paper_draft.md,538,,0.0553,"{""column"": ""difference_ci_high"", ""filters"": {""metric"": ""precision""}, ""kind"": ""csv_cell"", ""path"": ""results/tables/statistical_clean_comparison.csv""}",0.05531985232606028,displayed precision,5e-05,PASS
historical_ci_194,report/paper_draft.md,538,,0.0020,"{""column"": ""p_value_holm_conditional_on_observed_checkpoints"", ""filters"": {""metric"": ""precision""}, ""kind"": ""csv_cell"", ""path"": ""results/tables/statistical_clean_comparison.csv""}",0.001999600079984003,displayed precision,5e-05,PASS
historical_ci_195,report/paper_draft.md,539,,5,"{""column"": ""detector_a_run_count"", ""filters"": {""metric"": ""recall""}, ""kind"": ""csv_cell"", ""path"": ""results/tables/statistical_clean_comparison.csv""}",5.0,displayed precision,0,PASS
historical_ci_196,report/paper_draft.md,539,,5,"{""column"": ""detector_b_run_count"", ""filters"": {""metric"": ""recall""}, ""kind"": ""csv_cell"", ""path"": ""results/tables/statistical_clean_comparison.csv""}",5.0,displayed precision,0,PASS
historical_ci_197,report/paper_draft.md,539,,0.4843,"{""column"": ""difference_a_minus_b"", ""filters"": {""metric"": ""recall""}, ""kind"": ""csv_cell"", ""path"": ""results/tables/statistical_clean_comparison.csv""}",0.48432835820895526,displayed precision,5e-05,PASS
historical_ci_198,report/paper_draft.md,539,,0.3830,"{""column"": ""difference_ci_low"", ""filters"": {""metric"": ""recall""}, ""kind"": ""csv_cell"", ""path"": ""results/tables/statistical_clean_comparison.csv""}",0.3829778987300016,displayed precision,5e-05,PASS
historical_ci_199,report/paper_draft.md,539,,0.5830,"{""column"": ""difference_ci_high"", ""filters"": {""metric"": ""recall""}, ""kind"": ""csv_cell"", ""path"": ""results/tables/statistical_clean_comparison.csv""}",0.5830137493008064,displayed precision,5e-05,PASS
historical_ci_200,report/paper_draft.md,539,,0.0014,"{""column"": ""p_value_holm_conditional_on_observed_checkpoints"", ""filters"": {""metric"": ""recall""}, ""kind"": ""csv_cell"", ""path"": ""results/tables/statistical_clean_comparison.csv""}",0.0013997200559888023,displayed precision,5e-05,PASS
historical_ci_201,report/paper_draft.md,540,,5,"{""column"": ""detector_a_run_count"", ""filters"": {""metric"": ""f1""}, ""kind"": ""csv_cell"", ""path"": ""results/tables/statistical_clean_comparison.csv""}",5.0,displayed precision,0,PASS
historical_ci_202,report/paper_draft.md,540,,5,"{""column"": ""detector_b_run_count"", ""filters"": {""metric"": ""f1""}, ""kind"": ""csv_cell"", ""path"": ""results/tables/statistical_clean_comparison.csv""}",5.0,displayed precision,0,PASS
historical_ci_203,report/paper_draft.md,540,,0.1419,"{""column"": ""difference_a_minus_b"", ""filters"": {""metric"": ""f1""}, ""kind"": ""csv_cell"", ""path"": ""results/tables/statistical_clean_comparison.csv""}",0.14186487363545486,displayed precision,5e-05,PASS
historical_ci_204,report/paper_draft.md,540,,0.0559,"{""column"": ""difference_ci_low"", ""filters"": {""metric"": ""f1""}, ""kind"": ""csv_cell"", ""path"": ""results/tables/statistical_clean_comparison.csv""}",0.05585562371779158,displayed precision,5e-05,PASS
historical_ci_205,report/paper_draft.md,540,,0.2290,"{""column"": ""difference_ci_high"", ""filters"": {""metric"": ""f1""}, ""kind"": ""csv_cell"", ""path"": ""results/tables/statistical_clean_comparison.csv""}",0.2289789627306621,displayed precision,5e-05,PASS
historical_ci_206,report/paper_draft.md,540,,0.0014,"{""column"": ""p_value_holm_conditional_on_observed_checkpoints"", ""filters"": {""metric"": ""f1""}, ""kind"": ""csv_cell"", ""path"": ""results/tables/statistical_clean_comparison.csv""}",0.0013997200559888023,displayed precision,5e-05,PASS
historical_ci_207,report/paper_draft.md,541,,5,"{""column"": ""detector_a_run_count"", ""filters"": {""metric"": ""iou""}, ""kind"": ""csv_cell"", ""path"": ""results/tables/statistical_clean_comparison.csv""}",5.0,displayed precision,0,PASS
historical_ci_208,report/paper_draft.md,541,,4,"{""column"": ""detector_b_run_count"", ""filters"": {""metric"": ""iou""}, ""kind"": ""csv_cell"", ""path"": ""results/tables/statistical_clean_comparison.csv""}",4.0,displayed precision,0,PASS
historical_ci_209,report/paper_draft.md,541,,-0.0236,"{""column"": ""difference_a_minus_b"", ""filters"": {""metric"": ""iou""}, ""kind"": ""csv_cell"", ""path"": ""results/tables/statistical_clean_comparison.csv""}",-0.02360140716090009,displayed precision,5e-05,PASS
historical_ci_210,report/paper_draft.md,541,,-0.0585,"{""column"": ""difference_ci_low"", ""filters"": {""metric"": ""iou""}, ""kind"": ""csv_cell"", ""path"": ""results/tables/statistical_clean_comparison.csv""}",-0.058500531531807606,displayed precision,5e-05,PASS
historical_ci_211,report/paper_draft.md,541,,0.0089,"{""column"": ""difference_ci_high"", ""filters"": {""metric"": ""iou""}, ""kind"": ""csv_cell"", ""path"": ""results/tables/statistical_clean_comparison.csv""}",0.008883968986573555,displayed precision,5e-05,PASS
historical_ci_212,report/paper_draft.md,541,,0.1064,"{""column"": ""p_value_holm_conditional_on_observed_checkpoints"", ""filters"": {""metric"": ""iou""}, ""kind"": ""csv_cell"", ""path"": ""results/tables/statistical_clean_comparison.csv""}",0.10637872425514897,displayed precision,5e-05,PASS
historical_ci_213,report/paper_draft.md,542,,5,"{""column"": ""detector_a_run_count"", ""filters"": {""metric"": ""dice""}, ""kind"": ""csv_cell"", ""path"": ""results/tables/statistical_clean_comparison.csv""}",5.0,displayed precision,0,PASS
historical_ci_214,report/paper_draft.md,542,,4,"{""column"": ""detector_b_run_count"", ""filters"": {""metric"": ""dice""}, ""kind"": ""csv_cell"", ""path"": ""results/tables/statistical_clean_comparison.csv""}",4.0,displayed precision,0,PASS
historical_ci_215,report/paper_draft.md,542,,-0.0171,"{""column"": ""difference_a_minus_b"", ""filters"": {""metric"": ""dice""}, ""kind"": ""csv_cell"", ""path"": ""results/tables/statistical_clean_comparison.csv""}",-0.017059100459926868,displayed precision,5e-05,PASS
historical_ci_216,report/paper_draft.md,542,,-0.0420,"{""column"": ""difference_ci_low"", ""filters"": {""metric"": ""dice""}, ""kind"": ""csv_cell"", ""path"": ""results/tables/statistical_clean_comparison.csv""}",-0.04200580295541802,displayed precision,5e-05,PASS
historical_ci_217,report/paper_draft.md,542,,0.0066,"{""column"": ""difference_ci_high"", ""filters"": {""metric"": ""dice""}, ""kind"": ""csv_cell"", ""path"": ""results/tables/statistical_clean_comparison.csv""}",0.0066359392278173964,displayed precision,5e-05,PASS
historical_ci_218,report/paper_draft.md,542,,0.1064,"{""column"": ""p_value_holm_conditional_on_observed_checkpoints"", ""filters"": {""metric"": ""dice""}, ""kind"": ""csv_cell"", ""path"": ""results/tables/statistical_clean_comparison.csv""}",0.10637872425514897,displayed precision,5e-05,PASS
historical_ci_219,report/paper_draft.md,543,,5,"{""column"": ""detector_a_run_count"", ""filters"": {""metric"": ""map_50""}, ""kind"": ""csv_cell"", ""path"": ""results/tables/statistical_clean_comparison.csv""}",5.0,displayed precision,0,PASS
historical_ci_220,report/paper_draft.md,543,,5,"{""column"": ""detector_b_run_count"", ""filters"": {""metric"": ""map_50""}, ""kind"": ""csv_cell"", ""path"": ""results/tables/statistical_clean_comparison.csv""}",5.0,displayed precision,0,PASS
historical_ci_221,report/paper_draft.md,543,,0.1416,"{""column"": ""difference_a_minus_b"", ""filters"": {""metric"": ""map_50""}, ""kind"": ""csv_cell"", ""path"": ""results/tables/statistical_clean_comparison.csv""}",0.14161186691779054,displayed precision,5e-05,PASS
historical_ci_222,report/paper_draft.md,543,,0.1013,"{""column"": ""difference_ci_low"", ""filters"": {""metric"": ""map_50""}, ""kind"": ""csv_cell"", ""path"": ""results/tables/statistical_clean_comparison.csv""}",0.10128464383615773,displayed precision,5e-05,PASS
historical_ci_223,report/paper_draft.md,543,,0.1845,"{""column"": ""difference_ci_high"", ""filters"": {""metric"": ""map_50""}, ""kind"": ""csv_cell"", ""path"": ""results/tables/statistical_clean_comparison.csv""}",0.1844621539636379,displayed precision,5e-05,PASS
historical_ci_224,report/paper_draft.md,543,,0.0208,"{""column"": ""p_value_holm_conditional_on_observed_checkpoints"", ""filters"": {""metric"": ""map_50""}, ""kind"": ""csv_cell"", ""path"": ""results/tables/statistical_clean_comparison.csv""}",0.020795840831833633,displayed precision,5e-05,PASS
historical_ci_225,report/paper_draft.md,544,,5,"{""column"": ""detector_a_run_count"", ""filters"": {""metric"": ""map_50_95""}, ""kind"": ""csv_cell"", ""path"": ""results/tables/statistical_clean_comparison.csv""}",5.0,displayed precision,0,PASS
historical_ci_226,report/paper_draft.md,544,,5,"{""column"": ""detector_b_run_count"", ""filters"": {""metric"": ""map_50_95""}, ""kind"": ""csv_cell"", ""path"": ""results/tables/statistical_clean_comparison.csv""}",5.0,displayed precision,0,PASS
historical_ci_227,report/paper_draft.md,544,,0.0453,"{""column"": ""difference_a_minus_b"", ""filters"": {""metric"": ""map_50_95""}, ""kind"": ""csv_cell"", ""path"": ""results/tables/statistical_clean_comparison.csv""}",0.045333217392926436,displayed precision,5e-05,PASS
historical_ci_228,report/paper_draft.md,544,,0.0313,"{""column"": ""difference_ci_low"", ""filters"": {""metric"": ""map_50_95""}, ""kind"": ""csv_cell"", ""path"": ""results/tables/statistical_clean_comparison.csv""}",0.0312571709592824,displayed precision,5e-05,PASS
historical_ci_229,report/paper_draft.md,544,,0.0599,"{""column"": ""difference_ci_high"", ""filters"": {""metric"": ""map_50_95""}, ""kind"": ""csv_cell"", ""path"": ""results/tables/statistical_clean_comparison.csv""}",0.05992689320099228,displayed precision,5e-05,PASS
historical_ci_230,report/paper_draft.md,544,,0.0342,"{""column"": ""p_value_holm_conditional_on_observed_checkpoints"", ""filters"": {""metric"": ""map_50_95""}, ""kind"": ""csv_cell"", ""path"": ""results/tables/statistical_clean_comparison.csv""}",0.03419316136772645,displayed precision,5e-05,PASS
table_231,report/paper_draft.md,186,,"3,500","{""column"": ""studies"", ""filters"": {""split"": ""train""}, ""kind"": ""csv_cell"", ""path"": ""results/tables/rsna_cohort_characteristics.csv""}",3500.0,displayed precision,0,PASS
table_232,report/paper_draft.md,186,,750,"{""column"": ""studies"", ""filters"": {""split"": ""validation""}, ""kind"": ""csv_cell"", ""path"": ""results/tables/rsna_cohort_characteristics.csv""}",750.0,displayed precision,0,PASS
table_233,report/paper_draft.md,186,,750,"{""column"": ""studies"", ""filters"": {""split"": ""internal_test""}, ""kind"": ""csv_cell"", ""path"": ""results/tables/rsna_cohort_characteristics.csv""}",750.0,displayed precision,0,PASS
table_234,report/paper_draft.md,186,,"5,000","{""column"": ""studies"", ""filters"": {""split"": ""total""}, ""kind"": ""csv_cell"", ""path"": ""results/tables/rsna_cohort_characteristics.csv""}",5000.0,displayed precision,0,PASS
table_235,report/paper_draft.md,187,,"1,492","{""column"": ""patient_groups"", ""filters"": {""split"": ""train""}, ""kind"": ""csv_cell"", ""path"": ""results/tables/rsna_cohort_characteristics.csv""}",1492.0,displayed precision,0,PASS
table_236,report/paper_draft.md,187,,321,"{""column"": ""patient_groups"", ""filters"": {""split"": ""validation""}, ""kind"": ""csv_cell"", ""path"": ""results/tables/rsna_cohort_characteristics.csv""}",321.0,displayed precision,0,PASS
table_237,report/paper_draft.md,187,,323,"{""column"": ""patient_groups"", ""filters"": {""split"": ""internal_test""}, ""kind"": ""csv_cell"", ""path"": ""results/tables/rsna_cohort_characteristics.csv""}",323.0,displayed precision,0,PASS
table_238,report/paper_draft.md,187,,"2,136","{""column"": ""patient_groups"", ""filters"": {""split"": ""total""}, ""kind"": ""csv_cell"", ""path"": ""results/tables/rsna_cohort_characteristics.csv""}",2136.0,displayed precision,0,PASS
table_239,report/paper_draft.md,189,,"1,267","{""column"": ""bounding_boxes"", ""filters"": {""split"": ""train""}, ""kind"": ""csv_cell"", ""path"": ""results/tables/rsna_cohort_characteristics.csv""}",1267.0,displayed precision,0,PASS
table_240,report/paper_draft.md,189,,277,"{""column"": ""bounding_boxes"", ""filters"": {""split"": ""validation""}, ""kind"": ""csv_cell"", ""path"": ""results/tables/rsna_cohort_characteristics.csv""}",277.0,displayed precision,0,PASS
table_241,report/paper_draft.md,189,,268,"{""column"": ""bounding_boxes"", ""filters"": {""split"": ""internal_test""}, ""kind"": ""csv_cell"", ""path"": ""results/tables/rsna_cohort_characteristics.csv""}",268.0,displayed precision,0,PASS
table_242,report/paper_draft.md,189,,"1,812","{""column"": ""bounding_boxes"", ""filters"": {""split"": ""total""}, ""kind"": ""csv_cell"", ""path"": ""results/tables/rsna_cohort_characteristics.csv""}",1812.0,displayed precision,0,PASS
table_243,report/paper_draft.md,190,,50,"{""column"": ""age_median_years"", ""filters"": {""split"": ""train""}, ""kind"": ""csv_cell"", ""path"": ""results/tables/rsna_cohort_characteristics.csv""}",50.0,displayed precision,0,PASS
table_244,report/paper_draft.md,190,,36,"{""column"": ""age_q1_years"", ""filters"": {""split"": ""train""}, ""kind"": ""csv_cell"", ""path"": ""results/tables/rsna_cohort_characteristics.csv""}",36.0,displayed precision,0,PASS
table_245,report/paper_draft.md,190,,60,"{""column"": ""age_q3_years"", ""filters"": {""split"": ""train""}, ""kind"": ""csv_cell"", ""path"": ""results/tables/rsna_cohort_characteristics.csv""}",60.0,displayed precision,0,PASS
table_246,report/paper_draft.md,190,,49,"{""column"": ""age_median_years"", ""filters"": {""split"": ""validation""}, ""kind"": ""csv_cell"", ""path"": ""results/tables/rsna_cohort_characteristics.csv""}",49.0,displayed precision,0,PASS
table_247,report/paper_draft.md,190,,34,"{""column"": ""age_q1_years"", ""filters"": {""split"": ""validation""}, ""kind"": ""csv_cell"", ""path"": ""results/tables/rsna_cohort_characteristics.csv""}",34.0,displayed precision,0,PASS
table_248,report/paper_draft.md,190,,59,"{""column"": ""age_q3_years"", ""filters"": {""split"": ""validation""}, ""kind"": ""csv_cell"", ""path"": ""results/tables/rsna_cohort_characteristics.csv""}",59.0,displayed precision,0,PASS
table_249,report/paper_draft.md,190,,47,"{""column"": ""age_median_years"", ""filters"": {""split"": ""internal_test""}, ""kind"": ""csv_cell"", ""path"": ""results/tables/rsna_cohort_characteristics.csv""}",47.0,displayed precision,0,PASS
table_250,report/paper_draft.md,190,,35,"{""column"": ""age_q1_years"", ""filters"": {""split"": ""internal_test""}, ""kind"": ""csv_cell"", ""path"": ""results/tables/rsna_cohort_characteristics.csv""}",35.0,displayed precision,0,PASS
table_251,report/paper_draft.md,190,,61,"{""column"": ""age_q3_years"", ""filters"": {""split"": ""internal_test""}, ""kind"": ""csv_cell"", ""path"": ""results/tables/rsna_cohort_characteristics.csv""}",61.0,displayed precision,0,PASS
table_252,report/paper_draft.md,190,,49,"{""column"": ""age_median_years"", ""filters"": {""split"": ""total""}, ""kind"": ""csv_cell"", ""path"": ""results/tables/rsna_cohort_characteristics.csv""}",49.0,displayed precision,0,PASS
table_253,report/paper_draft.md,190,,36,"{""column"": ""age_q1_years"", ""filters"": {""split"": ""total""}, ""kind"": ""csv_cell"", ""path"": ""results/tables/rsna_cohort_characteristics.csv""}",36.0,displayed precision,0,PASS
table_254,report/paper_draft.md,190,,60,"{""column"": ""age_q3_years"", ""filters"": {""split"": ""total""}, ""kind"": ""csv_cell"", ""path"": ""results/tables/rsna_cohort_characteristics.csv""}",60.0,displayed precision,0,PASS
table_255,report/paper_draft.md,191,,"3,499","{""column"": ""age_summary_n"", ""filters"": {""split"": ""train""}, ""kind"": ""csv_cell"", ""path"": ""results/tables/rsna_cohort_characteristics.csv""}",3499.0,displayed precision,0,PASS
table_256,report/paper_draft.md,191,,750,"{""column"": ""age_summary_n"", ""filters"": {""split"": ""validation""}, ""kind"": ""csv_cell"", ""path"": ""results/tables/rsna_cohort_characteristics.csv""}",750.0,displayed precision,0,PASS
table_257,report/paper_draft.md,191,,750,"{""column"": ""age_summary_n"", ""filters"": {""split"": ""internal_test""}, ""kind"": ""csv_cell"", ""path"": ""results/tables/rsna_cohort_characteristics.csv""}",750.0,displayed precision,0,PASS
table_258,report/paper_draft.md,191,,"4,999","{""column"": ""age_summary_n"", ""filters"": {""split"": ""total""}, ""kind"": ""csv_cell"", ""path"": ""results/tables/rsna_cohort_characteristics.csv""}",4999.0,displayed precision,0,PASS
table_259,report/paper_draft.md,192,,1,"{""column"": ""age_unusable_count"", ""filters"": {""split"": ""train""}, ""kind"": ""csv_cell"", ""path"": ""results/tables/rsna_cohort_characteristics.csv""}",1.0,displayed precision,0,PASS
table_260,report/paper_draft.md,192,,0.03,"{""column"": ""age_unusable_percent"", ""filters"": {""split"": ""train""}, ""kind"": ""csv_cell"", ""path"": ""results/tables/rsna_cohort_characteristics.csv""}",0.028571,displayed precision,0.005,PASS
table_261,report/paper_draft.md,192,,0,"{""column"": ""age_unusable_count"", ""filters"": {""split"": ""validation""}, ""kind"": ""csv_cell"", ""path"": ""results/tables/rsna_cohort_characteristics.csv""}",0.0,displayed precision,0,PASS
table_262,report/paper_draft.md,192,,0.0,"{""column"": ""age_unusable_percent"", ""filters"": {""split"": ""validation""}, ""kind"": ""csv_cell"", ""path"": ""results/tables/rsna_cohort_characteristics.csv""}",0.0,displayed precision,0.005,PASS
table_263,report/paper_draft.md,192,,0,"{""column"": ""age_unusable_count"", ""filters"": {""split"": ""internal_test""}, ""kind"": ""csv_cell"", ""path"": ""results/tables/rsna_cohort_characteristics.csv""}",0.0,displayed precision,0,PASS
table_264,report/paper_draft.md,192,,0.0,"{""column"": ""age_unusable_percent"", ""filters"": {""split"": ""internal_test""}, ""kind"": ""csv_cell"", ""path"": ""results/tables/rsna_cohort_characteristics.csv""}",0.0,displayed precision,0.005,PASS
table_265,report/paper_draft.md,192,,1,"{""column"": ""age_unusable_count"", ""filters"": {""split"": ""total""}, ""kind"": ""csv_cell"", ""path"": ""results/tables/rsna_cohort_characteristics.csv""}",1.0,displayed precision,0,PASS
table_266,report/paper_draft.md,192,,0.02,"{""column"": ""age_unusable_percent"", ""filters"": {""split"": ""total""}, ""kind"": ""csv_cell"", ""path"": ""results/tables/rsna_cohort_characteristics.csv""}",0.02,displayed precision,0.005,PASS
table_267,report/paper_draft.md,193,,"1,614","{""column"": ""sex_f_count"", ""filters"": {""split"": ""train""}, ""kind"": ""csv_cell"", ""path"": ""results/tables/rsna_cohort_characteristics.csv""}",1614.0,displayed precision,0,PASS
table_268,report/paper_draft.md,193,,46.1,"{""column"": ""sex_f_percent"", ""filters"": {""split"": ""train""}, ""kind"": ""csv_cell"", ""path"": ""results/tables/rsna_cohort_characteristics.csv""}",46.114286,displayed precision,0.05,PASS
table_269,report/paper_draft.md,193,,399,"{""column"": ""sex_f_count"", ""filters"": {""split"": ""validation""}, ""kind"": ""csv_cell"", ""path"": ""results/tables/rsna_cohort_characteristics.csv""}",399.0,displayed precision,0,PASS
table_270,report/paper_draft.md,193,,53.2,"{""column"": ""sex_f_percent"", ""filters"": {""split"": ""validation""}, ""kind"": ""csv_cell"", ""path"": ""results/tables/rsna_cohort_characteristics.csv""}",53.2,displayed precision,0.05,PASS
table_271,report/paper_draft.md,193,,349,"{""column"": ""sex_f_count"", ""filters"": {""split"": ""internal_test""}, ""kind"": ""csv_cell"", ""path"": ""results/tables/rsna_cohort_characteristics.csv""}",349.0,displayed precision,0,PASS
table_272,report/paper_draft.md,193,,46.5,"{""column"": ""sex_f_percent"", ""filters"": {""split"": ""internal_test""}, ""kind"": ""csv_cell"", ""path"": ""results/tables/rsna_cohort_characteristics.csv""}",46.533333,displayed precision,0.05,PASS
table_273,report/paper_draft.md,193,,"2,362","{""column"": ""sex_f_count"", ""filters"": {""split"": ""total""}, ""kind"": ""csv_cell"", ""path"": ""results/tables/rsna_cohort_characteristics.csv""}",2362.0,displayed precision,0,PASS
table_274,report/paper_draft.md,193,,47.2,"{""column"": ""sex_f_percent"", ""filters"": {""split"": ""total""}, ""kind"": ""csv_cell"", ""path"": ""results/tables/rsna_cohort_characteristics.csv""}",47.24,displayed precision,0.05,PASS
table_275,report/paper_draft.md,194,,"1,886","{""column"": ""sex_m_count"", ""filters"": {""split"": ""train""}, ""kind"": ""csv_cell"", ""path"": ""results/tables/rsna_cohort_characteristics.csv""}",1886.0,displayed precision,0,PASS
table_276,report/paper_draft.md,194,,53.9,"{""column"": ""sex_m_percent"", ""filters"": {""split"": ""train""}, ""kind"": ""csv_cell"", ""path"": ""results/tables/rsna_cohort_characteristics.csv""}",53.885714,displayed precision,0.05,PASS
table_277,report/paper_draft.md,194,,351,"{""column"": ""sex_m_count"", ""filters"": {""split"": ""validation""}, ""kind"": ""csv_cell"", ""path"": ""results/tables/rsna_cohort_characteristics.csv""}",351.0,displayed precision,0,PASS
table_278,report/paper_draft.md,194,,46.8,"{""column"": ""sex_m_percent"", ""filters"": {""split"": ""validation""}, ""kind"": ""csv_cell"", ""path"": ""results/tables/rsna_cohort_characteristics.csv""}",46.8,displayed precision,0.05,PASS
table_279,report/paper_draft.md,194,,401,"{""column"": ""sex_m_count"", ""filters"": {""split"": ""internal_test""}, ""kind"": ""csv_cell"", ""path"": ""results/tables/rsna_cohort_characteristics.csv""}",401.0,displayed precision,0,PASS
table_280,report/paper_draft.md,194,,53.5,"{""column"": ""sex_m_percent"", ""filters"": {""split"": ""internal_test""}, ""kind"": ""csv_cell"", ""path"": ""results/tables/rsna_cohort_characteristics.csv""}",53.466667,displayed precision,0.05,PASS
table_281,report/paper_draft.md,194,,"2,638","{""column"": ""sex_m_count"", ""filters"": {""split"": ""total""}, ""kind"": ""csv_cell"", ""path"": ""results/tables/rsna_cohort_characteristics.csv""}",2638.0,displayed precision,0,PASS
table_282,report/paper_draft.md,194,,52.8,"{""column"": ""sex_m_percent"", ""filters"": {""split"": ""total""}, ""kind"": ""csv_cell"", ""path"": ""results/tables/rsna_cohort_characteristics.csv""}",52.76,displayed precision,0.05,PASS
table_283,report/paper_draft.md,195,,"1,690","{""column"": ""projection_ap_count"", ""filters"": {""split"": ""train""}, ""kind"": ""csv_cell"", ""path"": ""results/tables/rsna_cohort_characteristics.csv""}",1690.0,displayed precision,0,PASS
table_284,report/paper_draft.md,195,,48.3,"{""column"": ""projection_ap_percent"", ""filters"": {""split"": ""train""}, ""kind"": ""csv_cell"", ""path"": ""results/tables/rsna_cohort_characteristics.csv""}",48.285714,displayed precision,0.05,PASS
table_285,report/paper_draft.md,195,,348,"{""column"": ""projection_ap_count"", ""filters"": {""split"": ""validation""}, ""kind"": ""csv_cell"", ""path"": ""results/tables/rsna_cohort_characteristics.csv""}",348.0,displayed precision,0,PASS
table_286,report/paper_draft.md,195,,46.4,"{""column"": ""projection_ap_percent"", ""filters"": {""split"": ""validation""}, ""kind"": ""csv_cell"", ""path"": ""results/tables/rsna_cohort_characteristics.csv""}",46.4,displayed precision,0.05,PASS
table_287,report/paper_draft.md,195,,325,"{""column"": ""projection_ap_count"", ""filters"": {""split"": ""internal_test""}, ""kind"": ""csv_cell"", ""path"": ""results/tables/rsna_cohort_characteristics.csv""}",325.0,displayed precision,0,PASS
table_288,report/paper_draft.md,195,,43.3,"{""column"": ""projection_ap_percent"", ""filters"": {""split"": ""internal_test""}, ""kind"": ""csv_cell"", ""path"": ""results/tables/rsna_cohort_characteristics.csv""}",43.333333,displayed precision,0.05,PASS
table_289,report/paper_draft.md,195,,"2,363","{""column"": ""projection_ap_count"", ""filters"": {""split"": ""total""}, ""kind"": ""csv_cell"", ""path"": ""results/tables/rsna_cohort_characteristics.csv""}",2363.0,displayed precision,0,PASS
table_290,report/paper_draft.md,195,,47.3,"{""column"": ""projection_ap_percent"", ""filters"": {""split"": ""total""}, ""kind"": ""csv_cell"", ""path"": ""results/tables/rsna_cohort_characteristics.csv""}",47.26,displayed precision,0.05,PASS
table_291,report/paper_draft.md,196,,"1,810","{""column"": ""projection_pa_count"", ""filters"": {""split"": ""train""}, ""kind"": ""csv_cell"", ""path"": ""results/tables/rsna_cohort_characteristics.csv""}",1810.0,displayed precision,0,PASS
table_292,report/paper_draft.md,196,,51.7,"{""column"": ""projection_pa_percent"", ""filters"": {""split"": ""train""}, ""kind"": ""csv_cell"", ""path"": ""results/tables/rsna_cohort_characteristics.csv""}",51.714286,displayed precision,0.05,PASS
table_293,report/paper_draft.md,196,,402,"{""column"": ""projection_pa_count"", ""filters"": {""split"": ""validation""}, ""kind"": ""csv_cell"", ""path"": ""results/tables/rsna_cohort_characteristics.csv""}",402.0,displayed precision,0,PASS
table_294,report/paper_draft.md,196,,53.6,"{""column"": ""projection_pa_percent"", ""filters"": {""split"": ""validation""}, ""kind"": ""csv_cell"", ""path"": ""results/tables/rsna_cohort_characteristics.csv""}",53.6,displayed precision,0.05,PASS
table_295,report/paper_draft.md,196,,425,"{""column"": ""projection_pa_count"", ""filters"": {""split"": ""internal_test""}, ""kind"": ""csv_cell"", ""path"": ""results/tables/rsna_cohort_characteristics.csv""}",425.0,displayed precision,0,PASS
table_296,report/paper_draft.md,196,,56.7,"{""column"": ""projection_pa_percent"", ""filters"": {""split"": ""internal_test""}, ""kind"": ""csv_cell"", ""path"": ""results/tables/rsna_cohort_characteristics.csv""}",56.666667,displayed precision,0.05,PASS
table_297,report/paper_draft.md,196,,"2,637","{""column"": ""projection_pa_count"", ""filters"": {""split"": ""total""}, ""kind"": ""csv_cell"", ""path"": ""results/tables/rsna_cohort_characteristics.csv""}",2637.0,displayed precision,0,PASS
table_298,report/paper_draft.md,196,,52.7,"{""column"": ""projection_pa_percent"", ""filters"": {""split"": ""total""}, ""kind"": ""csv_cell"", ""path"": ""results/tables/rsna_cohort_characteristics.csv""}",52.74,displayed precision,0.05,PASS
table_299,report/paper_draft.md,197,,0,"{""column"": ""sex_missing_count"", ""filters"": {""split"": ""train""}, ""kind"": ""csv_cell"", ""path"": ""results/tables/rsna_cohort_characteristics.csv""}",0.0,displayed precision,0,PASS
table_300,report/paper_draft.md,197,,0,"{""column"": ""projection_missing_count"", ""filters"": {""split"": ""train""}, ""kind"": ""csv_cell"", ""path"": ""results/tables/rsna_cohort_characteristics.csv""}",0.0,displayed precision,0,PASS
table_301,report/paper_draft.md,197,,0,"{""column"": ""sex_missing_count"", ""filters"": {""split"": ""validation""}, ""kind"": ""csv_cell"", ""path"": ""results/tables/rsna_cohort_characteristics.csv""}",0.0,displayed precision,0,PASS
table_302,report/paper_draft.md,197,,0,"{""column"": ""projection_missing_count"", ""filters"": {""split"": ""validation""}, ""kind"": ""csv_cell"", ""path"": ""results/tables/rsna_cohort_characteristics.csv""}",0.0,displayed precision,0,PASS
table_303,report/paper_draft.md,197,,0,"{""column"": ""sex_missing_count"", ""filters"": {""split"": ""internal_test""}, ""kind"": ""csv_cell"", ""path"": ""results/tables/rsna_cohort_characteristics.csv""}",0.0,displayed precision,0,PASS
table_304,report/paper_draft.md,197,,0,"{""column"": ""projection_missing_count"", ""filters"": {""split"": ""internal_test""}, ""kind"": ""csv_cell"", ""path"": ""results/tables/rsna_cohort_characteristics.csv""}",0.0,displayed precision,0,PASS
table_305,report/paper_draft.md,197,,0,"{""column"": ""sex_missing_count"", ""filters"": {""split"": ""total""}, ""kind"": ""csv_cell"", ""path"": ""results/tables/rsna_cohort_characteristics.csv""}",0.0,displayed precision,0,PASS
table_306,report/paper_draft.md,197,,0,"{""column"": ""projection_missing_count"", ""filters"": {""split"": ""total""}, ""kind"": ""csv_cell"", ""path"": ""results/tables/rsna_cohort_characteristics.csv""}",0.0,displayed precision,0,PASS
table_307,report/paper_draft.md,188,,798,"{""column"": ""opacity_positive_studies"", ""filters"": {""split"": ""train""}, ""kind"": ""csv_cell"", ""path"": ""results/tables/rsna_cohort_characteristics.csv""}",798.0,displayed precision,0,PASS
table_308,report/paper_draft.md,188,,22.8,"{""kind"": ""calculation"", ""operands"": [{""column"": ""opacity_positive_studies"", ""filters"": {""split"": ""train""}, ""kind"": ""csv_cell"", ""path"": ""results/tables/rsna_cohort_characteristics.csv""}, {""column"": ""studies"", ""filters"": {""split"": ""train""}, ""kind"": ""csv_cell"", ""path"": ""results/tables/rsna_cohort_characteristics.csv""}], ""operation"": ""divide"", ""scale"": 100}",22.8,displayed precision,0.05,PASS
table_309,report/paper_draft.md,188,,169,"{""column"": ""opacity_positive_studies"", ""filters"": {""split"": ""validation""}, ""kind"": ""csv_cell"", ""path"": ""results/tables/rsna_cohort_characteristics.csv""}",169.0,displayed precision,0,PASS
table_310,report/paper_draft.md,188,,22.5,"{""kind"": ""calculation"", ""operands"": [{""column"": ""opacity_positive_studies"", ""filters"": {""split"": ""validation""}, ""kind"": ""csv_cell"", ""path"": ""results/tables/rsna_cohort_characteristics.csv""}, {""column"": ""studies"", ""filters"": {""split"": ""validation""}, ""kind"": ""csv_cell"", ""path"": ""results/tables/rsna_cohort_characteristics.csv""}], ""operation"": ""divide"", ""scale"": 100}",22.53333333333333,displayed precision,0.05,PASS
table_311,report/paper_draft.md,188,,169,"{""column"": ""opacity_positive_studies"", ""filters"": {""split"": ""internal_test""}, ""kind"": ""csv_cell"", ""path"": ""results/tables/rsna_cohort_characteristics.csv""}",169.0,displayed precision,0,PASS
table_312,report/paper_draft.md,188,,22.5,"{""kind"": ""calculation"", ""operands"": [{""column"": ""opacity_positive_studies"", ""filters"": {""split"": ""internal_test""}, ""kind"": ""csv_cell"", ""path"": ""results/tables/rsna_cohort_characteristics.csv""}, {""column"": ""studies"", ""filters"": {""split"": ""internal_test""}, ""kind"": ""csv_cell"", ""path"": ""results/tables/rsna_cohort_characteristics.csv""}], ""operation"": ""divide"", ""scale"": 100}",22.53333333333333,displayed precision,0.05,PASS
table_313,report/paper_draft.md,188,,"1,136","{""column"": ""opacity_positive_studies"", ""filters"": {""split"": ""total""}, ""kind"": ""csv_cell"", ""path"": ""results/tables/rsna_cohort_characteristics.csv""}",1136.0,displayed precision,0,PASS
table_314,report/paper_draft.md,188,,22.7,"{""kind"": ""calculation"", ""operands"": [{""column"": ""opacity_positive_studies"", ""filters"": {""split"": ""total""}, ""kind"": ""csv_cell"", ""path"": ""results/tables/rsna_cohort_characteristics.csv""}, {""column"": ""studies"", ""filters"": {""split"": ""total""}, ""kind"": ""csv_cell"", ""path"": ""results/tables/rsna_cohort_characteristics.csv""}], ""operation"": ""divide"", ""scale"": 100}",22.720000000000002,displayed precision,0.05,PASS
abstract_ap_internal_a,report/paper_draft.md,37,,0.304224,"{""column"": ""internal_a_mean"", ""filters"": {""metric"": ""ap50""}, ""kind"": ""csv_cell"", ""path"": ""results/vindr_external_v1/statistics/transport_comparison.csv""}",0.3042238071036434,displayed precision,5e-07,PASS
abstract_ap_external_a,report/paper_draft.md,37,,0.002505,"{""column"": ""external_a_mean"", ""filters"": {""metric"": ""ap50""}, ""kind"": ""csv_cell"", ""path"": ""results/vindr_external_v1/statistics/transport_comparison.csv""}",0.0025050980158512295,displayed precision,5e-07,PASS
abstract_ap_internal_b,report/paper_draft.md,38,,0.162612,"{""column"": ""internal_b_mean"", ""filters"": {""metric"": ""ap50""}, ""kind"": ""csv_cell"", ""path"": ""results/vindr_external_v1/statistics/transport_comparison.csv""}",0.16261194018585284,displayed precision,5e-07,PASS
abstract_ap_external_b,report/paper_draft.md,38,,0.000501,"{""column"": ""external_b_mean"", ""filters"": {""metric"": ""ap50""}, ""kind"": ""csv_cell"", ""path"": ""results/vindr_external_v1/statistics/transport_comparison.csv""}",0.0005006936455752758,displayed precision,5e-07,PASS
abstract_recall_internal_a,report/paper_draft.md,39,,0.350746,"{""column"": ""internal_a_mean"", ""filters"": {""metric"": ""primary_recall""}, ""kind"": ""csv_cell"", ""path"": ""results/vindr_external_v1/statistics/transport_comparison.csv""}",0.35074626865671643,displayed precision,5e-07,PASS
abstract_recall_internal_b,report/paper_draft.md,39,,0.194776,"{""column"": ""internal_b_mean"", ""filters"": {""metric"": ""primary_recall""}, ""kind"": ""csv_cell"", ""path"": ""results/vindr_external_v1/statistics/transport_comparison.csv""}",0.19477611940298506,displayed precision,5e-07,PASS
abstract_recall_external_a,report/paper_draft.md,40,,0.018947,"{""column"": ""external_a_mean"", ""filters"": {""metric"": ""primary_recall""}, ""kind"": ""csv_cell"", ""path"": ""results/vindr_external_v1/statistics/transport_comparison.csv""}",0.018947368421052633,displayed precision,5e-07,PASS
abstract_recall_external_b,report/paper_draft.md,40,,0.004211,"{""column"": ""external_b_mean"", ""filters"": {""metric"": ""primary_recall""}, ""kind"": ""csv_cell"", ""path"": ""results/vindr_external_v1/statistics/transport_comparison.csv""}",0.004210526315789474,displayed precision,5e-07,PASS
abstract_precision_a,report/paper_draft.md,40,,0.010830,"{""column"": ""external_a_mean"", ""filters"": {""metric"": ""primary_precision""}, ""kind"": ""csv_cell"", ""path"": ""results/vindr_external_v1/statistics/transport_comparison.csv""}",0.010830209796318482,displayed precision,5e-07,PASS
abstract_precision_b,report/paper_draft.md,40,,0.004271,"{""column"": ""external_b_mean"", ""filters"": {""metric"": ""primary_precision""}, ""kind"": ""csv_cell"", ""path"": ""results/vindr_external_v1/statistics/transport_comparison.csv""}",0.004270937604270937,displayed precision,5e-07,PASS
secondary_a_precision,report/paper_draft.md,635,,0.011367,"{""column"": ""external_a_mean"", ""filters"": {""metric"": ""secondary_precision""}, ""kind"": ""csv_cell"", ""path"": ""results/vindr_external_v1/statistics/transport_comparison.csv""}",0.011366700598324193,displayed precision,5e-07,PASS
secondary_a_recall,report/paper_draft.md,635,,0.018947,"{""column"": ""external_a_mean"", ""filters"": {""metric"": ""secondary_recall""}, ""kind"": ""csv_cell"", ""path"": ""results/vindr_external_v1/statistics/transport_comparison.csv""}",0.018947368421052633,displayed precision,5e-07,PASS
secondary_a_f1,report/paper_draft.md,635,,0.014046,"{""column"": ""external_a_mean"", ""filters"": {""metric"": ""secondary_f1""}, ""kind"": ""csv_cell"", ""path"": ""results/vindr_external_v1/statistics/transport_comparison.csv""}",0.01404606012459995,displayed precision,5e-07,PASS
secondary_b_precision,report/paper_draft.md,636,,0.004499,"{""column"": ""external_b_mean"", ""filters"": {""metric"": ""secondary_precision""}, ""kind"": ""csv_cell"", ""path"": ""results/vindr_external_v1/statistics/transport_comparison.csv""}",0.004498603922322275,displayed precision,5e-07,PASS
secondary_b_recall,report/paper_draft.md,636,,0.010526,"{""column"": ""external_b_mean"", ""filters"": {""metric"": ""secondary_recall""}, ""kind"": ""csv_cell"", ""path"": ""results/vindr_external_v1/statistics/transport_comparison.csv""}",0.010526315789473684,displayed precision,5e-07,PASS
secondary_b_f1,report/paper_draft.md,636,,0.006277,"{""column"": ""external_b_mean"", ""filters"": {""metric"": ""secondary_f1""}, ""kind"": ""csv_cell"", ""path"": ""results/vindr_external_v1/statistics/transport_comparison.csv""}",0.006276916110041888,displayed precision,5e-07,PASS
secondary_fp_a,report/paper_draft.md,636,,0.044200,"{""column"": ""external_a_mean"", ""filters"": {""metric"": ""secondary_fp_per_image""}, ""kind"": ""csv_cell"", ""path"": ""results/vindr_external_v1/statistics/transport_comparison.csv""}",0.0442,displayed precision,5e-07,PASS
secondary_fp_b,report/paper_draft.md,636,,0.060067,"{""column"": ""external_b_mean"", ""filters"": {""metric"": ""secondary_fp_per_image""}, ""kind"": ""csv_cell"", ""path"": ""results/vindr_external_v1/statistics/transport_comparison.csv""}",0.06006666666666667,displayed precision,5e-07,PASS
ap_emissions_internal_a,report/paper_draft.md,648,,16.326133,"{""column"": ""internal_a_mean"", ""filters"": {""metric"": ""ap_scores_detections_per_image""}, ""kind"": ""csv_cell"", ""path"": ""results/vindr_external_v1/statistics/transport_comparison.csv""}",16.32613333333334,displayed precision,5e-07,PASS
ap_emissions_internal_b,report/paper_draft.md,648,,1.080800,"{""column"": ""internal_b_mean"", ""filters"": {""metric"": ""ap_scores_detections_per_image""}, ""kind"": ""csv_cell"", ""path"": ""results/vindr_external_v1/statistics/transport_comparison.csv""}",1.0808,displayed precision,5e-07,PASS
ap_emissions_external_a,report/paper_draft.md,649,,11.502800,"{""column"": ""external_a_mean"", ""filters"": {""metric"": ""ap_scores_detections_per_image""}, ""kind"": ""csv_cell"", ""path"": ""results/vindr_external_v1/statistics/transport_comparison.csv""}",11.5028,displayed precision,5e-07,PASS
ap_emissions_external_b,report/paper_draft.md,649,,0.217200,"{""column"": ""external_b_mean"", ""filters"": {""metric"": ""ap_scores_detections_per_image""}, ""kind"": ""csv_cell"", ""path"": ""results/vindr_external_v1/statistics/transport_comparison.csv""}",0.21719999999999998,displayed precision,5e-07,PASS
ap_empty_internal_a,report/paper_draft.md,650,,7.466667,"{""column"": ""internal_a_mean"", ""filters"": {""metric"": ""ap_scores_percent_zero_detection_images""}, ""kind"": ""csv_cell"", ""path"": ""results/vindr_external_v1/statistics/transport_comparison.csv""}",7.466666666666667,displayed precision,5e-07,PASS
ap_empty_internal_b,report/paper_draft.md,650,,62.373333,"{""column"": ""internal_b_mean"", ""filters"": {""metric"": ""ap_scores_percent_zero_detection_images""}, ""kind"": ""csv_cell"", ""path"": ""results/vindr_external_v1/statistics/transport_comparison.csv""}",62.373333333333335,displayed precision,5e-07,PASS
ap_empty_external_a,report/paper_draft.md,650,,8.333333,"{""column"": ""external_a_mean"", ""filters"": {""metric"": ""ap_scores_percent_zero_detection_images""}, ""kind"": ""csv_cell"", ""path"": ""results/vindr_external_v1/statistics/transport_comparison.csv""}",8.333333333333334,displayed precision,5e-07,PASS
ap_empty_external_b,report/paper_draft.md,650,,87.073333,"{""column"": ""external_b_mean"", ""filters"": {""metric"": ""ap_scores_percent_zero_detection_images""}, ""kind"": ""csv_cell"", ""path"": ""results/vindr_external_v1/statistics/transport_comparison.csv""}",87.07333333333334,displayed precision,5e-07,PASS
external_count_images_0,report/paper_draft.md,31,,"3,000","{""kind"": ""json_value"", ""path"": ""results/vindr_external_v1/statistics/summary.json"", ""pointer"": [""populations"", ""external"", ""images""]}",3000.0,displayed precision,0,PASS
external_count_images_1,report/paper_draft.md,361,,"3,000","{""kind"": ""json_value"", ""path"": ""results/vindr_external_v1/statistics/summary.json"", ""pointer"": [""populations"", ""external"", ""images""]}",3000.0,displayed precision,0,PASS
external_count_images_2,report/paper_draft.md,589,,"3,000","{""kind"": ""json_value"", ""path"": ""results/vindr_external_v1/statistics/summary.json"", ""pointer"": [""populations"", ""external"", ""images""]}",3000.0,displayed precision,0,PASS
external_count_positive_images_0,report/paper_draft.md,32,,84,"{""kind"": ""json_value"", ""path"": ""results/vindr_external_v1/statistics/summary.json"", ""pointer"": [""populations"", ""external"", ""positive_images""]}",84.0,displayed precision,0,PASS
external_count_positive_images_1,report/paper_draft.md,590,,84,"{""kind"": ""json_value"", ""path"": ""results/vindr_external_v1/statistics/summary.json"", ""pointer"": [""populations"", ""external"", ""positive_images""]}",84.0,displayed precision,0,PASS
external_count_positive_images_2,report/paper_draft.md,782,,84,"{""kind"": ""json_value"", ""path"": ""results/vindr_external_v1/statistics/summary.json"", ""pointer"": [""populations"", ""external"", ""positive_images""]}",84.0,displayed precision,0,PASS
external_count_target_boxes_0,report/paper_draft.md,32,,95,"{""kind"": ""json_value"", ""path"": ""results/vindr_external_v1/statistics/summary.json"", ""pointer"": [""populations"", ""external"", ""target_boxes""]}",95.0,displayed precision,0,PASS
external_count_target_boxes_4,report/paper_draft.md,590,,95,"{""kind"": ""json_value"", ""path"": ""results/vindr_external_v1/statistics/summary.json"", ""pointer"": [""populations"", ""external"", ""target_boxes""]}",95.0,displayed precision,0,PASS
external_count_target_boxes_6,report/paper_draft.md,606,,95,"{""kind"": ""json_value"", ""path"": ""results/vindr_external_v1/statistics/summary.json"", ""pointer"": [""populations"", ""external"", ""target_boxes""]}",95.0,displayed precision,0,PASS
external_count_target_boxes_8,report/paper_draft.md,625,,95,"{""kind"": ""json_value"", ""path"": ""results/vindr_external_v1/statistics/summary.json"", ""pointer"": [""populations"", ""external"", ""target_boxes""]}",95.0,displayed precision,0,PASS
external_count_target_boxes_10,report/paper_draft.md,674,,95,"{""kind"": ""json_value"", ""path"": ""results/vindr_external_v1/statistics/summary.json"", ""pointer"": [""populations"", ""external"", ""target_boxes""]}",95.0,displayed precision,0,PASS
external_count_target_boxes_11,report/paper_draft.md,783,,95,"{""kind"": ""json_value"", ""path"": ""results/vindr_external_v1/statistics/summary.json"", ""pointer"": [""populations"", ""external"", ""target_boxes""]}",95.0,displayed precision,0,PASS
external_negative_count,report/paper_draft.md,591,,"2,916","{""kind"": ""json_value"", ""path"": ""results/vindr_external_v1/adapter_preflight.json"", ""pointer"": [""strict_negative_count""]}",2916.0,displayed precision,0,PASS
external_positive_percent,report/paper_draft.md,590,,2.8,"{""kind"": ""calculation"", ""operands"": [{""kind"": ""json_value"", ""path"": ""results/vindr_external_v1/statistics/summary.json"", ""pointer"": [""populations"", ""external"", ""positive_images""]}, {""kind"": ""json_value"", ""path"": ""results/vindr_external_v1/statistics/summary.json"", ""pointer"": [""populations"", ""external"", ""images""]}], ""operation"": ""divide"", ""scale"": 100}",2.8000000000000003,displayed precision,0.05,PASS
external_empty_seed271,report/paper_draft.md,645,,54,"{""column"": ""secondary_fp"", ""filters"": {""dataset"": ""external"", ""detector"": ""yolo11s"", ""seed"": 271}, ""kind"": ""csv_cell"", ""path"": ""results/vindr_external_v1/statistics/per_run.csv""}",54.0,displayed precision,0,PASS
external_seed137_floor,report/paper_draft.md,682,,0.793333,"{""column"": ""floor_fp_per_image"", ""filters"": {""dataset"": ""external"", ""detector"": ""yolo11s"", ""seed"": 137}, ""kind"": ""csv_cell"", ""path"": ""results/vindr_external_v1/statistics/per_run.csv""}",0.7933333333333333,displayed precision,5e-07,PASS
external_bound_1,report/paper_draft.md,684,,0.258947,"{""kind"": ""calculation"", ""operands"": [{""column"": ""external_b_mean"", ""filters"": {""metric"": ""froc_1""}, ""kind"": ""csv_cell"", ""path"": ""results/vindr_external_v1/statistics/transport_comparison.csv""}, {""kind"": ""calculation"", ""operands"": [{""kind"": ""calculation"", ""operands"": [{""kind"": ""calculation"", ""operands"": [{""kind"": ""json_value"", ""path"": ""results/vindr_external_v1/statistics/summary.json"", ""pointer"": [""populations"", ""external"", ""images""]}, {""kind"": ""json_value"", ""path"": ""results/vindr_external_v1/statistics/summary.json"", ""pointer"": [""populations"", ""external"", ""images""]}], ""operation"": ""divide"", ""scale"": 1}, {""column"": ""froc_1"", ""filters"": {""dataset"": ""external"", ""detector"": ""yolo11s"", ""seed"": 137}, ""kind"": ""csv_cell"", ""path"": ""results/vindr_external_v1/statistics/per_run.csv""}], ""operation"": ""subtract"", ""scale"": 1}, {""filters"": {""dataset"": ""external"", ""detector"": ""yolo11s""}, ""kind"": ""csv_row_count"", ""path"": ""results/vindr_external_v1/statistics/per_run.csv""}], ""operation"": ""divide"", ""scale"": 1}], ""operation"": ""add"", ""scale"": 1}",0.25894736842105265,displayed precision,5e-07,PASS
external_bound_2,report/paper_draft.md,685,,0.280000,"{""kind"": ""calculation"", ""operands"": [{""column"": ""external_b_mean"", ""filters"": {""metric"": ""froc_2""}, ""kind"": ""csv_cell"", ""path"": ""results/vindr_external_v1/statistics/transport_comparison.csv""}, {""kind"": ""calculation"", ""operands"": [{""kind"": ""calculation"", ""operands"": [{""kind"": ""calculation"", ""operands"": [{""kind"": ""json_value"", ""path"": ""results/vindr_external_v1/statistics/summary.json"", ""pointer"": [""populations"", ""external"", ""images""]}, {""kind"": ""json_value"", ""path"": ""results/vindr_external_v1/statistics/summary.json"", ""pointer"": [""populations"", ""external"", ""images""]}], ""operation"": ""divide"", ""scale"": 1}, {""column"": ""froc_2"", ""filters"": {""dataset"": ""external"", ""detector"": ""yolo11s"", ""seed"": 137}, ""kind"": ""csv_cell"", ""path"": ""results/vindr_external_v1/statistics/per_run.csv""}], ""operation"": ""subtract"", ""scale"": 1}, {""filters"": {""dataset"": ""external"", ""detector"": ""yolo11s""}, ""kind"": ""csv_row_count"", ""path"": ""results/vindr_external_v1/statistics/per_run.csv""}], ""operation"": ""divide"", ""scale"": 1}], ""operation"": ""add"", ""scale"": 1}",0.28,displayed precision,5e-07,PASS
external_observed_bound_comparator_1,report/paper_draft.md,685,,0.117895,"{""column"": ""external_a_mean"", ""filters"": {""metric"": ""froc_1""}, ""kind"": ""csv_cell"", ""path"": ""results/vindr_external_v1/statistics/transport_comparison.csv""}",0.11789473684210525,displayed precision,5e-07,PASS
external_observed_bound_comparator_2,report/paper_draft.md,685,,0.164211,"{""column"": ""external_a_mean"", ""filters"": {""metric"": ""froc_2""}, ""kind"": ""csv_cell"", ""path"": ""results/vindr_external_v1/statistics/transport_comparison.csv""}",0.16421052631578947,displayed precision,5e-07,PASS
external_cap_17,report/paper_draft.md,691,,"3,000","{""column"": ""images_at_collection_cap"", ""filters"": {""dataset"": ""external"", ""detector"": ""faster_rcnn"", ""seed"": 17}, ""kind"": ""csv_cell"", ""path"": ""results/vindr_external_v1/statistics/per_run.csv""}",3000.0,displayed precision,0,PASS
external_cap_42,report/paper_draft.md,691,,"2,635","{""column"": ""images_at_collection_cap"", ""filters"": {""dataset"": ""external"", ""detector"": ""faster_rcnn"", ""seed"": 42}, ""kind"": ""csv_cell"", ""path"": ""results/vindr_external_v1/statistics/per_run.csv""}",2635.0,displayed precision,0,PASS
external_cap_137,report/paper_draft.md,691,,"3,000","{""column"": ""images_at_collection_cap"", ""filters"": {""dataset"": ""external"", ""detector"": ""faster_rcnn"", ""seed"": 137}, ""kind"": ""csv_cell"", ""path"": ""results/vindr_external_v1/statistics/per_run.csv""}",3000.0,displayed precision,0,PASS
external_cap_271,report/paper_draft.md,691,,"3,000","{""column"": ""images_at_collection_cap"", ""filters"": {""dataset"": ""external"", ""detector"": ""faster_rcnn"", ""seed"": 271}, ""kind"": ""csv_cell"", ""path"": ""results/vindr_external_v1/statistics/per_run.csv""}",3000.0,displayed precision,0,PASS
external_cap_314,report/paper_draft.md,691,,209,"{""column"": ""images_at_collection_cap"", ""filters"": {""dataset"": ""external"", ""detector"": ""faster_rcnn"", ""seed"": 314}, ""kind"": ""csv_cell"", ""path"": ""results/vindr_external_v1/statistics/per_run.csv""}",209.0,displayed precision,0,PASS
prose_366,report/paper_draft.md,443,,36,"{""column"": ""age_q1_years"", ""filters"": {""split"": ""total""}, ""kind"": ""csv_cell"", ""path"": ""results/tables/rsna_cohort_characteristics.csv""}",36.0,see absolute tolerance,0.05,PASS
prose_367,report/paper_draft.md,443,,60,"{""column"": ""age_q3_years"", ""filters"": {""split"": ""total""}, ""kind"": ""csv_cell"", ""path"": ""results/tables/rsna_cohort_characteristics.csv""}",60.0,see absolute tolerance,0.05,PASS
prose_368,report/paper_draft.md,443,,47.2,"{""column"": ""sex_f_percent"", ""filters"": {""split"": ""total""}, ""kind"": ""csv_cell"", ""path"": ""results/tables/rsna_cohort_characteristics.csv""}",47.24,see absolute tolerance,0.05,PASS
prose_369,report/paper_draft.md,444,,52.8,"{""column"": ""sex_m_percent"", ""filters"": {""split"": ""total""}, ""kind"": ""csv_cell"", ""path"": ""results/tables/rsna_cohort_characteristics.csv""}",52.76,see absolute tolerance,0.05,PASS
prose_370,report/paper_draft.md,444,,47.3,"{""column"": ""projection_ap_percent"", ""filters"": {""split"": ""total""}, ""kind"": ""csv_cell"", ""path"": ""results/tables/rsna_cohort_characteristics.csv""}",47.26,see absolute tolerance,0.05,PASS
prose_371,report/paper_draft.md,445,,52.7,"{""column"": ""projection_pa_percent"", ""filters"": {""split"": ""total""}, ""kind"": ""csv_cell"", ""path"": ""results/tables/rsna_cohort_characteristics.csv""}",52.74,see absolute tolerance,0.05,PASS
prose_372,report/paper_draft.md,471,,0.15872,"{""column"": ""map_50"", ""filters"": {""detector"": ""yolo11s"", ""seed"": 271}, ""kind"": ""csv_cell"", ""path"": ""results/tables/detector_comparison_per_seed.csv""}",0.15872173755300575,see absolute tolerance,5e-06,PASS
prose_373,report/paper_draft.md,471,,0.05558,"{""column"": ""map_50_95"", ""filters"": {""detector"": ""yolo11s"", ""seed"": 271}, ""kind"": ""csv_cell"", ""path"": ""results/tables/detector_comparison_per_seed.csv""}",0.05557988828743391,see absolute tolerance,5e-06,PASS
prose_374,report/paper_draft.md,494,,0.3624,"{""column"": ""internal_a_mean"", ""filters"": {""metric"": ""primary_precision""}, ""kind"": ""csv_cell"", ""path"": ""results/vindr_external_v1/statistics/transport_comparison.csv""}",0.36241949982431737,see absolute tolerance,5e-05,PASS
prose_375,report/paper_draft.md,494,,0.0581,"{""column"": ""internal_a_sd"", ""filters"": {""metric"": ""primary_precision""}, ""kind"": ""csv_cell"", ""path"": ""results/vindr_external_v1/statistics/transport_comparison.csv""}",0.05808059502476196,see absolute tolerance,5e-05,PASS
prose_376,report/paper_draft.md,494,,0.3507,"{""column"": ""internal_a_mean"", ""filters"": {""metric"": ""primary_recall""}, ""kind"": ""csv_cell"", ""path"": ""results/vindr_external_v1/statistics/transport_comparison.csv""}",0.35074626865671643,see absolute tolerance,5e-05,PASS
prose_377,report/paper_draft.md,494,,0.0463,"{""column"": ""internal_a_sd"", ""filters"": {""metric"": ""primary_recall""}, ""kind"": ""csv_cell"", ""path"": ""results/vindr_external_v1/statistics/transport_comparison.csv""}",0.046304752410413645,see absolute tolerance,5e-05,PASS
prose_378,report/paper_draft.md,495,,0.3511,"{""column"": ""internal_a_mean"", ""filters"": {""metric"": ""primary_f1""}, ""kind"": ""csv_cell"", ""path"": ""results/vindr_external_v1/statistics/transport_comparison.csv""}",0.35114441902999755,see absolute tolerance,5e-05,PASS
prose_379,report/paper_draft.md,495,,0.0184,"{""column"": ""internal_a_sd"", ""filters"": {""metric"": ""primary_f1""}, ""kind"": ""csv_cell"", ""path"": ""results/vindr_external_v1/statistics/transport_comparison.csv""}",0.01841679746523857,see absolute tolerance,5e-05,PASS
prose_380,report/paper_draft.md,495,,0.2524,"{""column"": ""internal_b_mean"", ""filters"": {""metric"": ""primary_precision""}, ""kind"": ""csv_cell"", ""path"": ""results/vindr_external_v1/statistics/transport_comparison.csv""}",0.2524033958729871,see absolute tolerance,5e-05,PASS
prose_381,report/paper_draft.md,495,,0.1418,"{""column"": ""internal_b_sd"", ""filters"": {""metric"": ""primary_precision""}, ""kind"": ""csv_cell"", ""path"": ""results/vindr_external_v1/statistics/transport_comparison.csv""}",0.1417899409846352,see absolute tolerance,5e-05,PASS
prose_382,report/paper_draft.md,496,,0.1948,"{""column"": ""internal_b_mean"", ""filters"": {""metric"": ""primary_recall""}, ""kind"": ""csv_cell"", ""path"": ""results/vindr_external_v1/statistics/transport_comparison.csv""}",0.19477611940298506,see absolute tolerance,5e-05,PASS
prose_383,report/paper_draft.md,496,,0.1110,"{""column"": ""internal_b_sd"", ""filters"": {""metric"": ""primary_recall""}, ""kind"": ""csv_cell"", ""path"": ""results/vindr_external_v1/statistics/transport_comparison.csv""}",0.11095336070295891,see absolute tolerance,5e-05,PASS
prose_384,report/paper_draft.md,496,,0.2192,"{""column"": ""internal_b_mean"", ""filters"": {""metric"": ""primary_f1""}, ""kind"": ""csv_cell"", ""path"": ""results/vindr_external_v1/statistics/transport_comparison.csv""}",0.21920560377085513,see absolute tolerance,5e-05,PASS
prose_385,report/paper_draft.md,496,,0.1233,"{""column"": ""internal_b_sd"", ""filters"": {""metric"": ""primary_f1""}, ""kind"": ""csv_cell"", ""path"": ""results/vindr_external_v1/statistics/transport_comparison.csv""}",0.12326897269444748,see absolute tolerance,5e-05,PASS
prose_386,report/paper_draft.md,501,,0.3686,"{""column"": ""internal_a_mean"", ""filters"": {""metric"": ""secondary_precision""}, ""kind"": ""csv_cell"", ""path"": ""results/vindr_external_v1/statistics/transport_comparison.csv""}",0.36864672419325617,see absolute tolerance,5e-05,PASS
prose_387,report/paper_draft.md,501,,0.0632,"{""column"": ""internal_a_sd"", ""filters"": {""metric"": ""secondary_precision""}, ""kind"": ""csv_cell"", ""path"": ""results/vindr_external_v1/statistics/transport_comparison.csv""}",0.06321077781392645,see absolute tolerance,5e-05,PASS
prose_388,report/paper_draft.md,501,,0.3388,"{""column"": ""internal_a_mean"", ""filters"": {""metric"": ""secondary_recall""}, ""kind"": ""csv_cell"", ""path"": ""results/vindr_external_v1/statistics/transport_comparison.csv""}",0.33880597014925373,see absolute tolerance,5e-05,PASS
prose_389,report/paper_draft.md,501,,0.0567,"{""column"": ""internal_a_sd"", ""filters"": {""metric"": ""secondary_recall""}, ""kind"": ""csv_cell"", ""path"": ""results/vindr_external_v1/statistics/transport_comparison.csv""}",0.05673605316044241,see absolute tolerance,5e-05,PASS
prose_390,report/paper_draft.md,502,,0.3458,"{""column"": ""internal_a_mean"", ""filters"": {""metric"": ""secondary_f1""}, ""kind"": ""csv_cell"", ""path"": ""results/vindr_external_v1/statistics/transport_comparison.csv""}",0.3458411446819327,see absolute tolerance,5e-05,PASS
prose_391,report/paper_draft.md,502,,0.0222,"{""column"": ""internal_a_sd"", ""filters"": {""metric"": ""secondary_f1""}, ""kind"": ""csv_cell"", ""path"": ""results/vindr_external_v1/statistics/transport_comparison.csv""}",0.022247382429770132,see absolute tolerance,5e-05,PASS
prose_392,report/paper_draft.md,502,,0.2631,"{""column"": ""internal_b_mean"", ""filters"": {""metric"": ""secondary_precision""}, ""kind"": ""csv_cell"", ""path"": ""results/vindr_external_v1/statistics/transport_comparison.csv""}",0.2630968734200093,see absolute tolerance,5e-05,PASS
prose_393,report/paper_draft.md,502,,0.0360,"{""column"": ""internal_b_sd"", ""filters"": {""metric"": ""secondary_precision""}, ""kind"": ""csv_cell"", ""path"": ""results/vindr_external_v1/statistics/transport_comparison.csv""}",0.035971753855000045,see absolute tolerance,5e-05,PASS
prose_394,report/paper_draft.md,503,,0.2925,"{""column"": ""internal_b_mean"", ""filters"": {""metric"": ""secondary_recall""}, ""kind"": ""csv_cell"", ""path"": ""results/vindr_external_v1/statistics/transport_comparison.csv""}",0.29253731343283584,see absolute tolerance,5e-05,PASS
prose_395,report/paper_draft.md,503,,0.0886,"{""column"": ""internal_b_sd"", ""filters"": {""metric"": ""secondary_recall""}, ""kind"": ""csv_cell"", ""path"": ""results/vindr_external_v1/statistics/transport_comparison.csv""}",0.08863805773804101,see absolute tolerance,5e-05,PASS
prose_396,report/paper_draft.md,503,,0.2657,"{""column"": ""internal_b_mean"", ""filters"": {""metric"": ""secondary_f1""}, ""kind"": ""csv_cell"", ""path"": ""results/vindr_external_v1/statistics/transport_comparison.csv""}",0.26571344101685773,see absolute tolerance,5e-05,PASS
prose_397,report/paper_draft.md,503,,0.0367,"{""column"": ""internal_b_sd"", ""filters"": {""metric"": ""secondary_f1""}, ""kind"": ""csv_cell"", ""path"": ""results/vindr_external_v1/statistics/transport_comparison.csv""}",0.03667573107321162,see absolute tolerance,5e-05,PASS
prose_398,report/paper_draft.md,558,,20.91,"{""column"": ""fps"", ""filters"": {""detector"": ""faster_rcnn""}, ""kind"": ""csv_cell"", ""path"": ""results/tables/inference_timing_v1.csv""}",20.91092826987137,see absolute tolerance,0.005,PASS
prose_399,report/paper_draft.md,559,,47.20,"{""column"": ""median_latency_ms"", ""filters"": {""detector"": ""faster_rcnn""}, ""kind"": ""csv_cell"", ""path"": ""results/tables/inference_timing_v1.csv""}",47.203950001858175,see absolute tolerance,0.005,PASS
prose_400,report/paper_draft.md,559,,57.56,"{""column"": ""fps"", ""filters"": {""detector"": ""yolo11s""}, ""kind"": ""csv_cell"", ""path"": ""results/tables/inference_timing_v1.csv""}",57.55529287767316,see absolute tolerance,0.005,PASS
prose_401,report/paper_draft.md,559,,17.29,"{""column"": ""median_latency_ms"", ""filters"": {""detector"": ""yolo11s""}, ""kind"": ""csv_cell"", ""path"": ""results/tables/inference_timing_v1.csv""}",17.286999995121732,see absolute tolerance,0.005,PASS
prose_402,report/paper_draft.md,575,,600,"{""kind"": ""calculation"", ""operands"": [{""column"": ""timed_images"", ""filters"": {""detector"": ""faster_rcnn""}, ""kind"": ""csv_cell"", ""path"": ""results/tables/inference_timing_v1.csv""}, {""column"": ""timed_images"", ""filters"": {""detector"": ""yolo11s""}, ""kind"": ""csv_cell"", ""path"": ""results/tables/inference_timing_v1.csv""}], ""operation"": ""add"", ""scale"": 1}",600.0,see absolute tolerance,0,PASS
prose_403,report/paper_draft.md,581,,2.75,"{""kind"": ""calculation"", ""operands"": [{""column"": ""fps"", ""filters"": {""detector"": ""yolo11s""}, ""kind"": ""csv_cell"", ""path"": ""results/tables/inference_timing_v1.csv""}, {""column"": ""fps"", ""filters"": {""detector"": ""faster_rcnn""}, ""kind"": ""csv_cell"", ""path"": ""results/tables/inference_timing_v1.csv""}], ""operation"": ""divide""}",2.7524025779668175,see absolute tolerance,0.005,PASS
prose_404,report/paper_draft.md,593,,169,"{""column"": ""opacity_positive_studies"", ""filters"": {""split"": ""internal_test""}, ""kind"": ""csv_cell"", ""path"": ""results/tables/rsna_cohort_characteristics.csv""}",169.0,see absolute tolerance,0,PASS
prose_405,report/paper_draft.md,593,,268,"{""column"": ""bounding_boxes"", ""filters"": {""split"": ""internal_test""}, ""kind"": ""csv_cell"", ""path"": ""results/tables/rsna_cohort_characteristics.csv""}",268.0,see absolute tolerance,0,PASS
prose_406,report/paper_draft.md,520,,0.6978,"{""column"": ""sensitivity"", ""filters"": {""detector"": ""faster_rcnn"", ""fp_per_image_budget"": 2.0}, ""kind"": ""csv_cell"", ""path"": ""results/tables/froc_operating_points_exact_score_v4.csv""}",0.6977611940298508,see absolute tolerance,5e-05,PASS
prose_407,report/paper_draft.md,531,,750,"{""column"": ""image_count"", ""filters"": {""metric"": ""precision""}, ""kind"": ""csv_cell"", ""path"": ""results/tables/statistical_clean_comparison.csv""}",750.0,see absolute tolerance,0,PASS
prose_408,report/paper_draft.md,531,,323,"{""column"": ""patient_group_count"", ""filters"": {""metric"": ""precision""}, ""kind"": ""csv_cell"", ""path"": ""results/tables/statistical_clean_comparison.csv""}",323.0,see absolute tolerance,0,PASS
prose_409,report/paper_draft.md,28,,"3,500","{""column"": ""studies"", ""filters"": {""split"": ""train""}, ""kind"": ""csv_cell"", ""path"": ""results/tables/rsna_cohort_characteristics.csv""}",3500.0,see absolute tolerance,0,PASS
prose_410,report/paper_draft.md,28,,750,"{""column"": ""studies"", ""filters"": {""split"": ""validation""}, ""kind"": ""csv_cell"", ""path"": ""results/tables/rsna_cohort_characteristics.csv""}",750.0,see absolute tolerance,0,PASS
prose_411,report/paper_draft.md,28,,750,"{""column"": ""studies"", ""filters"": {""split"": ""internal_test""}, ""kind"": ""csv_cell"", ""path"": ""results/tables/rsna_cohort_characteristics.csv""}",750.0,see absolute tolerance,0,PASS
prose_412,report/paper_draft.md,26,,"5,000","{""column"": ""studies"", ""filters"": {""split"": ""total""}, ""kind"": ""csv_cell"", ""path"": ""results/tables/rsna_cohort_characteristics.csv""}",5000.0,see absolute tolerance,0,PASS
prose_413,report/paper_draft.md,613,,0.69,"{""column"": ""primary_threshold"", ""filters"": {""dataset"": ""external"", ""detector"": ""faster_rcnn"", ""seed"": 17}, ""kind"": ""csv_cell"", ""path"": ""results/vindr_external_v1/statistics/per_run.csv""}",0.69,see absolute tolerance,0,PASS
prose_414,report/paper_draft.md,613,,0.05,"{""column"": ""primary_threshold"", ""filters"": {""dataset"": ""external"", ""detector"": ""yolo11s"", ""seed"": 17}, ""kind"": ""csv_cell"", ""path"": ""results/vindr_external_v1/statistics/per_run.csv""}",0.05,see absolute tolerance,0,PASS
prose_415,report/paper_draft.md,634,,0.70,"{""column"": ""secondary_threshold"", ""filters"": {""dataset"": ""external"", ""detector"": ""faster_rcnn"", ""seed"": 17}, ""kind"": ""csv_cell"", ""path"": ""results/vindr_external_v1/statistics/per_run.csv""}",0.7,see absolute tolerance,0,PASS
prose_416,report/paper_draft.md,634,,0.01,"{""column"": ""secondary_threshold"", ""filters"": {""dataset"": ""external"", ""detector"": ""yolo11s"", ""seed"": 17}, ""kind"": ""csv_cell"", ""path"": ""results/vindr_external_v1/statistics/per_run.csv""}",0.01,see absolute tolerance,0,PASS
numerical_path_ap50_new,report/paper_draft.md,706,,0.158412,"{""column"": ""bfloat16_mean"", ""filters"": {""metric"": ""ap.ap50""}, ""kind"": ""csv_cell"", ""path"": ""results/logs/phase53_yolo_numerical_path_v1/aggregate.csv""}",0.15841207335166094,see absolute tolerance,5e-07,PASS
numerical_path_ap95_new,report/paper_draft.md,707,,0.053137,"{""column"": ""bfloat16_mean"", ""filters"": {""metric"": ""ap.ap50_95""}, ""kind"": ""csv_cell"", ""path"": ""results/logs/phase53_yolo_numerical_path_v1/aggregate.csv""}",0.05313653958864659,see absolute tolerance,5e-07,PASS
numerical_path_ap50_historical,report/paper_draft.md,707,,0.162612,"{""column"": ""fp32_mean"", ""filters"": {""metric"": ""ap.ap50""}, ""kind"": ""csv_cell"", ""path"": ""results/logs/phase53_yolo_numerical_path_v1/aggregate.csv""}",0.16261194018585284,see absolute tolerance,5e-07,PASS
numerical_path_ap95_historical,report/paper_draft.md,708,,0.054168,"{""column"": ""fp32_mean"", ""filters"": {""metric"": ""ap.ap50_95""}, ""kind"": ""csv_cell"", ""path"": ""results/logs/phase53_yolo_numerical_path_v1/aggregate.csv""}",0.05416835343057739,see absolute tolerance,5e-07,PASS
numerical_path_historical_recall,report/paper_draft.md,708,,0.191791,"{""column"": ""bfloat16_mean"", ""filters"": {""metric"": ""threshold_transport.primary.recall""}, ""kind"": ""csv_cell"", ""path"": ""results/logs/phase53_yolo_numerical_path_v1/aggregate.csv""}",0.19179104477611936,see absolute tolerance,5e-07,PASS
numerical_path_posthoc_recall,report/paper_draft.md,708,,0.285821,"{""column"": ""bfloat16_mean"", ""filters"": {""metric"": ""threshold_transport.secondary.recall""}, ""kind"": ""csv_cell"", ""path"": ""results/logs/phase53_yolo_numerical_path_v1/aggregate.csv""}",0.28582089552238804,see absolute tolerance,5e-07,PASS
numerical_path_froc_low_delta,report/paper_draft.md,710,,-0.005970,"{""column"": ""delta_mean"", ""filters"": {""metric"": ""froc_budgets.2.sensitivity""}, ""kind"": ""csv_cell"", ""path"": ""results/logs/phase53_yolo_numerical_path_v1/aggregate.csv""}",-0.005970149253731338,see absolute tolerance,5e-07,PASS
numerical_path_froc_high_delta,report/paper_draft.md,710,,+0.002239,"{""column"": ""delta_mean"", ""filters"": {""metric"": ""froc_budgets.1.sensitivity""}, ""kind"": ""csv_cell"", ""path"": ""results/logs/phase53_yolo_numerical_path_v1/aggregate.csv""}",0.0022388059701492604,see absolute tolerance,5e-07,PASS
numerical_path_seed271_ap,report/paper_draft.md,711,,0.151761,"{""column"": ""bfloat16"", ""filters"": {""metric"": ""ap.ap50"", ""seed"": 271}, ""kind"": ""csv_cell"", ""path"": ""results/logs/phase53_yolo_numerical_path_v1/per_run.csv""}",0.15176149997664556,see absolute tolerance,5e-07,PASS
numerical_path_seed271_max,report/paper_draft.md,712,,0.040771,"{""column"": ""bfloat16"", ""filters"": {""metric"": ""score_summaries.all_retained_candidates.max"", ""seed"": 271}, ""kind"": ""csv_cell"", ""path"": ""results/logs/phase53_yolo_numerical_path_v1/per_run.csv""}",0.040771484375,see absolute tolerance,5e-07,PASS
